num_jobs,num_steps,has_matrix,has_needs,uses_reusable,loc,num_triggers,trigger_risk,has_dispatch_inputs,num_third_party,num_owners,sha_ratio,action_run_ratio,uses_obscure,has_expr_in_run,taint_count,has_permissions,permission_scope,secrets_count,github_token,env_with_expr,has_conditional,has_self_hosted,uses_container,workflow_purpose,parse_ok,workflow_id,repo,workflow_file,src_filename,complexity,action_profile,security_surface
1,2,0,0,0,19,2,medium,0,2,2,0.0,2.0,1,0,0,1,granular,0,0,0,0,0,0,other,1,Azure/AKS::.github/workflows/codespell.yml,Azure/AKS,.github/workflows/codespell.yml,Azure_AKS__.github__workflows__codespell.yml,simple,unpinned,no-expr
3,8,1,1,0,83,1,medium,0,5,2,1.0,1.6667,1,0,0,1,granular,1,1,1,1,0,0,build,1,Azure/AKS::.github/workflows/website-check.yml,Azure/AKS,.github/workflows/website-check.yml,Azure_AKS__.github__workflows__website-check.yml,complex,pinned,no-expr
2,7,0,1,0,65,3,low,0,4,1,0.0,1.3333,0,1,0,1,not set,1,0,0,1,0,0,deploy-release,1,Azure/AKS::.github/workflows/website-publish.yml,Azure/AKS,.github/workflows/website-publish.yml,Azure_AKS__.github__workflows__website-publish.yml,medium,unpinned,expr-no-taint
3,2,0,1,1,54,1,medium,0,2,1,1.0,2.0,0,0,0,0,not set,2,0,1,1,0,0,other,1,Azure/Azure-Sentinel::.github/workflows/AddLabel.yaml,Azure/Azure-Sentinel,.github/workflows/AddLabel.yaml,Azure_Azure-Sentinel__.github__workflows__AddLabel.yaml,medium,pinned,no-expr
1,2,0,0,0,35,1,high,0,2,1,1.0,2.0,0,0,0,1,not set,3,1,1,0,0,0,other,1,Azure/Azure-Sentinel::.github/workflows/IssueComment.yml,Azure/Azure-Sentinel,.github/workflows/IssueComment.yml,Azure_Azure-Sentinel__.github__workflows__IssueComment.yml,simple,pinned,no-expr
1,2,0,0,0,17,1,medium,0,2,2,0.0,2.0,1,0,0,0,not set,0,0,0,0,0,0,security-scan,1,Azure/Azure-Sentinel::.github/workflows/ScanSecrets.yaml,Azure/Azure-Sentinel,.github/workflows/ScanSecrets.yaml,Azure_Azure-Sentinel__.github__workflows__ScanSecrets.yaml,simple,unpinned,no-expr
1,2,0,0,0,44,1,low,0,2,1,1.0,2.0,0,0,0,0,not set,2,0,1,0,0,0,other,1,Azure/Azure-Sentinel::.github/workflows/addComment.yaml,Azure/Azure-Sentinel,.github/workflows/addComment.yaml,Azure_Azure-Sentinel__.github__workflows__addComment.yaml,simple,pinned,no-expr
1,1,0,0,0,37,1,medium,0,1,1,1.0,1.0,0,0,0,1,not set,0,0,0,1,0,0,build,1,Azure/Azure-Sentinel::.github/workflows/addCommentOnPackagedPR.yaml,Azure/Azure-Sentinel,.github/workflows/addCommentOnPackagedPR.yaml,Azure_Azure-Sentinel__.github__workflows__addCommentOnPackagedPR.yaml,simple,pinned,no-expr
2,2,0,1,1,45,1,medium,0,1,1,0.0,1.0,1,1,0,0,not set,0,0,0,1,0,0,other,1,Azure/Azure-Sentinel::.github/workflows/addCommentToRemindUpdatingTemplateVersion.yml,Azure/Azure-Sentinel,.github/workflows/addCommentToRemindUpdatingTemplateVersion.yml,Azure_Azure-Sentinel__.github__workflows__addCommentToRemindUpdatingTemplateVersion.yml,medium,unpinned,expr-no-taint
1,2,0,0,0,40,1,low,0,2,1,1.0,2.0,0,0,0,0,not set,2,0,1,1,0,0,other,1,Azure/Azure-Sentinel::.github/workflows/addLabelOnPr.yaml,Azure/Azure-Sentinel,.github/workflows/addLabelOnPr.yaml,Azure_Azure-Sentinel__.github__workflows__addLabelOnPr.yaml,simple,pinned,no-expr
1,1,0,0,0,37,1,low,0,0,0,0.0,0.0,0,1,0,0,not set,0,0,1,1,0,0,other,1,Azure/Azure-Sentinel::.github/workflows/allowedWorkflowRun.yaml,Azure/Azure-Sentinel,.github/workflows/allowedWorkflowRun.yaml,Azure_Azure-Sentinel__.github__workflows__allowedWorkflowRun.yaml,simple,no-third-party,expr-no-taint
1,3,0,0,0,50,1,medium,0,2,2,1.0,2.0,0,0,0,1,granular,0,0,0,1,0,0,other,1,Azure/Azure-Sentinel::.github/workflows/arm-ttk-validations.yaml,Azure/Azure-Sentinel,.github/workflows/arm-ttk-validations.yaml,Azure_Azure-Sentinel__.github__workflows__arm-ttk-validations.yaml,simple,pinned,no-expr
1,6,0,0,0,106,2,medium,0,2,1,0.0,0.5,0,1,3,1,not set,2,0,1,1,0,0,other,1,Azure/Azure-Sentinel::.github/workflows/aws-s3-bundle-update.yaml,Azure/Azure-Sentinel,.github/workflows/aws-s3-bundle-update.yaml,Azure_Azure-Sentinel__.github__workflows__aws-s3-bundle-update.yaml,medium,unpinned,taint
1,1,0,0,0,31,1,low,0,0,0,0.0,0.0,0,0,3,0,not set,0,0,1,0,0,0,ci-test,1,Azure/Azure-Sentinel::.github/workflows/checkAutomatedPR.yaml,Azure/Azure-Sentinel,.github/workflows/checkAutomatedPR.yaml,Azure_Azure-Sentinel__.github__workflows__checkAutomatedPR.yaml,simple,no-third-party,taint
3,2,0,1,1,51,1,medium,0,1,1,1.0,1.0,0,1,3,0,not set,0,0,1,1,0,0,ci-test,1,Azure/Azure-Sentinel::.github/workflows/checkPRContentChange.yaml,Azure/Azure-Sentinel,.github/workflows/checkPRContentChange.yaml,Azure_Azure-Sentinel__.github__workflows__checkPRContentChange.yaml,medium,pinned,taint
1,2,0,0,0,40,1,low,0,1,1,1.0,1.0,0,1,5,0,not set,0,0,1,0,0,0,ci-test,1,Azure/Azure-Sentinel::.github/workflows/checkSkipPackagingInfo.yaml,Azure/Azure-Sentinel,.github/workflows/checkSkipPackagingInfo.yaml,Azure_Azure-Sentinel__.github__workflows__checkSkipPackagingInfo.yaml,simple,pinned,taint
1,1,0,0,0,40,2,low,0,1,1,1.0,1.0,1,0,0,1,granular,1,1,0,1,0,0,other,1,Azure/Azure-Sentinel::.github/workflows/cleanup-stale-branch.yaml,Azure/Azure-Sentinel,.github/workflows/cleanup-stale-branch.yaml,Azure_Azure-Sentinel__.github__workflows__cleanup-stale-branch.yaml,simple,pinned,no-expr
1,5,1,0,0,81,3,medium,0,5,2,0.0,5.0,0,0,0,1,not set,0,0,0,0,0,0,security-scan,1,Azure/Azure-Sentinel::.github/workflows/codeql-analysis.yml,Azure/Azure-Sentinel,.github/workflows/codeql-analysis.yml,Azure_Azure-Sentinel__.github__workflows__codeql-analysis.yml,complex,unpinned,no-expr
1,4,0,0,0,28,2,medium,0,1,1,0.0,0.3333,0,0,0,0,not set,3,0,1,0,0,0,other,1,Azure/Azure-Sentinel::.github/workflows/content-validations.yaml,Azure/Azure-Sentinel,.github/workflows/content-validations.yaml,Azure_Azure-Sentinel__.github__workflows__content-validations.yaml,medium,unpinned,no-expr
1,10,0,0,0,102,1,medium,0,6,4,0.3333,1.5,1,0,2,0,not set,2,0,1,1,0,0,other,1,Azure/Azure-Sentinel::.github/workflows/convertKqlFunctionYamlToArmTemplate.yaml,Azure/Azure-Sentinel,.github/workflows/convertKqlFunctionYamlToArmTemplate.yaml,Azure_Azure-Sentinel__.github__workflows__convertKqlFunctionYamlToArmTemplate.yaml,complex,unpinned,taint
1,4,0,0,0,28,2,medium,0,1,1,0.0,0.3333,0,0,0,0,not set,3,0,1,0,0,0,other,1,Azure/Azure-Sentinel::.github/workflows/data-connector-validations.yaml,Azure/Azure-Sentinel,.github/workflows/data-connector-validations.yaml,Azure_Azure-Sentinel__.github__workflows__data-connector-validations.yaml,medium,unpinned,no-expr
1,3,0,0,0,26,2,medium,0,2,1,0.0,2.0,0,1,0,0,not set,0,0,1,0,0,0,other,1,Azure/Azure-Sentinel::.github/workflows/detection-template-schema-validations.yaml,Azure/Azure-Sentinel,.github/workflows/detection-template-schema-validations.yaml,Azure_Azure-Sentinel__.github__workflows__detection-template-schema-validations.yaml,simple,unpinned,expr-no-taint
1,4,0,0,0,29,2,medium,0,1,1,0.0,0.3333,0,0,0,0,not set,3,0,1,0,0,0,other,1,Azure/Azure-Sentinel::.github/workflows/detection-validations.yaml,Azure/Azure-Sentinel,.github/workflows/detection-validations.yaml,Azure_Azure-Sentinel__.github__workflows__detection-validations.yaml,medium,unpinned,no-expr
1,4,0,0,0,28,2,medium,0,1,1,0.0,0.3333,0,0,0,0,not set,3,0,1,0,0,0,other,1,Azure/Azure-Sentinel::.github/workflows/documents-link-validation.yaml,Azure/Azure-Sentinel,.github/workflows/documents-link-validation.yaml,Azure_Azure-Sentinel__.github__workflows__documents-link-validation.yaml,medium,unpinned,no-expr
1,2,0,0,0,34,1,low,0,1,1,1.0,1.0,0,1,5,0,not set,0,0,1,0,0,0,other,1,Azure/Azure-Sentinel::.github/workflows/getSolutionName.yaml,Azure/Azure-Sentinel,.github/workflows/getSolutionName.yaml,Azure_Azure-Sentinel__.github__workflows__getSolutionName.yaml,simple,pinned,taint
1,3,0,0,0,46,1,medium,0,2,1,1.0,2.0,0,1,4,0,not set,2,0,1,1,0,0,ci-test,1,Azure/Azure-Sentinel::.github/workflows/hyperlinkValidator.yaml,Azure/Azure-Sentinel,.github/workflows/hyperlinkValidator.yaml,Azure_Azure-Sentinel__.github__workflows__hyperlinkValidator.yaml,simple,pinned,taint
1,4,0,0,0,28,2,medium,0,1,1,0.0,0.3333,0,0,0,0,not set,3,0,1,0,0,0,other,1,Azure/Azure-Sentinel::.github/workflows/json-syntax-validation.yaml,Azure/Azure-Sentinel,.github/workflows/json-syntax-validation.yaml,Azure_Azure-Sentinel__.github__workflows__json-syntax-validation.yaml,medium,unpinned,no-expr
1,3,0,0,0,31,2,medium,0,2,1,0.0,2.0,0,1,0,0,not set,3,0,1,0,0,0,other,1,Azure/Azure-Sentinel::.github/workflows/kql-validations.yaml,Azure/Azure-Sentinel,.github/workflows/kql-validations.yaml,Azure_Azure-Sentinel__.github__workflows__kql-validations.yaml,simple,unpinned,expr-no-taint
1,4,0,0,0,28,2,medium,0,1,1,0.0,0.3333,0,0,0,0,not set,3,0,1,0,0,0,other,1,Azure/Azure-Sentinel::.github/workflows/logo-validation.yaml,Azure/Azure-Sentinel,.github/workflows/logo-validation.yaml,Azure_Azure-Sentinel__.github__workflows__logo-validation.yaml,medium,unpinned,no-expr
1,2,0,0,0,47,1,low,0,1,1,1.0,1.0,0,1,4,0,not set,0,0,1,0,0,0,other,1,Azure/Azure-Sentinel::.github/workflows/neworexistingsolution.yaml,Azure/Azure-Sentinel,.github/workflows/neworexistingsolution.yaml,Azure_Azure-Sentinel__.github__workflows__neworexistingsolution.yaml,simple,pinned,taint
1,3,0,0,0,26,2,medium,0,2,1,0.0,2.0,0,1,0,0,not set,0,0,0,0,0,0,ci-test,1,Azure/Azure-Sentinel::.github/workflows/non-ascii-validations.yaml,Azure/Azure-Sentinel,.github/workflows/non-ascii-validations.yaml,Azure_Azure-Sentinel__.github__workflows__non-ascii-validations.yaml,simple,unpinned,expr-no-taint
1,9,0,0,0,158,1,low,0,4,1,1.0,0.8,0,1,7,1,granular,2,0,1,1,0,0,build,1,Azure/Azure-Sentinel::.github/workflows/package-command.yaml,Azure/Azure-Sentinel,.github/workflows/package-command.yaml,Azure_Azure-Sentinel__.github__workflows__package-command.yaml,medium,pinned,taint
1,4,0,0,0,29,2,medium,0,1,1,0.0,0.3333,0,0,0,0,not set,3,0,1,0,0,0,other,1,Azure/Azure-Sentinel::.github/workflows/playbook-validations.yaml,Azure/Azure-Sentinel,.github/workflows/playbook-validations.yaml,Azure_Azure-Sentinel__.github__workflows__playbook-validations.yaml,medium,unpinned,no-expr
1,1,0,0,0,32,1,low,0,0,0,0.0,0.0,0,1,0,0,not set,0,0,0,0,0,0,other,1,Azure/Azure-Sentinel::.github/workflows/pullRequestStatus.yaml,Azure/Azure-Sentinel,.github/workflows/pullRequestStatus.yaml,Azure_Azure-Sentinel__.github__workflows__pullRequestStatus.yaml,simple,no-third-party,expr-no-taint
5,29,0,1,0,462,2,medium,0,13,2,0.0769,0.8125,0,1,0,1,granular,7,0,0,1,0,0,ci-test,1,Azure/Azure-Sentinel::.github/workflows/runAsimSchemaAndDataTesters.yaml,Azure/Azure-Sentinel,.github/workflows/runAsimSchemaAndDataTesters.yaml,Azure_Azure-Sentinel__.github__workflows__runAsimSchemaAndDataTesters.yaml,complex,unpinned,expr-no-taint
1,4,0,0,0,31,2,medium,0,2,1,0.0,1.0,0,0,0,0,not set,3,0,1,0,0,0,other,1,Azure/Azure-Sentinel::.github/workflows/sample-data-validation.yaml,Azure/Azure-Sentinel,.github/workflows/sample-data-validation.yaml,Azure_Azure-Sentinel__.github__workflows__sample-data-validation.yaml,medium,unpinned,no-expr
1,4,0,0,0,79,1,high,0,3,2,0.6667,3.0,0,0,1,1,granular,0,0,0,1,0,0,ci-test,1,Azure/Azure-Sentinel::.github/workflows/slash-command-armttk.yaml,Azure/Azure-Sentinel,.github/workflows/slash-command-armttk.yaml,Azure_Azure-Sentinel__.github__workflows__slash-command-armttk.yaml,medium,pinned,no-expr
3,2,0,1,1,65,2,high,0,2,2,1.0,2.0,1,0,3,1,granular,2,0,1,1,0,0,other,1,Azure/Azure-Sentinel::.github/workflows/slash-command-dispatch.yaml,Azure/Azure-Sentinel,.github/workflows/slash-command-dispatch.yaml,Azure_Azure-Sentinel__.github__workflows__slash-command-dispatch.yaml,medium,pinned,taint
1,4,0,0,0,29,2,medium,0,1,1,0.0,0.3333,0,0,0,0,not set,3,0,1,0,0,0,other,1,Azure/Azure-Sentinel::.github/workflows/solution-validations.yaml,Azure/Azure-Sentinel,.github/workflows/solution-validations.yaml,Azure_Azure-Sentinel__.github__workflows__solution-validations.yaml,medium,unpinned,no-expr
1,15,0,0,0,120,1,medium,0,5,2,0.6,0.5,0,0,1,1,granular,5,1,1,1,0,0,ci-test,1,Azure/Azure-Sentinel::.github/workflows/solutionIntegration.yaml,Azure/Azure-Sentinel,.github/workflows/solutionIntegration.yaml,Azure_Azure-Sentinel__.github__workflows__solutionIntegration.yaml,complex,pinned,taint
1,3,0,0,0,51,1,medium,0,2,1,1.0,2.0,0,1,2,0,not set,2,0,1,1,0,0,ci-test,1,Azure/Azure-Sentinel::.github/workflows/validateClassicAppInsights.yaml,Azure/Azure-Sentinel,.github/workflows/validateClassicAppInsights.yaml,Azure_Azure-Sentinel__.github__workflows__validateClassicAppInsights.yaml,simple,pinned,taint
1,3,0,0,0,50,1,medium,0,2,1,1.0,2.0,0,1,5,0,not set,2,0,1,1,0,0,ci-test,1,Azure/Azure-Sentinel::.github/workflows/validateFieldTypes.yaml,Azure/Azure-Sentinel,.github/workflows/validateFieldTypes.yaml,Azure_Azure-Sentinel__.github__workflows__validateFieldTypes.yaml,simple,pinned,taint
1,2,0,0,0,25,2,medium,0,1,1,0.0,1.0,0,0,0,0,not set,0,0,0,0,0,0,ci-test,1,Azure/Azure-Sentinel::.github/workflows/validateVersionChangedInDetections.yml,Azure/Azure-Sentinel,.github/workflows/validateVersionChangedInDetections.yml,Azure_Azure-Sentinel__.github__workflows__validateVersionChangedInDetections.yml,simple,unpinned,no-expr
1,4,0,0,0,28,2,medium,0,1,1,0.0,0.3333,0,0,0,0,not set,3,0,1,0,0,0,other,1,Azure/Azure-Sentinel::.github/workflows/workbook-metadata-validations.yaml,Azure/Azure-Sentinel,.github/workflows/workbook-metadata-validations.yaml,Azure_Azure-Sentinel__.github__workflows__workbook-metadata-validations.yaml,medium,unpinned,no-expr
1,4,0,0,0,28,2,medium,0,1,1,0.0,0.3333,0,0,0,0,not set,3,0,1,0,0,0,other,1,Azure/Azure-Sentinel::.github/workflows/workbook-template-validations.yaml,Azure/Azure-Sentinel,.github/workflows/workbook-template-validations.yaml,Azure_Azure-Sentinel__.github__workflows__workbook-template-validations.yaml,medium,unpinned,no-expr
1,4,0,0,0,29,2,medium,0,1,1,0.0,0.3333,0,0,0,0,not set,3,0,1,0,0,0,other,1,Azure/Azure-Sentinel::.github/workflows/yaml-syntax-validation.yaml,Azure/Azure-Sentinel,.github/workflows/yaml-syntax-validation.yaml,Azure_Azure-Sentinel__.github__workflows__yaml-syntax-validation.yaml,medium,unpinned,no-expr
32,170,0,0,0,461,2,medium,0,62,1,0.0,0.5741,0,0,0,0,not set,0,0,0,0,0,0,ci-test,1,Azure/Azurite::.github/workflows/PrValidation.yml,Azure/Azurite,.github/workflows/PrValidation.yml,Azure_Azurite__.github__workflows__PrValidation.yml,complex,unpinned,no-expr
1,4,0,0,0,55,2,medium,0,4,2,0.0,4.0,0,0,0,0,not set,0,0,0,0,0,0,security-scan,1,Azure/Azurite::.github/workflows/codeql.yml,Azure/Azurite,.github/workflows/codeql.yml,Azure_Azurite__.github__workflows__codeql.yml,medium,unpinned,no-expr
2,15,1,0,0,146,3,medium,0,9,4,0.0,1.5,1,1,1,1,not set,0,0,0,1,0,0,build,1,Azure/PyRIT::.github/workflows/build_and_test.yml,Azure/PyRIT,.github/workflows/build_and_test.yml,Azure_PyRIT__.github__workflows__build_and_test.yml,complex,unpinned,taint
9,38,0,1,0,319,3,medium,0,20,2,0.0,1.1111,0,0,1,1,not set,0,0,0,1,0,0,build,1,Azure/PyRIT::.github/workflows/docker_build.yml,Azure/PyRIT,.github/workflows/docker_build.yml,Azure_PyRIT__.github__workflows__docker_build.yml,complex,unpinned,no-expr
1,7,0,0,0,66,3,medium,0,5,2,0.0,2.5,1,0,0,1,granular,0,0,0,1,0,0,documentation,1,Azure/PyRIT::.github/workflows/docs.yml,Azure/PyRIT,.github/workflows/docs.yml,Azure_PyRIT__.github__workflows__docs.yml,medium,unpinned,no-expr
3,20,0,0,0,157,3,medium,0,11,2,0.0,1.2222,1,0,1,1,not set,0,0,0,1,0,0,ci-test,1,Azure/PyRIT::.github/workflows/frontend_tests.yml,Azure/PyRIT,.github/workflows/frontend_tests.yml,Azure_PyRIT__.github__workflows__frontend_tests.yml,complex,unpinned,no-expr
1,4,1,0,0,69,3,medium,0,4,2,0.0,4.0,0,0,0,1,not set,0,0,0,0,0,0,security-scan,1,Azure/autorest::.github/workflows/codeql.yml,Azure/autorest,.github/workflows/codeql.yml,Azure_autorest__.github__workflows__codeql.yml,complex,unpinned,no-expr
1,3,0,0,0,31,1,medium,0,2,1,0.0,2.0,0,0,0,0,not set,0,0,1,0,0,0,ci-test,1,Azure/autorest::.github/workflows/consitency-checks.yml,Azure/autorest,.github/workflows/consitency-checks.yml,Azure_autorest__.github__workflows__consitency-checks.yml,simple,unpinned,no-expr
1,5,0,0,0,34,1,low,0,2,1,0.0,0.6667,0,0,0,1,granular,0,0,0,0,0,0,deploy-release,1,Azure/autorest::.github/workflows/prepare-auto-release-branch.yml,Azure/autorest,.github/workflows/prepare-auto-release-branch.yml,Azure_autorest__.github__workflows__prepare-auto-release-branch.yml,medium,unpinned,no-expr
1,1,0,0,0,19,1,high,0,1,1,0.0,1.0,1,0,0,1,not set,1,0,0,0,0,0,other,1,Azure/azure-cli::.github/workflows/AddIssueComment.yml,Azure/azure-cli,.github/workflows/AddIssueComment.yml,Azure_azure-cli__.github__workflows__AddIssueComment.yml,simple,unpinned,no-expr
1,2,0,0,0,25,1,high,0,2,2,0.0,2.0,1,0,0,1,not set,1,1,0,1,0,0,security-scan,1,Azure/azure-cli::.github/workflows/AddIssueCommentWithLabel.yml,Azure/azure-cli,.github/workflows/AddIssueCommentWithLabel.yml,Azure_azure-cli__.github__workflows__AddIssueCommentWithLabel.yml,simple,unpinned,no-expr
1,1,0,0,0,28,1,high,0,0,0,0.0,0.0,0,0,0,1,empty,1,0,1,0,0,0,other,1,Azure/azure-cli::.github/workflows/AddPRComment.yml,Azure/azure-cli,.github/workflows/AddPRComment.yml,Azure_azure-cli__.github__workflows__AddPRComment.yml,simple,no-third-party,no-expr
1,4,0,0,0,61,1,high,0,1,1,0.0,1.0,0,0,2,1,empty,0,0,1,0,0,0,code-quality,1,Azure/azure-cli::.github/workflows/AzdevLinter.yml,Azure/azure-cli,.github/workflows/AzdevLinter.yml,Azure_azure-cli__.github__workflows__AzdevLinter.yml,medium,unpinned,taint
1,4,0,0,0,60,1,high,0,1,1,0.0,1.0,0,0,2,1,empty,0,0,1,0,0,0,code-quality,1,Azure/azure-cli::.github/workflows/AzdevStyle.yml,Azure/azure-cli,.github/workflows/AzdevStyle.yml,Azure_azure-cli__.github__workflows__AzdevStyle.yml,medium,unpinned,taint
1,1,0,0,0,26,1,high,0,1,1,0.0,1.0,0,0,0,0,not set,0,0,0,0,0,0,other,1,Azure/azure-cli::.github/workflows/BlockPRMerge.yml,Azure/azure-cli,.github/workflows/BlockPRMerge.yml,Azure_azure-cli__.github__workflows__BlockPRMerge.yml,simple,unpinned,no-expr
1,2,0,0,0,64,1,high,0,1,1,0.0,1.0,0,0,0,1,granular,1,1,0,1,0,0,other,1,Azure/azure-cli::.github/workflows/CCOA.yml,Azure/azure-cli,.github/workflows/CCOA.yml,Azure_azure-cli__.github__workflows__CCOA.yml,simple,unpinned,no-expr
1,2,0,0,0,28,1,high,0,2,2,0.0,2.0,1,0,0,1,empty,1,1,0,0,0,0,other,1,Azure/azure-cli::.github/workflows/GitHookNotice.yml,Azure/azure-cli,.github/workflows/GitHookNotice.yml,Azure_azure-cli__.github__workflows__GitHookNotice.yml,simple,unpinned,no-expr
1,1,0,0,0,17,1,high,0,1,1,0.0,1.0,0,0,0,1,not set,0,0,0,0,0,0,other,1,Azure/azure-cli::.github/workflows/RunIssueSentinel.yml,Azure/azure-cli,.github/workflows/RunIssueSentinel.yml,Azure_azure-cli__.github__workflows__RunIssueSentinel.yml,simple,unpinned,no-expr
1,2,0,0,0,48,1,low,0,1,1,0.0,1.0,0,1,0,1,granular,6,0,1,0,0,0,documentation,1,Azure/azure-cli::.github/workflows/TriggerReferenceDocsCI.yml,Azure/azure-cli,.github/workflows/TriggerReferenceDocsCI.yml,Azure_azure-cli__.github__workflows__TriggerReferenceDocsCI.yml,simple,unpinned,expr-no-taint
1,4,0,0,0,55,1,high,0,3,1,0.0,4.0,0,0,1,0,not set,1,1,0,1,0,0,other,1,Azure/azure-functions-host::.github/workflows/backport.yml,Azure/azure-functions-host,.github/workflows/backport.yml,Azure_azure-functions-host__.github__workflows__backport.yml,medium,unpinned,no-expr
1,2,0,0,0,17,1,medium,0,2,1,0.0,2.0,0,0,0,1,granular,0,0,0,0,0,0,dependency-management,1,Azure/azure-functions-host::.github/workflows/dependency-review.yml,Azure/azure-functions-host,.github/workflows/dependency-review.yml,Azure_azure-functions-host__.github__workflows__dependency-review.yml,simple,unpinned,no-expr
1,1,0,0,0,57,1,high,0,0,0,0.0,0.0,0,0,0,1,not set,1,0,1,0,0,0,other,1,Azure/azure-functions-host::.github/workflows/round-robin-assign.yml,Azure/azure-functions-host,.github/workflows/round-robin-assign.yml,Azure_azure-functions-host__.github__workflows__round-robin-assign.yml,simple,no-third-party,no-expr
1,3,0,0,0,43,1,low,0,2,2,0.0,2.0,1,0,0,1,granular,2,1,1,0,0,0,other,1,Azure/azure-powershell::.github/workflows/issue-metrics.yml,Azure/azure-powershell,.github/workflows/issue-metrics.yml,Azure_azure-powershell__.github__workflows__issue-metrics.yml,simple,unpinned,no-expr
1,1,0,0,0,17,1,high,0,1,1,0.0,1.0,0,0,0,1,not set,1,0,0,0,0,0,other,1,Azure/azure-powershell::.github/workflows/issue-sentinel.yml,Azure/azure-powershell,.github/workflows/issue-sentinel.yml,Azure_azure-powershell__.github__workflows__issue-sentinel.yml,simple,unpinned,no-expr
1,2,0,0,0,25,1,high,0,1,1,0.0,1.0,0,0,0,1,not set,0,1,1,0,0,0,other,1,Azure/azure-powershell::.github/workflows/pr-labeled.yml,Azure/azure-powershell,.github/workflows/pr-labeled.yml,Azure_azure-powershell__.github__workflows__pr-labeled.yml,simple,unpinned,no-expr
1,10,0,0,0,152,1,low,0,3,1,0.0,0.4286,0,0,0,1,granular,0,0,0,1,0,0,other,1,Azure/azure-quickstart-templates::.github/workflows/auto-fix.yml,Azure/azure-quickstart-templates,.github/workflows/auto-fix.yml,Azure_azure-quickstart-templates__.github__workflows__auto-fix.yml,complex,unpinned,no-expr
1,8,0,0,0,102,1,medium,0,2,1,0.0,7.0,0,0,0,1,granular,0,0,1,1,0,0,other,1,Azure/azure-rest-api-specs::.github/workflows/SDK-Suppressions-Label.yaml,Azure/azure-rest-api-specs,.github/workflows/SDK-Suppressions-Label.yaml,Azure_azure-rest-api-specs__.github__workflows__SDK-Suppressions-Label.yaml,medium,unpinned,no-expr
1,8,1,0,0,74,1,low,0,2,1,0.0,0.6,0,0,0,1,granular,0,0,0,1,0,0,ci-test,1,Azure/azure-rest-api-specs::.github/workflows/_reusable-eng-tools-test.yaml,Azure/azure-rest-api-specs,.github/workflows/_reusable-eng-tools-test.yaml,Azure_azure-rest-api-specs__.github__workflows___reusable-eng-tools-test.yaml,complex,unpinned,no-expr
1,4,0,0,0,83,1,low,0,2,1,0.0,4.0,0,0,0,1,granular,0,0,0,1,0,0,ci-test,1,Azure/azure-rest-api-specs::.github/workflows/_reusable-set-check-status.yaml,Azure/azure-rest-api-specs,.github/workflows/_reusable-set-check-status.yaml,Azure_azure-rest-api-specs__.github__workflows___reusable-set-check-status.yaml,medium,unpinned,no-expr
1,5,0,0,0,63,1,medium,0,2,1,0.0,5.0,0,0,0,1,granular,0,0,0,0,0,0,other,1,Azure/azure-rest-api-specs::.github/workflows/arm-auto-signoff-code.yaml,Azure/azure-rest-api-specs,.github/workflows/arm-auto-signoff-code.yaml,Azure_azure-rest-api-specs__.github__workflows__arm-auto-signoff-code.yaml,medium,unpinned,no-expr
1,7,0,0,0,140,2,high,0,2,1,0.0,7.0,0,0,0,1,granular,0,0,0,1,0,0,other,1,Azure/azure-rest-api-specs::.github/workflows/arm-auto-signoff-status.yaml,Azure/azure-rest-api-specs,.github/workflows/arm-auto-signoff-status.yaml,Azure_azure-rest-api-specs__.github__workflows__arm-auto-signoff-status.yaml,medium,unpinned,no-expr
1,6,0,0,0,93,1,medium,0,3,1,0.0,5.0,0,0,0,1,granular,0,0,1,1,0,0,other,1,Azure/azure-rest-api-specs::.github/workflows/avocado-code.yaml,Azure/azure-rest-api-specs,.github/workflows/avocado-code.yaml,Azure_azure-rest-api-specs__.github__workflows__avocado-code.yaml,medium,unpinned,no-expr
1,0,0,0,1,37,2,high,0,0,0,0.0,0.0,0,0,0,1,granular,0,0,0,0,0,0,other,1,Azure/azure-rest-api-specs::.github/workflows/avocado-status.yaml,Azure/azure-rest-api-specs,.github/workflows/avocado-status.yaml,Azure_azure-rest-api-specs__.github__workflows__avocado-status.yaml,simple,no-third-party,no-expr
1,6,0,0,0,80,1,medium,0,2,1,0.0,6.0,0,0,0,1,granular,0,0,0,1,0,0,other,1,Azure/azure-rest-api-specs::.github/workflows/breaking-change-add-label-artifacts.yaml,Azure/azure-rest-api-specs,.github/workflows/breaking-change-add-label-artifacts.yaml,Azure_azure-rest-api-specs__.github__workflows__breaking-change-add-label-artifacts.yaml,medium,unpinned,no-expr
1,7,0,0,0,80,1,medium,0,3,1,0.0,6.0,0,1,0,1,granular,0,0,0,1,0,0,other,1,Azure/azure-rest-api-specs::.github/workflows/breaking-change-code.yaml,Azure/azure-rest-api-specs,.github/workflows/breaking-change-code.yaml,Azure_azure-rest-api-specs__.github__workflows__breaking-change-code.yaml,medium,unpinned,expr-no-taint
1,7,0,0,0,81,1,medium,0,3,1,0.0,6.0,0,1,0,1,granular,0,0,0,1,0,0,other,1,Azure/azure-rest-api-specs::.github/workflows/breaking-change-cross-version-code.yaml,Azure/azure-rest-api-specs,.github/workflows/breaking-change-cross-version-code.yaml,Azure_azure-rest-api-specs__.github__workflows__breaking-change-cross-version-code.yaml,medium,unpinned,expr-no-taint
1,0,0,0,1,40,2,high,0,0,0,0.0,0.0,0,0,0,1,granular,0,0,0,0,0,0,other,1,Azure/azure-rest-api-specs::.github/workflows/breaking-change-cross-version-status.yaml,Azure/azure-rest-api-specs,.github/workflows/breaking-change-cross-version-status.yaml,Azure_azure-rest-api-specs__.github__workflows__breaking-change-cross-version-status.yaml,simple,no-third-party,no-expr
1,0,0,0,1,40,2,high,0,0,0,0.0,0.0,0,0,0,1,granular,0,0,0,0,0,0,other,1,Azure/azure-rest-api-specs::.github/workflows/breaking-change-status.yaml,Azure/azure-rest-api-specs,.github/workflows/breaking-change-status.yaml,Azure_azure-rest-api-specs__.github__workflows__breaking-change-status.yaml,simple,no-third-party,no-expr
1,4,1,0,0,121,3,medium,0,3,2,0.0,3.0,0,0,0,1,not set,0,0,0,1,0,0,security-scan,1,Azure/azure-rest-api-specs::.github/workflows/codeql.yaml,Azure/azure-rest-api-specs,.github/workflows/codeql.yaml,Azure_azure-rest-api-specs__.github__workflows__codeql.yaml,complex,unpinned,no-expr
1,3,0,0,0,30,1,low,0,2,2,0.0,2.0,0,0,0,1,not set,0,0,0,0,0,0,other,1,Azure/azure-rest-api-specs::.github/workflows/copilot-setup-steps.yaml,Azure/azure-rest-api-specs,.github/workflows/copilot-setup-steps.yaml,Azure_azure-rest-api-specs__.github__workflows__copilot-setup-steps.yaml,simple,unpinned,no-expr
1,9,1,0,0,74,3,medium,0,3,1,0.0,1.25,0,0,0,1,granular,0,0,0,1,0,0,ci-test,1,Azure/azure-rest-api-specs::.github/workflows/github-test.yaml,Azure/azure-rest-api-specs,.github/workflows/github-test.yaml,Azure_azure-rest-api-specs__.github__workflows__github-test.yaml,complex,unpinned,no-expr
1,7,0,0,0,88,1,medium,0,5,1,0.0,6.0,0,1,0,1,granular,0,0,0,1,0,0,code-quality,1,Azure/azure-rest-api-specs::.github/workflows/lintdiff-code.yaml,Azure/azure-rest-api-specs,.github/workflows/lintdiff-code.yaml,Azure_azure-rest-api-specs__.github__workflows__lintdiff-code.yaml,medium,unpinned,expr-no-taint
1,0,0,0,1,37,2,high,0,0,0,0.0,0.0,0,0,0,1,granular,0,0,0,0,0,0,code-quality,1,Azure/azure-rest-api-specs::.github/workflows/lintdiff-status.yaml,Azure/azure-rest-api-specs,.github/workflows/lintdiff-status.yaml,Azure_azure-rest-api-specs__.github__workflows__lintdiff-status.yaml,simple,no-third-party,no-expr
1,0,0,0,1,34,3,medium,0,0,0,0.0,0.0,0,0,0,1,granular,0,0,0,0,0,0,code-quality,1,Azure/azure-rest-api-specs::.github/workflows/lintdiff-test.yaml,Azure/azure-rest-api-specs,.github/workflows/lintdiff-test.yaml,Azure_azure-rest-api-specs__.github__workflows__lintdiff-test.yaml,simple,no-third-party,no-expr
1,0,0,0,1,29,3,medium,0,0,0,0.0,0.0,0,0,0,1,granular,0,0,0,0,0,0,ci-test,1,Azure/azure-rest-api-specs::.github/workflows/oav-runner-tests.yaml,Azure/azure-rest-api-specs,.github/workflows/oav-runner-tests.yaml,Azure_azure-rest-api-specs__.github__workflows__oav-runner-tests.yaml,simple,no-third-party,no-expr
1,0,0,0,1,28,3,medium,0,0,0,0.0,0.0,0,0,0,1,granular,0,0,0,0,0,0,ci-test,1,Azure/azure-rest-api-specs::.github/workflows/openapi-diff-runner-test.yaml,Azure/azure-rest-api-specs,.github/workflows/openapi-diff-runner-test.yaml,Azure_azure-rest-api-specs__.github__workflows__openapi-diff-runner-test.yaml,simple,no-third-party,no-expr
1,2,0,0,0,29,1,low,0,1,1,0.0,1.0,0,1,0,1,granular,1,1,0,1,0,0,other,1,Azure/azure-rest-api-specs::.github/workflows/post-apiview.yaml,Azure/azure-rest-api-specs,.github/workflows/post-apiview.yaml,Azure_azure-rest-api-specs__.github__workflows__post-apiview.yaml,simple,unpinned,expr-no-taint
1,3,0,0,0,64,1,medium,0,1,1,0.0,0.5,0,1,0,1,granular,0,0,1,1,0,0,other,1,Azure/azure-rest-api-specs::.github/workflows/protected-files.yaml,Azure/azure-rest-api-specs,.github/workflows/protected-files.yaml,Azure_azure-rest-api-specs__.github__workflows__protected-files.yaml,simple,unpinned,expr-no-taint
1,8,0,0,0,76,1,low,0,3,2,0.0,7.0,0,0,0,1,granular,0,0,0,1,0,0,other,1,Azure/azure-rest-api-specs::.github/workflows/sdk-breaking-change-labels.yaml,Azure/azure-rest-api-specs,.github/workflows/sdk-breaking-change-labels.yaml,Azure_azure-rest-api-specs__.github__workflows__sdk-breaking-change-labels.yaml,medium,unpinned,no-expr
5,67,0,1,0,1151,3,high,1,39,2,1.0,1.3929,0,1,4,1,empty,35,1,1,1,0,0,other,1,Azure/azure-rest-api-specs::.github/workflows/sdk-generation-agent.lock.yml,Azure/azure-rest-api-specs,.github/workflows/sdk-generation-agent.lock.yml,Azure_azure-rest-api-specs__.github__workflows__sdk-generation-agent.lock.yml,complex,pinned,taint
1,0,0,0,1,29,3,medium,0,0,0,0.0,0.0,0,0,0,1,granular,0,0,0,0,0,0,ci-test,1,Azure/azure-rest-api-specs::.github/workflows/sdk-suppressions-test.yaml,Azure/azure-rest-api-specs,.github/workflows/sdk-suppressions-test.yaml,Azure_azure-rest-api-specs__.github__workflows__sdk-suppressions-test.yaml,simple,no-third-party,no-expr
1,0,0,0,1,29,3,medium,0,0,0,0.0,0.0,0,0,0,1,granular,0,0,0,0,0,0,ci-test,1,Azure/azure-rest-api-specs::.github/workflows/spec-gen-sdk-runner-test.yaml,Azure/azure-rest-api-specs,.github/workflows/spec-gen-sdk-runner-test.yaml,Azure_azure-rest-api-specs__.github__workflows__spec-gen-sdk-runner-test.yaml,simple,no-third-party,no-expr
1,7,0,0,0,66,1,low,0,3,2,0.0,6.0,0,0,0,1,granular,0,0,0,1,0,0,other,1,Azure/azure-rest-api-specs::.github/workflows/spec-gen-sdk-status.yaml,Azure/azure-rest-api-specs,.github/workflows/spec-gen-sdk-status.yaml,Azure_azure-rest-api-specs__.github__workflows__spec-gen-sdk-status.yaml,medium,unpinned,no-expr
1,2,0,0,0,46,4,medium,0,1,1,0.0,1.0,0,0,0,1,granular,0,0,0,0,0,0,ci-test,1,Azure/azure-rest-api-specs::.github/workflows/spelling-all.yaml,Azure/azure-rest-api-specs,.github/workflows/spelling-all.yaml,Azure_azure-rest-api-specs__.github__workflows__spelling-all.yaml,simple,unpinned,no-expr
1,2,0,0,0,39,1,medium,0,1,1,0.0,1.0,0,0,0,1,granular,0,0,0,0,0,0,ci-test,1,Azure/azure-rest-api-specs::.github/workflows/spelling.yaml,Azure/azure-rest-api-specs,.github/workflows/spelling.yaml,Azure_azure-rest-api-specs__.github__workflows__spelling.yaml,simple,unpinned,no-expr
1,5,0,0,0,85,2,high,0,4,1,0.0,5.0,0,0,0,1,granular,0,0,0,1,0,0,ci-test,1,Azure/azure-rest-api-specs::.github/workflows/summarize-checks.yaml,Azure/azure-rest-api-specs,.github/workflows/summarize-checks.yaml,Azure_azure-rest-api-specs__.github__workflows__summarize-checks.yaml,medium,unpinned,no-expr
1,0,0,0,1,28,3,medium,0,0,0,0.0,0.0,0,0,0,1,granular,0,0,0,0,0,0,ci-test,1,Azure/azure-rest-api-specs::.github/workflows/summarize-impact-test.yaml,Azure/azure-rest-api-specs,.github/workflows/summarize-impact-test.yaml,Azure_azure-rest-api-specs__.github__workflows__summarize-impact-test.yaml,simple,no-third-party,no-expr
1,5,0,0,0,65,1,medium,0,3,1,0.0,4.0,0,1,1,1,granular,1,1,1,1,0,0,other,1,Azure/azure-rest-api-specs::.github/workflows/summarize-impact.yaml,Azure/azure-rest-api-specs,.github/workflows/summarize-impact.yaml,Azure_azure-rest-api-specs__.github__workflows__summarize-impact.yaml,medium,unpinned,taint
1,0,0,0,1,28,3,medium,0,0,0,0.0,0.0,0,0,0,1,granular,0,0,0,0,0,0,ci-test,1,Azure/azure-rest-api-specs::.github/workflows/suppressions-test.yaml,Azure/azure-rest-api-specs,.github/workflows/suppressions-test.yaml,Azure_azure-rest-api-specs__.github__workflows__suppressions-test.yaml,simple,no-third-party,no-expr
1,4,0,0,0,44,1,medium,0,2,1,0.0,3.0,0,0,0,1,granular,0,0,0,1,0,0,other,1,Azure/azure-rest-api-specs::.github/workflows/swagger-modelvalidation-code.yaml,Azure/azure-rest-api-specs,.github/workflows/swagger-modelvalidation-code.yaml,Azure_azure-rest-api-specs__.github__workflows__swagger-modelvalidation-code.yaml,medium,unpinned,no-expr
1,0,0,0,1,40,2,high,0,0,0,0.0,0.0,0,0,0,1,granular,0,0,0,0,0,0,other,1,Azure/azure-rest-api-specs::.github/workflows/swagger-modelvalidation-status.yaml,Azure/azure-rest-api-specs,.github/workflows/swagger-modelvalidation-status.yaml,Azure_azure-rest-api-specs__.github__workflows__swagger-modelvalidation-status.yaml,simple,no-third-party,no-expr
1,4,0,0,0,44,1,medium,0,2,1,0.0,3.0,0,0,0,1,granular,0,0,0,1,0,0,other,1,Azure/azure-rest-api-specs::.github/workflows/swagger-semanticvalidation-code.yaml,Azure/azure-rest-api-specs,.github/workflows/swagger-semanticvalidation-code.yaml,Azure_azure-rest-api-specs__.github__workflows__swagger-semanticvalidation-code.yaml,medium,unpinned,no-expr
1,0,0,0,1,40,2,high,0,0,0,0.0,0.0,0,0,0,1,granular,0,0,0,0,0,0,other,1,Azure/azure-rest-api-specs::.github/workflows/swagger-semanticvalidation-status.yaml,Azure/azure-rest-api-specs,.github/workflows/swagger-semanticvalidation-status.yaml,Azure_azure-rest-api-specs__.github__workflows__swagger-semanticvalidation-status.yaml,simple,no-third-party,no-expr
1,0,0,0,1,34,3,medium,0,0,0,0.0,0.0,0,0,0,1,granular,0,0,0,0,0,0,ci-test,1,Azure/azure-rest-api-specs::.github/workflows/tsp-client-test.yaml,Azure/azure-rest-api-specs,.github/workflows/tsp-client-test.yaml,Azure_azure-rest-api-specs__.github__workflows__tsp-client-test.yaml,simple,no-third-party,no-expr
1,3,0,0,0,27,1,medium,0,1,1,0.0,2.0,0,0,0,1,granular,0,0,0,1,0,0,other,1,Azure/azure-rest-api-specs::.github/workflows/typespec-migration-validation.yaml,Azure/azure-rest-api-specs,.github/workflows/typespec-migration-validation.yaml,Azure_azure-rest-api-specs__.github__workflows__typespec-migration-validation.yaml,simple,unpinned,no-expr
1,0,0,0,1,28,3,medium,0,0,0,0.0,0.0,0,0,0,1,granular,0,0,0,0,0,0,ci-test,1,Azure/azure-rest-api-specs::.github/workflows/typespec-requirement-test.yaml,Azure/azure-rest-api-specs,.github/workflows/typespec-requirement-test.yaml,Azure_azure-rest-api-specs__.github__workflows__typespec-requirement-test.yaml,simple,no-third-party,no-expr
1,4,0,0,0,43,1,medium,0,1,1,0.0,3.0,0,0,0,1,granular,0,0,0,0,0,0,other,1,Azure/azure-rest-api-specs::.github/workflows/typespec-requirement.yaml,Azure/azure-rest-api-specs,.github/workflows/typespec-requirement.yaml,Azure_azure-rest-api-specs__.github__workflows__typespec-requirement.yaml,medium,unpinned,no-expr
1,4,1,0,0,88,4,medium,0,1,1,0.0,1.0,0,1,0,1,granular,0,0,0,1,0,0,other,1,Azure/azure-rest-api-specs::.github/workflows/typespec-validation-all.yaml,Azure/azure-rest-api-specs,.github/workflows/typespec-validation-all.yaml,Azure_azure-rest-api-specs__.github__workflows__typespec-validation-all.yaml,complex,unpinned,expr-no-taint
1,0,0,0,1,30,3,medium,0,0,0,0.0,0.0,0,0,0,1,granular,0,0,0,0,0,0,ci-test,1,Azure/azure-rest-api-specs::.github/workflows/typespec-validation-test.yaml,Azure/azure-rest-api-specs,.github/workflows/typespec-validation-test.yaml,Azure_azure-rest-api-specs__.github__workflows__typespec-validation-test.yaml,simple,no-third-party,no-expr
1,3,0,0,0,39,1,medium,0,1,1,0.0,2.0,0,0,0,1,granular,0,0,0,0,0,0,other,1,Azure/azure-rest-api-specs::.github/workflows/typespec-validation.yaml,Azure/azure-rest-api-specs,.github/workflows/typespec-validation.yaml,Azure_azure-rest-api-specs__.github__workflows__typespec-validation.yaml,simple,unpinned,no-expr
1,4,0,0,0,57,1,medium,0,2,1,0.0,4.0,0,0,0,1,granular,0,0,0,1,0,0,other,1,Azure/azure-rest-api-specs::.github/workflows/update-labels.yaml,Azure/azure-rest-api-specs,.github/workflows/update-labels.yaml,Azure_azure-rest-api-specs__.github__workflows__update-labels.yaml,medium,unpinned,no-expr
1,2,0,0,0,20,1,low,0,1,1,0.0,1.0,0,0,0,1,not set,0,0,0,0,0,0,other,1,Azure/azure-sdk-for-java::.github/workflows/copilot-setup-steps.yml,Azure/azure-sdk-for-java,.github/workflows/copilot-setup-steps.yml,Azure_azure-sdk-for-java__.github__workflows__copilot-setup-steps.yml,simple,unpinned,no-expr
1,5,0,0,0,114,3,high,0,2,2,0.0,0.6667,0,1,0,1,empty,1,1,1,1,0,0,other,1,Azure/azure-sdk-for-java::.github/workflows/event-processor.yml,Azure/azure-sdk-for-java,.github/workflows/event-processor.yml,Azure_azure-sdk-for-java__.github__workflows__event-processor.yml,medium,unpinned,expr-no-taint
1,1,0,0,0,25,2,high,0,1,1,0.0,1.0,0,0,0,1,empty,1,1,0,0,0,0,ci-test,1,Azure/azure-sdk-for-java::.github/workflows/event.yml,Azure/azure-sdk-for-java,.github/workflows/event.yml,Azure_azure-sdk-for-java__.github__workflows__event.yml,simple,unpinned,no-expr
1,2,0,0,0,30,1,low,0,1,1,0.0,1.0,0,1,0,1,granular,1,1,0,1,1,0,other,1,Azure/azure-sdk-for-java::.github/workflows/post-apiview.yml,Azure/azure-sdk-for-java,.github/workflows/post-apiview.yml,Azure_azure-sdk-for-java__.github__workflows__post-apiview.yml,simple,unpinned,expr-no-taint
1,9,0,0,0,130,1,low,0,1,1,0.0,0.125,0,1,0,1,empty,7,1,1,1,0,0,other,1,Azure/azure-sdk-for-java::.github/workflows/scheduled-event-processor.yml,Azure/azure-sdk-for-java,.github/workflows/scheduled-event-processor.yml,Azure_azure-sdk-for-java__.github__workflows__scheduled-event-processor.yml,medium,unpinned,expr-no-taint
1,5,0,0,0,36,1,low,0,2,1,0.0,0.6667,0,0,0,1,not set,0,0,0,0,0,0,other,1,Azure/azure-sdk-for-js::.github/workflows/copilot-setup-steps.yml,Azure/azure-sdk-for-js,.github/workflows/copilot-setup-steps.yml,Azure_azure-sdk-for-js__.github__workflows__copilot-setup-steps.yml,medium,unpinned,no-expr
5,68,0,1,0,1093,2,low,0,41,2,1.0,1.5185,0,1,2,1,empty,36,1,1,1,0,0,documentation,1,Azure/azure-sdk-for-js::.github/workflows/docs-consistency-check.lock.yml,Azure/azure-sdk-for-js,.github/workflows/docs-consistency-check.lock.yml,Azure_azure-sdk-for-js__.github__workflows__docs-consistency-check.lock.yml,complex,pinned,taint
1,5,0,0,0,114,3,high,0,2,2,0.0,0.6667,0,1,0,1,empty,1,1,1,1,0,0,other,1,Azure/azure-sdk-for-js::.github/workflows/event-processor.yml,Azure/azure-sdk-for-js,.github/workflows/event-processor.yml,Azure_azure-sdk-for-js__.github__workflows__event-processor.yml,medium,unpinned,expr-no-taint
1,1,0,0,0,25,2,high,0,1,1,0.0,1.0,0,0,0,1,empty,1,1,0,0,0,0,ci-test,1,Azure/azure-sdk-for-js::.github/workflows/event.yml,Azure/azure-sdk-for-js,.github/workflows/event.yml,Azure_azure-sdk-for-js__.github__workflows__event.yml,simple,unpinned,no-expr
1,2,0,0,0,30,1,low,0,1,1,0.0,1.0,0,1,0,1,granular,1,1,0,1,1,0,other,1,Azure/azure-sdk-for-js::.github/workflows/post-apiview.yml,Azure/azure-sdk-for-js,.github/workflows/post-apiview.yml,Azure_azure-sdk-for-js__.github__workflows__post-apiview.yml,simple,unpinned,expr-no-taint
1,9,0,0,0,130,1,low,0,1,1,0.0,0.125,0,1,0,1,empty,7,1,1,1,0,0,other,1,Azure/azure-sdk-for-js::.github/workflows/scheduled-event-processor.yml,Azure/azure-sdk-for-js,.github/workflows/scheduled-event-processor.yml,Azure_azure-sdk-for-js__.github__workflows__scheduled-event-processor.yml,medium,unpinned,expr-no-taint
1,4,0,0,0,44,3,medium,0,2,1,0.0,1.0,0,0,0,1,not set,0,0,0,0,0,0,other,1,Azure/azure-sdk-for-net::.github/workflows/copilot-setup-steps.yml,Azure/azure-sdk-for-net,.github/workflows/copilot-setup-steps.yml,Azure_azure-sdk-for-net__.github__workflows__copilot-setup-steps.yml,medium,unpinned,no-expr
1,5,0,0,0,114,3,high,0,2,2,0.0,0.6667,0,1,0,1,empty,1,1,1,1,0,0,other,1,Azure/azure-sdk-for-net::.github/workflows/event-processor.yml,Azure/azure-sdk-for-net,.github/workflows/event-processor.yml,Azure_azure-sdk-for-net__.github__workflows__event-processor.yml,medium,unpinned,expr-no-taint
1,1,0,0,0,25,2,high,0,1,1,0.0,1.0,0,0,0,1,empty,1,1,0,0,0,0,ci-test,1,Azure/azure-sdk-for-net::.github/workflows/event.yml,Azure/azure-sdk-for-net,.github/workflows/event.yml,Azure_azure-sdk-for-net__.github__workflows__event.yml,simple,unpinned,no-expr
1,2,0,0,0,30,1,low,0,1,1,0.0,1.0,0,1,0,1,granular,1,1,0,1,1,0,other,1,Azure/azure-sdk-for-net::.github/workflows/post-apiview.yml,Azure/azure-sdk-for-net,.github/workflows/post-apiview.yml,Azure_azure-sdk-for-net__.github__workflows__post-apiview.yml,simple,unpinned,expr-no-taint
1,9,0,0,0,130,1,low,0,1,1,0.0,0.125,0,1,0,1,empty,7,1,1,1,0,0,other,1,Azure/azure-sdk-for-net::.github/workflows/scheduled-event-processor.yml,Azure/azure-sdk-for-net,.github/workflows/scheduled-event-processor.yml,Azure_azure-sdk-for-net__.github__workflows__scheduled-event-processor.yml,medium,unpinned,expr-no-taint
4,19,0,0,0,135,2,medium,0,8,1,0.0,0.7273,0,0,0,0,not set,0,0,0,0,0,0,ci-test,1,Azure/azure-sdk-for-python::.github/workflows/azure-sdk-tools.yml,Azure/azure-sdk-for-python,.github/workflows/azure-sdk-tools.yml,Azure_azure-sdk-for-python__.github__workflows__azure-sdk-tools.yml,complex,unpinned,no-expr
1,5,0,0,0,37,1,low,0,2,1,0.0,0.6667,0,0,0,1,not set,0,0,0,0,0,0,other,1,Azure/azure-sdk-for-python::.github/workflows/copilot-setup-steps.yml,Azure/azure-sdk-for-python,.github/workflows/copilot-setup-steps.yml,Azure_azure-sdk-for-python__.github__workflows__copilot-setup-steps.yml,medium,unpinned,no-expr
1,6,0,0,0,37,2,low,0,2,1,0.0,0.5,0,0,0,1,granular,1,1,1,0,0,0,dependency-management,1,Azure/azure-sdk-for-python::.github/workflows/dependency-checker.yml,Azure/azure-sdk-for-python,.github/workflows/dependency-checker.yml,Azure_azure-sdk-for-python__.github__workflows__dependency-checker.yml,medium,unpinned,no-expr
1,5,0,0,0,114,3,high,0,2,2,0.0,0.6667,0,1,0,1,empty,1,1,1,1,0,0,other,1,Azure/azure-sdk-for-python::.github/workflows/event-processor.yml,Azure/azure-sdk-for-python,.github/workflows/event-processor.yml,Azure_azure-sdk-for-python__.github__workflows__event-processor.yml,medium,unpinned,expr-no-taint
1,1,0,0,0,25,2,high,0,1,1,0.0,1.0,0,0,0,1,empty,1,1,0,0,0,0,ci-test,1,Azure/azure-sdk-for-python::.github/workflows/event.yml,Azure/azure-sdk-for-python,.github/workflows/event.yml,Azure_azure-sdk-for-python__.github__workflows__event.yml,simple,unpinned,no-expr
1,2,0,0,0,30,1,low,0,1,1,0.0,1.0,0,1,0,1,granular,1,1,0,1,1,0,other,1,Azure/azure-sdk-for-python::.github/workflows/post-apiview.yml,Azure/azure-sdk-for-python,.github/workflows/post-apiview.yml,Azure_azure-sdk-for-python__.github__workflows__post-apiview.yml,simple,unpinned,expr-no-taint
1,9,0,0,0,130,1,low,0,1,1,0.0,0.125,0,1,0,1,empty,7,1,1,1,0,0,other,1,Azure/azure-sdk-for-python::.github/workflows/scheduled-event-processor.yml,Azure/azure-sdk-for-python,.github/workflows/scheduled-event-processor.yml,Azure_azure-sdk-for-python__.github__workflows__scheduled-event-processor.yml,medium,unpinned,expr-no-taint
17,127,1,1,0,898,3,medium,0,61,4,0.0,0.9242,1,1,0,1,granular,13,0,1,1,0,1,build,1,Azure/bicep::.github/workflows/build.yml,Azure/bicep,.github/workflows/build.yml,Azure_bicep__.github__workflows__build.yml,complex,unpinned,expr-no-taint
1,7,0,0,0,63,2,low,0,6,3,0.0,6.0,0,0,0,1,granular,0,0,0,0,0,0,security-scan,1,Azure/bicep::.github/workflows/codeql.yml,Azure/bicep,.github/workflows/codeql.yml,Azure_bicep__.github__workflows__codeql.yml,medium,unpinned,no-expr
2,8,0,1,0,68,2,low,0,5,1,0.0,1.6667,0,0,0,1,not set,0,0,0,0,0,0,documentation,1,Azure/bicep::.github/workflows/github-pages.yml,Azure/bicep,.github/workflows/github-pages.yml,Azure_bicep__.github__workflows__github-pages.yml,medium,unpinned,no-expr
1,6,0,0,0,45,1,low,0,3,2,0.0,1.0,1,0,0,1,not set,1,1,1,0,0,0,other,1,Azure/bicep::.github/workflows/lockfiles-command.yml,Azure/bicep,.github/workflows/lockfiles-command.yml,Azure_bicep__.github__workflows__lockfiles-command.yml,medium,unpinned,no-expr
1,1,0,0,0,18,1,medium,0,0,0,0.0,0.0,0,0,0,0,not set,0,0,0,1,0,0,other,1,Azure/bicep::.github/workflows/pr-compliance.yml,Azure/bicep,.github/workflows/pr-compliance.yml,Azure_bicep__.github__workflows__pr-compliance.yml,simple,no-third-party,no-expr
1,4,0,0,0,34,1,low,0,3,1,0.0,3.0,0,0,0,0,not set,0,0,0,0,0,0,other,1,Azure/bicep::.github/workflows/run-benchmarks.yml,Azure/bicep,.github/workflows/run-benchmarks.yml,Azure_bicep__.github__workflows__run-benchmarks.yml,medium,unpinned,no-expr
1,4,0,0,0,41,1,low,1,2,1,0.0,1.0,0,1,0,1,granular,0,1,1,0,0,0,build,1,Azure/bicep::.github/workflows/run-compile-samples.yml,Azure/bicep,.github/workflows/run-compile-samples.yml,Azure_bicep__.github__workflows__run-compile-samples.yml,medium,unpinned,expr-no-taint
1,11,0,0,0,109,2,low,0,4,2,0.0,0.5714,1,0,0,1,not set,1,1,1,1,0,0,code-quality,1,Azure/bicep::.github/workflows/run-formatter.yml,Azure/bicep,.github/workflows/run-formatter.yml,Azure_bicep__.github__workflows__run-formatter.yml,complex,unpinned,no-expr
1,5,0,0,0,53,1,high,0,3,3,0.0,1.5,1,0,0,1,not set,1,1,1,1,0,0,other,1,Azure/bicep::.github/workflows/slash-command-dispatch.yml,Azure/bicep,.github/workflows/slash-command-dispatch.yml,Azure_bicep__.github__workflows__slash-command-dispatch.yml,medium,unpinned,no-expr
2,11,0,1,0,109,2,low,0,4,1,0.0,0.5714,0,0,0,0,not set,0,0,0,0,0,0,ci-test,1,Azure/bicep::.github/workflows/test-azure-cli-integration.yml,Azure/bicep,.github/workflows/test-azure-cli-integration.yml,Azure_bicep__.github__workflows__test-azure-cli-integration.yml,complex,unpinned,no-expr
1,4,0,0,0,44,1,low,0,2,1,0.0,1.0,0,0,0,1,not set,0,0,0,0,0,0,other,1,Azure/bicep::.github/workflows/update-baselines.yml,Azure/bicep,.github/workflows/update-baselines.yml,Azure_bicep__.github__workflows__update-baselines.yml,medium,unpinned,no-expr
1,6,0,0,0,50,1,low,0,4,2,0.0,2.0,1,0,0,0,not set,0,0,0,0,0,0,ci-test,1,Azure/bicep::.github/workflows/update-dependencies.yml,Azure/bicep,.github/workflows/update-dependencies.yml,Azure_bicep__.github__workflows__update-dependencies.yml,medium,unpinned,no-expr
1,18,0,0,0,101,2,low,0,5,3,0.0,0.3846,1,0,0,1,not set,0,0,0,0,0,0,other,1,Azure/bicep::.github/workflows/update-notices.yml,Azure/bicep,.github/workflows/update-notices.yml,Azure_bicep__.github__workflows__update-notices.yml,complex,unpinned,no-expr
1,5,0,0,0,74,3,medium,1,4,2,0.0,4.0,0,0,0,1,granular,0,0,1,1,0,0,other,1,IBM/mcp-context-forge::.github/workflows/alembic-upgrade-validation.yml,IBM/mcp-context-forge,.github/workflows/alembic-upgrade-validation.yml,IBM_mcp-context-forge__.github__workflows__alembic-upgrade-validation.yml,medium,unpinned,no-expr
1,2,0,0,0,71,2,medium,0,2,2,0.5,2.0,1,0,0,1,not set,1,1,0,1,0,0,other,1,IBM/mcp-context-forge::.github/workflows/bandit.yml,IBM/mcp-context-forge,.github/workflows/bandit.yml,IBM_mcp-context-forge__.github__workflows__bandit.yml,simple,pinned,no-expr
1,6,1,0,0,108,2,medium,0,5,2,0.0,5.0,0,0,0,1,granular,0,0,0,1,0,0,security-scan,1,IBM/mcp-context-forge::.github/workflows/codeql.yml,IBM/mcp-context-forge,.github/workflows/codeql.yml,IBM_mcp-context-forge__.github__workflows__codeql.yml,complex,unpinned,no-expr
1,2,0,0,0,107,2,medium,0,2,1,0.0,2.0,0,0,0,1,granular,0,0,0,1,0,0,dependency-management,1,IBM/mcp-context-forge::.github/workflows/dependency-review.yml,IBM/mcp-context-forge,.github/workflows/dependency-review.yml,IBM_mcp-context-forge__.github__workflows__dependency-review.yml,simple,unpinned,no-expr
3,20,1,1,0,283,3,medium,0,12,4,0.0,1.5,1,1,0,1,granular,3,1,1,1,0,0,build,1,IBM/mcp-context-forge::.github/workflows/docker-multiplatform.yml,IBM/mcp-context-forge,.github/workflows/docker-multiplatform.yml,IBM_mcp-context-forge__.github__workflows__docker-multiplatform.yml,complex,unpinned,expr-no-taint
1,6,0,0,0,138,2,low,1,2,1,0.0,0.5,0,1,0,1,not set,2,1,1,1,0,0,deploy-release,1,IBM/mcp-context-forge::.github/workflows/docker-release.yml,IBM/mcp-context-forge,.github/workflows/docker-release.yml,IBM_mcp-context-forge__.github__workflows__docker-release.yml,medium,unpinned,expr-no-taint
2,17,0,1,0,183,3,medium,0,11,5,0.0,1.8333,1,1,0,1,granular,0,0,0,1,0,0,security-scan,1,IBM/mcp-context-forge::.github/workflows/docker-scan.yml,IBM/mcp-context-forge,.github/workflows/docker-scan.yml,IBM_mcp-context-forge__.github__workflows__docker-scan.yml,complex,unpinned,expr-no-taint
1,11,0,0,0,322,1,low,0,4,3,0.0,0.5714,1,1,0,1,granular,12,0,1,1,0,0,deploy-release,1,IBM/mcp-context-forge::.github/workflows/ibm-cloud-code-engine.yml,IBM/mcp-context-forge,.github/workflows/ibm-cloud-code-engine.yml,IBM_mcp-context-forge__.github__workflows__ibm-cloud-code-engine.yml,complex,unpinned,expr-no-taint
1,9,0,0,0,67,2,medium,0,5,2,0.0,1.25,1,0,0,1,granular,0,0,0,1,0,0,ci-test,1,IBM/mcp-context-forge::.github/workflows/license-check.yml,IBM/mcp-context-forge,.github/workflows/license-check.yml,IBM_mcp-context-forge__.github__workflows__license-check.yml,medium,unpinned,no-expr
2,7,1,0,0,165,2,medium,0,4,1,0.0,1.3333,0,1,0,1,granular,0,0,0,1,0,0,code-quality,1,IBM/mcp-context-forge::.github/workflows/lint-web.yml,IBM/mcp-context-forge,.github/workflows/lint-web.yml,IBM_mcp-context-forge__.github__workflows__lint-web.yml,complex,unpinned,expr-no-taint
2,10,1,0,0,151,2,medium,0,5,2,0.0,1.0,1,1,0,1,granular,0,0,1,1,0,0,code-quality,1,IBM/mcp-context-forge::.github/workflows/lint.yml,IBM/mcp-context-forge,.github/workflows/lint.yml,IBM_mcp-context-forge__.github__workflows__lint.yml,complex,unpinned,expr-no-taint
1,9,0,0,0,77,2,low,0,5,2,0.0,1.25,0,1,0,1,granular,0,0,0,1,0,0,code-quality,1,IBM/mcp-context-forge::.github/workflows/linting-full.yml,IBM/mcp-context-forge,.github/workflows/linting-full.yml,IBM_mcp-context-forge__.github__workflows__linting-full.yml,medium,unpinned,expr-no-taint
1,6,0,0,0,114,3,medium,0,4,2,0.0,2.0,1,0,0,1,granular,0,0,0,1,0,0,ci-test,1,IBM/mcp-context-forge::.github/workflows/playwright.yml,IBM/mcp-context-forge,.github/workflows/playwright.yml,IBM_mcp-context-forge__.github__workflows__playwright.yml,medium,unpinned,no-expr
1,7,1,0,0,180,2,medium,0,3,2,0.0,0.75,1,1,0,1,granular,0,0,0,1,0,0,ci-test,1,IBM/mcp-context-forge::.github/workflows/pytest.yml,IBM/mcp-context-forge,.github/workflows/pytest.yml,IBM_mcp-context-forge__.github__workflows__pytest.yml,complex,unpinned,expr-no-taint
1,10,1,0,0,86,2,medium,0,3,1,0.0,0.4286,0,0,0,0,not set,0,0,0,1,0,0,build,1,IBM/mcp-context-forge::.github/workflows/python-package.yml,IBM/mcp-context-forge,.github/workflows/python-package.yml,IBM_mcp-context-forge__.github__workflows__python-package.yml,complex,unpinned,no-expr
7,49,1,1,0,300,3,medium,0,20,3,0.0,0.6897,1,0,0,0,not set,1,0,1,1,0,0,ci-test,1,IBM/mcp-context-forge::.github/workflows/rust-plugins.yml,IBM/mcp-context-forge,.github/workflows/rust-plugins.yml,IBM_mcp-context-forge__.github__workflows__rust-plugins.yml,complex,unpinned,no-expr
3,16,1,0,0,111,3,medium,0,4,1,0.0,0.3333,0,0,0,0,not set,0,0,0,1,0,0,ci-test,1,IBM/mcp-context-forge::.github/workflows/rust-tools.yml,IBM/mcp-context-forge,.github/workflows/rust-tools.yml,IBM_mcp-context-forge__.github__workflows__rust-tools.yml,complex,unpinned,no-expr
1,4,0,0,0,73,2,medium,0,2,1,0.0,1.0,0,0,0,1,granular,0,0,0,1,0,0,ci-test,1,IBM/mcp-context-forge::.github/workflows/vitest.yml,IBM/mcp-context-forge,.github/workflows/vitest.yml,IBM_mcp-context-forge__.github__workflows__vitest.yml,medium,unpinned,no-expr
1,5,0,0,0,41,1,low,0,2,1,1.0,0.6667,0,1,0,0,not set,5,0,1,1,0,0,deploy-release,1,IBM/plex::.github/workflows/publish-cdn-test.yml,IBM/plex,.github/workflows/publish-cdn-test.yml,IBM_plex__.github__workflows__publish-cdn-test.yml,medium,pinned,expr-no-taint
1,6,0,0,0,50,1,low,0,4,2,0.25,2.0,1,0,0,0,not set,10,0,1,1,0,0,deploy-release,1,IBM/plex::.github/workflows/publish-cdn.yml,IBM/plex,.github/workflows/publish-cdn.yml,IBM_plex__.github__workflows__publish-cdn.yml,medium,unpinned,no-expr
1,7,0,0,0,55,3,medium,0,3,1,1.0,0.75,0,0,0,1,granular,0,0,0,1,0,0,other,1,IBM/sarama::.github/workflows/apidiff.yml,IBM/sarama,.github/workflows/apidiff.yml,IBM_sarama__.github__workflows__apidiff.yml,medium,pinned,no-expr
1,1,0,0,0,33,1,medium,0,0,0,0.0,0.0,0,0,0,1,granular,1,1,1,0,0,0,other,1,IBM/sarama::.github/workflows/cache-cleanup.yml,IBM/sarama,.github/workflows/cache-cleanup.yml,IBM_sarama__.github__workflows__cache-cleanup.yml,simple,no-third-party,no-expr
2,9,1,0,0,100,3,medium,0,5,2,1.0,1.25,1,0,0,1,granular,0,0,0,1,0,0,ci-test,1,IBM/sarama::.github/workflows/ci.yml,IBM/sarama,.github/workflows/ci.yml,IBM_sarama__.github__workflows__ci.yml,complex,pinned,no-expr
1,5,1,0,0,52,4,medium,0,5,2,1.0,5.0,0,0,0,1,granular,0,0,0,0,0,0,security-scan,1,IBM/sarama::.github/workflows/codeql-analysis.yml,IBM/sarama,.github/workflows/codeql-analysis.yml,IBM_sarama__.github__workflows__codeql-analysis.yml,complex,pinned,no-expr
1,2,0,0,0,33,1,medium,0,2,1,1.0,2.0,0,0,0,1,granular,0,0,0,0,0,0,dependency-management,1,IBM/sarama::.github/workflows/dependency-review.yml,IBM/sarama,.github/workflows/dependency-review.yml,IBM_sarama__.github__workflows__dependency-review.yml,simple,pinned,no-expr
1,3,0,0,0,41,3,medium,0,2,1,1.0,2.0,0,0,0,1,granular,0,0,0,0,0,0,other,1,IBM/sarama::.github/workflows/fuzz.yml,IBM/sarama,.github/workflows/fuzz.yml,IBM_sarama__.github__workflows__fuzz.yml,simple,pinned,no-expr
1,0,1,0,1,54,2,low,0,0,0,0.0,0.0,0,0,0,1,granular,0,0,0,0,0,0,other,1,IBM/sarama::.github/workflows/fvt-main.yml,IBM/sarama,.github/workflows/fvt-main.yml,IBM_sarama__.github__workflows__fvt-main.yml,complex,no-third-party,no-expr
1,0,1,0,1,41,1,medium,0,0,0,0.0,0.0,0,0,0,1,granular,0,0,0,0,0,0,other,1,IBM/sarama::.github/workflows/fvt-pr.yml,IBM/sarama,.github/workflows/fvt-pr.yml,IBM_sarama__.github__workflows__fvt-pr.yml,complex,no-third-party,no-expr
1,10,0,0,0,100,1,low,0,5,2,1.0,1.0,0,0,0,1,granular,0,0,1,1,0,0,other,1,IBM/sarama::.github/workflows/fvt.yml,IBM/sarama,.github/workflows/fvt.yml,IBM_sarama__.github__workflows__fvt.yml,complex,pinned,no-expr
1,3,0,0,0,47,3,medium,0,2,1,1.0,2.0,0,0,0,1,granular,0,0,0,0,0,0,other,1,IBM/sarama::.github/workflows/i386.yml,IBM/sarama,.github/workflows/i386.yml,IBM_sarama__.github__workflows__i386.yml,simple,pinned,no-expr
1,3,0,0,0,21,1,medium,0,2,1,1.0,2.0,0,0,0,1,granular,0,0,0,0,0,0,dependency-management,1,IBM/sarama::.github/workflows/renovate-config.yml,IBM/sarama,.github/workflows/renovate-config.yml,IBM_sarama__.github__workflows__renovate-config.yml,simple,pinned,no-expr
1,4,0,0,0,78,3,low,0,4,3,1.0,4.0,1,0,0,1,granular,1,0,0,0,0,0,security-scan,1,IBM/sarama::.github/workflows/scorecard.yml,IBM/sarama,.github/workflows/scorecard.yml,IBM_sarama__.github__workflows__scorecard.yml,medium,pinned,no-expr
1,1,0,0,0,47,2,low,0,1,1,1.0,1.0,0,0,0,1,granular,0,0,0,0,0,0,other,1,IBM/sarama::.github/workflows/stale.yml,IBM/sarama,.github/workflows/stale.yml,IBM_sarama__.github__workflows__stale.yml,simple,pinned,no-expr
1,3,1,0,0,38,3,medium,0,3,2,0.0,3.0,0,0,0,1,not set,0,0,0,0,0,0,security-scan,1,NVIDIA/DALI::.github/workflows/codeql.yml,NVIDIA/DALI,.github/workflows/codeql.yml,NVIDIA_DALI__.github__workflows__codeql.yml,complex,unpinned,no-expr
2,11,0,0,0,37,1,medium,0,4,1,0.0,0.5714,0,1,0,0,not set,0,0,0,0,0,0,code-quality,1,NVIDIA/DALI::.github/workflows/lint.yml,NVIDIA/DALI,.github/workflows/lint.yml,NVIDIA_DALI__.github__workflows__lint.yml,complex,unpinned,expr-no-taint
1,6,1,0,0,68,2,medium,0,2,1,0.0,1.0,0,1,0,0,not set,0,0,0,1,0,0,other,1,NVIDIA/Isaac-GR00T::.github/workflows/main.yml,NVIDIA/Isaac-GR00T,.github/workflows/main.yml,NVIDIA_Isaac-GR00T__.github__workflows__main.yml,complex,unpinned,expr-no-taint
2,6,1,1,0,188,1,low,0,3,1,0.0,1.0,0,1,0,0,not set,1,0,1,1,0,0,deploy-release,1,NVIDIA/Megatron-LM::.github/workflows/_build_test_publish_wheel.yml,NVIDIA/Megatron-LM,.github/workflows/_build_test_publish_wheel.yml,NVIDIA_Megatron-LM__.github__workflows___build_test_publish_wheel.yml,complex,unpinned,expr-no-taint
6,13,0,1,1,515,1,low,0,5,2,0.0,0.8571,1,1,0,1,granular,11,1,1,1,0,0,deploy-release,1,NVIDIA/Megatron-LM::.github/workflows/_release_library.yml,NVIDIA/Megatron-LM,.github/workflows/_release_library.yml,NVIDIA_Megatron-LM__.github__workflows___release_library.yml,complex,unpinned,expr-no-taint
3,16,0,1,0,227,1,low,0,6,2,0.0,0.6,1,1,0,0,not set,7,0,1,0,0,0,ci-test,1,NVIDIA/Megatron-LM::.github/workflows/_update_dependencies.yml,NVIDIA/Megatron-LM,.github/workflows/_update_dependencies.yml,NVIDIA_Megatron-LM__.github__workflows___update_dependencies.yml,complex,unpinned,expr-no-taint
1,4,0,0,0,74,1,low,0,1,1,0.0,0.3333,1,1,0,1,granular,3,0,1,1,0,0,other,1,NVIDIA/Megatron-LM::.github/workflows/auto-assign-milestone.yml,NVIDIA/Megatron-LM,.github/workflows/auto-assign-milestone.yml,NVIDIA_Megatron-LM__.github__workflows__auto-assign-milestone.yml,medium,unpinned,expr-no-taint
1,4,0,0,0,33,2,low,0,2,1,0.0,1.0,0,1,0,0,not set,3,0,0,1,0,0,other,1,NVIDIA/Megatron-LM::.github/workflows/auto-reminder-bot.yml,NVIDIA/Megatron-LM,.github/workflows/auto-reminder-bot.yml,NVIDIA_Megatron-LM__.github__workflows__auto-reminder-bot.yml,medium,unpinned,expr-no-taint
1,4,0,0,0,33,1,low,0,2,1,0.0,1.0,0,1,0,1,granular,0,1,0,1,0,0,other,1,NVIDIA/Megatron-LM::.github/workflows/auto-swap-labels.yml,NVIDIA/Megatron-LM,.github/workflows/auto-swap-labels.yml,NVIDIA_Megatron-LM__.github__workflows__auto-swap-labels.yml,medium,unpinned,expr-no-taint
1,3,0,0,0,65,2,low,0,1,1,0.0,0.5,0,0,0,0,not set,3,0,1,1,0,0,other,1,NVIDIA/Megatron-LM::.github/workflows/auto-update-copy-pr-bot.yml,NVIDIA/Megatron-LM,.github/workflows/auto-update-copy-pr-bot.yml,NVIDIA_Megatron-LM__.github__workflows__auto-update-copy-pr-bot.yml,simple,unpinned,no-expr
3,1,0,1,1,65,1,low,0,0,0,0.0,0.0,0,0,0,0,not set,0,1,1,1,0,0,documentation,1,NVIDIA/Megatron-LM::.github/workflows/build-docs.yml,NVIDIA/Megatron-LM,.github/workflows/build-docs.yml,NVIDIA_Megatron-LM__.github__workflows__build-docs.yml,medium,no-third-party,no-expr
3,2,0,1,1,79,2,low,0,1,1,0.0,1.0,0,0,0,1,granular,2,1,1,1,0,0,deploy-release,1,NVIDIA/Megatron-LM::.github/workflows/build-test-publish-wheel.yml,NVIDIA/Megatron-LM,.github/workflows/build-test-publish-wheel.yml,NVIDIA_Megatron-LM__.github__workflows__build-test-publish-wheel.yml,medium,unpinned,no-expr
1,0,0,0,1,30,1,low,0,0,0,0.0,0.0,0,0,0,0,not set,3,0,0,1,0,0,deploy-release,1,NVIDIA/Megatron-LM::.github/workflows/cherry-pick-release-commit.yml,NVIDIA/Megatron-LM,.github/workflows/cherry-pick-release-commit.yml,NVIDIA_Megatron-LM__.github__workflows__cherry-pick-release-commit.yml,simple,no-third-party,no-expr
2,5,1,1,0,192,2,low,0,2,1,0.0,0.6667,0,1,0,0,not set,3,0,1,1,0,0,ci-test,1,NVIDIA/Megatron-LM::.github/workflows/cicd-approve-test-queue.yml,NVIDIA/Megatron-LM,.github/workflows/cicd-approve-test-queue.yml,NVIDIA_Megatron-LM__.github__workflows__cicd-approve-test-queue.yml,complex,unpinned,expr-no-taint
16,55,1,1,1,833,4,low,0,27,6,0.0,1.2,1,1,1,1,granular,14,1,1,1,0,0,ci-test,1,NVIDIA/Megatron-LM::.github/workflows/cicd-main.yml,NVIDIA/Megatron-LM,.github/workflows/cicd-main.yml,NVIDIA_Megatron-LM__.github__workflows__cicd-main.yml,complex,unpinned,taint
1,0,0,0,1,22,1,low,0,0,0,0.0,0.0,0,0,0,0,not set,0,0,0,1,0,0,other,1,NVIDIA/Megatron-LM::.github/workflows/close-inactive-issue-pr.yml,NVIDIA/Megatron-LM,.github/workflows/close-inactive-issue-pr.yml,NVIDIA_Megatron-LM__.github__workflows__close-inactive-issue-pr.yml,simple,no-third-party,no-expr
1,0,0,0,1,29,2,high,0,0,0,0.0,0.0,0,0,0,0,not set,1,0,0,1,0,0,other,1,NVIDIA/Megatron-LM::.github/workflows/community-bot.yml,NVIDIA/Megatron-LM,.github/workflows/community-bot.yml,NVIDIA_Megatron-LM__.github__workflows__community-bot.yml,simple,no-third-party,no-expr
3,2,0,1,1,70,2,low,0,1,1,0.0,1.0,0,0,0,0,not set,0,1,1,1,0,0,ci-test,1,NVIDIA/Megatron-LM::.github/workflows/copyright-check.yml,NVIDIA/Megatron-LM,.github/workflows/copyright-check.yml,NVIDIA_Megatron-LM__.github__workflows__copyright-check.yml,medium,unpinned,no-expr
3,2,1,1,1,61,2,low,0,0,0,0.0,0.0,0,0,0,1,granular,6,0,1,1,0,0,dependency-management,1,NVIDIA/Megatron-LM::.github/workflows/dependabot.yml,NVIDIA/Megatron-LM,.github/workflows/dependabot.yml,NVIDIA_Megatron-LM__.github__workflows__dependabot.yml,complex,no-third-party,no-expr
4,10,1,1,1,162,2,low,0,4,1,0.0,1.0,0,1,0,0,not set,0,1,1,1,0,1,ci-test,1,NVIDIA/Megatron-LM::.github/workflows/install-test.yml,NVIDIA/Megatron-LM,.github/workflows/install-test.yml,NVIDIA_Megatron-LM__.github__workflows__install-test.yml,complex,unpinned,expr-no-taint
3,5,0,1,1,74,2,low,0,3,2,0.0,4.0,1,0,0,0,not set,1,1,1,1,0,0,other,1,NVIDIA/Megatron-LM::.github/workflows/multi-approval-bot.yml,NVIDIA/Megatron-LM,.github/workflows/multi-approval-bot.yml,NVIDIA_Megatron-LM__.github__workflows__multi-approval-bot.yml,medium,unpinned,no-expr
1,4,0,0,0,47,1,high,0,2,1,0.0,1.0,0,1,0,1,granular,1,0,1,1,0,0,other,1,NVIDIA/Megatron-LM::.github/workflows/oncall-assign.yml,NVIDIA/Megatron-LM,.github/workflows/oncall-assign.yml,NVIDIA_Megatron-LM__.github__workflows__oncall-assign.yml,medium,unpinned,expr-no-taint
1,4,0,0,0,60,2,low,0,2,1,0.0,1.0,0,0,0,1,granular,5,1,1,0,0,0,other,1,NVIDIA/Megatron-LM::.github/workflows/oncall-rotation.yml,NVIDIA/Megatron-LM,.github/workflows/oncall-rotation.yml,NVIDIA_Megatron-LM__.github__workflows__oncall-rotation.yml,medium,unpinned,no-expr
2,2,0,1,1,115,2,low,1,1,1,0.0,2.0,0,0,0,0,not set,8,0,0,0,0,0,deploy-release,1,NVIDIA/Megatron-LM::.github/workflows/release-docs.yml,NVIDIA/Megatron-LM,.github/workflows/release-docs.yml,NVIDIA_Megatron-LM__.github__workflows__release-docs.yml,medium,unpinned,no-expr
1,0,0,0,1,46,1,low,1,0,0,0.0,0.0,0,0,0,0,not set,2,0,0,0,0,0,deploy-release,1,NVIDIA/Megatron-LM::.github/workflows/release-freeze.yml,NVIDIA/Megatron-LM,.github/workflows/release-freeze.yml,NVIDIA_Megatron-LM__.github__workflows__release-freeze.yml,simple,no-third-party,no-expr
1,0,0,0,1,29,1,low,0,0,0,0.0,0.0,0,0,0,0,not set,0,0,0,0,0,0,deploy-release,1,NVIDIA/Megatron-LM::.github/workflows/release-nightly-docs.yml,NVIDIA/Megatron-LM,.github/workflows/release-nightly-docs.yml,NVIDIA_Megatron-LM__.github__workflows__release-nightly-docs.yml,simple,no-third-party,no-expr
1,0,0,0,1,79,1,low,1,0,0,0.0,0.0,0,0,0,1,granular,13,0,0,0,0,0,deploy-release,1,NVIDIA/Megatron-LM::.github/workflows/release.yaml,NVIDIA/Megatron-LM,.github/workflows/release.yaml,NVIDIA_Megatron-LM__.github__workflows__release.yaml,simple,no-third-party,no-expr
1,3,0,0,0,43,2,low,0,2,1,0.0,2.0,0,0,0,0,not set,4,1,1,0,0,0,other,1,NVIDIA/Megatron-LM::.github/workflows/sync-team-usergroups.yml,NVIDIA/Megatron-LM,.github/workflows/sync-team-usergroups.yml,NVIDIA_Megatron-LM__.github__workflows__sync-team-usergroups.yml,simple,unpinned,no-expr
1,1,0,0,0,42,1,low,1,1,1,0.0,1.0,1,0,0,0,not set,1,0,0,0,0,0,ci-test,1,NVIDIA/Megatron-LM::.github/workflows/trigger-mbridge-tests.yml,NVIDIA/Megatron-LM,.github/workflows/trigger-mbridge-tests.yml,NVIDIA_Megatron-LM__.github__workflows__trigger-mbridge-tests.yml,simple,unpinned,no-expr
1,5,0,0,0,65,1,low,0,2,2,0.0,0.6667,1,1,0,0,not set,1,0,0,0,0,1,ci-test,1,NVIDIA/Model-Optimizer::.github/workflows/_example_tests_runner.yml,NVIDIA/Model-Optimizer,.github/workflows/_example_tests_runner.yml,NVIDIA_Model-Optimizer__.github__workflows___example_tests_runner.yml,medium,unpinned,expr-no-taint
1,2,0,0,0,29,1,low,0,1,1,0.0,1.0,1,0,0,1,not set,1,1,0,1,0,0,ci-test,1,NVIDIA/Model-Optimizer::.github/workflows/_wait_for_checks.yml,NVIDIA/Model-Optimizer,.github/workflows/_wait_for_checks.yml,NVIDIA_Model-Optimizer__.github__workflows___wait_for_checks.yml,simple,unpinned,no-expr
1,1,0,0,0,29,2,low,0,1,1,0.0,1.0,0,0,0,1,not set,1,1,0,0,0,0,other,1,NVIDIA/Model-Optimizer::.github/workflows/close_inactive_issues_pr.yml,NVIDIA/Model-Optimizer,.github/workflows/close_inactive_issues_pr.yml,NVIDIA_Model-Optimizer__.github__workflows__close_inactive_issues_pr.yml,simple,unpinned,no-expr
1,4,0,0,0,27,3,medium,0,2,2,0.0,3.0,1,0,0,0,not set,0,0,0,0,0,0,code-quality,1,NVIDIA/Model-Optimizer::.github/workflows/code_quality.yml,NVIDIA/Model-Optimizer,.github/workflows/code_quality.yml,NVIDIA_Model-Optimizer__.github__workflows__code_quality.yml,medium,unpinned,no-expr
9,5,1,1,1,170,3,low,0,3,3,0.0,1.5,1,0,0,1,not set,0,0,1,1,0,0,ci-test,1,NVIDIA/Model-Optimizer::.github/workflows/example_tests.yml,NVIDIA/Model-Optimizer,.github/workflows/example_tests.yml,NVIDIA_Model-Optimizer__.github__workflows__example_tests.yml,complex,unpinned,no-expr
5,13,1,1,1,108,3,low,0,7,3,0.0,1.1667,1,1,0,1,not set,1,0,1,1,0,1,ci-test,1,NVIDIA/Model-Optimizer::.github/workflows/gpu_tests.yml,NVIDIA/Model-Optimizer,.github/workflows/gpu_tests.yml,NVIDIA_Model-Optimizer__.github__workflows__gpu_tests.yml,complex,unpinned,expr-no-taint
2,5,0,1,0,47,4,medium,0,3,1,0.0,4.0,0,0,0,1,granular,0,0,0,1,0,0,documentation,1,NVIDIA/Model-Optimizer::.github/workflows/pages.yml,NVIDIA/Model-Optimizer,.github/workflows/pages.yml,NVIDIA_Model-Optimizer__.github__workflows__pages.yml,medium,unpinned,no-expr
1,6,0,0,0,27,1,low,0,1,1,0.0,0.5,0,1,0,1,granular,1,1,1,0,0,0,deploy-release,1,NVIDIA/Model-Optimizer::.github/workflows/release.yml,NVIDIA/Model-Optimizer,.github/workflows/release.yml,NVIDIA_Model-Optimizer__.github__workflows__release.yml,medium,unpinned,expr-no-taint
8,20,1,1,1,128,4,medium,0,8,2,0.0,1.8571,0,1,0,1,not set,1,0,0,1,0,0,ci-test,1,NVIDIA/Model-Optimizer::.github/workflows/unit_tests.yml,NVIDIA/Model-Optimizer,.github/workflows/unit_tests.yml,NVIDIA_Model-Optimizer__.github__workflows__unit_tests.yml,complex,unpinned,expr-no-taint
2,10,0,1,0,73,2,low,0,5,2,0.0,1.0,0,0,0,1,granular,0,0,0,0,0,0,documentation,1,NVIDIA/NeMo-Retriever::.github/workflows/build-docs.yml,NVIDIA/NeMo-Retriever,.github/workflows/build-docs.yml,NVIDIA_NeMo-Retriever__.github__workflows__build-docs.yml,complex,unpinned,no-expr
1,4,0,0,0,58,3,low,1,1,1,0.0,0.3333,0,1,0,0,not set,1,0,0,0,0,1,deploy-release,1,NVIDIA/NeMo-Retriever::.github/workflows/conda-publish.yml,NVIDIA/NeMo-Retriever,.github/workflows/conda-publish.yml,NVIDIA_NeMo-Retriever__.github__workflows__conda-publish.yml,medium,unpinned,expr-no-taint
1,9,0,0,0,60,2,low,0,4,2,0.0,0.8,0,1,0,0,not set,1,0,0,1,0,0,build,1,NVIDIA/NeMo-Retriever::.github/workflows/docker-build-arm.yml,NVIDIA/NeMo-Retriever,.github/workflows/docker-build-arm.yml,NVIDIA_NeMo-Retriever__.github__workflows__docker-build-arm.yml,medium,unpinned,expr-no-taint
1,8,0,0,0,56,2,medium,0,3,2,0.0,0.6,0,1,0,0,not set,1,0,0,1,0,0,build,1,NVIDIA/NeMo-Retriever::.github/workflows/docker-build.yml,NVIDIA/NeMo-Retriever,.github/workflows/docker-build.yml,NVIDIA_NeMo-Retriever__.github__workflows__docker-build.yml,medium,unpinned,expr-no-taint
1,8,0,0,0,52,3,low,0,3,2,0.0,0.6,0,1,0,0,not set,3,0,0,1,0,0,deploy-release,1,NVIDIA/NeMo-Retriever::.github/workflows/docker-nightly-publish.yml,NVIDIA/NeMo-Retriever,.github/workflows/docker-nightly-publish.yml,NVIDIA_NeMo-Retriever__.github__workflows__docker-nightly-publish.yml,medium,unpinned,expr-no-taint
1,8,0,0,0,48,1,low,0,3,2,0.0,0.6,0,1,0,0,not set,3,0,0,1,0,0,deploy-release,1,NVIDIA/NeMo-Retriever::.github/workflows/docker-release-publish.yml,NVIDIA/NeMo-Retriever,.github/workflows/docker-release-publish.yml,NVIDIA_NeMo-Retriever__.github__workflows__docker-release-publish.yml,medium,unpinned,expr-no-taint
2,12,1,0,0,257,2,low,1,6,1,0.0,1.0,0,1,0,1,granular,4,0,1,1,0,1,deploy-release,1,NVIDIA/NeMo-Retriever::.github/workflows/huggingface-nightly.yml,NVIDIA/NeMo-Retriever,.github/workflows/huggingface-nightly.yml,NVIDIA_NeMo-Retriever__.github__workflows__huggingface-nightly.yml,complex,unpinned,expr-no-taint
1,3,0,0,0,16,2,medium,0,3,2,0.0,3.0,1,0,0,0,not set,0,0,0,0,0,0,other,1,NVIDIA/NeMo-Retriever::.github/workflows/pre-commit.yml,NVIDIA/NeMo-Retriever,.github/workflows/pre-commit.yml,NVIDIA_NeMo-Retriever__.github__workflows__pre-commit.yml,simple,unpinned,no-expr
1,7,0,0,0,87,2,low,1,1,1,0.0,0.1667,0,1,0,0,not set,3,0,1,0,0,1,deploy-release,1,NVIDIA/NeMo-Retriever::.github/workflows/pypi-nightly-publish.yml,NVIDIA/NeMo-Retriever,.github/workflows/pypi-nightly-publish.yml,NVIDIA_NeMo-Retriever__.github__workflows__pypi-nightly-publish.yml,medium,unpinned,expr-no-taint
2,9,0,1,0,123,2,high,0,4,2,0.0,0.8,1,0,0,0,not set,11,0,1,1,0,1,ci-test,1,NVIDIA/NeMo-Retriever::.github/workflows/test-library-mode.yml,NVIDIA/NeMo-Retriever,.github/workflows/test-library-mode.yml,NVIDIA_NeMo-Retriever__.github__workflows__test-library-mode.yml,medium,unpinned,no-expr
4,5,0,1,0,100,2,high,1,2,2,0.0,0.6667,1,0,1,0,not set,8,1,1,1,0,0,ci-test,1,NVIDIA/TensorRT::.github/workflows/blossom-ci.yml,NVIDIA/TensorRT,.github/workflows/blossom-ci.yml,NVIDIA_TensorRT__.github__workflows__blossom-ci.yml,complex,unpinned,taint
1,2,0,0,0,18,2,medium,0,1,1,0.0,1.0,0,0,0,0,not set,0,0,0,0,0,0,ci-test,1,NVIDIA/TensorRT::.github/workflows/docker-image.yml,NVIDIA/TensorRT,.github/workflows/docker-image.yml,NVIDIA_TensorRT__.github__workflows__docker-image.yml,simple,unpinned,no-expr
1,2,0,0,0,16,1,high,0,2,2,0.0,2.0,1,0,0,0,not set,1,1,0,1,0,0,other,1,NVIDIA/TensorRT::.github/workflows/feedback-update.yml,NVIDIA/TensorRT,.github/workflows/feedback-update.yml,NVIDIA_TensorRT__.github__workflows__feedback-update.yml,simple,unpinned,no-expr
1,2,0,0,0,46,1,high,0,1,1,0.0,2.0,0,0,2,1,granular,7,1,0,0,0,0,other,1,NVIDIA/TensorRT::.github/workflows/label_issue.yml,NVIDIA/TensorRT,.github/workflows/label_issue.yml,NVIDIA_TensorRT__.github__workflows__label_issue.yml,simple,unpinned,no-expr
1,1,0,0,0,28,2,low,0,1,1,0.0,1.0,0,0,0,1,not set,1,1,0,0,0,0,other,1,NVIDIA/TensorRT::.github/workflows/stale.yml,NVIDIA/TensorRT,.github/workflows/stale.yml,NVIDIA_TensorRT__.github__workflows__stale.yml,simple,unpinned,no-expr
1,3,0,0,0,43,1,high,0,2,1,0.0,2.0,0,1,0,0,not set,2,1,1,1,0,0,other,1,NVIDIA/TensorRT-LLM::.github/workflows/auto-assign.yml,NVIDIA/TensorRT-LLM,.github/workflows/auto-assign.yml,NVIDIA_TensorRT-LLM__.github__workflows__auto-assign.yml,simple,unpinned,expr-no-taint
1,1,0,0,0,31,2,low,0,1,1,0.0,1.0,0,0,0,1,not set,1,1,0,1,0,0,other,1,NVIDIA/TensorRT-LLM::.github/workflows/auto-close-inactive-issues.yml,NVIDIA/TensorRT-LLM,.github/workflows/auto-close-inactive-issues.yml,NVIDIA_TensorRT-LLM__.github__workflows__auto-close-inactive-issues.yml,simple,unpinned,no-expr
4,5,0,1,0,418,2,high,1,2,2,0.0,0.6667,1,0,4,0,not set,8,1,1,1,0,0,ci-test,1,NVIDIA/TensorRT-LLM::.github/workflows/blossom-ci.yml,NVIDIA/TensorRT-LLM,.github/workflows/blossom-ci.yml,NVIDIA_TensorRT-LLM__.github__workflows__blossom-ci.yml,complex,unpinned,taint
1,1,0,0,0,82,1,high,0,1,1,0.0,1.0,0,0,5,1,granular,0,0,0,1,0,0,other,1,NVIDIA/TensorRT-LLM::.github/workflows/bot-command.yml,NVIDIA/TensorRT-LLM,.github/workflows/bot-command.yml,NVIDIA_TensorRT-LLM__.github__workflows__bot-command.yml,simple,unpinned,no-expr
1,4,0,0,0,74,1,low,1,3,2,0.0,3.0,1,1,0,0,not set,1,0,0,1,0,0,ci-test,1,NVIDIA/TensorRT-LLM::.github/workflows/l0-test.yml,NVIDIA/TensorRT-LLM,.github/workflows/l0-test.yml,NVIDIA_TensorRT-LLM__.github__workflows__l0-test.yml,medium,unpinned,expr-no-taint
1,4,0,0,0,37,2,low,1,2,1,0.0,1.0,0,0,0,0,not set,1,0,1,1,0,0,other,1,NVIDIA/TensorRT-LLM::.github/workflows/label_community_pr.yml,NVIDIA/TensorRT-LLM,.github/workflows/label_community_pr.yml,NVIDIA_TensorRT-LLM__.github__workflows__label_community_pr.yml,medium,unpinned,no-expr
1,2,0,0,0,47,1,high,0,1,1,0.0,2.0,0,0,2,1,granular,7,1,0,0,0,0,other,1,NVIDIA/TensorRT-LLM::.github/workflows/label_issue.yml,NVIDIA/TensorRT-LLM,.github/workflows/label_issue.yml,NVIDIA_TensorRT-LLM__.github__workflows__label_issue.yml,simple,unpinned,no-expr
2,5,0,0,0,73,1,medium,0,3,2,0.0,1.5,1,0,1,0,not set,0,0,1,1,0,0,ci-test,1,NVIDIA/TensorRT-LLM::.github/workflows/pr-check.yml,NVIDIA/TensorRT-LLM,.github/workflows/pr-check.yml,NVIDIA_TensorRT-LLM__.github__workflows__pr-check.yml,medium,unpinned,taint
1,3,0,0,0,43,2,medium,1,2,1,0.0,2.0,0,0,1,0,not set,0,0,0,0,0,0,deploy-release,1,NVIDIA/TensorRT-LLM::.github/workflows/precommit-check.yml,NVIDIA/TensorRT-LLM,.github/workflows/precommit-check.yml,NVIDIA_TensorRT-LLM__.github__workflows__precommit-check.yml,simple,unpinned,no-expr
1,1,0,0,0,127,2,high,0,1,1,0.0,1.0,0,0,0,1,granular,0,0,0,1,0,0,other,1,NVIDIA/TensorRT-LLM::.github/workflows/waiting_for_feedback.yml,NVIDIA/TensorRT-LLM,.github/workflows/waiting_for_feedback.yml,NVIDIA_TensorRT-LLM__.github__workflows__waiting_for_feedback.yml,simple,unpinned,no-expr
3,11,1,1,0,198,2,low,1,6,2,0.1667,2.6667,1,1,0,0,not set,3,1,1,1,0,0,deploy-release,1,NVIDIA/TransformerEngine::.github/workflows/attach-wheels-to-release.yml,NVIDIA/TransformerEngine,.github/workflows/attach-wheels-to-release.yml,NVIDIA_TransformerEngine__.github__workflows__attach-wheels-to-release.yml,complex,unpinned,expr-no-taint
4,5,0,1,0,84,2,high,1,2,2,0.0,0.6667,1,0,1,0,not set,8,1,1,1,0,0,ci-test,1,NVIDIA/TransformerEngine::.github/workflows/blossom-ci.yml,NVIDIA/TransformerEngine,.github/workflows/blossom-ci.yml,NVIDIA_TransformerEngine__.github__workflows__blossom-ci.yml,complex,unpinned,taint
4,26,0,0,0,160,2,medium,0,8,3,0.5,0.4444,1,0,0,0,not set,0,0,0,0,0,1,build,1,NVIDIA/TransformerEngine::.github/workflows/build.yml,NVIDIA/TransformerEngine,.github/workflows/build.yml,NVIDIA_TransformerEngine__.github__workflows__build.yml,complex,pinned,no-expr
3,3,0,1,1,39,1,low,0,3,1,0.0,3.0,0,0,0,1,not set,0,0,0,0,0,0,deploy-release,1,NVIDIA/TransformerEngine::.github/workflows/deploy_nightly_docs.yml,NVIDIA/TransformerEngine,.github/workflows/deploy_nightly_docs.yml,NVIDIA_TransformerEngine__.github__workflows__deploy_nightly_docs.yml,medium,unpinned,no-expr
1,4,0,0,0,38,3,medium,0,2,1,0.0,1.0,0,0,0,0,not set,0,0,0,0,0,0,documentation,1,NVIDIA/TransformerEngine::.github/workflows/docs.yml,NVIDIA/TransformerEngine,.github/workflows/docs.yml,NVIDIA_TransformerEngine__.github__workflows__docs.yml,medium,unpinned,no-expr
1,2,0,0,0,20,2,medium,0,1,1,0.0,1.0,0,0,0,0,not set,0,0,0,0,0,0,other,1,NVIDIA/TransformerEngine::.github/workflows/license.yml,NVIDIA/TransformerEngine,.github/workflows/license.yml,NVIDIA_TransformerEngine__.github__workflows__license.yml,simple,unpinned,no-expr
4,8,0,0,0,67,2,medium,0,4,1,0.0,1.0,0,0,0,0,not set,0,0,0,0,0,0,code-quality,1,NVIDIA/TransformerEngine::.github/workflows/lint.yml,NVIDIA/TransformerEngine,.github/workflows/lint.yml,NVIDIA_TransformerEngine__.github__workflows__lint.yml,complex,unpinned,no-expr
3,4,0,1,0,102,1,high,0,2,2,0.0,1.0,1,0,1,0,not set,6,1,1,1,0,0,ci-test,1,NVIDIA/TransformerEngine::.github/workflows/trigger-ci.yml,NVIDIA/TransformerEngine,.github/workflows/trigger-ci.yml,NVIDIA_TransformerEngine__.github__workflows__trigger-ci.yml,medium,unpinned,taint
2,2,0,1,0,52,1,low,1,0,0,0.0,0.0,0,1,0,1,not set,3,1,1,1,0,0,ci-test,1,NVIDIA/TransformerEngine::.github/workflows/upload-ci-logs.yml,NVIDIA/TransformerEngine,.github/workflows/upload-ci-logs.yml,NVIDIA_TransformerEngine__.github__workflows__upload-ci-logs.yml,medium,no-third-party,expr-no-taint
1,2,0,0,0,34,2,high,0,2,2,0.0,2.0,1,0,1,1,granular,0,0,0,1,0,0,other,1,NVIDIA/cccl::.github/workflows/backport-prs.yml,NVIDIA/cccl,.github/workflows/backport-prs.yml,NVIDIA_cccl__.github__workflows__backport-prs.yml,simple,unpinned,no-expr
1,2,0,0,0,74,2,low,0,2,2,0.0,2.0,1,0,0,1,granular,5,1,1,0,0,0,other,1,NVIDIA/cccl::.github/workflows/blackduck-sca.yml,NVIDIA/cccl,.github/workflows/blackduck-sca.yml,NVIDIA_cccl__.github__workflows__blackduck-sca.yml,simple,unpinned,no-expr
6,4,1,1,1,111,2,low,0,2,1,0.0,4.0,0,0,0,1,not set,0,0,0,1,0,0,build,1,NVIDIA/cccl::.github/workflows/build-and-test-python-wheels.yml,NVIDIA/cccl,.github/workflows/build-and-test-python-wheels.yml,NVIDIA_cccl__.github__workflows__build-and-test-python-wheels.yml,complex,unpinned,no-expr
2,5,0,1,0,124,2,low,1,3,3,0.0,1.5,1,0,0,1,not set,2,0,1,1,0,0,build,1,NVIDIA/cccl::.github/workflows/build-matx.yml,NVIDIA/cccl,.github/workflows/build-matx.yml,NVIDIA_cccl__.github__workflows__build-matx.yml,medium,unpinned,no-expr
2,5,0,1,0,113,2,low,1,3,3,0.0,1.5,1,0,0,1,not set,2,0,1,1,0,0,build,1,NVIDIA/cccl::.github/workflows/build-pytorch.yml,NVIDIA/cccl,.github/workflows/build-pytorch.yml,NVIDIA_cccl__.github__workflows__build-pytorch.yml,medium,unpinned,no-expr
3,6,1,1,0,210,2,low,1,3,3,0.0,1.0,1,1,0,1,not set,2,1,1,1,0,0,build,1,NVIDIA/cccl::.github/workflows/build-rapids.yml,NVIDIA/cccl,.github/workflows/build-rapids.yml,NVIDIA_cccl__.github__workflows__build-rapids.yml,complex,unpinned,expr-no-taint
9,4,1,1,1,176,2,low,0,2,1,0.0,4.0,0,0,0,1,not set,7,1,0,1,0,0,ci-test,1,NVIDIA/cccl::.github/workflows/ci-workflow-nightly.yml,NVIDIA/cccl,.github/workflows/ci-workflow-nightly.yml,NVIDIA_cccl__.github__workflows__ci-workflow-nightly.yml,complex,unpinned,no-expr
13,16,1,1,1,426,1,low,0,6,2,0.0,1.2857,1,1,9,1,not set,2,1,1,1,0,0,ci-test,1,NVIDIA/cccl::.github/workflows/ci-workflow-pull-request.yml,NVIDIA/cccl,.github/workflows/ci-workflow-pull-request.yml,NVIDIA_cccl__.github__workflows__ci-workflow-pull-request.yml,complex,unpinned,taint
6,4,1,1,1,139,2,low,0,2,1,0.0,4.0,0,0,0,1,not set,7,1,0,1,0,0,ci-test,1,NVIDIA/cccl::.github/workflows/ci-workflow-weekly.yml,NVIDIA/cccl,.github/workflows/ci-workflow-weekly.yml,NVIDIA_cccl__.github__workflows__ci-workflow-weekly.yml,complex,unpinned,no-expr
1,6,0,0,0,123,2,low,1,2,2,0.0,1.0,1,0,0,1,granular,1,1,1,0,0,0,deploy-release,1,NVIDIA/cccl::.github/workflows/docs-deploy.yml,NVIDIA/cccl,.github/workflows/docs-deploy.yml,NVIDIA_cccl__.github__workflows__docs-deploy.yml,medium,unpinned,no-expr
2,6,0,1,0,333,2,low,1,2,2,0.0,0.5,0,1,0,1,not set,0,1,1,1,0,0,other,1,NVIDIA/cccl::.github/workflows/git-bisect.yml,NVIDIA/cccl,.github/workflows/git-bisect.yml,NVIDIA_cccl__.github__workflows__git-bisect.yml,medium,unpinned,expr-no-taint
1,7,0,0,0,364,2,high,0,1,1,0.0,0.1667,1,1,0,1,not set,2,1,1,1,0,0,other,1,NVIDIA/cccl::.github/workflows/project_automation_set_in_progress.yml,NVIDIA/cccl,.github/workflows/project_automation_set_in_progress.yml,NVIDIA_cccl__.github__workflows__project_automation_set_in_progress.yml,medium,unpinned,expr-no-taint
1,5,0,0,0,177,1,high,0,1,1,0.0,0.25,1,1,0,0,not set,2,0,1,1,0,0,other,1,NVIDIA/cccl::.github/workflows/project_automation_set_in_review.yml,NVIDIA/cccl,.github/workflows/project_automation_set_in_review.yml,NVIDIA_cccl__.github__workflows__project_automation_set_in_review.yml,medium,unpinned,expr-no-taint
1,5,0,0,0,178,2,high,0,1,1,0.0,0.25,1,1,0,0,not set,2,0,1,1,0,0,other,1,NVIDIA/cccl::.github/workflows/project_automation_set_roadmap.yml,NVIDIA/cccl,.github/workflows/project_automation_set_roadmap.yml,NVIDIA_cccl__.github__workflows__project_automation_set_roadmap.yml,medium,unpinned,expr-no-taint
1,4,0,0,0,245,1,high,0,1,1,0.0,0.3333,1,1,0,0,not set,2,0,1,1,0,0,other,1,NVIDIA/cccl::.github/workflows/project_automation_sync_pr_issues.yml,NVIDIA/cccl,.github/workflows/project_automation_sync_pr_issues.yml,NVIDIA_cccl__.github__workflows__project_automation_sync_pr_issues.yml,medium,unpinned,expr-no-taint
1,7,0,0,0,146,1,low,1,3,2,0.0,1.3333,1,1,0,1,not set,4,1,1,1,0,0,deploy-release,1,NVIDIA/cccl::.github/workflows/release-create-new.yml,NVIDIA/cccl,.github/workflows/release-create-new.yml,NVIDIA_cccl__.github__workflows__release-create-new.yml,medium,unpinned,expr-no-taint
2,9,0,1,0,243,1,low,1,4,2,0.0,1.25,1,1,0,1,not set,4,1,1,1,0,0,deploy-release,1,NVIDIA/cccl::.github/workflows/release-finalize.yml,NVIDIA/cccl,.github/workflows/release-finalize.yml,NVIDIA_cccl__.github__workflows__release-finalize.yml,medium,unpinned,expr-no-taint
4,6,0,1,0,153,1,low,0,4,2,0.0,2.0,1,1,0,1,not set,4,0,1,1,0,0,deploy-release,1,NVIDIA/cccl::.github/workflows/release-update-rc.yml,NVIDIA/cccl,.github/workflows/release-update-rc.yml,NVIDIA_cccl__.github__workflows__release-update-rc.yml,complex,unpinned,expr-no-taint
1,3,0,0,0,67,1,low,1,2,1,1.0,2.0,1,1,0,1,not set,1,1,1,1,0,0,deploy-release,1,NVIDIA/cccl::.github/workflows/release-wheels.yml,NVIDIA/cccl,.github/workflows/release-wheels.yml,NVIDIA_cccl__.github__workflows__release-wheels.yml,simple,pinned,expr-no-taint
1,5,0,0,0,70,1,high,0,0,0,0.0,0.0,0,1,0,0,not set,0,1,1,1,0,0,other,1,NVIDIA/cccl::.github/workflows/triage_rotation.yml,NVIDIA/cccl,.github/workflows/triage_rotation.yml,NVIDIA_cccl__.github__workflows__triage_rotation.yml,medium,no-third-party,expr-no-taint
1,2,0,0,0,63,1,low,1,1,1,0.0,2.0,0,0,0,1,not set,0,1,1,0,0,0,deploy-release,1,NVIDIA/cccl::.github/workflows/update-branch-version.yml,NVIDIA/cccl,.github/workflows/update-branch-version.yml,NVIDIA_cccl__.github__workflows__update-branch-version.yml,simple,unpinned,no-expr
2,11,1,1,0,155,1,low,0,4,3,0.0,0.5714,1,0,0,1,granular,0,0,1,1,0,0,ci-test,1,NVIDIA/cccl::.github/workflows/verify-devcontainers.yml,NVIDIA/cccl,.github/workflows/verify-devcontainers.yml,NVIDIA_cccl__.github__workflows__verify-devcontainers.yml,complex,unpinned,no-expr
1,2,1,0,0,39,1,low,0,1,1,0.0,2.0,0,0,0,1,not set,0,0,0,0,0,0,other,1,NVIDIA/cccl::.github/workflows/workflow-dispatch-standalone-group-linux.yml,NVIDIA/cccl,.github/workflows/workflow-dispatch-standalone-group-linux.yml,NVIDIA_cccl__.github__workflows__workflow-dispatch-standalone-group-linux.yml,complex,unpinned,no-expr
1,2,1,0,0,39,1,low,0,1,1,0.0,2.0,0,0,0,1,not set,0,0,0,0,0,0,other,1,NVIDIA/cccl::.github/workflows/workflow-dispatch-standalone-group-windows.yml,NVIDIA/cccl,.github/workflows/workflow-dispatch-standalone-group-windows.yml,NVIDIA_cccl__.github__workflows__workflow-dispatch-standalone-group-windows.yml,complex,unpinned,no-expr
1,0,1,0,1,28,1,low,0,0,0,0.0,0.0,0,0,0,1,not set,0,0,0,0,0,0,other,1,NVIDIA/cccl::.github/workflows/workflow-dispatch-two-stage-group-linux.yml,NVIDIA/cccl,.github/workflows/workflow-dispatch-two-stage-group-linux.yml,NVIDIA_cccl__.github__workflows__workflow-dispatch-two-stage-group-linux.yml,complex,no-third-party,no-expr
1,0,1,0,1,28,1,low,0,0,0,0.0,0.0,0,0,0,1,not set,0,0,0,0,0,0,other,1,NVIDIA/cccl::.github/workflows/workflow-dispatch-two-stage-group-windows.yml,NVIDIA/cccl,.github/workflows/workflow-dispatch-two-stage-group-windows.yml,NVIDIA_cccl__.github__workflows__workflow-dispatch-two-stage-group-windows.yml,complex,no-third-party,no-expr
2,4,1,1,0,67,1,low,0,2,1,0.0,4.0,0,0,0,1,not set,0,0,0,0,0,0,other,1,NVIDIA/cccl::.github/workflows/workflow-dispatch-two-stage-linux.yml,NVIDIA/cccl,.github/workflows/workflow-dispatch-two-stage-linux.yml,NVIDIA_cccl__.github__workflows__workflow-dispatch-two-stage-linux.yml,complex,unpinned,no-expr
2,4,1,1,0,67,1,low,0,2,1,0.0,4.0,0,0,0,1,not set,0,0,0,0,0,0,other,1,NVIDIA/cccl::.github/workflows/workflow-dispatch-two-stage-windows.yml,NVIDIA/cccl,.github/workflows/workflow-dispatch-two-stage-windows.yml,NVIDIA_cccl__.github__workflows__workflow-dispatch-two-stage-windows.yml,complex,unpinned,no-expr
2,7,0,0,0,76,2,high,1,4,2,1.0,1.3333,1,1,0,1,granular,0,0,0,1,0,0,ci-test,1,NVIDIA/cuda-python::.github/workflows/backport.yml,NVIDIA/cuda-python,.github/workflows/backport.yml,NVIDIA_cuda-python__.github__workflows__backport.yml,medium,pinned,expr-no-taint
1,5,0,0,0,47,1,low,0,4,3,0.75,4.0,1,0,0,1,not set,0,0,0,0,0,0,security-scan,1,NVIDIA/cuda-python::.github/workflows/bandit.yml,NVIDIA/cuda-python,.github/workflows/bandit.yml,NVIDIA_cuda-python__.github__workflows__bandit.yml,medium,pinned,no-expr
1,24,0,0,0,269,1,low,0,10,3,1.0,1.1818,1,1,0,0,not set,0,1,0,1,0,0,documentation,1,NVIDIA/cuda-python::.github/workflows/build-docs.yml,NVIDIA/cuda-python,.github/workflows/build-docs.yml,NVIDIA_cuda-python__.github__workflows__build-docs.yml,complex,pinned,expr-no-taint
1,39,1,0,0,462,1,low,0,16,5,0.8125,0.8571,1,1,0,1,granular,1,1,1,1,0,0,build,1,NVIDIA/cuda-python::.github/workflows/build-wheel.yml,NVIDIA/cuda-python,.github/workflows/build-wheel.yml,NVIDIA_cuda-python__.github__workflows__build-wheel.yml,complex,pinned,expr-no-taint
10,5,1,1,1,272,2,low,0,2,1,1.0,0.6667,0,1,0,1,not set,0,1,1,1,0,0,ci-test,1,NVIDIA/cuda-python::.github/workflows/ci.yml,NVIDIA/cuda-python,.github/workflows/ci.yml,NVIDIA_cuda-python__.github__workflows__ci.yml,complex,pinned,expr-no-taint
1,4,0,0,0,66,2,low,1,1,1,0.0,0.3333,0,1,0,1,granular,1,1,1,1,0,0,documentation,1,NVIDIA/cuda-python::.github/workflows/cleanup-pr-previews.yml,NVIDIA/cuda-python,.github/workflows/cleanup-pr-previews.yml,NVIDIA_cuda-python__.github__workflows__cleanup-pr-previews.yml,medium,unpinned,expr-no-taint
1,3,1,0,0,43,1,low,0,3,2,1.0,3.0,0,0,0,1,not set,0,0,0,0,0,0,security-scan,1,NVIDIA/cuda-python::.github/workflows/codeql.yml,NVIDIA/cuda-python,.github/workflows/codeql.yml,NVIDIA_cuda-python__.github__workflows__codeql.yml,complex,pinned,no-expr
1,20,0,0,0,157,2,low,0,5,3,0.8,0.5385,1,0,0,1,not set,0,0,1,1,0,1,ci-test,1,NVIDIA/cuda-python::.github/workflows/coverage.yml,NVIDIA/cuda-python,.github/workflows/coverage.yml,NVIDIA_cuda-python__.github__workflows__coverage.yml,complex,pinned,no-expr
8,20,0,1,1,392,1,low,1,4,2,1.0,0.25,1,1,0,1,not set,0,1,1,1,0,0,deploy-release,1,NVIDIA/cuda-python::.github/workflows/release-cuda-pathfinder.yml,NVIDIA/cuda-python,.github/workflows/release-cuda-pathfinder.yml,NVIDIA_cuda-python__.github__workflows__release-cuda-pathfinder.yml,complex,pinned,expr-no-taint
1,6,0,0,0,89,1,low,0,1,1,1.0,0.2,0,1,0,1,granular,0,1,1,1,0,0,deploy-release,1,NVIDIA/cuda-python::.github/workflows/release-upload.yml,NVIDIA/cuda-python,.github/workflows/release-upload.yml,NVIDIA_cuda-python__.github__workflows__release-upload.yml,medium,pinned,expr-no-taint
5,9,0,1,1,182,1,low,1,5,2,1.0,1.25,1,1,0,1,not set,1,1,1,1,0,0,deploy-release,1,NVIDIA/cuda-python::.github/workflows/release.yml,NVIDIA/cuda-python,.github/workflows/release.yml,NVIDIA_cuda-python__.github__workflows__release.yml,complex,pinned,expr-no-taint
2,32,1,1,0,301,1,low,0,10,2,0.9,0.6842,1,1,0,0,not set,1,1,1,1,0,1,ci-test,1,NVIDIA/cuda-python::.github/workflows/test-wheel-linux.yml,NVIDIA/cuda-python,.github/workflows/test-wheel-linux.yml,NVIDIA_cuda-python__.github__workflows__test-wheel-linux.yml,complex,pinned,expr-no-taint
2,30,1,1,0,279,1,low,0,10,2,0.9,0.5789,1,1,0,0,not set,1,1,1,1,0,0,ci-test,1,NVIDIA/cuda-python::.github/workflows/test-wheel-windows.yml,NVIDIA/cuda-python,.github/workflows/test-wheel-windows.yml,NVIDIA_cuda-python__.github__workflows__test-wheel-windows.yml,complex,pinned,expr-no-taint
1,1,0,0,0,26,1,high,0,0,0,0.0,0.0,0,0,0,1,not set,1,1,1,1,0,0,other,1,NVIDIA/cuda-python::.github/workflows/triagelabel.yml,NVIDIA/cuda-python,.github/workflows/triagelabel.yml,NVIDIA_cuda-python__.github__workflows__triagelabel.yml,simple,no-third-party,no-expr
1,1,0,0,0,51,1,high,0,1,1,0.0,1.0,0,0,0,1,not set,0,0,0,0,0,0,other,1,NVIDIA/cutlass::.github/workflows/auto-label-issues.yml,NVIDIA/cutlass,.github/workflows/auto-label-issues.yml,NVIDIA_cutlass__.github__workflows__auto-label-issues.yml,simple,unpinned,no-expr
4,5,0,1,0,112,2,high,1,2,2,0.0,0.6667,1,0,2,0,not set,8,1,1,1,0,0,ci-test,1,NVIDIA/cutlass::.github/workflows/blossom-ci.yml,NVIDIA/cutlass,.github/workflows/blossom-ci.yml,NVIDIA_cutlass__.github__workflows__blossom-ci.yml,complex,unpinned,taint
1,1,0,0,0,11,1,high,0,1,1,0.0,1.0,0,0,0,0,not set,1,1,0,0,0,0,other,1,NVIDIA/cutlass::.github/workflows/labeler.yml,NVIDIA/cutlass,.github/workflows/labeler.yml,NVIDIA_cutlass__.github__workflows__labeler.yml,simple,unpinned,no-expr
1,3,0,0,0,35,1,high,0,3,0,0.0,3.0,0,0,0,0,not set,4,1,1,1,0,0,other,1,NVIDIA/cutlass::.github/workflows/new-issues-to-triage-projects.yml,NVIDIA/cutlass,.github/workflows/new-issues-to-triage-projects.yml,NVIDIA_cutlass__.github__workflows__new-issues-to-triage-projects.yml,simple,unpinned,no-expr
2,2,0,0,0,57,1,low,0,2,1,0.0,2.0,0,0,0,0,not set,2,1,0,0,0,0,other,1,NVIDIA/cutlass::.github/workflows/stale.yml,NVIDIA/cutlass,.github/workflows/stale.yml,NVIDIA_cutlass__.github__workflows__stale.yml,medium,unpinned,no-expr
1,1,0,0,0,53,2,high,0,1,1,0.0,1.0,1,0,2,1,granular,2,1,1,1,0,0,other,1,NVIDIA/garak::.github/workflows/cla.yml,NVIDIA/garak,.github/workflows/cla.yml,NVIDIA_garak__.github__workflows__cla.yml,simple,unpinned,taint
1,1,0,0,0,165,2,high,0,1,1,0.0,1.0,0,0,0,1,granular,1,1,0,1,0,0,other,1,NVIDIA/garak::.github/workflows/labels.yml,NVIDIA/garak,.github/workflows/labels.yml,NVIDIA_garak__.github__workflows__labels.yml,simple,unpinned,no-expr
1,4,1,0,0,38,1,low,0,2,1,0.0,1.0,0,0,0,1,granular,0,0,0,0,0,0,code-quality,1,NVIDIA/garak::.github/workflows/lint.yml,NVIDIA/garak,.github/workflows/lint.yml,NVIDIA_garak__.github__workflows__lint.yml,complex,unpinned,no-expr
1,5,0,0,0,100,2,low,0,2,1,0.0,0.6667,0,0,0,1,granular,1,1,1,1,0,0,other,1,NVIDIA/garak::.github/workflows/maintain_cache.yml,NVIDIA/garak,.github/workflows/maintain_cache.yml,NVIDIA_garak__.github__workflows__maintain_cache.yml,medium,unpinned,no-expr
4,0,0,0,1,41,2,low,0,0,0,0.0,0.0,0,0,0,1,granular,0,0,0,1,0,0,ci-test,1,NVIDIA/garak::.github/workflows/nightly.yml,NVIDIA/garak,.github/workflows/nightly.yml,NVIDIA_garak__.github__workflows__nightly.yml,complex,no-third-party,no-expr
1,3,1,0,0,49,4,medium,0,1,1,0.0,0.5,0,0,0,1,granular,0,0,0,0,0,0,build,1,NVIDIA/garak::.github/workflows/remote_package_install.yml,NVIDIA/garak,.github/workflows/remote_package_install.yml,NVIDIA_garak__.github__workflows__remote_package_install.yml,complex,unpinned,no-expr
1,1,0,0,0,39,2,low,0,1,1,0.0,1.0,0,0,0,1,granular,0,0,0,0,0,0,other,1,NVIDIA/garak::.github/workflows/stale.yml,NVIDIA/garak,.github/workflows/stale.yml,NVIDIA_garak__.github__workflows__stale.yml,simple,unpinned,no-expr
1,6,1,0,0,66,4,medium,0,3,1,0.0,1.0,0,0,0,1,granular,0,0,1,1,0,0,ci-test,1,NVIDIA/garak::.github/workflows/test_linux.yml,NVIDIA/garak,.github/workflows/test_linux.yml,NVIDIA_garak__.github__workflows__test_linux.yml,complex,unpinned,no-expr
1,8,1,0,0,97,4,medium,0,4,1,0.0,1.0,0,0,0,1,granular,0,0,1,1,0,0,ci-test,1,NVIDIA/garak::.github/workflows/test_macos.yml,NVIDIA/garak,.github/workflows/test_macos.yml,NVIDIA_garak__.github__workflows__test_macos.yml,complex,unpinned,no-expr
1,5,1,0,0,67,4,medium,0,3,1,0.0,1.5,0,0,0,1,granular,0,0,1,0,0,0,ci-test,1,NVIDIA/garak::.github/workflows/test_windows.yml,NVIDIA/garak,.github/workflows/test_windows.yml,NVIDIA_garak__.github__workflows__test_windows.yml,complex,unpinned,no-expr
2,7,0,0,0,97,2,high,0,5,1,0.0,2.5,0,0,1,1,granular,2,1,1,1,0,0,other,1,NVIDIA/gpu-operator::.github/workflows/cherrypick.yml,NVIDIA/gpu-operator,.github/workflows/cherrypick.yml,NVIDIA_gpu-operator__.github__workflows__cherrypick.yml,medium,unpinned,taint
14,65,0,1,0,454,1,low,0,38,9,0.0263,1.4074,1,1,0,1,not set,14,1,1,1,0,0,ci-test,1,NVIDIA/gpu-operator::.github/workflows/ci.yaml,NVIDIA/gpu-operator,.github/workflows/ci.yaml,NVIDIA_gpu-operator__.github__workflows__ci.yaml,complex,unpinned,expr-no-taint
1,2,0,0,0,21,1,low,0,2,2,0.0,2.0,1,0,0,0,not set,1,1,1,0,0,0,dependency-management,1,NVIDIA/gpu-operator::.github/workflows/renovate.yaml,NVIDIA/gpu-operator,.github/workflows/renovate.yaml,NVIDIA_gpu-operator__.github__workflows__renovate.yaml,simple,unpinned,no-expr
1,1,0,0,0,31,2,low,0,1,1,0.0,1.0,0,0,0,1,not set,0,0,0,0,0,0,other,1,NVIDIA/gpu-operator::.github/workflows/stale.yaml,NVIDIA/gpu-operator,.github/workflows/stale.yaml,NVIDIA_gpu-operator__.github__workflows__stale.yaml,simple,unpinned,no-expr
4,0,0,1,1,37,1,low,0,0,0,0.0,0.0,0,0,0,0,not set,0,0,0,0,0,0,ci-test,1,NVIDIA/k8s-device-plugin::.github/workflows/basic-checks.yaml,NVIDIA/k8s-device-plugin,.github/workflows/basic-checks.yaml,NVIDIA_k8s-device-plugin__.github__workflows__basic-checks.yaml,complex,no-third-party,no-expr
2,7,0,0,0,97,2,high,0,5,1,0.0,2.5,0,0,1,1,granular,2,1,1,1,0,0,other,1,NVIDIA/k8s-device-plugin::.github/workflows/cherrypick.yml,NVIDIA/k8s-device-plugin,.github/workflows/cherrypick.yml,NVIDIA_k8s-device-plugin__.github__workflows__cherrypick.yml,medium,unpinned,taint
3,0,0,1,1,45,1,low,0,0,0,0.0,0.0,0,0,0,0,not set,0,0,0,0,0,0,ci-test,1,NVIDIA/k8s-device-plugin::.github/workflows/ci.yaml,NVIDIA/k8s-device-plugin,.github/workflows/ci.yaml,NVIDIA_k8s-device-plugin__.github__workflows__ci.yaml,medium,no-third-party,no-expr
1,5,0,0,0,54,1,low,0,4,2,0.0,4.0,0,0,0,1,not set,0,0,0,0,0,0,security-scan,1,NVIDIA/k8s-device-plugin::.github/workflows/code_scanning.yaml,NVIDIA/k8s-device-plugin,.github/workflows/code_scanning.yaml,NVIDIA_k8s-device-plugin__.github__workflows__code_scanning.yaml,medium,unpinned,no-expr
2,5,0,1,0,79,3,low,0,5,1,0.0,5.0,0,0,0,1,granular,0,0,0,0,0,0,deploy-release,1,NVIDIA/k8s-device-plugin::.github/workflows/deploy-to-pages.yaml,NVIDIA/k8s-device-plugin,.github/workflows/deploy-to-pages.yaml,NVIDIA_k8s-device-plugin__.github__workflows__deploy-to-pages.yaml,medium,unpinned,no-expr
1,7,0,0,0,99,1,low,0,6,3,0.0,6.0,1,0,0,0,not set,6,0,1,1,0,0,ci-test,1,NVIDIA/k8s-device-plugin::.github/workflows/e2e.yaml,NVIDIA/k8s-device-plugin,.github/workflows/e2e.yaml,NVIDIA_k8s-device-plugin__.github__workflows__e2e.yaml,medium,unpinned,no-expr
3,11,0,0,0,75,1,low,0,8,3,0.0,2.6667,1,0,0,1,not set,0,0,1,0,0,0,other,1,NVIDIA/k8s-device-plugin::.github/workflows/golang.yaml,NVIDIA/k8s-device-plugin,.github/workflows/golang.yaml,NVIDIA_k8s-device-plugin__.github__workflows__golang.yaml,complex,unpinned,no-expr
1,3,0,0,0,35,1,low,0,2,1,0.0,2.0,0,0,0,0,not set,0,0,0,0,0,0,other,1,NVIDIA/k8s-device-plugin::.github/workflows/helm.yaml,NVIDIA/k8s-device-plugin,.github/workflows/helm.yaml,NVIDIA_k8s-device-plugin__.github__workflows__helm.yaml,simple,unpinned,no-expr
2,7,1,1,0,79,1,low,0,5,3,0.0,2.5,1,1,0,1,not set,2,1,1,0,0,0,other,1,NVIDIA/k8s-device-plugin::.github/workflows/image.yaml,NVIDIA/k8s-device-plugin,.github/workflows/image.yaml,NVIDIA_k8s-device-plugin__.github__workflows__image.yaml,complex,unpinned,expr-no-taint
3,6,0,0,1,69,1,low,0,3,2,0.0,1.0,0,1,0,0,not set,2,1,1,0,0,0,deploy-release,1,NVIDIA/k8s-device-plugin::.github/workflows/publish-helm.yaml,NVIDIA/k8s-device-plugin,.github/workflows/publish-helm.yaml,NVIDIA_k8s-device-plugin__.github__workflows__publish-helm.yaml,medium,unpinned,expr-no-taint
1,4,0,0,0,43,1,low,0,2,2,0.0,1.0,0,1,0,0,not set,1,1,1,0,0,0,deploy-release,1,NVIDIA/k8s-device-plugin::.github/workflows/release.yaml,NVIDIA/k8s-device-plugin,.github/workflows/release.yaml,NVIDIA_k8s-device-plugin__.github__workflows__release.yaml,medium,unpinned,expr-no-taint
1,1,0,0,0,30,1,low,0,1,1,0.0,1.0,0,0,0,1,not set,0,0,0,0,0,0,other,1,NVIDIA/k8s-device-plugin::.github/workflows/stale.yaml,NVIDIA/k8s-device-plugin,.github/workflows/stale.yaml,NVIDIA_k8s-device-plugin__.github__workflows__stale.yaml,simple,unpinned,no-expr
1,3,0,0,0,45,1,low,0,1,1,0.0,0.5,0,0,0,0,not set,0,0,0,0,0,0,other,1,NVIDIA/k8s-device-plugin::.github/workflows/variables.yaml,NVIDIA/k8s-device-plugin,.github/workflows/variables.yaml,NVIDIA_k8s-device-plugin__.github__workflows__variables.yaml,simple,unpinned,no-expr
2,7,0,0,0,97,2,high,0,5,1,0.0,2.5,0,0,1,1,granular,2,1,1,1,0,0,other,1,NVIDIA/nvidia-container-toolkit::.github/workflows/cherrypick.yml,NVIDIA/nvidia-container-toolkit,.github/workflows/cherrypick.yml,NVIDIA_nvidia-container-toolkit__.github__workflows__cherrypick.yml,medium,unpinned,taint
5,1,0,1,1,54,1,low,0,0,0,0.0,0.0,0,0,0,0,not set,0,0,0,0,0,0,ci-test,1,NVIDIA/nvidia-container-toolkit::.github/workflows/ci.yaml,NVIDIA/nvidia-container-toolkit,.github/workflows/ci.yaml,NVIDIA_nvidia-container-toolkit__.github__workflows__ci.yaml,complex,no-third-party,no-expr
1,4,0,0,0,49,2,medium,0,3,2,0.0,3.0,0,0,0,1,not set,0,0,0,0,0,0,security-scan,1,NVIDIA/nvidia-container-toolkit::.github/workflows/code_scanning.yaml,NVIDIA/nvidia-container-toolkit,.github/workflows/code_scanning.yaml,NVIDIA_nvidia-container-toolkit__.github__workflows__code_scanning.yaml,medium,unpinned,no-expr
1,8,1,0,0,120,1,low,0,6,4,0.0,3.0,1,1,0,0,not set,7,0,1,1,0,0,ci-test,1,NVIDIA/nvidia-container-toolkit::.github/workflows/e2e.yaml,NVIDIA/nvidia-container-toolkit,.github/workflows/e2e.yaml,NVIDIA_nvidia-container-toolkit__.github__workflows__e2e.yaml,complex,unpinned,expr-no-taint
3,15,0,0,0,114,2,medium,0,9,4,0.0,1.5,1,0,0,1,not set,1,1,1,1,0,0,other,1,NVIDIA/nvidia-container-toolkit::.github/workflows/golang.yaml,NVIDIA/nvidia-container-toolkit,.github/workflows/golang.yaml,NVIDIA_nvidia-container-toolkit__.github__workflows__golang.yaml,complex,unpinned,no-expr
2,12,1,1,0,123,1,low,0,10,3,0.0,5.0,1,1,0,1,not set,1,1,1,0,0,0,other,1,NVIDIA/nvidia-container-toolkit::.github/workflows/image.yaml,NVIDIA/nvidia-container-toolkit,.github/workflows/image.yaml,NVIDIA_nvidia-container-toolkit__.github__workflows__image.yaml,complex,unpinned,expr-no-taint
1,3,0,0,0,38,1,low,0,1,1,0.0,0.5,0,1,0,0,not set,1,1,1,0,0,0,deploy-release,1,NVIDIA/nvidia-container-toolkit::.github/workflows/release.yaml,NVIDIA/nvidia-container-toolkit,.github/workflows/release.yaml,NVIDIA_nvidia-container-toolkit__.github__workflows__release.yaml,simple,unpinned,expr-no-taint
1,1,0,0,0,31,2,low,0,1,1,0.0,1.0,0,0,0,1,not set,0,0,0,0,0,0,other,1,NVIDIA/nvidia-container-toolkit::.github/workflows/stale.yaml,NVIDIA/nvidia-container-toolkit,.github/workflows/stale.yaml,NVIDIA_nvidia-container-toolkit__.github__workflows__stale.yaml,simple,unpinned,no-expr
4,5,0,1,0,134,2,high,1,2,2,0.0,0.6667,1,0,2,0,not set,8,1,1,1,0,0,ci-test,1,NVIDIA/physicsnemo::.github/workflows/blossom-ci.yml,NVIDIA/physicsnemo,.github/workflows/blossom-ci.yml,NVIDIA_physicsnemo__.github__workflows__blossom-ci.yml,complex,unpinned,taint
3,23,0,1,0,206,2,low,0,14,2,0.0,1.5556,1,0,0,0,not set,3,1,1,1,0,1,other,1,NVIDIA/physicsnemo::.github/workflows/github-nightly-container.yml,NVIDIA/physicsnemo,.github/workflows/github-nightly-container.yml,NVIDIA_physicsnemo__.github__workflows__github-nightly-container.yml,complex,unpinned,no-expr
3,26,0,1,0,213,2,low,0,17,2,0.0,1.8889,1,0,0,0,not set,3,1,1,1,0,0,other,1,NVIDIA/physicsnemo::.github/workflows/github-nightly-uv.yml,NVIDIA/physicsnemo,.github/workflows/github-nightly-uv.yml,NVIDIA_physicsnemo__.github__workflows__github-nightly-uv.yml,complex,unpinned,no-expr
3,21,0,1,0,197,2,low,0,14,2,0.0,2.0,1,0,0,0,not set,1,1,1,1,0,1,ci-test,1,NVIDIA/physicsnemo::.github/workflows/github-pr.yml,NVIDIA/physicsnemo,.github/workflows/github-pr.yml,NVIDIA_physicsnemo__.github__workflows__github-pr.yml,complex,unpinned,no-expr
2,10,1,0,0,103,5,medium,0,6,3,0.0,1.5,1,0,0,0,not set,0,0,0,1,0,0,ci-test,1,NVIDIA/physicsnemo::.github/workflows/install-ci.yml,NVIDIA/physicsnemo,.github/workflows/install-ci.yml,NVIDIA_physicsnemo__.github__workflows__install-ci.yml,complex,unpinned,no-expr
1,1,0,0,0,50,1,low,0,1,1,0.0,1.0,0,0,0,1,granular,0,0,0,0,0,0,ci-test,1,NVIDIA/physicsnemo::.github/workflows/merge-queue-blossom-passthrough.yml,NVIDIA/physicsnemo,.github/workflows/merge-queue-blossom-passthrough.yml,NVIDIA_physicsnemo__.github__workflows__merge-queue-blossom-passthrough.yml,simple,unpinned,no-expr
1,4,0,0,0,42,2,medium,0,3,2,0.0,3.0,1,0,0,0,not set,0,0,0,0,0,0,other,1,NVIDIA/physicsnemo::.github/workflows/pre-commit.yml,NVIDIA/physicsnemo,.github/workflows/pre-commit.yml,NVIDIA_physicsnemo__.github__workflows__pre-commit.yml,medium,unpinned,no-expr
1,1,0,0,0,38,2,low,0,1,1,0.0,1.0,0,0,0,1,not set,0,0,0,0,0,0,other,1,NVIDIA/physicsnemo::.github/workflows/stale.yml,NVIDIA/physicsnemo,.github/workflows/stale.yml,NVIDIA_physicsnemo__.github__workflows__stale.yml,simple,unpinned,no-expr
6,13,1,1,0,209,1,low,0,5,2,0.0,0.625,0,1,0,1,not set,0,0,0,1,0,1,ci-test,1,NVIDIA/stdexec::.github/workflows/ci.cpu.yml,NVIDIA/stdexec,.github/workflows/ci.cpu.yml,NVIDIA_stdexec__.github__workflows__ci.cpu.yml,complex,unpinned,expr-no-taint
2,7,1,1,0,135,1,low,0,3,2,0.0,0.75,0,1,0,1,not set,0,0,1,1,0,1,ci-test,1,NVIDIA/stdexec::.github/workflows/ci.gpu.yml,NVIDIA/stdexec,.github/workflows/ci.gpu.yml,NVIDIA_stdexec__.github__workflows__ci.gpu.yml,complex,unpinned,expr-no-taint
1,7,0,0,0,57,2,low,0,4,1,0.0,1.3333,0,1,0,1,granular,0,0,0,0,0,0,deploy-release,1,NVIDIA/stdexec::.github/workflows/gh-pages.yml,NVIDIA/stdexec,.github/workflows/gh-pages.yml,NVIDIA_stdexec__.github__workflows__gh-pages.yml,medium,unpinned,expr-no-taint
1,3,0,0,0,24,2,medium,0,1,1,0.0,0.5,0,0,0,1,not set,0,0,0,0,0,1,code-quality,1,NVIDIA/stdexec::.github/workflows/style.yml,NVIDIA/stdexec,.github/workflows/style.yml,NVIDIA_stdexec__.github__workflows__style.yml,simple,unpinned,no-expr
3,14,1,1,0,331,1,low,0,7,2,1.0,1.0,0,1,0,1,granular,3,1,0,1,0,0,build,1,NVIDIA/warp::.github/workflows/build-warp-builder-images.yml,NVIDIA/warp,.github/workflows/build-warp-builder-images.yml,NVIDIA_warp__.github__workflows__build-warp-builder-images.yml,complex,pinned,expr-no-taint
8,47,1,1,0,349,4,low,0,28,5,0.2857,1.4737,1,0,0,1,granular,0,0,1,1,0,1,ci-test,1,NVIDIA/warp::.github/workflows/ci.yml,NVIDIA/warp,.github/workflows/ci.yml,NVIDIA_warp__.github__workflows__ci.yml,complex,unpinned,no-expr
1,3,1,0,0,55,3,medium,0,3,2,0.0,3.0,0,0,0,1,not set,0,0,0,0,0,0,security-scan,1,NVIDIA/warp::.github/workflows/codeql.yml,NVIDIA/warp,.github/workflows/codeql.yml,NVIDIA_warp__.github__workflows__codeql.yml,complex,unpinned,no-expr
1,2,0,0,0,41,1,low,0,1,1,0.0,1.0,0,1,0,1,not set,1,1,1,0,0,0,deploy-release,1,NVIDIA/warp::.github/workflows/draft-release.yml,NVIDIA/warp,.github/workflows/draft-release.yml,NVIDIA_warp__.github__workflows__draft-release.yml,simple,unpinned,expr-no-taint
2,7,0,0,1,107,1,low,0,3,1,0.0,0.75,0,0,0,1,granular,0,0,0,1,0,0,other,1,NVIDIA/warp::.github/workflows/pr.yml,NVIDIA/warp,.github/workflows/pr.yml,NVIDIA_warp__.github__workflows__pr.yml,medium,unpinned,no-expr
1,7,0,0,0,64,2,low,0,3,2,0.3333,0.75,1,0,0,1,not set,0,0,0,0,0,0,deploy-release,1,NVIDIA/warp::.github/workflows/sphinx.yml,NVIDIA/warp,.github/workflows/sphinx.yml,NVIDIA_warp__.github__workflows__sphinx.yml,medium,unpinned,no-expr
1,6,0,0,0,103,1,low,0,2,2,0.0,0.5,1,1,0,1,not set,1,1,0,0,0,0,deploy-release,1,Tencent/AI-Infra-Guard::.github/workflows/create-release.yml,Tencent/AI-Infra-Guard,.github/workflows/create-release.yml,Tencent_AI-Infra-Guard__.github__workflows__create-release.yml,medium,unpinned,expr-no-taint
1,11,0,0,0,206,2,low,1,7,2,0.0,1.75,0,1,0,1,not set,2,0,0,0,0,0,deploy-release,1,Tencent/AI-Infra-Guard::.github/workflows/docker-publish.yml,Tencent/AI-Infra-Guard,.github/workflows/docker-publish.yml,Tencent_AI-Infra-Guard__.github__workflows__docker-publish.yml,complex,unpinned,expr-no-taint
1,6,0,0,0,133,1,low,1,1,1,0.0,0.2,1,1,0,0,not set,5,0,1,0,0,0,other,1,Tencent/Hippy::.github/workflows/3rd_prebuilt_sqlite.yml,Tencent/Hippy,.github/workflows/3rd_prebuilt_sqlite.yml,Tencent_Hippy__.github__workflows__3rd_prebuilt_sqlite.yml,medium,unpinned,expr-no-taint
6,54,1,1,0,532,1,low,1,8,4,0.0,0.1739,1,1,0,0,not set,5,0,1,1,1,1,other,1,Tencent/Hippy::.github/workflows/3rd_prebuilt_v8.yml,Tencent/Hippy,.github/workflows/3rd_prebuilt_v8.yml,Tencent_Hippy__.github__workflows__3rd_prebuilt_v8.yml,complex,unpinned,expr-no-taint
1,2,1,0,0,55,1,medium,0,1,1,0.0,1.0,0,1,1,0,not set,0,0,0,0,1,1,build,1,Tencent/Hippy::.github/workflows/android_build_tests.yml,Tencent/Hippy,.github/workflows/android_build_tests.yml,Tencent_Hippy__.github__workflows__android_build_tests.yml,complex,unpinned,taint
1,1,1,0,0,43,1,medium,0,0,0,0.0,0.0,0,0,1,0,not set,0,0,0,0,0,0,build,1,Tencent/Hippy::.github/workflows/android_build_tests_bypass.yml,Tencent/Hippy,.github/workflows/android_build_tests_bypass.yml,Tencent_Hippy__.github__workflows__android_build_tests_bypass.yml,complex,no-third-party,no-expr
2,5,1,1,0,88,2,low,1,5,3,0.0,5.0,1,0,0,0,not set,1,1,0,0,1,0,build,1,Tencent/Hippy::.github/workflows/docker_build_image.yml,Tencent/Hippy,.github/workflows/docker_build_image.yml,Tencent_Hippy__.github__workflows__docker_build_image.yml,complex,unpinned,no-expr
1,4,0,0,0,30,1,medium,0,2,1,0.0,1.0,0,0,0,0,not set,0,0,0,0,0,0,code-quality,1,Tencent/Hippy::.github/workflows/docs_markdown_lint.yml,Tencent/Hippy,.github/workflows/docs_markdown_lint.yml,Tencent_Hippy__.github__workflows__docs_markdown_lint.yml,medium,unpinned,no-expr
1,1,0,0,0,20,1,medium,0,0,0,0.0,0.0,0,0,0,0,not set,0,0,0,0,0,0,code-quality,1,Tencent/Hippy::.github/workflows/docs_markdown_lint_bypass.yml,Tencent/Hippy,.github/workflows/docs_markdown_lint_bypass.yml,Tencent_Hippy__.github__workflows__docs_markdown_lint_bypass.yml,simple,no-third-party,no-expr
1,6,1,0,0,43,1,medium,0,3,2,0.0,1.0,0,0,0,0,not set,0,0,0,1,0,0,build,1,Tencent/Hippy::.github/workflows/frontend_build_tests.yml,Tencent/Hippy,.github/workflows/frontend_build_tests.yml,Tencent_Hippy__.github__workflows__frontend_build_tests.yml,complex,unpinned,no-expr
1,1,1,0,0,25,1,medium,0,0,0,0.0,0.0,0,0,0,0,not set,0,0,0,0,0,0,build,1,Tencent/Hippy::.github/workflows/frontend_build_tests_bypass.yml,Tencent/Hippy,.github/workflows/frontend_build_tests_bypass.yml,Tencent_Hippy__.github__workflows__frontend_build_tests_bypass.yml,complex,no-third-party,no-expr
4,4,0,1,1,143,1,high,0,4,2,0.0,4.0,1,0,1,0,not set,6,0,1,1,0,0,ci-test,1,Tencent/Hippy::.github/workflows/gh_action_approve_checks.yml,Tencent/Hippy,.github/workflows/gh_action_approve_checks.yml,Tencent_Hippy__.github__workflows__gh_action_approve_checks.yml,complex,unpinned,taint
5,17,0,1,1,355,1,high,0,13,3,0.0,3.25,1,1,2,0,not set,10,0,1,1,0,0,other,1,Tencent/Hippy::.github/workflows/gh_action_merge.yml,Tencent/Hippy,.github/workflows/gh_action_merge.yml,Tencent_Hippy__.github__workflows__gh_action_merge.yml,complex,unpinned,taint
2,8,0,1,0,282,1,high,0,6,2,0.0,3.0,1,1,2,0,not set,2,0,1,1,1,1,other,1,Tencent/Hippy::.github/workflows/gh_issue_crash_report.yml,Tencent/Hippy,.github/workflows/gh_issue_crash_report.yml,Tencent_Hippy__.github__workflows__gh_issue_crash_report.yml,medium,unpinned,taint
1,2,0,0,0,59,2,medium,1,2,2,0.0,2.0,1,0,0,0,not set,1,1,0,0,0,0,ci-test,1,Tencent/Hippy::.github/workflows/gh_licence_checks.yml,Tencent/Hippy,.github/workflows/gh_licence_checks.yml,Tencent_Hippy__.github__workflows__gh_licence_checks.yml,simple,unpinned,no-expr
1,1,0,0,0,46,1,medium,0,0,0,0.0,0.0,0,0,0,0,not set,0,0,0,0,0,0,ci-test,1,Tencent/Hippy::.github/workflows/gh_licence_checks_bypass.yml,Tencent/Hippy,.github/workflows/gh_licence_checks_bypass.yml,Tencent_Hippy__.github__workflows__gh_licence_checks_bypass.yml,simple,no-third-party,no-expr
1,2,0,0,0,59,2,low,0,2,2,0.0,2.0,1,0,0,1,not set,2,0,0,1,0,0,other,1,Tencent/Hippy::.github/workflows/gh_mark_and_close_stalled.yml,Tencent/Hippy,.github/workflows/gh_mark_and_close_stalled.yml,Tencent_Hippy__.github__workflows__gh_mark_and_close_stalled.yml,simple,unpinned,no-expr
5,6,0,1,1,206,1,medium,0,5,2,0.0,5.0,1,0,0,0,not set,6,0,1,1,0,0,other,1,Tencent/Hippy::.github/workflows/gh_pr_auto_merger.yml,Tencent/Hippy,.github/workflows/gh_pr_auto_merger.yml,Tencent_Hippy__.github__workflows__gh_pr_auto_merger.yml,complex,unpinned,no-expr
1,1,0,0,0,64,2,high,0,1,1,0.0,1.0,0,0,0,0,not set,1,0,0,1,0,0,other,1,Tencent/Hippy::.github/workflows/gh_pr_auto_updater.yml,Tencent/Hippy,.github/workflows/gh_pr_auto_updater.yml,Tencent_Hippy__.github__workflows__gh_pr_auto_updater.yml,simple,unpinned,no-expr
5,6,0,1,1,123,2,high,0,3,2,0.0,1.0,1,1,0,0,not set,2,0,1,1,0,0,ci-test,1,Tencent/Hippy::.github/workflows/gh_pr_checks_approval.yml,Tencent/Hippy,.github/workflows/gh_pr_checks_approval.yml,Tencent_Hippy__.github__workflows__gh_pr_checks_approval.yml,complex,unpinned,expr-no-taint
2,4,0,0,0,105,2,high,0,4,2,0.0,4.0,1,0,2,0,not set,6,0,1,1,0,0,other,1,Tencent/Hippy::.github/workflows/gh_pr_guide.yml,Tencent/Hippy,.github/workflows/gh_pr_guide.yml,Tencent_Hippy__.github__workflows__gh_pr_guide.yml,medium,unpinned,taint
1,2,0,0,0,34,1,high,0,2,2,0.0,2.0,1,0,0,1,granular,2,1,0,1,0,0,other,1,Tencent/Hippy::.github/workflows/gh_pr_labeler.yml,Tencent/Hippy,.github/workflows/gh_pr_labeler.yml,Tencent_Hippy__.github__workflows__gh_pr_labeler.yml,simple,unpinned,no-expr
1,1,0,0,0,34,1,high,0,0,0,0.0,0.0,0,0,0,0,not set,0,0,1,1,0,0,other,1,Tencent/Hippy::.github/workflows/gh_pr_merge_guard.yml,Tencent/Hippy,.github/workflows/gh_pr_merge_guard.yml,Tencent_Hippy__.github__workflows__gh_pr_merge_guard.yml,simple,no-third-party,no-expr
1,2,0,0,0,21,1,low,0,1,1,0.0,1.0,0,0,0,0,not set,0,0,1,1,0,0,other,1,Tencent/Hippy::.github/workflows/gh_pr_review.yml,Tencent/Hippy,.github/workflows/gh_pr_review.yml,Tencent_Hippy__.github__workflows__gh_pr_review.yml,simple,unpinned,no-expr
4,6,0,1,1,196,4,high,0,5,3,0.0,5.0,1,0,1,0,not set,9,0,1,1,0,0,other,1,Tencent/Hippy::.github/workflows/gh_pr_review_notification.yml,Tencent/Hippy,.github/workflows/gh_pr_review_notification.yml,Tencent_Hippy__.github__workflows__gh_pr_review_notification.yml,complex,unpinned,taint
1,4,0,0,0,95,2,low,0,4,2,0.0,4.0,1,0,0,0,not set,4,0,1,1,0,0,other,1,Tencent/Hippy::.github/workflows/gh_runners_monitor.yml,Tencent/Hippy,.github/workflows/gh_runners_monitor.yml,Tencent_Hippy__.github__workflows__gh_runners_monitor.yml,medium,unpinned,no-expr
1,1,0,0,0,74,2,low,0,1,1,0.0,1.0,0,0,0,0,not set,1,0,0,1,0,0,other,1,Tencent/Hippy::.github/workflows/gh_webhook_retrier.yml,Tencent/Hippy,.github/workflows/gh_webhook_retrier.yml,Tencent_Hippy__.github__workflows__gh_webhook_retrier.yml,simple,unpinned,no-expr
1,4,0,0,0,23,1,medium,0,2,1,0.0,1.0,0,1,0,0,not set,0,0,0,0,0,0,code-quality,1,Tencent/Hippy::.github/workflows/git_commit_lint.yml,Tencent/Hippy,.github/workflows/git_commit_lint.yml,Tencent_Hippy__.github__workflows__git_commit_lint.yml,medium,unpinned,expr-no-taint
1,4,0,0,0,115,1,low,1,0,0,0.0,0.0,0,1,0,0,not set,5,0,0,1,0,0,other,1,Tencent/Hippy::.github/workflows/hip_archive_artifact.yml,Tencent/Hippy,.github/workflows/hip_archive_artifact.yml,Tencent_Hippy__.github__workflows__hip_archive_artifact.yml,medium,no-third-party,expr-no-taint
1,2,0,0,0,72,1,low,1,0,0,0.0,0.0,0,1,0,0,not set,5,0,0,0,0,0,other,1,Tencent/Hippy::.github/workflows/hip_info_artifacts.yml,Tencent/Hippy,.github/workflows/hip_info_artifacts.yml,Tencent_Hippy__.github__workflows__hip_info_artifacts.yml,simple,no-third-party,expr-no-taint
1,2,1,0,0,45,1,medium,0,1,1,0.0,1.0,0,1,1,0,not set,0,0,0,0,0,0,build,1,Tencent/Hippy::.github/workflows/ios_build_tests.yml,Tencent/Hippy,.github/workflows/ios_build_tests.yml,Tencent_Hippy__.github__workflows__ios_build_tests.yml,complex,unpinned,taint
1,1,1,0,0,39,1,medium,0,0,0,0.0,0.0,0,0,1,0,not set,0,0,0,0,0,0,build,1,Tencent/Hippy::.github/workflows/ios_build_tests_bypass.yml,Tencent/Hippy,.github/workflows/ios_build_tests_bypass.yml,Tencent_Hippy__.github__workflows__ios_build_tests_bypass.yml,complex,no-third-party,no-expr
3,7,1,1,0,158,1,low,1,2,1,0.0,0.4,0,1,1,0,not set,0,0,0,1,1,1,other,1,Tencent/Hippy::.github/workflows/project_artifact_compare.yml,Tencent/Hippy,.github/workflows/project_artifact_compare.yml,Tencent_Hippy__.github__workflows__project_artifact_compare.yml,complex,unpinned,taint
4,15,1,1,0,213,1,low,1,6,2,0.0,0.6667,1,1,1,0,not set,20,1,1,1,0,1,deploy-release,1,Tencent/Hippy::.github/workflows/project_artifact_release.yml,Tencent/Hippy,.github/workflows/project_artifact_release.yml,Tencent_Hippy__.github__workflows__project_artifact_release.yml,complex,unpinned,taint
2,7,1,1,0,134,1,low,1,2,2,0.0,0.4,1,1,1,0,not set,17,1,1,1,0,1,other,1,Tencent/Hippy::.github/workflows/project_artifact_snapshot.yml,Tencent/Hippy,.github/workflows/project_artifact_snapshot.yml,Tencent_Hippy__.github__workflows__project_artifact_snapshot.yml,complex,unpinned,taint
1,2,0,0,0,22,1,medium,0,2,1,0.0,2.0,0,0,0,1,granular,0,0,0,0,0,0,dependency-management,1,Tencent/Hippy::.github/workflows/project_dependency_review.yml,Tencent/Hippy,.github/workflows/project_dependency_review.yml,Tencent_Hippy__.github__workflows__project_dependency_review.yml,simple,unpinned,no-expr
2,2,0,1,0,104,1,low,0,2,1,0.0,2.0,0,0,0,0,not set,0,0,1,1,0,0,ci-test,1,Tencent/Hippy::.github/workflows/reuse_approve_checks_run.yml,Tencent/Hippy,.github/workflows/reuse_approve_checks_run.yml,Tencent_Hippy__.github__workflows__reuse_approve_checks_run.yml,medium,unpinned,no-expr
1,1,0,0,0,59,1,low,0,1,1,0.0,1.0,0,0,0,0,not set,0,0,0,0,0,0,other,1,Tencent/Hippy::.github/workflows/reuse_classify_commits.yml,Tencent/Hippy,.github/workflows/reuse_classify_commits.yml,Tencent_Hippy__.github__workflows__reuse_classify_commits.yml,simple,unpinned,no-expr
1,2,0,0,0,67,1,low,0,1,1,0.0,1.0,0,0,0,0,not set,0,0,0,0,0,0,other,1,Tencent/Hippy::.github/workflows/reuse_get_workflow_output.yml,Tencent/Hippy,.github/workflows/reuse_get_workflow_output.yml,Tencent_Hippy__.github__workflows__reuse_get_workflow_output.yml,simple,unpinned,no-expr
4,11,1,1,0,156,4,medium,0,6,2,0.0,1.2,0,0,1,1,granular,0,0,0,1,1,1,security-scan,1,Tencent/Hippy::.github/workflows/security_codeql_analyses.yml,Tencent/Hippy,.github/workflows/security_codeql_analyses.yml,Tencent_Hippy__.github__workflows__security_codeql_analyses.yml,complex,unpinned,no-expr
6,23,0,0,0,107,1,medium,0,12,2,0.0,1.0909,1,0,1,0,not set,0,0,0,0,0,0,build,1,Tencent/Hippy::.github/workflows/voltron_build_tests.yml,Tencent/Hippy,.github/workflows/voltron_build_tests.yml,Tencent_Hippy__.github__workflows__voltron_build_tests.yml,complex,unpinned,no-expr
5,5,0,0,0,56,1,medium,0,0,0,0.0,0.0,0,0,1,0,not set,0,0,0,0,0,0,build,1,Tencent/Hippy::.github/workflows/voltron_build_tests_bypass.yml,Tencent/Hippy,.github/workflows/voltron_build_tests_bypass.yml,Tencent_Hippy__.github__workflows__voltron_build_tests_bypass.yml,complex,no-third-party,no-expr
9,43,1,1,0,204,3,medium,0,16,3,0.0,2.3077,1,0,0,0,not set,0,0,0,1,0,0,build,1,Tencent/Shadow::.github/workflows/check-build-test.yml,Tencent/Shadow,.github/workflows/check-build-test.yml,Tencent_Shadow__.github__workflows__check-build-test.yml,complex,unpinned,no-expr
1,4,0,1,0,24,1,low,0,1,1,0.0,3.0,0,0,0,0,not set,1,1,1,0,0,0,deploy-release,1,Tencent/Shadow::.github/workflows/release.yml,Tencent/Shadow,.github/workflows/release.yml,Tencent_Shadow__.github__workflows__release.yml,medium,unpinned,no-expr
2,5,0,1,0,32,2,medium,0,2,1,0.0,0.6667,0,0,0,0,not set,0,0,0,1,0,0,other,1,Tencent/TNN::.github/workflows/android-arm-cpu.yml,Tencent/TNN,.github/workflows/android-arm-cpu.yml,Tencent_TNN__.github__workflows__android-arm-cpu.yml,medium,unpinned,no-expr
2,4,0,1,0,30,2,medium,0,2,1,0.0,1.0,0,0,0,0,not set,0,0,0,1,0,0,other,1,Tencent/TNN::.github/workflows/ios-cpu.yml,Tencent/TNN,.github/workflows/ios-cpu.yml,Tencent_TNN__.github__workflows__ios-cpu.yml,medium,unpinned,no-expr
2,4,0,1,0,30,2,medium,0,2,1,0.0,1.0,0,0,0,0,not set,0,0,0,1,0,0,other,1,Tencent/TNN::.github/workflows/linux-x86-cpu-gcc.yml,Tencent/TNN,.github/workflows/linux-x86-cpu-gcc.yml,Tencent_TNN__.github__workflows__linux-x86-cpu-gcc.yml,medium,unpinned,no-expr
2,5,0,1,0,32,2,medium,0,2,1,0.0,0.6667,0,0,0,0,not set,0,0,0,1,0,0,other,1,Tencent/TNN::.github/workflows/macos-x64-cpu.yml,Tencent/TNN,.github/workflows/macos-x64-cpu.yml,Tencent_TNN__.github__workflows__macos-x64-cpu.yml,medium,unpinned,no-expr
1,1,0,0,0,16,1,low,0,1,1,0.0,1.0,1,0,0,0,not set,1,1,1,0,0,0,deploy-release,1,Tencent/TNN::.github/workflows/release-drafter.yml,Tencent/TNN,.github/workflows/release-drafter.yml,Tencent_TNN__.github__workflows__release-drafter.yml,simple,unpinned,no-expr
18,71,0,1,0,617,1,low,0,50,3,0.0,2.381,1,1,0,0,not set,15,1,1,0,0,1,deploy-release,1,Tencent/TNN::.github/workflows/release.yml,Tencent/TNN,.github/workflows/release.yml,Tencent_TNN__.github__workflows__release.yml,complex,unpinned,expr-no-taint
11,35,0,1,0,298,2,medium,0,12,1,0.0,1.6923,0,1,0,0,not set,0,1,1,0,0,0,build,1,Tencent/Tendis::.github/workflows/Tendis-CI.yml,Tencent/Tendis,.github/workflows/Tendis-CI.yml,Tencent_Tendis__.github__workflows__Tendis-CI.yml,complex,unpinned,expr-no-taint
5,32,1,1,0,260,1,low,0,28,4,0.0,7.0,1,1,0,0,not set,26,0,0,0,0,0,build,1,Tencent/WeKnora::.github/workflows/docker-image.yml,Tencent/WeKnora,.github/workflows/docker-image.yml,Tencent_WeKnora__.github__workflows__docker-image.yml,complex,unpinned,expr-no-taint
1,5,1,0,0,37,2,medium,0,2,1,0.0,0.6667,0,0,0,0,not set,0,0,0,0,0,0,build,1,Tencent/cherry-markdown::.github/workflows/build.yml,Tencent/cherry-markdown,.github/workflows/build.yml,Tencent_cherry-markdown__.github__workflows__build.yml,complex,unpinned,no-expr
1,6,0,0,0,42,1,low,0,3,2,0.0,1.0,1,0,0,0,not set,1,1,0,0,0,0,deploy-release,1,Tencent/cherry-markdown::.github/workflows/github-pages.yml,Tencent/cherry-markdown,.github/workflows/github-pages.yml,Tencent_cherry-markdown__.github__workflows__github-pages.yml,medium,unpinned,no-expr
1,2,0,0,0,15,1,medium,0,2,2,0.0,2.0,1,0,0,0,not set,0,0,0,0,0,0,other,1,Tencent/cherry-markdown::.github/workflows/pr-compressed-size.yml,Tencent/cherry-markdown,.github/workflows/pr-compressed-size.yml,Tencent_cherry-markdown__.github__workflows__pr-compressed-size.yml,simple,unpinned,no-expr
1,0,0,0,1,6,1,medium,0,0,0,0.0,0.0,0,0,0,0,not set,0,0,0,0,0,0,ci-test,1,Tencent/cherry-markdown::.github/workflows/pr-spell-check.yml,Tencent/cherry-markdown,.github/workflows/pr-spell-check.yml,Tencent_cherry-markdown__.github__workflows__pr-spell-check.yml,simple,no-third-party,no-expr
1,11,0,0,0,141,1,medium,0,4,1,0.0,0.5714,0,1,0,1,granular,0,0,0,1,0,0,deploy-release,1,Tencent/cherry-markdown::.github/workflows/pr_merge_cherry-markdown_npm-dev.yml,Tencent/cherry-markdown,.github/workflows/pr_merge_cherry-markdown_npm-dev.yml,Tencent_cherry-markdown__.github__workflows__pr_merge_cherry-markdown_npm-dev.yml,complex,unpinned,expr-no-taint
2,19,1,1,0,340,1,high,0,13,3,0.0,2.1667,1,1,0,1,granular,1,1,0,1,0,0,deploy-release,1,Tencent/cherry-markdown::.github/workflows/pr_merge_client_dev_preview.yml,Tencent/cherry-markdown,.github/workflows/pr_merge_client_dev_preview.yml,Tencent_cherry-markdown__.github__workflows__pr_merge_client_dev_preview.yml,complex,unpinned,expr-no-taint
1,6,0,0,0,90,1,high,0,3,1,0.0,1.0,0,0,0,1,granular,2,1,1,1,0,0,deploy-release,1,Tencent/cherry-markdown::.github/workflows/pr_merge_vscode_plugin_dev_preview.yml,Tencent/cherry-markdown,.github/workflows/pr_merge_vscode_plugin_dev_preview.yml,Tencent_cherry-markdown__.github__workflows__pr_merge_vscode_plugin_dev_preview.yml,medium,unpinned,no-expr
1,8,0,0,0,41,1,medium,0,4,1,0.0,1.0,0,1,0,0,not set,0,0,0,0,0,0,build,1,Tencent/cherry-markdown::.github/workflows/pr_preview-build.yml,Tencent/cherry-markdown,.github/workflows/pr_preview-build.yml,Tencent_cherry-markdown__.github__workflows__pr_preview-build.yml,medium,unpinned,expr-no-taint
1,5,0,0,0,24,1,medium,0,2,1,0.0,0.6667,0,0,0,0,not set,0,0,0,0,0,0,other,1,Tencent/cherry-markdown::.github/workflows/pr_preview-pkg.yml,Tencent/cherry-markdown,.github/workflows/pr_preview-pkg.yml,Tencent_cherry-markdown__.github__workflows__pr_preview-pkg.yml,medium,unpinned,no-expr
2,8,0,0,0,90,1,medium,0,5,2,0.0,1.6667,1,1,0,0,not set,3,0,0,1,0,0,deploy-release,1,Tencent/cherry-markdown::.github/workflows/pr_preview-publish.yml,Tencent/cherry-markdown,.github/workflows/pr_preview-publish.yml,Tencent_cherry-markdown__.github__workflows__pr_preview-publish.yml,medium,unpinned,expr-no-taint
1,5,0,0,0,35,1,low,0,3,1,0.0,1.5,0,0,0,1,granular,0,0,0,0,0,0,deploy-release,1,Tencent/cherry-markdown::.github/workflows/release-cherry-markdown-build.yaml,Tencent/cherry-markdown,.github/workflows/release-cherry-markdown-build.yaml,Tencent_cherry-markdown__.github__workflows__release-cherry-markdown-build.yaml,medium,unpinned,no-expr
1,10,1,0,0,101,1,low,0,7,3,0.0,2.3333,1,1,0,1,not set,4,1,0,1,0,0,deploy-release,1,Tencent/cherry-markdown::.github/workflows/release-client-build.yaml,Tencent/cherry-markdown,.github/workflows/release-client-build.yaml,Tencent_cherry-markdown__.github__workflows__release-client-build.yaml,complex,unpinned,expr-no-taint
1,5,0,0,0,42,1,low,0,2,1,0.0,0.6667,0,0,0,0,not set,1,0,1,0,0,0,deploy-release,1,Tencent/cherry-markdown::.github/workflows/release-vscode-plugin-build.yaml,Tencent/cherry-markdown,.github/workflows/release-vscode-plugin-build.yaml,Tencent_cherry-markdown__.github__workflows__release-vscode-plugin-build.yaml,medium,unpinned,no-expr
5,6,0,1,1,78,1,low,0,3,2,0.0,1.0,1,1,0,0,not set,2,0,1,1,0,0,deploy-release,1,Tencent/cherry-markdown::.github/workflows/release.yaml,Tencent/cherry-markdown,.github/workflows/release.yaml,Tencent_cherry-markdown__.github__workflows__release.yaml,complex,unpinned,expr-no-taint
2,3,0,0,0,35,2,low,0,3,2,0.0,3.0,1,0,0,0,not set,2,0,1,1,0,0,other,1,Tencent/cherry-markdown::.github/workflows/sync_to_cnb.yml,Tencent/cherry-markdown,.github/workflows/sync_to_cnb.yml,Tencent_cherry-markdown__.github__workflows__sync_to_cnb.yml,medium,unpinned,no-expr
1,4,0,0,0,26,1,medium,0,2,1,0.0,1.0,0,0,0,0,not set,0,0,0,0,0,0,ci-test,1,Tencent/cherry-markdown::.github/workflows/test.yml,Tencent/cherry-markdown,.github/workflows/test.yml,Tencent_cherry-markdown__.github__workflows__test.yml,medium,unpinned,no-expr
1,11,0,0,0,83,2,medium,0,7,3,0.0,1.75,1,0,0,0,not set,1,0,0,1,0,0,ci-test,1,Tencent/libpag::.github/workflows/autotest.yml,Tencent/libpag,.github/workflows/autotest.yml,Tencent_libpag__.github__workflows__autotest.yml,complex,unpinned,no-expr
7,68,0,0,0,485,2,medium,0,45,6,0.0,1.9565,1,1,0,0,not set,0,0,0,1,0,0,build,1,Tencent/libpag::.github/workflows/build.yml,Tencent/libpag,.github/workflows/build.yml,Tencent_libpag__.github__workflows__build.yml,complex,unpinned,expr-no-taint
2,19,0,0,0,160,2,medium,0,2,1,0.0,0.1176,0,1,0,1,granular,0,0,0,0,0,0,other,1,Tencent/ncnn::.github/workflows/android.yml,Tencent/ncnn,.github/workflows/android.yml,Tencent_ncnn__.github__workflows__android.yml,complex,unpinned,expr-no-taint
3,3,0,1,0,110,1,medium,0,2,1,0.0,2.0,0,0,3,1,granular,0,1,1,1,0,0,code-quality,1,Tencent/ncnn::.github/workflows/code-format-msg.yml,Tencent/ncnn,.github/workflows/code-format-msg.yml,Tencent_ncnn__.github__workflows__code-format-msg.yml,medium,unpinned,taint
1,11,0,0,0,101,2,medium,0,4,2,0.0,0.5714,1,0,0,1,granular,0,0,0,1,0,1,code-quality,1,Tencent/ncnn::.github/workflows/code-format.yml,Tencent/ncnn,.github/workflows/code-format.yml,Tencent_ncnn__.github__workflows__code-format.yml,complex,unpinned,no-expr
1,5,1,0,0,84,3,medium,0,4,2,0.0,4.0,0,0,0,1,granular,0,0,0,1,0,0,security-scan,1,Tencent/ncnn::.github/workflows/codeql-analysis.yml,Tencent/ncnn,.github/workflows/codeql-analysis.yml,Tencent_ncnn__.github__workflows__codeql-analysis.yml,complex,unpinned,no-expr
1,5,0,0,0,151,1,medium,0,1,1,0.0,0.25,0,0,0,1,granular,2,0,1,1,0,0,other,1,Tencent/ncnn::.github/workflows/compare-binary-size-pr-comment.yml,Tencent/ncnn,.github/workflows/compare-binary-size-pr-comment.yml,Tencent_ncnn__.github__workflows__compare-binary-size-pr-comment.yml,medium,unpinned,no-expr
1,5,0,0,0,100,1,medium,0,3,1,0.0,1.5,0,1,0,1,granular,0,0,0,0,0,0,other,1,Tencent/ncnn::.github/workflows/compare-binary-size.yml,Tencent/ncnn,.github/workflows/compare-binary-size.yml,Tencent_ncnn__.github__workflows__compare-binary-size.yml,medium,unpinned,expr-no-taint
1,3,0,0,0,91,2,medium,0,1,1,0.0,0.5,0,0,0,1,granular,0,0,0,0,1,0,other,1,Tencent/ncnn::.github/workflows/elf-riscv32.yml,Tencent/ncnn,.github/workflows/elf-riscv32.yml,Tencent_ncnn__.github__workflows__elf-riscv32.yml,simple,unpinned,no-expr
1,3,0,0,0,91,2,medium,0,1,1,0.0,0.5,0,0,0,1,granular,0,0,0,0,1,0,other,1,Tencent/ncnn::.github/workflows/elf-riscv64.yml,Tencent/ncnn,.github/workflows/elf-riscv64.yml,Tencent_ncnn__.github__workflows__elf-riscv64.yml,simple,unpinned,no-expr
1,6,0,0,0,69,2,medium,0,3,1,0.0,1.0,0,0,0,1,granular,0,0,0,0,0,0,other,1,Tencent/ncnn::.github/workflows/esp32.yml,Tencent/ncnn,.github/workflows/esp32.yml,Tencent_ncnn__.github__workflows__esp32.yml,medium,unpinned,no-expr
1,7,0,0,0,90,2,medium,0,1,1,0.0,0.1667,0,1,0,1,granular,0,0,0,0,1,0,other,1,Tencent/ncnn::.github/workflows/harmonyos.yml,Tencent/ncnn,.github/workflows/harmonyos.yml,Tencent_ncnn__.github__workflows__harmonyos.yml,medium,unpinned,expr-no-taint
1,11,0,0,0,159,2,medium,0,2,1,0.0,0.2222,0,1,0,1,granular,0,0,0,1,0,0,other,1,Tencent/ncnn::.github/workflows/ios.yml,Tencent/ncnn,.github/workflows/ios.yml,Tencent_ncnn__.github__workflows__ios.yml,complex,unpinned,expr-no-taint
1,1,0,0,0,12,1,high,0,1,1,0.0,1.0,0,0,0,1,granular,0,0,0,0,0,0,other,1,Tencent/ncnn::.github/workflows/labeler.yml,Tencent/ncnn,.github/workflows/labeler.yml,Tencent_ncnn__.github__workflows__labeler.yml,simple,unpinned,no-expr
3,19,0,0,0,107,2,medium,0,3,1,0.0,0.1875,0,0,0,1,granular,0,0,0,0,0,0,other,1,Tencent/ncnn::.github/workflows/linux-aarch64.yml,Tencent/ncnn,.github/workflows/linux-aarch64.yml,Tencent_ncnn__.github__workflows__linux-aarch64.yml,complex,unpinned,no-expr
3,18,0,0,0,122,2,medium,0,3,1,0.0,0.2,0,0,0,1,granular,0,0,0,0,0,0,other,1,Tencent/ncnn::.github/workflows/linux-arm.yml,Tencent/ncnn,.github/workflows/linux-arm.yml,Tencent_ncnn__.github__workflows__linux-arm.yml,complex,unpinned,no-expr
1,3,0,0,0,60,2,medium,0,1,1,0.0,0.5,0,0,0,1,granular,0,0,0,0,1,0,other,1,Tencent/ncnn::.github/workflows/linux-loongarch64.yml,Tencent/ncnn,.github/workflows/linux-loongarch64.yml,Tencent_ncnn__.github__workflows__linux-loongarch64.yml,simple,unpinned,no-expr
2,8,0,0,0,74,2,medium,0,2,1,0.0,0.3333,0,0,0,1,granular,0,0,0,0,0,0,other,1,Tencent/ncnn::.github/workflows/linux-mips.yml,Tencent/ncnn,.github/workflows/linux-mips.yml,Tencent_ncnn__.github__workflows__linux-mips.yml,medium,unpinned,no-expr
2,8,0,0,0,74,2,medium,0,2,1,0.0,0.3333,0,0,0,1,granular,0,0,0,0,0,0,other,1,Tencent/ncnn::.github/workflows/linux-mips64.yml,Tencent/ncnn,.github/workflows/linux-mips64.yml,Tencent_ncnn__.github__workflows__linux-mips64.yml,medium,unpinned,no-expr
4,16,0,0,0,114,2,medium,0,4,1,0.0,0.3333,0,0,0,1,granular,0,0,0,0,0,0,other,1,Tencent/ncnn::.github/workflows/linux-ppc64.yml,Tencent/ncnn,.github/workflows/linux-ppc64.yml,Tencent_ncnn__.github__workflows__linux-ppc64.yml,complex,unpinned,no-expr
1,3,1,0,0,62,2,medium,0,1,1,0.0,0.5,0,1,0,1,granular,0,0,0,0,1,0,other,1,Tencent/ncnn::.github/workflows/linux-riscv32.yml,Tencent/ncnn,.github/workflows/linux-riscv32.yml,Tencent_ncnn__.github__workflows__linux-riscv32.yml,complex,unpinned,expr-no-taint
5,26,1,0,0,377,2,medium,0,7,1,0.0,0.3684,0,1,0,1,granular,0,0,0,1,1,0,other,1,Tencent/ncnn::.github/workflows/linux-riscv64.yml,Tencent/ncnn,.github/workflows/linux-riscv64.yml,Tencent_ncnn__.github__workflows__linux-riscv64.yml,complex,unpinned,expr-no-taint
2,19,0,0,0,128,2,medium,0,2,1,0.0,0.1176,0,0,0,1,granular,0,0,0,0,0,0,other,1,Tencent/ncnn::.github/workflows/linux-x64-cpu-clang.yml,Tencent/ncnn,.github/workflows/linux-x64-cpu-clang.yml,Tencent_ncnn__.github__workflows__linux-x64-cpu-clang.yml,complex,unpinned,no-expr
1,5,0,0,0,67,2,medium,0,2,2,0.0,0.6667,1,0,0,1,granular,0,0,0,0,0,0,other,1,Tencent/ncnn::.github/workflows/linux-x64-cpu-gcc-musl.yml,Tencent/ncnn,.github/workflows/linux-x64-cpu-gcc-musl.yml,Tencent_ncnn__.github__workflows__linux-x64-cpu-gcc-musl.yml,medium,unpinned,no-expr
4,28,0,0,0,148,2,medium,0,4,1,0.0,0.1667,0,0,0,1,granular,0,0,0,0,1,0,other,1,Tencent/ncnn::.github/workflows/linux-x64-cpu-gcc.yml,Tencent/ncnn,.github/workflows/linux-x64-cpu-gcc.yml,Tencent_ncnn__.github__workflows__linux-x64-cpu-gcc.yml,complex,unpinned,no-expr
1,7,0,0,0,91,2,medium,0,3,1,0.0,0.75,0,0,0,1,granular,0,0,0,1,1,0,other,1,Tencent/ncnn::.github/workflows/linux-x64-gpu-clang.yml,Tencent/ncnn,.github/workflows/linux-x64-gpu-clang.yml,Tencent_ncnn__.github__workflows__linux-x64-gpu-clang.yml,medium,unpinned,no-expr
3,14,0,0,0,127,2,medium,0,5,1,0.0,0.5556,0,0,0,1,granular,0,0,0,1,1,0,other,1,Tencent/ncnn::.github/workflows/linux-x64-gpu-gcc.yml,Tencent/ncnn,.github/workflows/linux-x64-gpu-gcc.yml,Tencent_ncnn__.github__workflows__linux-x64-gpu-gcc.yml,complex,unpinned,no-expr
1,13,0,0,0,85,2,medium,0,2,2,0.0,0.1818,1,0,0,1,granular,0,0,0,0,0,0,other,1,Tencent/ncnn::.github/workflows/linux-x64-sde.yml,Tencent/ncnn,.github/workflows/linux-x64-sde.yml,Tencent_ncnn__.github__workflows__linux-x64-sde.yml,complex,unpinned,no-expr
1,8,0,0,0,67,2,medium,0,1,1,0.0,0.1429,0,0,0,1,granular,0,0,0,0,0,0,other,1,Tencent/ncnn::.github/workflows/linux-x86-cpu-clang.yml,Tencent/ncnn,.github/workflows/linux-x86-cpu-clang.yml,Tencent_ncnn__.github__workflows__linux-x86-cpu-clang.yml,medium,unpinned,no-expr
1,10,0,0,0,65,2,medium,0,1,1,0.0,0.1111,0,0,0,1,granular,0,0,0,0,0,0,other,1,Tencent/ncnn::.github/workflows/linux-x86-cpu-gcc.yml,Tencent/ncnn,.github/workflows/linux-x86-cpu-gcc.yml,Tencent_ncnn__.github__workflows__linux-x86-cpu-gcc.yml,complex,unpinned,no-expr
1,9,0,0,0,138,2,medium,0,2,1,0.0,0.2857,0,1,0,1,granular,0,0,0,1,0,0,other,1,Tencent/ncnn::.github/workflows/mac-catalyst.yml,Tencent/ncnn,.github/workflows/mac-catalyst.yml,Tencent_ncnn__.github__workflows__mac-catalyst.yml,medium,unpinned,expr-no-taint
1,16,0,0,0,189,2,medium,0,4,1,0.0,0.3333,0,1,0,1,granular,0,0,0,1,0,0,other,1,Tencent/ncnn::.github/workflows/macos.yml,Tencent/ncnn,.github/workflows/macos.yml,Tencent_ncnn__.github__workflows__macos.yml,complex,unpinned,expr-no-taint
3,33,1,1,0,369,2,medium,0,20,2,0.0,1.5385,1,1,0,1,granular,0,0,1,1,1,0,other,1,Tencent/ncnn::.github/workflows/pnnx.yml,Tencent/ncnn,.github/workflows/pnnx.yml,Tencent_ncnn__.github__workflows__pnnx.yml,complex,unpinned,expr-no-taint
1,13,1,0,0,126,2,medium,0,4,1,0.0,0.4444,0,0,0,1,granular,0,0,0,1,0,0,other,1,Tencent/ncnn::.github/workflows/python.yml,Tencent/ncnn,.github/workflows/python.yml,Tencent_ncnn__.github__workflows__python.yml,complex,unpinned,no-expr
4,32,1,1,0,334,2,low,0,19,3,0.0,1.4615,1,1,0,1,not set,1,0,1,1,0,0,deploy-release,1,Tencent/ncnn::.github/workflows/release-python.yml,Tencent/ncnn,.github/workflows/release-python.yml,Tencent_ncnn__.github__workflows__release-python.yml,complex,unpinned,expr-no-taint
28,217,1,1,0,2259,1,low,0,77,3,0.0,0.55,1,1,0,1,granular,1,1,1,1,0,0,deploy-release,1,Tencent/ncnn::.github/workflows/release.yml,Tencent/ncnn,.github/workflows/release.yml,Tencent_ncnn__.github__workflows__release.yml,complex,unpinned,expr-no-taint
1,2,0,0,0,32,1,low,0,1,1,0.0,1.0,0,1,0,1,granular,1,0,0,0,0,0,other,1,Tencent/ncnn::.github/workflows/sync-wiki.yml,Tencent/ncnn,.github/workflows/sync-wiki.yml,Tencent_ncnn__.github__workflows__sync-wiki.yml,simple,unpinned,expr-no-taint
9,62,1,0,0,584,2,medium,0,20,2,0.0,0.4762,0,1,0,1,granular,9,0,0,1,1,0,ci-test,1,Tencent/ncnn::.github/workflows/test-coverage.yml,Tencent/ncnn,.github/workflows/test-coverage.yml,Tencent_ncnn__.github__workflows__test-coverage.yml,complex,unpinned,expr-no-taint
1,13,0,0,0,175,2,medium,0,2,1,0.0,0.1818,0,1,0,1,granular,0,0,0,1,0,0,other,1,Tencent/ncnn::.github/workflows/tvos.yml,Tencent/ncnn,.github/workflows/tvos.yml,Tencent_ncnn__.github__workflows__tvos.yml,complex,unpinned,expr-no-taint
1,11,0,0,0,155,2,medium,0,2,1,0.0,0.2222,0,1,0,1,granular,0,0,0,1,0,0,other,1,Tencent/ncnn::.github/workflows/visionos.yml,Tencent/ncnn,.github/workflows/visionos.yml,Tencent_ncnn__.github__workflows__visionos.yml,complex,unpinned,expr-no-taint
1,13,0,0,0,169,2,medium,0,2,1,0.0,0.1818,0,1,0,1,granular,0,0,0,1,0,0,other,1,Tencent/ncnn::.github/workflows/watchos.yml,Tencent/ncnn,.github/workflows/watchos.yml,Tencent_ncnn__.github__workflows__watchos.yml,complex,unpinned,expr-no-taint
1,8,0,0,0,76,2,medium,0,1,1,0.0,0.1429,0,0,0,1,granular,0,0,0,0,0,0,other,1,Tencent/ncnn::.github/workflows/web-assembly.yml,Tencent/ncnn,.github/workflows/web-assembly.yml,Tencent_ncnn__.github__workflows__web-assembly.yml,medium,unpinned,no-expr
3,11,1,0,0,117,2,medium,0,4,2,0.0,0.5714,1,1,0,1,granular,0,0,0,0,0,1,other,1,Tencent/ncnn::.github/workflows/windows-arm.yml,Tencent/ncnn,.github/workflows/windows-arm.yml,Tencent_ncnn__.github__workflows__windows-arm.yml,complex,unpinned,expr-no-taint
1,9,0,0,0,87,2,medium,0,1,1,0.0,0.125,0,1,0,1,granular,0,0,0,0,0,0,other,1,Tencent/ncnn::.github/workflows/windows-clang.yml,Tencent/ncnn,.github/workflows/windows-clang.yml,Tencent_ncnn__.github__workflows__windows-clang.yml,medium,unpinned,expr-no-taint
1,4,0,0,0,59,2,medium,0,1,1,0.0,0.3333,0,1,0,1,granular,0,0,0,0,0,0,other,1,Tencent/ncnn::.github/workflows/windows-mingw.yml,Tencent/ncnn,.github/workflows/windows-mingw.yml,Tencent_ncnn__.github__workflows__windows-mingw.yml,medium,unpinned,expr-no-taint
3,14,0,0,0,116,2,medium,0,3,1,0.0,0.2727,0,1,0,1,granular,0,0,0,0,0,0,other,1,Tencent/ncnn::.github/workflows/windows-xp.yml,Tencent/ncnn,.github/workflows/windows-xp.yml,Tencent_ncnn__.github__workflows__windows-xp.yml,complex,unpinned,expr-no-taint
1,18,1,0,0,172,2,medium,0,5,2,0.0,0.3846,1,1,0,1,granular,0,0,0,1,0,0,other,1,Tencent/ncnn::.github/workflows/windows.yml,Tencent/ncnn,.github/workflows/windows.yml,Tencent_ncnn__.github__workflows__windows.yml,complex,unpinned,expr-no-taint
5,27,1,1,0,362,3,medium,1,12,1,0.0,0.8,0,1,0,0,not set,1,0,0,1,0,0,build,1,Tencent/puerts::.github/workflows/build_nuget.yml,Tencent/puerts,.github/workflows/build_nuget.yml,Tencent_puerts__.github__workflows__build_nuget.yml,complex,unpinned,expr-no-taint
1,2,1,0,0,27,2,medium,0,2,2,0.0,2.0,1,0,0,0,not set,0,0,0,0,0,0,code-quality,1,Tencent/puerts::.github/workflows/clang-format-check.yml,Tencent/puerts,.github/workflows/clang-format-check.yml,Tencent_puerts__.github__workflows__clang-format-check.yml,complex,unpinned,no-expr
1,2,0,0,0,22,1,low,0,1,1,0.0,1.0,0,1,0,0,not set,1,0,0,0,0,0,other,1,Tencent/puerts::.github/workflows/cnb_sync.yml,Tencent/puerts,.github/workflows/cnb_sync.yml,Tencent_puerts__.github__workflows__cnb_sync.yml,simple,unpinned,expr-no-taint
7,53,0,0,0,324,3,medium,1,9,1,0.0,16.6667,0,0,0,0,not set,41,1,0,0,0,0,build,1,Tencent/puerts::.github/workflows/unity_build_plugins.yml,Tencent/puerts,.github/workflows/unity_build_plugins.yml,Tencent_puerts__.github__workflows__unity_build_plugins.yml,complex,unpinned,no-expr
5,11,0,0,0,82,1,low,1,5,1,0.0,10.0,0,0,0,0,not set,5,1,0,0,0,0,build,1,Tencent/puerts::.github/workflows/unity_build_plugins_custom.yml,Tencent/puerts,.github/workflows/unity_build_plugins_custom.yml,Tencent_puerts__.github__workflows__unity_build_plugins_custom.yml,complex,unpinned,no-expr
1,2,0,0,0,23,1,low,1,1,1,0.0,1.0,0,1,0,0,not set,0,0,0,0,0,0,deploy-release,1,Tencent/puerts::.github/workflows/unity_openupm_publish.yml,Tencent/puerts,.github/workflows/unity_openupm_publish.yml,Tencent_puerts__.github__workflows__unity_openupm_publish.yml,simple,unpinned,expr-no-taint
8,65,0,1,0,437,1,low,1,19,1,0.0,12.0,0,0,0,0,not set,51,1,1,0,0,0,deploy-release,1,Tencent/puerts::.github/workflows/unity_publish.yml,Tencent/puerts,.github/workflows/unity_publish.yml,Tencent_puerts__.github__workflows__unity_publish.yml,complex,unpinned,no-expr
5,37,0,1,0,447,3,medium,0,19,4,0.0,1.0556,1,1,0,0,not set,12,0,0,1,0,0,ci-test,1,Tencent/puerts::.github/workflows/unity_unittest.yml,Tencent/puerts,.github/workflows/unity_unittest.yml,Tencent_puerts__.github__workflows__unity_unittest.yml,complex,unpinned,expr-no-taint
4,13,1,1,0,131,3,medium,0,5,2,0.0,0.625,1,1,0,0,not set,0,0,0,0,0,0,ci-test,1,Tencent/puerts::.github/workflows/unreal_ci.yml,Tencent/puerts,.github/workflows/unreal_ci.yml,Tencent_puerts__.github__workflows__unreal_ci.yml,complex,unpinned,expr-no-taint
1,8,0,0,0,148,1,low,1,7,1,0.0,7.0,0,1,0,0,not set,6,1,1,0,0,0,deploy-release,1,Tencent/puerts::.github/workflows/unreal_publish.yml,Tencent/puerts,.github/workflows/unreal_publish.yml,Tencent_puerts__.github__workflows__unreal_publish.yml,medium,unpinned,expr-no-taint
2,6,1,1,0,92,2,medium,0,4,2,0.0,2.0,0,1,0,0,not set,1,0,1,1,0,0,ci-test,1,Tencent/spring-cloud-tencent::.github/workflows/junit.yml,Tencent/spring-cloud-tencent,.github/workflows/junit.yml,Tencent_spring-cloud-tencent__.github__workflows__junit.yml,complex,unpinned,expr-no-taint
1,2,0,0,0,35,2,medium,0,2,2,0.0,2.0,1,0,0,0,not set,0,0,0,0,0,0,ci-test,1,Tencent/spring-cloud-tencent::.github/workflows/license-checker.yml,Tencent/spring-cloud-tencent,.github/workflows/license-checker.yml,Tencent_spring-cloud-tencent__.github__workflows__license-checker.yml,simple,unpinned,no-expr
1,3,0,0,0,28,1,low,0,2,1,0.0,2.0,0,1,0,0,not set,4,0,1,0,0,0,deploy-release,1,Tencent/spring-cloud-tencent::.github/workflows/release.yml,Tencent/spring-cloud-tencent,.github/workflows/release.yml,Tencent_spring-cloud-tencent__.github__workflows__release.yml,simple,unpinned,expr-no-taint
3,6,0,1,0,81,1,low,0,3,1,0.0,1.0,0,1,0,0,not set,2,0,1,1,0,0,other,1,Tencent/spring-cloud-tencent::.github/workflows/snapshot.yml,Tencent/spring-cloud-tencent,.github/workflows/snapshot.yml,Tencent_spring-cloud-tencent__.github__workflows__snapshot.yml,medium,unpinned,expr-no-taint
1,5,0,0,0,24,1,low,0,3,2,0.0,1.5,1,0,0,0,not set,1,0,1,1,0,0,deploy-release,1,Tencent/tdesign::.github/workflows/auto-release-collection.yml,Tencent/tdesign,.github/workflows/auto-release-collection.yml,Tencent_tdesign__.github__workflows__auto-release-collection.yml,medium,unpinned,no-expr
11,0,0,0,1,72,1,low,0,0,0,0.0,0.0,0,0,0,0,not set,11,0,0,0,0,0,other,1,Tencent/tdesign::.github/workflows/file-copy-repos.yml,Tencent/tdesign,.github/workflows/file-copy-repos.yml,Tencent_tdesign__.github__workflows__file-copy-repos.yml,complex,no-third-party,no-expr
1,1,0,0,0,31,1,low,0,1,1,0.0,1.0,1,0,0,0,not set,1,0,0,0,0,0,other,1,Tencent/tdesign::.github/workflows/file-copy.yml,Tencent/tdesign,.github/workflows/file-copy.yml,Tencent_tdesign__.github__workflows__file-copy.yml,simple,unpinned,no-expr
1,1,0,0,0,18,1,high,0,1,1,0.0,1.0,1,0,0,0,not set,1,1,0,1,0,0,other,1,Tencent/tdesign::.github/workflows/issue-assignees.temp.yml,Tencent/tdesign,.github/workflows/issue-assignees.temp.yml,Tencent_tdesign__.github__workflows__issue-assignees.temp.yml,simple,unpinned,no-expr
1,1,0,0,0,22,1,high,0,1,1,0.0,1.0,1,0,0,1,not set,0,0,0,1,0,0,other,1,Tencent/tdesign::.github/workflows/issue-help-wanted.temp.yml,Tencent/tdesign,.github/workflows/issue-help-wanted.temp.yml,Tencent_tdesign__.github__workflows__issue-help-wanted.temp.yml,simple,unpinned,no-expr
1,1,0,0,0,19,1,high,0,1,1,0.0,1.0,1,0,0,0,not set,1,1,0,0,0,0,other,1,Tencent/tdesign::.github/workflows/issue-mark-duplicate.temp.yml,Tencent/tdesign,.github/workflows/issue-mark-duplicate.temp.yml,Tencent_tdesign__.github__workflows__issue-mark-duplicate.temp.yml,simple,unpinned,no-expr
1,1,0,0,0,21,1,high,0,1,1,0.0,1.0,1,0,0,0,not set,0,0,0,1,0,0,other,1,Tencent/tdesign::.github/workflows/issue-reply.temp.yml,Tencent/tdesign,.github/workflows/issue-reply.temp.yml,Tencent_tdesign__.github__workflows__issue-reply.temp.yml,simple,unpinned,no-expr
1,1,0,0,0,17,1,high,0,1,1,0.0,1.0,1,0,0,0,not set,2,1,0,0,0,0,other,1,Tencent/tdesign::.github/workflows/issue-synchronize.temp.yml,Tencent/tdesign,.github/workflows/issue-synchronize.temp.yml,Tencent_tdesign__.github__workflows__issue-synchronize.temp.yml,simple,unpinned,no-expr
1,2,0,0,0,21,2,low,0,2,2,0.0,2.0,1,0,0,0,not set,2,0,0,1,0,0,other,1,Tencent/tdesign::.github/workflows/issues-dailyclose-schedule.yml,Tencent/tdesign,.github/workflows/issues-dailyclose-schedule.yml,Tencent_tdesign__.github__workflows__issues-dailyclose-schedule.yml,simple,unpinned,no-expr
1,2,0,0,0,21,2,low,0,2,2,0.0,2.0,1,0,0,0,not set,2,0,0,1,0,0,other,1,Tencent/tdesign::.github/workflows/issues-dailynew-schedule.yml,Tencent/tdesign,.github/workflows/issues-dailynew-schedule.yml,Tencent_tdesign__.github__workflows__issues-dailynew-schedule.yml,simple,unpinned,no-expr
1,2,0,0,0,21,2,low,0,2,2,0.0,2.0,1,0,0,0,not set,2,0,0,1,0,0,other,1,Tencent/tdesign::.github/workflows/issues-statistics-schedule.yml,Tencent/tdesign,.github/workflows/issues-statistics-schedule.yml,Tencent_tdesign__.github__workflows__issues-statistics-schedule.yml,simple,unpinned,no-expr
2,15,0,0,0,64,2,medium,0,8,2,0.0,1.1429,1,1,0,0,not set,0,0,0,1,0,0,deploy-release,1,Tencent/tdesign::.github/workflows/pkg-pr-new.yml,Tencent/tdesign,.github/workflows/pkg-pr-new.yml,Tencent_tdesign__.github__workflows__pkg-pr-new.yml,complex,unpinned,expr-no-taint
1,2,0,0,0,14,1,medium,0,2,2,0.0,2.0,1,0,0,0,not set,0,0,0,0,0,0,ci-test,1,Tencent/tdesign::.github/workflows/pr-spelling.template.yml,Tencent/tdesign,.github/workflows/pr-spelling.template.yml,Tencent_tdesign__.github__workflows__pr-spelling.template.yml,simple,unpinned,no-expr
10,61,0,1,0,357,1,medium,0,22,4,0.0,0.5641,1,1,0,0,not set,9,0,0,1,0,0,deploy-release,1,Tencent/tdesign::.github/workflows/preview-publish.yml,Tencent/tdesign,.github/workflows/preview-publish.yml,Tencent_tdesign__.github__workflows__preview-publish.yml,complex,unpinned,expr-no-taint
2,11,0,0,0,91,1,low,0,6,2,0.0,1.2,1,1,0,0,not set,4,1,0,1,0,0,other,1,Tencent/tdesign::.github/workflows/preview.yml,Tencent/tdesign,.github/workflows/preview.yml,Tencent_tdesign__.github__workflows__preview.yml,complex,unpinned,expr-no-taint
2,8,0,1,0,48,2,medium,0,4,3,0.0,1.0,1,0,1,1,granular,1,0,0,1,0,0,deploy-release,1,Tencent/tdesign::.github/workflows/publish-site-components.yml,Tencent/tdesign,.github/workflows/publish-site-components.yml,Tencent_tdesign__.github__workflows__publish-site-components.yml,medium,unpinned,no-expr
1,7,0,0,0,36,2,medium,0,3,2,0.0,0.75,1,0,1,1,granular,0,0,0,1,0,0,deploy-release,1,Tencent/tdesign::.github/workflows/publish-theme-generator.yml,Tencent/tdesign,.github/workflows/publish-theme-generator.yml,Tencent_tdesign__.github__workflows__publish-theme-generator.yml,medium,unpinned,no-expr
2,13,0,0,0,75,1,low,0,6,2,0.0,0.8571,1,1,0,0,not set,2,0,0,1,0,0,deploy-release,1,Tencent/tdesign::.github/workflows/publish.yml,Tencent/tdesign,.github/workflows/publish.yml,Tencent_tdesign__.github__workflows__publish.yml,complex,unpinned,expr-no-taint
2,8,0,1,0,40,1,medium,0,4,2,0.0,1.0,1,1,0,0,not set,1,0,0,1,0,0,other,1,Tencent/tdesign::.github/workflows/pull-request.yml,Tencent/tdesign,.github/workflows/pull-request.yml,Tencent_tdesign__.github__workflows__pull-request.yml,medium,unpinned,expr-no-taint
1,5,0,0,0,27,2,low,0,2,1,0.0,0.6667,0,1,0,0,not set,1,0,0,1,0,0,other,1,Tencent/tdesign::.github/workflows/service-update-schedule.yml,Tencent/tdesign,.github/workflows/service-update-schedule.yml,Tencent_tdesign__.github__workflows__service-update-schedule.yml,medium,unpinned,expr-no-taint
4,25,0,0,0,139,1,low,0,14,2,0.0,1.2727,0,1,0,0,not set,1,0,0,1,0,0,build,1,Tencent/tdesign::.github/workflows/test-build.yml,Tencent/tdesign,.github/workflows/test-build.yml,Tencent_tdesign__.github__workflows__test-build.yml,complex,unpinned,expr-no-taint
1,3,0,0,0,31,1,medium,0,2,2,0.0,2.0,1,0,0,0,not set,1,0,0,1,0,0,other,1,Tencent/tdesign-vue-next::.github/workflows/auto-changelog-callback.yml,Tencent/tdesign-vue-next,.github/workflows/auto-changelog-callback.yml,Tencent_tdesign-vue-next__.github__workflows__auto-changelog-callback.yml,simple,unpinned,no-expr
3,4,0,0,0,46,3,high,0,3,2,0.0,3.0,1,1,1,0,not set,4,0,0,1,0,0,other,1,Tencent/tdesign-vue-next::.github/workflows/auto-changelog.yml,Tencent/tdesign-vue-next,.github/workflows/auto-changelog.yml,Tencent_tdesign-vue-next__.github__workflows__auto-changelog.yml,medium,unpinned,taint
3,16,0,0,0,92,1,low,0,9,2,0.0,1.2857,1,1,0,0,not set,3,0,0,1,0,0,deploy-release,1,Tencent/tdesign-vue-next::.github/workflows/auto-publish.yml,Tencent/tdesign-vue-next,.github/workflows/auto-publish.yml,Tencent_tdesign-vue-next__.github__workflows__auto-publish.yml,complex,unpinned,expr-no-taint
1,7,0,0,0,37,1,medium,0,5,3,0.0,2.5,1,0,1,1,granular,1,0,0,1,0,0,deploy-release,1,Tencent/tdesign-vue-next::.github/workflows/auto-release.yml,Tencent/tdesign-vue-next,.github/workflows/auto-release.yml,Tencent_tdesign-vue-next__.github__workflows__auto-release.yml,medium,unpinned,no-expr
1,1,0,0,0,17,1,high,0,1,1,0.0,1.0,1,0,0,0,not set,1,1,0,0,0,0,other,1,Tencent/tdesign-vue-next::.github/workflows/issue-assignees.temp.yml,Tencent/tdesign-vue-next,.github/workflows/issue-assignees.temp.yml,Tencent_tdesign-vue-next__.github__workflows__issue-assignees.temp.yml,simple,unpinned,no-expr
1,1,0,0,0,22,1,high,0,1,1,0.0,1.0,1,0,0,1,not set,0,0,0,1,0,0,other,1,Tencent/tdesign-vue-next::.github/workflows/issue-help-wanted.temp.yml,Tencent/tdesign-vue-next,.github/workflows/issue-help-wanted.temp.yml,Tencent_tdesign-vue-next__.github__workflows__issue-help-wanted.temp.yml,simple,unpinned,no-expr
1,4,0,0,0,50,1,high,0,3,3,0.0,3.0,1,1,0,0,not set,1,1,0,1,0,0,other,1,Tencent/tdesign-vue-next::.github/workflows/issue-label.yml,Tencent/tdesign-vue-next,.github/workflows/issue-label.yml,Tencent_tdesign-vue-next__.github__workflows__issue-label.yml,medium,unpinned,expr-no-taint
1,1,0,0,0,19,1,high,0,1,1,0.0,1.0,1,0,0,0,not set,1,1,0,0,0,0,other,1,Tencent/tdesign-vue-next::.github/workflows/issue-mark-duplicate.temp.yml,Tencent/tdesign-vue-next,.github/workflows/issue-mark-duplicate.temp.yml,Tencent_tdesign-vue-next__.github__workflows__issue-mark-duplicate.temp.yml,simple,unpinned,no-expr
1,1,0,0,0,21,1,high,0,1,1,0.0,1.0,1,0,0,0,not set,0,0,0,1,0,0,other,1,Tencent/tdesign-vue-next::.github/workflows/issue-reply.temp.yml,Tencent/tdesign-vue-next,.github/workflows/issue-reply.temp.yml,Tencent_tdesign-vue-next__.github__workflows__issue-reply.temp.yml,simple,unpinned,no-expr
1,1,0,0,0,17,1,high,0,1,1,0.0,1.0,1,0,0,0,not set,2,1,0,0,0,0,other,1,Tencent/tdesign-vue-next::.github/workflows/issue-synchronize.temp.yml,Tencent/tdesign-vue-next,.github/workflows/issue-synchronize.temp.yml,Tencent_tdesign-vue-next__.github__workflows__issue-synchronize.temp.yml,simple,unpinned,no-expr
1,8,0,0,0,34,2,medium,0,4,2,0.0,1.0,1,0,1,0,not set,0,0,0,1,0,0,other,1,Tencent/tdesign-vue-next::.github/workflows/pkg-pr-new.yml,Tencent/tdesign-vue-next,.github/workflows/pkg-pr-new.yml,Tencent_tdesign-vue-next__.github__workflows__pkg-pr-new.yml,medium,unpinned,no-expr
4,32,0,1,0,313,1,high,0,11,2,0.0,0.5238,1,1,0,0,not set,6,0,1,1,0,0,ci-test,1,Tencent/tdesign-vue-next::.github/workflows/pr-comment-ci.yml,Tencent/tdesign-vue-next,.github/workflows/pr-comment-ci.yml,Tencent_tdesign-vue-next__.github__workflows__pr-comment-ci.yml,complex,unpinned,expr-no-taint
1,2,0,0,0,13,1,medium,0,2,2,0.0,2.0,1,0,0,0,not set,0,0,0,0,0,0,ci-test,1,Tencent/tdesign-vue-next::.github/workflows/pr-spelling.template.yml,Tencent/tdesign-vue-next,.github/workflows/pr-spelling.template.yml,Tencent_tdesign-vue-next__.github__workflows__pr-spelling.template.yml,simple,unpinned,no-expr
2,14,0,0,0,62,1,medium,0,9,2,0.0,1.8,1,1,0,0,not set,0,0,0,0,0,0,build,1,Tencent/tdesign-vue-next::.github/workflows/preview-build.yml,Tencent/tdesign-vue-next,.github/workflows/preview-build.yml,Tencent_tdesign-vue-next__.github__workflows__preview-build.yml,complex,unpinned,expr-no-taint
4,10,0,1,0,143,1,medium,0,5,3,0.0,1.0,1,1,0,0,not set,3,0,0,1,0,0,deploy-release,1,Tencent/tdesign-vue-next::.github/workflows/preview-publish.yml,Tencent/tdesign-vue-next,.github/workflows/preview-publish.yml,Tencent_tdesign-vue-next__.github__workflows__preview-publish.yml,complex,unpinned,expr-no-taint
1,1,0,0,0,16,1,high,0,1,1,0.0,1.0,1,0,0,0,not set,1,0,1,0,0,0,other,1,Tencent/tdesign-vue-next::.github/workflows/project-issue-trigger.yml,Tencent/tdesign-vue-next,.github/workflows/project-issue-trigger.yml,Tencent_tdesign-vue-next__.github__workflows__project-issue-trigger.yml,simple,unpinned,no-expr
1,1,0,0,0,18,1,high,0,1,1,0.0,1.0,1,0,0,0,not set,1,0,1,0,0,0,other,1,Tencent/tdesign-vue-next::.github/workflows/project-label-trigger.yml,Tencent/tdesign-vue-next,.github/workflows/project-label-trigger.yml,Tencent_tdesign-vue-next__.github__workflows__project-label-trigger.yml,simple,unpinned,no-expr
1,1,0,0,0,18,1,high,0,1,1,0.0,1.0,1,0,0,0,not set,1,0,1,0,0,0,other,1,Tencent/tdesign-vue-next::.github/workflows/project-pr-trigger.yml,Tencent/tdesign-vue-next,.github/workflows/project-pr-trigger.yml,Tencent_tdesign-vue-next__.github__workflows__project-pr-trigger.yml,simple,unpinned,no-expr
5,26,0,0,0,184,2,medium,0,14,2,0.0,1.1667,1,0,0,0,not set,0,0,0,0,0,0,other,1,Tencent/tdesign-vue-next::.github/workflows/pull-request.yml,Tencent/tdesign-vue-next,.github/workflows/pull-request.yml,Tencent_tdesign-vue-next__.github__workflows__pull-request.yml,complex,unpinned,no-expr
1,10,0,0,0,50,2,low,0,4,3,0.0,0.6667,1,0,0,0,not set,1,1,1,0,0,0,documentation,1,Tencent/tmagic-editor::.github/workflows/pages.yml,Tencent/tmagic-editor,.github/workflows/pages.yml,Tencent_tmagic-editor__.github__workflows__pages.yml,complex,unpinned,no-expr
1,4,0,0,0,32,1,low,0,2,1,0.0,1.0,0,0,0,0,not set,2,0,1,0,0,0,deploy-release,1,Tencent/wujie::.github/workflows/main.yml,Tencent/wujie,.github/workflows/main.yml,Tencent_wujie__.github__workflows__main.yml,medium,unpinned,no-expr
8,42,0,0,0,228,1,low,0,30,3,0.0,2.5,1,0,0,0,not set,0,0,0,0,0,0,build,1,Tencent/xLua::.github/workflows/build.yml,Tencent/xLua,.github/workflows/build.yml,Tencent_xLua__.github__workflows__build.yml,complex,unpinned,no-expr
9,50,0,1,0,300,1,low,1,37,3,0.0,2.8462,1,1,0,0,not set,4,1,1,0,0,0,deploy-release,1,Tencent/xLua::.github/workflows/publish.yml,Tencent/xLua,.github/workflows/publish.yml,Tencent_xLua__.github__workflows__publish.yml,complex,unpinned,expr-no-taint
1,7,1,0,0,35,3,medium,0,3,2,0.0,0.75,0,1,0,1,granular,0,0,0,0,0,0,build,1,apple/axlearn::.github/workflows/build.yml,apple/axlearn,.github/workflows/build.yml,apple_axlearn__.github__workflows__build.yml,complex,unpinned,expr-no-taint
1,9,0,0,0,44,2,medium,0,2,1,0.0,0.2857,0,0,0,1,granular,0,0,0,0,0,0,other,1,apple/axlearn::.github/workflows/pre-commit.yml,apple/axlearn,.github/workflows/pre-commit.yml,apple_axlearn__.github__workflows__pre-commit.yml,medium,unpinned,no-expr
1,1,0,0,0,25,1,low,0,1,1,0.0,1.0,0,0,0,1,granular,0,0,0,0,0,0,other,1,apple/axlearn::.github/workflows/stale.yml,apple/axlearn,.github/workflows/stale.yml,apple_axlearn__.github__workflows__stale.yml,simple,unpinned,no-expr
2,15,0,1,0,145,1,low,0,7,1,0.7143,0.875,0,1,0,1,granular,0,0,0,1,1,0,other,1,apple/container::.github/workflows/common.yml,apple/container,.github/workflows/common.yml,apple_container__.github__workflows__common.yml,complex,pinned,expr-no-taint
3,2,0,1,1,44,1,low,0,1,1,0.0,1.0,0,1,0,1,granular,0,0,0,1,0,0,deploy-release,1,apple/container::.github/workflows/docs-release.yml,apple/container,.github/workflows/docs-release.yml,apple_container__.github__workflows__docs-release.yml,medium,unpinned,expr-no-taint
1,0,0,0,1,22,1,low,0,0,0,0.0,0.0,0,0,0,1,granular,0,0,0,0,0,0,build,1,apple/container::.github/workflows/merge-build.yml,apple/container,.github/workflows/merge-build.yml,apple_container__.github__workflows__merge-build.yml,simple,no-third-party,no-expr
2,1,0,0,1,49,1,medium,0,0,0,0.0,0.0,0,1,0,1,granular,0,1,1,0,0,0,build,1,apple/container::.github/workflows/pr-build.yml,apple/container,.github/workflows/pr-build.yml,apple_container__.github__workflows__pr-build.yml,medium,no-third-party,expr-no-taint
1,2,0,0,0,26,1,medium,0,1,1,1.0,1.0,0,1,0,1,granular,0,0,0,0,0,0,other,1,apple/container::.github/workflows/pr-label-analysis.yml,apple/container,.github/workflows/pr-label-analysis.yml,apple_container__.github__workflows__pr-label-analysis.yml,simple,pinned,expr-no-taint
1,4,0,0,0,47,1,medium,0,3,1,1.0,3.0,0,0,0,1,granular,2,1,0,1,0,0,other,1,apple/container::.github/workflows/pr-label-apply.yml,apple/container,.github/workflows/pr-label-apply.yml,apple_container__.github__workflows__pr-label-apply.yml,medium,pinned,no-expr
2,3,0,1,1,57,1,low,0,2,2,0.5,2.0,1,0,0,1,granular,0,1,0,1,0,0,deploy-release,1,apple/container::.github/workflows/release-build.yml,apple/container,.github/workflows/release-build.yml,apple_container__.github__workflows__release-build.yml,medium,pinned,no-expr
2,3,0,1,1,57,1,low,0,2,2,0.5,2.0,1,0,0,1,granular,0,1,0,1,0,0,deploy-release,1,apple/container::.github/workflows/release.yml,apple/container,.github/workflows/release.yml,apple_container__.github__workflows__release.yml,medium,pinned,no-expr
1,6,0,0,0,71,1,low,1,4,2,0.25,2.0,0,1,0,1,granular,1,1,0,1,0,0,deploy-release,1,apple/containerization::.github/workflows/build-test-images.yml,apple/containerization,.github/workflows/build-test-images.yml,apple_containerization__.github__workflows__build-test-images.yml,medium,unpinned,expr-no-taint
2,15,0,1,0,129,1,low,0,6,1,0.8333,0.6667,0,1,0,1,granular,0,1,1,1,1,0,build,1,apple/containerization::.github/workflows/containerization-build-template.yml,apple/containerization,.github/workflows/containerization-build-template.yml,apple_containerization__.github__workflows__containerization-build-template.yml,complex,pinned,expr-no-taint
2,1,0,0,1,51,2,medium,0,0,0,0.0,0.0,0,1,0,1,granular,0,1,1,1,0,0,build,1,apple/containerization::.github/workflows/containerization-build.yml,apple/containerization,.github/workflows/containerization-build.yml,apple_containerization__.github__workflows__containerization-build.yml,medium,no-third-party,expr-no-taint
3,2,0,1,1,44,1,low,0,1,1,0.0,1.0,0,1,0,1,granular,0,0,0,1,0,0,deploy-release,1,apple/containerization::.github/workflows/docs-release.yaml,apple/containerization,.github/workflows/docs-release.yaml,apple_containerization__.github__workflows__docs-release.yaml,medium,unpinned,expr-no-taint
3,2,0,1,1,57,1,low,0,2,2,0.0,2.0,1,0,0,1,granular,0,1,0,1,0,0,deploy-release,1,apple/containerization::.github/workflows/release.yml,apple/containerization,.github/workflows/release.yml,apple_containerization__.github__workflows__release.yml,medium,unpinned,no-expr
5,27,1,1,0,199,4,medium,1,16,4,0.0,1.4545,1,0,0,1,granular,0,0,0,1,0,0,build,1,apple/embedding-atlas::.github/workflows/ci.yml,apple/embedding-atlas,.github/workflows/ci.yml,apple_embedding-atlas__.github__workflows__ci.yml,complex,unpinned,no-expr
1,6,0,0,0,41,3,medium,0,2,2,0.0,0.5,1,0,0,0,not set,0,0,0,0,0,0,ci-test,1,apple/foundationdb::.github/workflows/windows-boost-test.yml,apple/foundationdb,.github/workflows/windows-boost-test.yml,apple_foundationdb__.github__workflows__windows-boost-test.yml,medium,unpinned,no-expr
5,14,0,0,0,55,2,medium,0,7,2,0.0,1.0,1,0,0,1,granular,0,0,0,0,0,0,code-quality,1,apple/password-manager-resources::.github/workflows/lint.yml,apple/password-manager-resources,.github/workflows/lint.yml,apple_password-manager-resources__.github__workflows__lint.yml,complex,unpinned,no-expr
1,8,0,0,0,34,1,low,0,8,4,1.0,8.0,1,0,0,1,empty,0,0,0,1,0,0,other,1,apple/pkl::.github/workflows/__lockfile__.yml,apple/pkl,.github/workflows/__lockfile__.yml,apple_pkl__.github__workflows____lockfile__.yml,medium,pinned,no-expr
18,127,0,1,0,826,1,low,0,100,3,1.0,3.7037,1,1,0,1,granular,0,0,0,1,1,1,build,1,apple/pkl::.github/workflows/build.yml,apple/pkl,.github/workflows/build.yml,apple_pkl__.github__workflows__build.yml,complex,pinned,expr-no-taint
20,135,0,1,0,912,1,low,0,106,3,1.0,3.6552,1,1,0,1,granular,7,0,1,1,1,1,build,1,apple/pkl::.github/workflows/main.yml,apple/pkl,.github/workflows/main.yml,apple_pkl__.github__workflows__main.yml,complex,pinned,expr-no-taint
16,112,0,0,0,755,1,medium,0,84,2,1.0,3.0,0,1,63,1,granular,0,0,0,1,1,1,other,1,apple/pkl::.github/workflows/prb.yml,apple/pkl,.github/workflows/prb.yml,apple_pkl__.github__workflows__prb.yml,complex,pinned,taint
19,129,0,1,0,863,1,low,0,101,3,1.0,3.6071,1,1,0,1,granular,2,0,1,1,1,1,deploy-release,1,apple/pkl::.github/workflows/release-branch.yml,apple/pkl,.github/workflows/release-branch.yml,apple_pkl__.github__workflows__release-branch.yml,complex,pinned,expr-no-taint
21,137,0,1,0,939,1,low,0,107,3,1.0,3.5667,1,1,0,1,granular,7,1,1,1,1,1,deploy-release,1,apple/pkl::.github/workflows/release.yml,apple/pkl,.github/workflows/release.yml,apple_pkl__.github__workflows__release.yml,complex,pinned,expr-no-taint
1,2,0,0,0,34,1,medium,0,2,2,1.0,2.0,1,0,0,1,granular,0,0,0,1,0,0,ci-test,1,apple/pkl::.github/workflows/test_report.yml,apple/pkl,.github/workflows/test_report.yml,apple_pkl__.github__workflows__test_report.yml,simple,pinned,no-expr
3,3,0,0,1,32,1,medium,0,1,1,0.0,0.5,0,0,0,1,granular,0,0,0,0,0,0,other,1,apple/swift-algorithms::.github/workflows/pull_request.yml,apple/swift-algorithms,.github/workflows/pull_request.yml,apple_swift-algorithms__.github__workflows__pull_request.yml,medium,unpinned,no-expr
4,8,0,0,1,63,1,medium,0,2,1,0.0,0.3333,0,0,0,1,granular,0,0,0,0,0,1,other,1,apple/swift-argument-parser::.github/workflows/pull_request.yml,apple/swift-argument-parser,.github/workflows/pull_request.yml,apple_swift-argument-parser__.github__workflows__pull_request.yml,complex,unpinned,no-expr
2,0,0,0,1,24,1,medium,0,0,0,0.0,0.0,0,0,0,1,granular,0,0,0,0,0,0,other,1,apple/swift-async-algorithms::.github/workflows/pull_request.yml,apple/swift-async-algorithms,.github/workflows/pull_request.yml,apple_swift-async-algorithms__.github__workflows__pull_request.yml,medium,no-third-party,no-expr
3,0,0,0,1,48,1,medium,0,0,0,0.0,0.0,0,0,0,1,granular,0,0,0,0,0,0,other,1,apple/swift-collections::.github/workflows/pull_request.yml,apple/swift-collections,.github/workflows/pull_request.yml,apple_swift-collections__.github__workflows__pull_request.yml,medium,no-third-party,no-expr
9,0,0,1,1,83,2,low,0,0,0,0.0,0.0,0,0,0,1,granular,0,0,0,0,0,0,other,1,apple/swift-log::.github/workflows/main.yml,apple/swift-log,.github/workflows/main.yml,apple_swift-log__.github__workflows__main.yml,complex,no-third-party,no-expr
10,0,0,1,1,90,1,medium,0,0,0,0.0,0.0,0,0,0,1,granular,0,0,0,0,0,0,other,1,apple/swift-log::.github/workflows/pull_request.yml,apple/swift-log,.github/workflows/pull_request.yml,apple_swift-log__.github__workflows__pull_request.yml,complex,no-third-party,no-expr
1,2,0,0,0,21,1,medium,0,2,2,0.0,2.0,1,0,0,1,granular,0,0,0,0,0,0,other,1,apple/swift-log::.github/workflows/pull_request_label.yml,apple/swift-log,.github/workflows/pull_request_label.yml,apple_swift-log__.github__workflows__pull_request_label.yml,simple,unpinned,no-expr
2,2,0,1,1,66,1,low,0,1,1,1.0,1.0,0,1,0,1,granular,0,0,0,0,0,0,other,1,apple/swift-nio::.github/workflows/android_swift_sdk.yml,apple/swift-nio,.github/workflows/android_swift_sdk.yml,apple_swift-nio__.github__workflows__android_swift_sdk.yml,medium,pinned,expr-no-taint
2,2,0,1,1,125,1,low,0,1,1,1.0,1.0,0,1,0,1,granular,0,0,1,0,0,0,other,1,apple/swift-nio::.github/workflows/benchmarks.yml,apple/swift-nio,.github/workflows/benchmarks.yml,apple_swift-nio__.github__workflows__benchmarks.yml,medium,pinned,expr-no-taint
1,4,0,0,0,53,1,low,0,1,1,1.0,0.3333,0,1,0,1,granular,0,0,0,0,0,1,build,1,apple/swift-nio::.github/workflows/cmake_tests.yml,apple/swift-nio,.github/workflows/cmake_tests.yml,apple_swift-nio__.github__workflows__cmake_tests.yml,medium,pinned,expr-no-taint
2,2,0,1,1,128,1,low,0,1,1,1.0,1.0,0,1,0,1,granular,0,0,1,0,0,0,other,1,apple/swift-nio::.github/workflows/cxx_interop.yml,apple/swift-nio,.github/workflows/cxx_interop.yml,apple_swift-nio__.github__workflows__cxx_interop.yml,medium,pinned,expr-no-taint
2,6,1,1,0,176,1,low,0,2,1,1.0,0.5,0,1,0,1,granular,0,0,1,1,1,0,other,1,apple/swift-nio::.github/workflows/macos_benchmarks.yml,apple/swift-nio,.github/workflows/macos_benchmarks.yml,apple_swift-nio__.github__workflows__macos_benchmarks.yml,complex,pinned,expr-no-taint
2,20,1,1,0,542,1,low,0,2,1,1.0,0.1111,0,1,0,1,granular,0,0,1,1,1,0,ci-test,1,apple/swift-nio::.github/workflows/macos_tests.yml,apple/swift-nio,.github/workflows/macos_tests.yml,apple_swift-nio__.github__workflows__macos_tests.yml,complex,pinned,expr-no-taint
10,2,0,1,1,97,2,low,0,1,1,1.0,1.0,0,0,0,1,granular,0,0,0,0,0,0,other,1,apple/swift-nio::.github/workflows/main.yml,apple/swift-nio,.github/workflows/main.yml,apple_swift-nio__.github__workflows__main.yml,complex,pinned,no-expr
12,7,0,1,1,116,1,medium,0,2,1,1.0,0.4,0,0,0,1,granular,0,0,0,0,0,0,other,1,apple/swift-nio::.github/workflows/pull_request.yml,apple/swift-nio,.github/workflows/pull_request.yml,apple_swift-nio__.github__workflows__pull_request.yml,complex,pinned,no-expr
1,2,0,0,0,21,1,medium,0,1,1,1.0,2.0,0,0,0,1,granular,0,0,0,0,0,0,other,1,apple/swift-nio::.github/workflows/pull_request_label.yml,apple/swift-nio,.github/workflows/pull_request_label.yml,apple_swift-nio__.github__workflows__pull_request_label.yml,simple,pinned,no-expr
2,2,0,1,1,176,1,low,0,1,1,1.0,1.0,0,1,0,1,granular,0,0,1,0,0,0,deploy-release,1,apple/swift-nio::.github/workflows/release_builds.yml,apple/swift-nio,.github/workflows/release_builds.yml,apple_swift-nio__.github__workflows__release_builds.yml,medium,pinned,expr-no-taint
2,2,0,1,1,77,1,low,0,1,1,1.0,1.0,0,1,0,1,granular,0,0,0,0,0,0,other,1,apple/swift-nio::.github/workflows/static_sdk.yml,apple/swift-nio,.github/workflows/static_sdk.yml,apple_swift-nio__.github__workflows__static_sdk.yml,medium,pinned,expr-no-taint
1,3,0,0,0,29,1,low,0,1,1,1.0,0.5,0,0,0,1,granular,0,0,0,0,0,1,other,1,apple/swift-nio::.github/workflows/swift_6_language_mode.yml,apple/swift-nio,.github/workflows/swift_6_language_mode.yml,apple_swift-nio__.github__workflows__swift_6_language_mode.yml,simple,pinned,no-expr
2,3,0,1,1,44,1,low,0,1,1,1.0,0.5,0,1,0,1,granular,0,0,0,0,0,0,ci-test,1,apple/swift-nio::.github/workflows/swift_load_test_matrix.yml,apple/swift-nio,.github/workflows/swift_load_test_matrix.yml,apple_swift-nio__.github__workflows__swift_load_test_matrix.yml,medium,pinned,expr-no-taint
3,13,1,0,0,263,1,low,0,3,1,1.0,0.3,0,1,0,1,granular,0,0,1,1,0,1,other,1,apple/swift-nio::.github/workflows/swift_matrix.yml,apple/swift-nio,.github/workflows/swift_matrix.yml,apple_swift-nio__.github__workflows__swift_matrix.yml,complex,pinned,expr-no-taint
1,5,1,0,0,121,1,low,0,1,1,1.0,0.25,0,1,0,1,granular,0,0,1,1,0,0,ci-test,1,apple/swift-nio::.github/workflows/swift_test_matrix.yml,apple/swift-nio,.github/workflows/swift_test_matrix.yml,apple_swift-nio__.github__workflows__swift_test_matrix.yml,complex,pinned,expr-no-taint
2,2,0,1,1,220,1,low,0,1,1,1.0,1.0,0,1,0,1,granular,0,0,1,0,0,0,ci-test,1,apple/swift-nio::.github/workflows/unit_tests.yml,apple/swift-nio,.github/workflows/unit_tests.yml,apple_swift-nio__.github__workflows__unit_tests.yml,medium,pinned,expr-no-taint
2,2,0,1,1,66,1,low,0,1,1,1.0,1.0,0,1,0,1,granular,0,0,0,0,0,0,other,1,apple/swift-nio::.github/workflows/wasm_swift_sdk.yml,apple/swift-nio,.github/workflows/wasm_swift_sdk.yml,apple_swift-nio__.github__workflows__wasm_swift_sdk.yml,medium,pinned,expr-no-taint
5,18,1,0,0,150,3,medium,0,5,1,0.0,0.3846,0,1,0,1,granular,0,0,0,1,0,1,build,1,apple/swift-protobuf::.github/workflows/build.yml,apple/swift-protobuf,.github/workflows/build.yml,apple_swift-protobuf__.github__workflows__build.yml,complex,unpinned,expr-no-taint
1,3,0,0,0,29,2,low,0,2,1,0.0,2.0,0,0,0,1,granular,0,0,0,0,0,0,ci-test,1,apple/swift-protobuf::.github/workflows/check_upstream_protos.yml,apple/swift-protobuf,.github/workflows/check_upstream_protos.yml,apple_swift-protobuf__.github__workflows__check_upstream_protos.yml,simple,unpinned,no-expr
1,5,0,0,0,61,4,medium,0,2,1,0.0,0.6667,0,0,0,1,granular,0,0,0,0,0,1,ci-test,1,apple/swift-protobuf::.github/workflows/head_conformance.yml,apple/swift-protobuf,.github/workflows/head_conformance.yml,apple_swift-protobuf__.github__workflows__head_conformance.yml,medium,unpinned,no-expr
1,2,0,0,0,21,1,medium,0,2,2,0.0,2.0,1,0,0,1,granular,0,0,0,0,0,0,other,1,apple/swift-protobuf::.github/workflows/pull_request_label.yml,apple/swift-protobuf,.github/workflows/pull_request_label.yml,apple_swift-protobuf__.github__workflows__pull_request_label.yml,simple,unpinned,no-expr
1,11,0,0,0,167,2,low,0,2,2,0.0,0.2222,1,1,0,1,granular,2,1,0,1,0,1,other,1,apple/swift-protobuf::.github/workflows/update_protobuf.yml,apple/swift-protobuf,.github/workflows/update_protobuf.yml,apple_swift-protobuf__.github__workflows__update_protobuf.yml,complex,unpinned,expr-no-taint
1,2,0,0,0,24,2,medium,0,1,1,0.0,1.0,0,0,0,1,read-all,1,0,0,0,0,0,security-scan,1,aws/amazon-ecs-agent::.github/workflows/gitsecrets.yml,aws/amazon-ecs-agent,.github/workflows/gitsecrets.yml,aws_amazon-ecs-agent__.github__workflows__gitsecrets.yml,simple,unpinned,no-expr
1,7,0,0,0,59,2,medium,0,2,1,0.0,0.4,0,0,0,1,read-all,0,0,0,0,0,0,ci-test,1,aws/amazon-ecs-agent::.github/workflows/gomod.yml,aws/amazon-ecs-agent,.github/workflows/gomod.yml,aws_amazon-ecs-agent__.github__workflows__gomod.yml,medium,unpinned,no-expr
1,4,0,0,0,40,2,medium,0,2,1,0.0,1.0,0,0,0,1,read-all,0,0,0,0,0,0,other,1,aws/amazon-ecs-agent::.github/workflows/linux.yml,aws/amazon-ecs-agent,.github/workflows/linux.yml,aws_amazon-ecs-agent__.github__workflows__linux.yml,medium,unpinned,no-expr
3,15,0,0,0,109,2,medium,0,9,1,0.0,1.5,0,0,0,1,read-all,0,0,0,0,0,0,ci-test,1,aws/amazon-ecs-agent::.github/workflows/static.yml,aws/amazon-ecs-agent,.github/workflows/static.yml,aws_amazon-ecs-agent__.github__workflows__static.yml,complex,unpinned,no-expr
1,6,0,0,0,52,2,medium,0,3,1,0.0,1.0,0,0,0,1,read-all,0,0,0,0,0,0,other,1,aws/amazon-ecs-agent::.github/workflows/windows.yml,aws/amazon-ecs-agent,.github/workflows/windows.yml,aws_amazon-ecs-agent__.github__workflows__windows.yml,medium,unpinned,no-expr
2,6,0,0,0,42,1,medium,0,3,1,1.0,5.0,0,0,0,1,granular,0,0,0,0,0,0,dependency-management,1,aws/amazon-vpc-cni-k8s::.github/workflows/deps.yml,aws/amazon-vpc-cni-k8s,.github/workflows/deps.yml,aws_amazon-vpc-cni-k8s__.github__workflows__deps.yml,medium,pinned,no-expr
1,6,0,0,0,68,2,low,0,4,3,1.0,2.0,1,0,0,1,granular,4,1,0,1,0,0,other,1,aws/amazon-vpc-cni-k8s::.github/workflows/generate-limits.yaml,aws/amazon-vpc-cni-k8s,.github/workflows/generate-limits.yaml,aws_amazon-vpc-cni-k8s__.github__workflows__generate-limits.yaml,medium,pinned,no-expr
1,7,0,0,0,47,1,low,0,5,3,1.0,2.5,0,0,0,1,granular,3,0,1,0,0,0,ci-test,1,aws/amazon-vpc-cni-k8s::.github/workflows/integration-tests.yaml,aws/amazon-vpc-cni-k8s,.github/workflows/integration-tests.yaml,aws_amazon-vpc-cni-k8s__.github__workflows__integration-tests.yaml,medium,pinned,no-expr
1,1,0,0,0,19,1,high,0,1,1,1.0,1.0,0,0,0,1,granular,1,1,0,0,0,0,other,1,aws/amazon-vpc-cni-k8s::.github/workflows/issue-closed-message.yaml,aws/amazon-vpc-cni-k8s,.github/workflows/issue-closed-message.yaml,aws_amazon-vpc-cni-k8s__.github__workflows__issue-closed-message.yaml,simple,pinned,no-expr
1,1,0,0,0,26,2,low,0,1,1,1.0,1.0,0,0,0,1,granular,0,0,0,0,0,0,other,1,aws/amazon-vpc-cni-k8s::.github/workflows/issue-stale-pr.yaml,aws/amazon-vpc-cni-k8s,.github/workflows/issue-stale-pr.yaml,aws_amazon-vpc-cni-k8s__.github__workflows__issue-stale-pr.yaml,simple,pinned,no-expr
1,7,0,0,0,51,2,low,0,5,3,1.0,2.5,0,0,0,1,granular,3,0,1,1,0,0,ci-test,1,aws/amazon-vpc-cni-k8s::.github/workflows/kops-test.yaml,aws/amazon-vpc-cni-k8s,.github/workflows/kops-test.yaml,aws_amazon-vpc-cni-k8s__.github__workflows__kops-test.yaml,medium,pinned,no-expr
1,7,0,0,0,46,2,low,0,5,3,1.0,2.5,0,0,0,1,granular,3,0,1,1,0,0,ci-test,1,aws/amazon-vpc-cni-k8s::.github/workflows/nightly-cron-tests.yaml,aws/amazon-vpc-cni-k8s,.github/workflows/nightly-cron-tests.yaml,aws_amazon-vpc-cni-k8s__.github__workflows__nightly-cron-tests.yaml,medium,pinned,no-expr
5,17,1,1,0,89,1,medium,0,7,3,1.0,0.7,0,0,0,1,granular,1,0,0,0,0,0,ci-test,1,aws/amazon-vpc-cni-k8s::.github/workflows/pr-automated-tests.yaml,aws/amazon-vpc-cni-k8s,.github/workflows/pr-automated-tests.yaml,aws_amazon-vpc-cni-k8s__.github__workflows__pr-automated-tests.yaml,complex,pinned,no-expr
1,7,0,0,0,52,1,low,1,5,3,1.0,2.5,0,0,0,1,granular,3,0,1,1,0,0,ci-test,1,aws/amazon-vpc-cni-k8s::.github/workflows/pr-manual-tests.yaml,aws/amazon-vpc-cni-k8s,.github/workflows/pr-manual-tests.yaml,aws_amazon-vpc-cni-k8s__.github__workflows__pr-manual-tests.yaml,medium,pinned,no-expr
1,5,0,0,0,31,1,low,0,2,1,1.0,0.6667,0,0,0,1,granular,2,0,1,0,0,0,deploy-release,1,aws/amazon-vpc-cni-k8s::.github/workflows/release.yaml,aws/amazon-vpc-cni-k8s,.github/workflows/release.yaml,aws_amazon-vpc-cni-k8s__.github__workflows__release.yaml,medium,pinned,no-expr
1,5,0,0,0,38,2,low,0,3,2,1.0,1.5,0,0,0,1,granular,1,0,0,0,0,0,ci-test,1,aws/amazon-vpc-cni-k8s::.github/workflows/soak-tests.yml,aws/amazon-vpc-cni-k8s,.github/workflows/soak-tests.yml,aws_amazon-vpc-cni-k8s__.github__workflows__soak-tests.yml,medium,pinned,no-expr
1,8,0,0,0,59,2,low,0,5,3,1.0,1.6667,0,0,0,1,granular,4,0,1,1,0,0,ci-test,1,aws/amazon-vpc-cni-k8s::.github/workflows/weekly-cron-tests.yaml,aws/amazon-vpc-cni-k8s,.github/workflows/weekly-cron-tests.yaml,aws_amazon-vpc-cni-k8s__.github__workflows__weekly-cron-tests.yaml,medium,pinned,no-expr
1,6,0,0,0,62,2,medium,0,2,1,0.0,0.5,0,1,4,1,not set,1,1,1,1,0,0,other,1,aws/aws-cdk::.github/workflows/analytics-metadata-updater.yml,aws/aws-cdk,.github/workflows/analytics-metadata-updater.yml,aws_aws-cdk__.github__workflows__analytics-metadata-updater.yml,medium,unpinned,taint
1,1,0,0,0,17,1,high,0,1,1,0.0,1.0,1,0,0,1,not set,1,1,0,1,0,0,other,1,aws/aws-cdk::.github/workflows/auto-approve.yml,aws/aws-cdk,.github/workflows/auto-approve.yml,aws_aws-cdk__.github__workflows__auto-approve.yml,simple,unpinned,no-expr
1,2,0,0,0,15,1,medium,0,1,1,0.0,1.0,0,0,0,0,not set,0,0,0,0,0,0,ci-test,1,aws/aws-cdk::.github/workflows/check-lfs.yml,aws/aws-cdk,.github/workflows/check-lfs.yml,aws_aws-cdk__.github__workflows__check-lfs.yml,simple,unpinned,no-expr
1,1,0,0,0,53,2,low,0,1,1,0.0,1.0,0,0,0,1,not set,1,1,0,1,0,0,other,1,aws/aws-cdk::.github/workflows/close-stale-issues.yml,aws/aws-cdk,.github/workflows/close-stale-issues.yml,aws_aws-cdk__.github__workflows__close-stale-issues.yml,simple,unpinned,no-expr
1,1,0,0,0,46,2,low,0,1,1,0.0,1.0,1,0,0,1,not set,1,0,0,1,0,0,other,1,aws/aws-cdk::.github/workflows/close-stale-prs.yml,aws/aws-cdk,.github/workflows/close-stale-prs.yml,aws_aws-cdk__.github__workflows__close-stale-prs.yml,simple,unpinned,no-expr
1,14,0,0,0,108,5,high,0,7,2,0.0,1.0,0,0,0,0,not set,0,0,1,1,0,0,build,1,aws/aws-cdk::.github/workflows/codebuild-pr-build.yml,aws/aws-cdk,.github/workflows/codebuild-pr-build.yml,aws_aws-cdk__.github__workflows__codebuild-pr-build.yml,complex,unpinned,no-expr
1,6,0,0,0,35,1,medium,0,3,1,0.0,1.0,0,0,0,1,granular,0,0,0,0,0,0,other,1,aws/aws-cdk::.github/workflows/codecov-collect.yml,aws/aws-cdk,.github/workflows/codecov-collect.yml,aws_aws-cdk__.github__workflows__codecov-collect.yml,medium,unpinned,no-expr
1,3,0,0,0,40,1,medium,0,3,2,0.0,3.0,0,0,0,1,granular,1,1,0,1,0,0,other,1,aws/aws-cdk::.github/workflows/codecov-upload.yml,aws/aws-cdk,.github/workflows/codecov-upload.yml,aws_aws-cdk__.github__workflows__codecov-upload.yml,simple,unpinned,no-expr
1,4,1,0,0,78,2,medium,0,3,2,0.0,3.0,0,0,0,1,not set,0,0,0,1,0,0,security-scan,1,aws/aws-cdk::.github/workflows/codeql.yml,aws/aws-cdk,.github/workflows/codeql.yml,aws_aws-cdk__.github__workflows__codeql.yml,complex,unpinned,no-expr
1,6,0,0,0,142,2,low,0,2,1,0.0,0.5,0,0,0,1,not set,1,1,1,1,0,0,other,1,aws/aws-cdk::.github/workflows/enum-auto-updater.yml,aws/aws-cdk,.github/workflows/enum-auto-updater.yml,aws_aws-cdk__.github__workflows__enum-auto-updater.yml,medium,unpinned,no-expr
1,6,0,0,0,64,2,low,0,2,1,0.0,0.5,0,0,0,1,not set,1,1,1,1,0,0,other,1,aws/aws-cdk::.github/workflows/enum-static-mapping-updater.yml,aws/aws-cdk,.github/workflows/enum-static-mapping-updater.yml,aws_aws-cdk__.github__workflows__enum-static-mapping-updater.yml,medium,unpinned,no-expr
1,1,0,0,0,21,1,high,0,1,1,0.0,1.0,1,0,0,1,not set,1,1,0,0,0,0,other,1,aws/aws-cdk::.github/workflows/github-merit-badger.yml,aws/aws-cdk,.github/workflows/github-merit-badger.yml,aws_aws-cdk__.github__workflows__github-merit-badger.yml,simple,unpinned,no-expr
1,1,0,0,0,20,2,high,0,1,1,0.0,1.0,1,0,0,1,not set,1,1,1,1,0,0,other,1,aws/aws-cdk::.github/workflows/handle-stale-discussions.yml,aws/aws-cdk,.github/workflows/handle-stale-discussions.yml,aws_aws-cdk__.github__workflows__handle-stale-discussions.yml,simple,unpinned,no-expr
2,17,0,1,0,157,1,low,0,7,2,0.0,0.7,0,0,0,1,not set,2,1,1,1,0,0,deploy-release,1,aws/aws-cdk::.github/workflows/integration-test-deployment-auto.yml,aws/aws-cdk,.github/workflows/integration-test-deployment-auto.yml,aws_aws-cdk__.github__workflows__integration-test-deployment-auto.yml,complex,unpinned,no-expr
1,13,0,0,0,109,3,high,0,6,2,0.0,0.8571,0,0,0,1,granular,0,0,1,1,0,0,deploy-release,1,aws/aws-cdk::.github/workflows/integration-test-deployment.yml,aws/aws-cdk,.github/workflows/integration-test-deployment.yml,aws_aws-cdk__.github__workflows__integration-test-deployment.yml,complex,unpinned,no-expr
3,3,0,0,0,297,2,high,0,3,1,0.0,3.0,1,0,0,1,not set,3,1,0,0,0,0,other,1,aws/aws-cdk::.github/workflows/issue-label-assign.yml,aws/aws-cdk,.github/workflows/issue-label-assign.yml,aws_aws-cdk__.github__workflows__issue-label-assign.yml,medium,unpinned,no-expr
1,2,0,0,0,32,1,high,0,1,1,0.0,1.0,0,1,1,1,not set,2,1,1,0,0,0,other,1,aws/aws-cdk::.github/workflows/issue-regression-labeler.yml,aws/aws-cdk,.github/workflows/issue-regression-labeler.yml,aws_aws-cdk__.github__workflows__issue-regression-labeler.yml,simple,unpinned,taint
1,2,0,0,0,25,2,low,0,2,2,0.0,2.0,1,0,0,1,not set,2,1,0,0,0,0,other,1,aws/aws-cdk::.github/workflows/issue-reprioritization.yml,aws/aws-cdk,.github/workflows/issue-reprioritization.yml,aws_aws-cdk__.github__workflows__issue-reprioritization.yml,simple,unpinned,no-expr
1,7,0,0,0,64,2,high,0,4,1,0.0,1.3333,0,0,0,0,not set,1,0,1,1,0,0,other,1,aws/aws-cdk::.github/workflows/issue-sync.yml,aws/aws-cdk,.github/workflows/issue-sync.yml,aws_aws-cdk__.github__workflows__issue-sync.yml,medium,unpinned,no-expr
1,6,0,0,0,60,1,medium,0,2,1,0.0,0.5,0,1,4,1,not set,1,1,1,1,0,0,ci-test,1,aws/aws-cdk::.github/workflows/lambda-runtime-tests.yml,aws/aws-cdk,.github/workflows/lambda-runtime-tests.yml,aws_aws-cdk__.github__workflows__lambda-runtime-tests.yml,medium,unpinned,taint
2,2,0,1,0,46,2,high,0,1,1,0.0,1.0,0,1,0,1,not set,2,1,0,0,0,0,other,1,aws/aws-cdk::.github/workflows/lock-issue-pr-with-message.yml,aws/aws-cdk,.github/workflows/lock-issue-pr-with-message.yml,aws_aws-cdk__.github__workflows__lock-issue-pr-with-message.yml,medium,unpinned,expr-no-taint
1,12,0,0,0,86,4,medium,0,6,2,0.0,1.0,0,0,0,0,not set,0,0,0,1,0,0,build,1,aws/aws-cdk::.github/workflows/pr-build.yml,aws/aws-cdk,.github/workflows/pr-build.yml,aws_aws-cdk__.github__workflows__pr-build.yml,complex,unpinned,no-expr
2,2,0,0,0,31,1,high,0,1,1,0.0,1.0,1,1,0,1,not set,2,1,1,1,0,0,other,1,aws/aws-cdk::.github/workflows/pr-labeler.yml,aws/aws-cdk,.github/workflows/pr-labeler.yml,aws_aws-cdk__.github__workflows__pr-labeler.yml,medium,unpinned,expr-no-taint
1,1,0,0,0,19,1,high,0,1,1,0.0,1.0,1,0,0,1,not set,1,0,0,1,0,0,code-quality,1,aws/aws-cdk::.github/workflows/pr-linter-exemption-labeler.yml,aws/aws-cdk,.github/workflows/pr-linter-exemption-labeler.yml,aws_aws-cdk__.github__workflows__pr-linter-exemption-labeler.yml,simple,unpinned,no-expr
1,2,0,0,0,32,1,low,0,1,1,0.0,1.0,0,0,0,0,not set,0,0,1,0,0,0,code-quality,1,aws/aws-cdk::.github/workflows/pr-linter-review-trigger.yml,aws/aws-cdk,.github/workflows/pr-linter-review-trigger.yml,aws_aws-cdk__.github__workflows__pr-linter-review-trigger.yml,simple,unpinned,no-expr
2,5,0,1,0,83,3,high,0,2,2,0.0,1.5,1,1,0,1,not set,1,0,1,1,0,0,code-quality,1,aws/aws-cdk::.github/workflows/pr-linter.yml,aws/aws-cdk,.github/workflows/pr-linter.yml,aws_aws-cdk__.github__workflows__pr-linter.yml,medium,unpinned,expr-no-taint
1,2,0,0,0,21,2,low,0,2,1,0.0,2.0,0,0,0,0,not set,1,0,0,1,0,0,other,1,aws/aws-cdk::.github/workflows/project-prioritization-added-on.yml,aws/aws-cdk,.github/workflows/project-prioritization-added-on.yml,aws_aws-cdk__.github__workflows__project-prioritization-added-on.yml,simple,unpinned,no-expr
1,2,0,0,0,23,1,high,0,2,1,0.0,2.0,0,0,0,0,not set,1,0,0,1,0,0,other,1,aws/aws-cdk::.github/workflows/project-prioritization-assignment.yml,aws/aws-cdk,.github/workflows/project-prioritization-assignment.yml,aws_aws-cdk__.github__workflows__project-prioritization-assignment.yml,simple,unpinned,no-expr
1,2,0,0,0,19,1,high,0,2,1,0.0,2.0,0,0,0,0,not set,1,0,0,1,0,0,other,1,aws/aws-cdk::.github/workflows/project-prioritization-bug.yml,aws/aws-cdk,.github/workflows/project-prioritization-bug.yml,aws_aws-cdk__.github__workflows__project-prioritization-bug.yml,simple,unpinned,no-expr
1,2,0,0,0,20,2,low,0,2,1,0.0,2.0,0,0,0,0,not set,1,0,0,1,0,0,other,1,aws/aws-cdk::.github/workflows/project-prioritization-needs-attention.yml,aws/aws-cdk,.github/workflows/project-prioritization-needs-attention.yml,aws_aws-cdk__.github__workflows__project-prioritization-needs-attention.yml,simple,unpinned,no-expr
1,2,0,0,0,20,2,low,0,2,1,0.0,2.0,0,0,0,0,not set,1,0,0,1,0,0,ci-test,1,aws/aws-cdk::.github/workflows/project-prioritization-r2-assignment.yml,aws/aws-cdk,.github/workflows/project-prioritization-r2-assignment.yml,aws_aws-cdk__.github__workflows__project-prioritization-r2-assignment.yml,simple,unpinned,no-expr
1,2,0,0,0,19,2,low,0,2,1,0.0,2.0,0,0,0,0,not set,1,0,0,1,0,0,ci-test,1,aws/aws-cdk::.github/workflows/project-prioritization-r5-assignment.yml,aws/aws-cdk,.github/workflows/project-prioritization-r5-assignment.yml,aws_aws-cdk__.github__workflows__project-prioritization-r5-assignment.yml,simple,unpinned,no-expr
2,5,0,1,0,62,1,high,0,4,3,0.5,4.0,1,1,0,0,not set,2,0,0,1,0,0,ci-test,1,aws/aws-cdk::.github/workflows/request-cli-integ-test.yml,aws/aws-cdk,.github/workflows/request-cli-integ-test.yml,aws_aws-cdk__.github__workflows__request-cli-integ-test.yml,medium,pinned,expr-no-taint
2,7,0,0,0,57,1,medium,0,2,1,0.0,0.75,0,1,4,0,not set,0,0,0,1,0,0,security-scan,1,aws/aws-cdk::.github/workflows/security-guardian.yml,aws/aws-cdk,.github/workflows/security-guardian.yml,aws_aws-cdk__.github__workflows__security-guardian.yml,medium,unpinned,taint
1,6,0,0,0,136,1,medium,0,5,2,0.0,5.0,1,0,0,1,not set,3,1,1,1,0,0,security-scan,1,aws/aws-cdk::.github/workflows/security-report.yml,aws/aws-cdk,.github/workflows/security-report.yml,aws_aws-cdk__.github__workflows__security-report.yml,medium,unpinned,no-expr
3,23,0,1,0,160,2,low,0,12,2,0.0,1.0909,1,1,0,1,not set,1,0,0,1,0,0,other,1,aws/aws-cdk::.github/workflows/spec-update.yml,aws/aws-cdk,.github/workflows/spec-update.yml,aws_aws-cdk__.github__workflows__spec-update.yml,complex,unpinned,expr-no-taint
2,5,0,1,0,70,2,low,0,2,1,0.0,0.6667,0,1,0,1,not set,3,0,0,1,0,0,other,1,aws/aws-cdk::.github/workflows/sync-from-upstream.yml,aws/aws-cdk,.github/workflows/sync-from-upstream.yml,aws_aws-cdk__.github__workflows__sync-from-upstream.yml,medium,unpinned,expr-no-taint
2,2,0,1,0,40,2,high,0,1,1,0.0,1.0,0,1,0,1,not set,2,1,0,0,0,0,other,1,aws/aws-cdk::.github/workflows/unlock-reopened-issue-pr-with-message.yml,aws/aws-cdk,.github/workflows/unlock-reopened-issue-pr-with-message.yml,aws_aws-cdk__.github__workflows__unlock-reopened-issue-pr-with-message.yml,medium,unpinned,expr-no-taint
1,3,0,0,0,32,2,low,0,3,3,0.0,3.0,1,0,0,0,not set,1,0,0,1,0,0,other,1,aws/aws-cdk::.github/workflows/update-contributors.yml,aws/aws-cdk,.github/workflows/update-contributors.yml,aws_aws-cdk__.github__workflows__update-contributors.yml,simple,unpinned,no-expr
2,9,0,1,0,78,2,low,0,6,2,0.0,2.0,1,1,0,1,not set,1,0,1,1,0,0,other,1,aws/aws-cdk::.github/workflows/update-metadata-regions.yml,aws/aws-cdk,.github/workflows/update-metadata-regions.yml,aws_aws-cdk__.github__workflows__update-metadata-regions.yml,medium,unpinned,expr-no-taint
2,14,0,1,0,120,2,low,0,7,2,0.0,1.0,1,1,0,1,not set,1,0,0,0,0,0,ci-test,1,aws/aws-cdk::.github/workflows/yarn-upgrade-need-manual-work.yml,aws/aws-cdk,.github/workflows/yarn-upgrade-need-manual-work.yml,aws_aws-cdk__.github__workflows__yarn-upgrade-need-manual-work.yml,complex,unpinned,expr-no-taint
2,16,0,1,0,123,2,low,0,7,2,0.0,0.7778,1,1,0,1,not set,1,0,0,0,0,0,other,1,aws/aws-cdk::.github/workflows/yarn-upgrade.yml,aws/aws-cdk,.github/workflows/yarn-upgrade.yml,aws_aws-cdk__.github__workflows__yarn-upgrade.yml,complex,unpinned,expr-no-taint
1,4,0,0,0,71,1,low,1,2,1,0.0,1.0,0,1,0,1,granular,0,0,0,0,0,0,other,1,aws/aws-cli::.github/workflows/changelog.yml,aws/aws-cli,.github/workflows/changelog.yml,aws_aws-cli__.github__workflows__changelog.yml,medium,unpinned,expr-no-taint
2,2,0,0,0,32,1,high,0,2,2,0.0,2.0,0,0,0,1,granular,1,1,0,1,0,0,other,1,aws/aws-cli::.github/workflows/closed-issue-update.yml,aws/aws-cli,.github/workflows/closed-issue-update.yml,aws_aws-cli__.github__workflows__closed-issue-update.yml,medium,unpinned,no-expr
1,5,0,0,0,75,1,low,1,1,1,1.0,0.25,0,0,0,1,granular,2,1,1,0,0,0,other,1,aws/aws-cli::.github/workflows/doc-pr-cherry-pick.yml,aws/aws-cli,.github/workflows/doc-pr-cherry-pick.yml,aws_aws-cli__.github__workflows__doc-pr-cherry-pick.yml,medium,pinned,no-expr
1,1,0,0,0,17,1,medium,0,0,0,0.0,0.0,0,0,0,1,granular,0,0,0,0,0,0,other,1,aws/aws-cli::.github/workflows/fail-master-prs.yml,aws/aws-cli,.github/workflows/fail-master-prs.yml,aws_aws-cli__.github__workflows__fail-master-prs.yml,simple,no-third-party,no-expr
1,1,0,0,0,24,2,high,0,1,1,0.0,1.0,1,0,0,1,not set,1,1,1,1,0,0,other,1,aws/aws-cli::.github/workflows/handle-stale-discussions.yml,aws/aws-cli,.github/workflows/handle-stale-discussions.yml,aws_aws-cli__.github__workflows__handle-stale-discussions.yml,simple,unpinned,no-expr
1,2,0,0,0,33,1,high,0,1,1,1.0,1.0,0,1,1,1,read-all,2,1,1,0,0,0,other,1,aws/aws-cli::.github/workflows/issue-regression-labeler.yml,aws/aws-cli,.github/workflows/issue-regression-labeler.yml,aws_aws-cli__.github__workflows__issue-regression-labeler.yml,simple,pinned,taint
1,5,1,0,0,33,2,medium,0,2,1,0.0,0.6667,0,0,0,1,granular,0,0,0,0,0,0,ci-test,1,aws/aws-cli::.github/workflows/run-bundle-test.yml,aws/aws-cli,.github/workflows/run-bundle-test.yml,aws_aws-cli__.github__workflows__run-bundle-test.yml,complex,unpinned,no-expr
1,4,1,0,0,30,2,medium,0,2,1,1.0,1.0,0,0,0,1,granular,0,0,0,0,0,0,dependency-management,1,aws/aws-cli::.github/workflows/run-dep-tests.yml,aws/aws-cli,.github/workflows/run-dep-tests.yml,aws_aws-cli__.github__workflows__run-dep-tests.yml,complex,pinned,no-expr
1,6,1,0,0,38,2,medium,0,3,2,0.0,1.0,0,0,0,1,granular,0,0,0,0,0,0,ci-test,1,aws/aws-cli::.github/workflows/run-tests.yml,aws/aws-cli,.github/workflows/run-tests.yml,aws_aws-cli__.github__workflows__run-tests.yml,complex,unpinned,no-expr
2,3,0,0,0,64,1,low,0,3,1,1.0,3.0,0,0,0,1,granular,3,1,0,0,0,0,ci-test,1,aws/aws-cli::.github/workflows/stale_community_prs.yml,aws/aws-cli,.github/workflows/stale_community_prs.yml,aws_aws-cli__.github__workflows__stale_community_prs.yml,medium,pinned,no-expr
1,1,0,0,0,45,1,low,0,1,1,0.0,1.0,0,0,0,1,not set,1,1,0,1,0,0,other,1,aws/aws-cli::.github/workflows/stale_issue.yml,aws/aws-cli,.github/workflows/stale_issue.yml,aws_aws-cli__.github__workflows__stale_issue.yml,simple,unpinned,no-expr
1,8,1,0,0,88,1,low,1,2,1,0.0,0.3333,0,1,0,1,granular,0,0,0,1,0,0,other,1,aws/aws-cli::.github/workflows/update-lockfiles.yml,aws/aws-cli,.github/workflows/update-lockfiles.yml,aws_aws-cli__.github__workflows__update-lockfiles.yml,complex,unpinned,expr-no-taint
1,2,1,0,0,29,2,low,0,1,1,0.0,1.0,0,0,0,0,not set,0,0,0,0,0,0,build,1,aws/aws-lambda-go::.github/workflows/build-lambda-zip.yml,aws/aws-lambda-go,.github/workflows/build-lambda-zip.yml,aws_aws-lambda-go__.github__workflows__build-lambda-zip.yml,complex,unpinned,no-expr
1,4,1,0,0,70,3,medium,0,4,2,0.0,4.0,0,0,0,1,not set,0,0,0,0,0,0,security-scan,1,aws/aws-lambda-go::.github/workflows/codeql-analysis.yml,aws/aws-lambda-go,.github/workflows/codeql-analysis.yml,aws_aws-lambda-go__.github__workflows__codeql-analysis.yml,complex,unpinned,no-expr
1,3,0,0,0,26,2,medium,0,3,2,0.0,3.0,1,0,0,1,granular,0,0,0,0,0,0,code-quality,1,aws/aws-lambda-go::.github/workflows/lint.yml,aws/aws-lambda-go,.github/workflows/lint.yml,aws_aws-lambda-go__.github__workflows__lint.yml,simple,unpinned,no-expr
2,9,1,0,0,78,2,medium,0,5,2,0.0,1.25,0,1,0,0,not set,1,0,1,0,0,0,ci-test,1,aws/aws-lambda-go::.github/workflows/tests.yml,aws/aws-lambda-go,.github/workflows/tests.yml,aws_aws-lambda-go__.github__workflows__tests.yml,complex,unpinned,expr-no-taint
3,9,1,1,0,58,2,medium,0,7,4,0.0,8.0,1,0,0,1,granular,0,0,0,0,0,0,build,1,aws/aws-lambda-rust-runtime::.github/workflows/build-events.yml,aws/aws-lambda-rust-runtime,.github/workflows/build-events.yml,aws_aws-lambda-rust-runtime__.github__workflows__build-events.yml,complex,unpinned,no-expr
2,6,1,1,0,61,2,medium,0,4,2,0.0,6.0,1,0,0,1,granular,0,0,0,0,0,0,build,1,aws/aws-lambda-rust-runtime::.github/workflows/build-extension.yml,aws/aws-lambda-rust-runtime,.github/workflows/build-extension.yml,aws_aws-lambda-rust-runtime__.github__workflows__build-extension.yml,complex,unpinned,no-expr
1,2,1,0,0,43,2,medium,0,1,1,0.0,2.0,0,0,0,1,granular,0,0,0,0,0,0,build,1,aws/aws-lambda-rust-runtime::.github/workflows/build-integration-test.yml,aws/aws-lambda-rust-runtime,.github/workflows/build-integration-test.yml,aws_aws-lambda-rust-runtime__.github__workflows__build-integration-test.yml,complex,unpinned,no-expr
2,7,1,1,0,65,2,medium,0,4,2,0.0,7.0,1,0,0,1,granular,0,0,0,0,0,0,build,1,aws/aws-lambda-rust-runtime::.github/workflows/build-runtime.yml,aws/aws-lambda-rust-runtime,.github/workflows/build-runtime.yml,aws_aws-lambda-rust-runtime__.github__workflows__build-runtime.yml,complex,unpinned,no-expr
1,3,0,0,0,41,2,medium,0,2,2,0.0,2.0,1,0,0,1,granular,0,0,0,0,0,0,documentation,1,aws/aws-lambda-rust-runtime::.github/workflows/check-docs.yml,aws/aws-lambda-rust-runtime,.github/workflows/check-docs.yml,aws_aws-lambda-rust-runtime__.github__workflows__check-docs.yml,simple,unpinned,no-expr
1,4,0,0,0,22,2,medium,0,3,3,0.0,3.0,1,0,0,1,granular,0,0,0,0,0,0,ci-test,1,aws/aws-lambda-rust-runtime::.github/workflows/check-examples.yml,aws/aws-lambda-rust-runtime,.github/workflows/check-examples.yml,aws_aws-lambda-rust-runtime__.github__workflows__check-examples.yml,medium,unpinned,no-expr
1,1,0,0,0,18,1,high,0,1,1,0.0,1.0,0,0,0,1,granular,1,1,0,0,0,0,other,1,aws/aws-lambda-rust-runtime::.github/workflows/closed-issue-message.yml,aws/aws-lambda-rust-runtime,.github/workflows/closed-issue-message.yml,aws_aws-lambda-rust-runtime__.github__workflows__closed-issue-message.yml,simple,unpinned,no-expr
1,7,0,0,0,47,3,medium,0,4,4,0.0,1.3333,1,0,0,1,granular,0,0,0,0,0,0,ci-test,1,aws/aws-lambda-rust-runtime::.github/workflows/dockerized-test.yml,aws/aws-lambda-rust-runtime,.github/workflows/dockerized-test.yml,aws_aws-lambda-rust-runtime__.github__workflows__dockerized-test.yml,medium,unpinned,no-expr
2,8,0,0,0,34,2,medium,0,6,3,0.0,3.0,1,0,0,1,granular,0,0,0,0,0,0,code-quality,1,aws/aws-lambda-rust-runtime::.github/workflows/format.yml,aws/aws-lambda-rust-runtime,.github/workflows/format.yml,aws_aws-lambda-rust-runtime__.github__workflows__format.yml,medium,unpinned,no-expr
2,7,0,0,0,54,1,low,0,7,4,0.0,7.0,1,0,0,1,not set,2,0,1,1,0,0,deploy-release,1,aws/aws-lambda-rust-runtime::.github/workflows/release-plz.yml,aws/aws-lambda-rust-runtime,.github/workflows/release-plz.yml,aws_aws-lambda-rust-runtime__.github__workflows__release-plz.yml,medium,unpinned,no-expr
1,10,0,0,0,67,2,low,0,5,4,0.0,1.0,1,1,0,1,granular,8,0,1,1,0,0,ci-test,1,aws/aws-lambda-rust-runtime::.github/workflows/run-integration-test.yml,aws/aws-lambda-rust-runtime,.github/workflows/run-integration-test.yml,aws_aws-lambda-rust-runtime__.github__workflows__run-integration-test.yml,complex,unpinned,expr-no-taint
1,2,1,0,0,53,2,medium,0,1,1,0.0,1.0,0,1,0,1,granular,0,0,0,0,0,0,ci-test,1,aws/aws-lambda-rust-runtime::.github/workflows/test-rie.yml,aws/aws-lambda-rust-runtime,.github/workflows/test-rie.yml,aws_aws-lambda-rust-runtime__.github__workflows__test-rie.yml,complex,unpinned,expr-no-taint
3,19,0,0,0,199,2,low,0,10,2,0.0,1.1111,1,0,0,1,not set,6,1,1,1,0,0,ci-test,1,aws/aws-sam-cli::.github/workflows/automated-updates-to-sam-cli.yml,aws/aws-sam-cli,.github/workflows/automated-updates-to-sam-cli.yml,aws_aws-sam-cli__.github__workflows__automated-updates-to-sam-cli.yml,complex,unpinned,no-expr
6,39,1,1,0,304,2,medium,0,16,3,0.0,0.6957,1,1,0,1,not set,0,0,1,1,0,0,build,1,aws/aws-sam-cli::.github/workflows/build.yml,aws/aws-sam-cli,.github/workflows/build.yml,aws_aws-sam-cli__.github__workflows__build.yml,complex,unpinned,expr-no-taint
1,1,0,0,0,21,1,low,0,0,0,0.0,0.0,0,1,0,1,not set,1,1,1,0,0,0,deploy-release,1,aws/aws-sam-cli::.github/workflows/close-issue-on-release.yml,aws/aws-sam-cli,.github/workflows/close-issue-on-release.yml,aws_aws-sam-cli__.github__workflows__close-issue-on-release.yml,simple,no-third-party,expr-no-taint
1,1,0,0,0,58,1,low,0,1,1,0.0,1.0,0,0,0,1,not set,1,1,0,0,0,0,other,1,aws/aws-sam-cli::.github/workflows/close-stale-issues.yml,aws/aws-sam-cli,.github/workflows/close-stale-issues.yml,aws_aws-sam-cli__.github__workflows__close-stale-issues.yml,simple,unpinned,no-expr
1,1,0,0,0,20,1,high,0,1,1,0.0,1.0,0,0,0,1,not set,1,1,0,0,0,0,other,1,aws/aws-sam-cli::.github/workflows/closed-issue-message.yml,aws/aws-sam-cli,.github/workflows/closed-issue-message.yml,aws_aws-sam-cli__.github__workflows__closed-issue-message.yml,simple,unpinned,no-expr
1,4,1,0,0,78,3,medium,0,4,2,0.0,4.0,0,0,0,1,not set,0,0,0,1,0,0,security-scan,1,aws/aws-sam-cli::.github/workflows/codeql.yml,aws/aws-sam-cli,.github/workflows/codeql.yml,aws_aws-sam-cli__.github__workflows__codeql.yml,complex,unpinned,no-expr
1,29,1,0,0,438,3,low,1,14,4,0.0,0.9333,1,1,0,1,granular,6,1,1,1,0,0,ci-test,1,aws/aws-sam-cli::.github/workflows/integration-tests.yml,aws/aws-sam-cli,.github/workflows/integration-tests.yml,aws_aws-sam-cli__.github__workflows__integration-tests.yml,complex,unpinned,expr-no-taint
1,1,0,0,0,21,1,high,0,1,1,1.0,1.0,1,0,1,1,not set,1,0,1,1,0,0,other,1,aws/aws-sam-cli::.github/workflows/notify-slack.yml,aws/aws-sam-cli,.github/workflows/notify-slack.yml,aws_aws-sam-cli__.github__workflows__notify-slack.yml,simple,pinned,taint
2,3,0,1,0,60,1,high,0,3,2,0.3333,3.0,1,0,1,1,not set,3,1,1,1,0,0,other,1,aws/aws-sam-cli::.github/workflows/pr-labeler.yml,aws/aws-sam-cli,.github/workflows/pr-labeler.yml,aws_aws-sam-cli__.github__workflows__pr-labeler.yml,medium,unpinned,taint
1,2,0,0,0,26,2,low,0,1,1,0.0,1.0,0,1,0,1,not set,1,1,0,1,0,0,other,1,aws/aws-sam-cli::.github/workflows/sync-to-mirror-repo.yml,aws/aws-sam-cli,.github/workflows/sync-to-mirror-repo.yml,aws_aws-sam-cli__.github__workflows__sync-to-mirror-repo.yml,simple,unpinned,expr-no-taint
1,5,0,0,0,37,1,medium,0,3,2,0.0,1.5,1,1,1,1,not set,1,1,0,1,0,0,ci-test,1,aws/aws-sam-cli::.github/workflows/update-reproducibles.yml,aws/aws-sam-cli,.github/workflows/update-reproducibles.yml,aws_aws-sam-cli__.github__workflows__update-reproducibles.yml,medium,unpinned,taint
2,11,0,0,0,68,1,medium,0,6,1,0.0,1.2,0,0,0,0,not set,0,0,0,1,0,0,build,1,aws/aws-sam-cli::.github/workflows/validate_pyinstaller.yml,aws/aws-sam-cli,.github/workflows/validate_pyinstaller.yml,aws_aws-sam-cli__.github__workflows__validate_pyinstaller.yml,complex,unpinned,no-expr
1,7,0,0,0,86,2,medium,0,1,1,0.0,0.1667,0,0,2,1,granular,0,0,1,0,0,0,code-quality,1,aws/aws-sdk-cpp::.github/workflows/clang-format.yml,aws/aws-sdk-cpp,.github/workflows/clang-format.yml,aws_aws-sdk-cpp__.github__workflows__clang-format.yml,medium,unpinned,taint
1,1,0,0,0,18,1,high,0,1,1,0.0,1.0,0,0,0,1,granular,1,1,0,0,0,0,other,1,aws/aws-sdk-cpp::.github/workflows/closed-issue-message.yml,aws/aws-sdk-cpp,.github/workflows/closed-issue-message.yml,aws_aws-sdk-cpp__.github__workflows__closed-issue-message.yml,simple,unpinned,no-expr
1,3,0,0,0,24,1,low,0,1,1,0.0,0.5,0,0,0,1,granular,0,0,0,0,0,0,other,1,aws/aws-sdk-cpp::.github/workflows/cspell.yml,aws/aws-sdk-cpp,.github/workflows/cspell.yml,aws_aws-sdk-cpp__.github__workflows__cspell.yml,simple,unpinned,no-expr
1,1,0,0,0,18,2,high,0,1,1,0.0,1.0,1,0,0,1,not set,1,1,1,0,0,0,other,1,aws/aws-sdk-cpp::.github/workflows/handle-stale-discussions.yml,aws/aws-sdk-cpp,.github/workflows/handle-stale-discussions.yml,aws_aws-sdk-cpp__.github__workflows__handle-stale-discussions.yml,simple,unpinned,no-expr
1,3,0,0,0,59,2,high,0,3,1,0.0,3.0,0,0,1,1,not set,3,1,1,1,0,0,other,1,aws/aws-sdk-cpp::.github/workflows/issue-regression-labeler.yml,aws/aws-sdk-cpp,.github/workflows/issue-regression-labeler.yml,aws_aws-sdk-cpp__.github__workflows__issue-regression-labeler.yml,simple,unpinned,taint
1,3,0,0,0,51,1,medium,0,1,1,0.0,0.5,0,0,1,1,not set,1,1,1,1,0,0,build,1,aws/aws-sdk-cpp::.github/workflows/pull-request-build.yml,aws/aws-sdk-cpp,.github/workflows/pull-request-build.yml,aws_aws-sdk-cpp__.github__workflows__pull-request-build.yml,simple,unpinned,taint
1,1,0,0,0,50,1,low,0,1,1,0.0,1.0,0,0,0,1,granular,1,1,0,0,0,0,other,1,aws/aws-sdk-cpp::.github/workflows/stale_issue.yml,aws/aws-sdk-cpp,.github/workflows/stale_issue.yml,aws_aws-sdk-cpp__.github__workflows__stale_issue.yml,simple,unpinned,no-expr
1,1,0,0,0,19,1,high,0,1,1,0.0,1.0,0,0,0,1,granular,1,1,0,0,0,0,other,1,aws/aws-sdk-go-v2::.github/workflows/closed-issue-message.yml,aws/aws-sdk-go-v2,.github/workflows/closed-issue-message.yml,aws_aws-sdk-go-v2__.github__workflows__closed-issue-message.yml,simple,unpinned,no-expr
1,8,1,0,0,64,2,medium,0,3,1,0.0,0.6,0,1,0,1,granular,0,0,1,0,0,0,ci-test,1,aws/aws-sdk-go-v2::.github/workflows/codegen.yml,aws/aws-sdk-go-v2,.github/workflows/codegen.yml,aws_aws-sdk-go-v2__.github__workflows__codegen.yml,complex,unpinned,expr-no-taint
3,14,1,0,0,100,2,medium,0,6,1,0.0,0.75,0,0,0,1,granular,1,0,1,0,0,0,ci-test,1,aws/aws-sdk-go-v2::.github/workflows/go.yml,aws/aws-sdk-go-v2,.github/workflows/go.yml,aws_aws-sdk-go-v2__.github__workflows__go.yml,complex,unpinned,no-expr
1,1,0,0,0,18,2,high,0,1,1,0.0,1.0,1,0,0,1,not set,1,1,1,0,0,0,other,1,aws/aws-sdk-go-v2::.github/workflows/handle-stale-discussions.yml,aws/aws-sdk-go-v2,.github/workflows/handle-stale-discussions.yml,aws_aws-sdk-go-v2__.github__workflows__handle-stale-discussions.yml,simple,unpinned,no-expr
1,3,0,0,0,43,1,medium,0,2,1,0.0,2.0,0,0,0,1,granular,1,0,1,1,0,0,ci-test,1,aws/aws-sdk-go-v2::.github/workflows/integration-tests.yml,aws/aws-sdk-go-v2,.github/workflows/integration-tests.yml,aws_aws-sdk-go-v2__.github__workflows__integration-tests.yml,simple,unpinned,no-expr
1,2,0,0,0,32,1,high,0,1,1,0.0,1.0,0,1,1,1,not set,2,1,1,0,0,0,other,1,aws/aws-sdk-go-v2::.github/workflows/issue-regression-labeler.yml,aws/aws-sdk-go-v2,.github/workflows/issue-regression-labeler.yml,aws_aws-sdk-go-v2__.github__workflows__issue-regression-labeler.yml,simple,unpinned,taint
1,10,1,0,0,52,1,medium,0,4,1,0.0,0.6667,0,1,0,1,granular,0,0,0,0,0,0,security-scan,1,aws/aws-sdk-go-v2::.github/workflows/license-check.yml,aws/aws-sdk-go-v2,.github/workflows/license-check.yml,aws_aws-sdk-go-v2__.github__workflows__license-check.yml,complex,unpinned,expr-no-taint
4,4,0,0,0,71,2,high,0,0,0,0.0,0.0,0,1,4,1,granular,4,0,1,1,0,0,other,1,aws/aws-sdk-go-v2::.github/workflows/slack.yml,aws/aws-sdk-go-v2,.github/workflows/slack.yml,aws_aws-sdk-go-v2__.github__workflows__slack.yml,complex,no-third-party,taint
1,4,1,0,0,45,2,medium,0,2,1,0.0,1.0,0,0,0,1,granular,1,0,1,0,0,0,ci-test,1,aws/aws-sdk-go-v2::.github/workflows/snapshot.yml,aws/aws-sdk-go-v2,.github/workflows/snapshot.yml,aws_aws-sdk-go-v2__.github__workflows__snapshot.yml,complex,unpinned,no-expr
1,1,0,0,0,50,1,low,0,1,1,0.0,1.0,0,0,0,1,granular,1,1,0,0,0,0,other,1,aws/aws-sdk-go-v2::.github/workflows/stale_issue.yml,aws/aws-sdk-go-v2,.github/workflows/stale_issue.yml,aws_aws-sdk-go-v2__.github__workflows__stale_issue.yml,simple,unpinned,no-expr
1,1,0,0,0,19,1,high,0,1,1,0.0,1.0,0,0,0,1,not set,1,1,0,0,0,0,other,1,aws/aws-sdk-java::.github/workflows/closed-issue-message.yml,aws/aws-sdk-java,.github/workflows/closed-issue-message.yml,aws_aws-sdk-java__.github__workflows__closed-issue-message.yml,simple,unpinned,no-expr
1,2,0,0,0,32,1,high,0,1,1,0.0,1.0,0,1,1,1,not set,2,1,1,0,0,0,other,1,aws/aws-sdk-java::.github/workflows/issue-regression-labeler.yml,aws/aws-sdk-java,.github/workflows/issue-regression-labeler.yml,aws_aws-sdk-java__.github__workflows__issue-regression-labeler.yml,simple,unpinned,taint
1,1,0,0,0,59,1,low,0,1,1,0.0,1.0,0,0,0,1,not set,1,1,0,0,0,0,other,1,aws/aws-sdk-java::.github/workflows/stale-issue.yml,aws/aws-sdk-java,.github/workflows/stale-issue.yml,aws_aws-sdk-java__.github__workflows__stale-issue.yml,simple,unpinned,no-expr
1,3,0,0,0,41,2,medium,0,1,1,0.0,0.5,0,1,0,1,granular,0,0,0,1,0,0,other,1,aws/aws-sdk-java-v2::.github/workflows/api-surface-area-review-verification.yml,aws/aws-sdk-java-v2,.github/workflows/api-surface-area-review-verification.yml,aws_aws-sdk-java-v2__.github__workflows__api-surface-area-review-verification.yml,simple,unpinned,expr-no-taint
1,3,0,0,0,46,2,medium,0,1,1,0.0,0.5,0,1,0,1,granular,0,0,0,1,0,0,other,1,aws/aws-sdk-java-v2::.github/workflows/changelog-verification.yml,aws/aws-sdk-java-v2,.github/workflows/changelog-verification.yml,aws_aws-sdk-java-v2__.github__workflows__changelog-verification.yml,simple,unpinned,expr-no-taint
1,1,0,0,0,18,1,high,0,1,1,0.0,1.0,0,0,0,1,not set,1,1,0,1,0,0,other,1,aws/aws-sdk-java-v2::.github/workflows/closed-issue-message.yml,aws/aws-sdk-java-v2,.github/workflows/closed-issue-message.yml,aws_aws-sdk-java-v2__.github__workflows__closed-issue-message.yml,simple,unpinned,no-expr
1,2,0,0,0,29,3,medium,0,2,1,0.0,2.0,0,0,0,1,granular,1,0,0,1,0,0,build,1,aws/aws-sdk-java-v2::.github/workflows/codebuild-ci-integration-tests.yml,aws/aws-sdk-java-v2,.github/workflows/codebuild-ci-integration-tests.yml,aws_aws-sdk-java-v2__.github__workflows__codebuild-ci-integration-tests.yml,simple,unpinned,no-expr
10,20,0,0,0,169,3,medium,0,20,1,0.0,20.0,0,0,1,1,granular,10,0,1,1,0,0,build,1,aws/aws-sdk-java-v2::.github/workflows/codebuild-ci.yml,aws/aws-sdk-java-v2,.github/workflows/codebuild-ci.yml,aws_aws-sdk-java-v2__.github__workflows__codebuild-ci.yml,complex,unpinned,taint
1,4,1,0,0,91,4,medium,0,3,2,0.0,3.0,0,0,0,1,not set,0,0,0,1,0,0,security-scan,1,aws/aws-sdk-java-v2::.github/workflows/codeql.yml,aws/aws-sdk-java-v2,.github/workflows/codeql.yml,aws_aws-sdk-java-v2__.github__workflows__codeql.yml,complex,unpinned,no-expr
1,1,0,0,0,22,2,high,0,1,1,0.0,1.0,1,0,0,1,not set,1,1,1,1,0,0,other,1,aws/aws-sdk-java-v2::.github/workflows/handle-stale-discussions.yml,aws/aws-sdk-java-v2,.github/workflows/handle-stale-discussions.yml,aws_aws-sdk-java-v2__.github__workflows__handle-stale-discussions.yml,simple,unpinned,no-expr
1,2,0,0,0,33,1,high,0,1,1,0.0,1.0,0,1,1,1,not set,2,1,1,1,0,0,other,1,aws/aws-sdk-java-v2::.github/workflows/issue-regression-labeler.yml,aws/aws-sdk-java-v2,.github/workflows/issue-regression-labeler.yml,aws_aws-sdk-java-v2__.github__workflows__issue-regression-labeler.yml,simple,unpinned,taint
1,1,0,0,0,35,1,medium,0,1,1,0.0,1.0,0,0,0,1,not set,1,1,1,1,0,0,other,1,aws/aws-sdk-java-v2::.github/workflows/lock-conversation-closed-pr.yml,aws/aws-sdk-java-v2,.github/workflows/lock-conversation-closed-pr.yml,aws_aws-sdk-java-v2__.github__workflows__lock-conversation-closed-pr.yml,simple,unpinned,no-expr
2,4,0,0,0,42,1,medium,0,2,1,0.0,1.0,0,0,0,1,granular,2,0,0,1,0,0,other,1,aws/aws-sdk-java-v2::.github/workflows/merge-queue-metric.yml,aws/aws-sdk-java-v2,.github/workflows/merge-queue-metric.yml,aws_aws-sdk-java-v2__.github__workflows__merge-queue-metric.yml,medium,unpinned,no-expr
1,4,0,0,0,104,2,medium,0,1,1,0.0,0.3333,0,1,0,1,granular,0,0,0,1,0,0,other,1,aws/aws-sdk-java-v2::.github/workflows/mixed-version-compatibility-review.yml,aws/aws-sdk-java-v2,.github/workflows/mixed-version-compatibility-review.yml,aws_aws-sdk-java-v2__.github__workflows__mixed-version-compatibility-review.yml,medium,unpinned,expr-no-taint
1,3,0,0,0,220,2,medium,0,1,1,0.0,0.5,0,1,0,1,granular,0,0,0,1,0,0,other,1,aws/aws-sdk-java-v2::.github/workflows/new-module-verification.yml,aws/aws-sdk-java-v2,.github/workflows/new-module-verification.yml,aws_aws-sdk-java-v2__.github__workflows__new-module-verification.yml,simple,unpinned,expr-no-taint
7,14,0,1,0,162,3,medium,0,13,2,0.0,13.0,0,1,0,1,granular,6,0,1,1,0,0,ci-test,1,aws/aws-sdk-java-v2::.github/workflows/s3-regression-tests.yml,aws/aws-sdk-java-v2,.github/workflows/s3-regression-tests.yml,aws_aws-sdk-java-v2__.github__workflows__s3-regression-tests.yml,complex,unpinned,expr-no-taint
1,1,0,0,0,60,1,low,0,1,1,0.0,1.0,0,0,0,1,not set,1,1,0,1,0,0,other,1,aws/aws-sdk-java-v2::.github/workflows/stale-issue.yml,aws/aws-sdk-java-v2,.github/workflows/stale-issue.yml,aws_aws-sdk-java-v2__.github__workflows__stale-issue.yml,simple,unpinned,no-expr
1,1,0,0,0,24,2,low,0,1,1,0.0,1.0,1,0,0,0,not set,4,0,1,1,0,0,other,1,aws/aws-sdk-js::.github/workflows/git-sync.yml,aws/aws-sdk-js,.github/workflows/git-sync.yml,aws_aws-sdk-js__.github__workflows__git-sync.yml,simple,unpinned,no-expr
1,1,0,0,0,18,2,high,0,1,1,0.0,1.0,1,0,0,1,not set,1,1,1,0,0,0,other,1,aws/aws-sdk-js::.github/workflows/handle-stale-discussions.yml,aws/aws-sdk-js,.github/workflows/handle-stale-discussions.yml,aws_aws-sdk-js__.github__workflows__handle-stale-discussions.yml,simple,unpinned,no-expr
1,1,0,0,0,23,1,high,0,1,1,0.0,1.0,0,0,1,1,not set,1,1,1,0,0,0,other,1,aws/aws-sdk-js::.github/workflows/issue-regression-labeler.yml,aws/aws-sdk-js,.github/workflows/issue-regression-labeler.yml,aws_aws-sdk-js__.github__workflows__issue-regression-labeler.yml,simple,unpinned,taint
1,1,0,0,0,45,1,low,0,1,1,0.0,1.0,0,0,0,0,not set,1,1,0,0,0,0,other,1,aws/aws-sdk-js::.github/workflows/stale_issues.yml,aws/aws-sdk-js,.github/workflows/stale_issues.yml,aws_aws-sdk-js__.github__workflows__stale_issues.yml,simple,unpinned,no-expr
1,1,0,0,0,17,1,high,0,1,1,0.0,1.0,0,0,0,1,not set,1,1,0,0,0,0,other,1,aws/aws-sdk-js-v3::.github/workflows/closed-issue-message.yml,aws/aws-sdk-js-v3,.github/workflows/closed-issue-message.yml,aws_aws-sdk-js-v3__.github__workflows__closed-issue-message.yml,simple,unpinned,no-expr
1,6,1,0,0,49,2,medium,0,3,2,0.0,1.0,0,0,0,0,not set,1,0,0,0,0,0,ci-test,1,aws/aws-sdk-js-v3::.github/workflows/codegen-ci.yml,aws/aws-sdk-js-v3,.github/workflows/codegen-ci.yml,aws_aws-sdk-js-v3__.github__workflows__codegen-ci.yml,complex,unpinned,no-expr
1,2,0,0,0,18,2,medium,0,2,2,0.0,2.0,1,0,0,0,not set,0,0,0,0,0,0,code-quality,1,aws/aws-sdk-js-v3::.github/workflows/commit-message-lint.yml,aws/aws-sdk-js-v3,.github/workflows/commit-message-lint.yml,aws_aws-sdk-js-v3__.github__workflows__commit-message-lint.yml,simple,unpinned,no-expr
1,1,0,0,0,24,2,low,0,1,1,0.0,1.0,1,0,0,0,not set,4,0,1,1,0,0,other,1,aws/aws-sdk-js-v3::.github/workflows/git-sync.yml,aws/aws-sdk-js-v3,.github/workflows/git-sync.yml,aws_aws-sdk-js-v3__.github__workflows__git-sync.yml,simple,unpinned,no-expr
1,1,0,0,0,18,2,high,0,1,1,0.0,1.0,1,0,0,1,not set,1,1,1,0,0,0,other,1,aws/aws-sdk-js-v3::.github/workflows/handle-stale-discussions.yml,aws/aws-sdk-js-v3,.github/workflows/handle-stale-discussions.yml,aws_aws-sdk-js-v3__.github__workflows__handle-stale-discussions.yml,simple,unpinned,no-expr
1,2,0,0,0,32,1,high,0,1,1,0.0,1.0,0,1,1,1,not set,2,1,1,0,0,0,other,1,aws/aws-sdk-js-v3::.github/workflows/issue-regression-labeler.yml,aws/aws-sdk-js-v3,.github/workflows/issue-regression-labeler.yml,aws_aws-sdk-js-v3__.github__workflows__issue-regression-labeler.yml,simple,unpinned,taint
1,1,0,0,0,33,2,low,0,1,1,0.0,1.0,1,0,0,1,not set,0,1,0,1,0,0,other,1,aws/aws-sdk-js-v3::.github/workflows/lock.yml,aws/aws-sdk-js-v3,.github/workflows/lock.yml,aws_aws-sdk-js-v3__.github__workflows__lock.yml,simple,unpinned,no-expr
1,4,0,0,0,27,2,medium,0,2,1,0.0,1.0,0,0,0,0,not set,0,0,0,0,0,0,other,1,aws/aws-sdk-js-v3::.github/workflows/pre-commit-hooks.yml,aws/aws-sdk-js-v3,.github/workflows/pre-commit-hooks.yml,aws_aws-sdk-js-v3__.github__workflows__pre-commit-hooks.yml,medium,unpinned,no-expr
1,3,0,0,0,45,1,medium,0,1,1,0.0,0.5,0,1,1,1,not set,2,1,1,1,0,0,build,1,aws/aws-sdk-js-v3::.github/workflows/pull-request-build.yml,aws/aws-sdk-js-v3,.github/workflows/pull-request-build.yml,aws_aws-sdk-js-v3__.github__workflows__pull-request-build.yml,simple,unpinned,taint
1,1,0,0,0,48,1,low,0,1,1,0.0,1.0,0,0,0,1,not set,1,1,0,0,0,0,other,1,aws/aws-sdk-js-v3::.github/workflows/stale_issues.yml,aws/aws-sdk-js-v3,.github/workflows/stale_issues.yml,aws_aws-sdk-js-v3__.github__workflows__stale_issues.yml,simple,unpinned,no-expr
1,4,0,0,0,29,3,medium,0,2,1,0.0,1.0,0,0,0,1,granular,0,0,0,0,0,0,other,1,aws/aws-sdk-pandas::.github/workflows/bandit.yml,aws/aws-sdk-pandas,.github/workflows/bandit.yml,aws_aws-sdk-pandas__.github__workflows__bandit.yml,medium,unpinned,no-expr
1,11,0,0,0,81,3,medium,0,7,3,0.0,1.75,1,0,0,1,granular,0,0,0,0,0,0,other,1,aws/aws-sdk-pandas::.github/workflows/cfn-nag.yml,aws/aws-sdk-pandas,.github/workflows/cfn-nag.yml,aws_aws-sdk-pandas__.github__workflows__cfn-nag.yml,complex,unpinned,no-expr
1,2,0,0,0,20,2,medium,0,1,1,0.0,1.0,0,0,0,1,granular,0,0,0,0,0,0,ci-test,1,aws/aws-sdk-pandas::.github/workflows/check-pytest-xfails.yml,aws/aws-sdk-pandas,.github/workflows/check-pytest-xfails.yml,aws_aws-sdk-pandas__.github__workflows__check-pytest-xfails.yml,simple,unpinned,no-expr
1,2,0,0,0,22,1,high,0,1,1,0.0,1.0,0,0,0,1,not set,2,1,1,1,0,0,dependency-management,1,aws/aws-sdk-pandas::.github/workflows/dependabot-prs.yml,aws/aws-sdk-pandas,.github/workflows/dependabot-prs.yml,aws_aws-sdk-pandas__.github__workflows__dependabot-prs.yml,simple,unpinned,no-expr
1,1,0,0,0,34,2,low,0,1,1,0.0,1.0,0,0,0,1,not set,1,1,0,0,0,0,other,1,aws/aws-sdk-pandas::.github/workflows/git-hygiene.yml,aws/aws-sdk-pandas,.github/workflows/git-hygiene.yml,aws_aws-sdk-pandas__.github__workflows__git-hygiene.yml,simple,unpinned,no-expr
1,9,1,0,0,58,2,medium,0,3,2,0.0,0.5,1,0,0,1,granular,0,0,0,0,0,0,ci-test,1,aws/aws-sdk-pandas::.github/workflows/minimal-tests.yml,aws/aws-sdk-pandas,.github/workflows/minimal-tests.yml,aws_aws-sdk-pandas__.github__workflows__minimal-tests.yml,complex,unpinned,no-expr
1,1,0,0,0,19,2,low,0,1,1,0.0,1.0,1,0,0,1,not set,1,1,0,0,0,0,other,1,aws/aws-sdk-pandas::.github/workflows/minimum-response-time.yml,aws/aws-sdk-pandas,.github/workflows/minimum-response-time.yml,aws_aws-sdk-pandas__.github__workflows__minimum-response-time.yml,simple,unpinned,no-expr
1,1,0,0,0,20,1,high,0,1,1,0.0,1.0,1,0,0,1,not set,1,1,1,0,0,0,code-quality,1,aws/aws-sdk-pandas::.github/workflows/pr-linter.yml,aws/aws-sdk-pandas,.github/workflows/pr-linter.yml,aws_aws-sdk-pandas__.github__workflows__pr-linter.yml,simple,unpinned,no-expr
2,4,0,1,0,44,2,low,0,4,3,0.0,4.0,1,0,0,1,granular,0,0,0,0,0,0,deploy-release,1,aws/aws-sdk-pandas::.github/workflows/publish.yml,aws/aws-sdk-pandas,.github/workflows/publish.yml,aws_aws-sdk-pandas__.github__workflows__publish.yml,medium,unpinned,no-expr
1,3,0,0,0,28,2,low,0,3,3,0.0,3.0,1,0,0,1,granular,1,0,1,0,0,0,security-scan,1,aws/aws-sdk-pandas::.github/workflows/snyk.yml,aws/aws-sdk-pandas,.github/workflows/snyk.yml,aws_aws-sdk-pandas__.github__workflows__snyk.yml,simple,unpinned,no-expr
1,10,1,0,0,52,3,medium,0,3,2,0.0,0.4286,1,0,0,1,granular,0,0,0,0,0,0,ci-test,1,aws/aws-sdk-pandas::.github/workflows/static-checking.yml,aws/aws-sdk-pandas,.github/workflows/static-checking.yml,aws_aws-sdk-pandas__.github__workflows__static-checking.yml,complex,unpinned,no-expr
1,1,0,0,0,19,1,high,0,1,1,0.0,1.0,1,0,0,1,granular,0,0,0,0,0,0,other,1,aws/aws-sdk-pandas::.github/workflows/unlabel-assigned-issue.yml,aws/aws-sdk-pandas,.github/workflows/unlabel-assigned-issue.yml,aws_aws-sdk-pandas__.github__workflows__unlabel-assigned-issue.yml,simple,unpinned,no-expr
1,1,0,0,0,20,1,high,0,1,1,0.0,1.0,0,0,0,1,empty,1,1,0,1,0,0,other,1,aws/aws-sdk-php::.github/workflows/closed-issue-message.yml,aws/aws-sdk-php,.github/workflows/closed-issue-message.yml,aws_aws-sdk-php__.github__workflows__closed-issue-message.yml,simple,unpinned,no-expr
1,6,0,0,0,49,3,low,0,3,3,0.0,1.0,1,0,0,1,granular,1,0,0,0,0,0,other,1,aws/aws-sdk-php::.github/workflows/coverage.yml,aws/aws-sdk-php,.github/workflows/coverage.yml,aws_aws-sdk-php__.github__workflows__coverage.yml,medium,unpinned,no-expr
1,6,1,0,0,57,1,medium,0,2,2,0.0,0.5,1,0,0,1,granular,0,0,0,1,0,0,documentation,1,aws/aws-sdk-php::.github/workflows/docs-build.yml,aws/aws-sdk-php,.github/workflows/docs-build.yml,aws_aws-sdk-php__.github__workflows__docs-build.yml,complex,unpinned,no-expr
1,5,0,0,0,86,1,medium,0,1,1,0.0,0.25,0,1,0,1,granular,1,0,0,1,0,0,security-scan,1,aws/aws-sdk-php::.github/workflows/git-secrets-scan.yml,aws/aws-sdk-php,.github/workflows/git-secrets-scan.yml,aws_aws-sdk-php__.github__workflows__git-secrets-scan.yml,medium,unpinned,expr-no-taint
1,1,0,0,0,19,2,high,0,1,1,0.0,1.0,1,0,0,1,not set,1,1,1,1,0,0,other,1,aws/aws-sdk-php::.github/workflows/handle-stale-discussions.yml,aws/aws-sdk-php,.github/workflows/handle-stale-discussions.yml,aws_aws-sdk-php__.github__workflows__handle-stale-discussions.yml,simple,unpinned,no-expr
1,2,0,0,0,33,1,high,0,1,1,0.0,1.0,0,1,1,1,not set,2,1,1,1,0,0,other,1,aws/aws-sdk-php::.github/workflows/issue-regression-labeler.yml,aws/aws-sdk-php,.github/workflows/issue-regression-labeler.yml,aws_aws-sdk-php__.github__workflows__issue-regression-labeler.yml,simple,unpinned,taint
1,2,0,0,0,27,1,medium,0,1,1,0.0,1.0,0,1,0,1,granular,0,0,0,0,0,0,security-scan,1,aws/aws-sdk-php::.github/workflows/model-changes.yml,aws/aws-sdk-php,.github/workflows/model-changes.yml,aws_aws-sdk-php__.github__workflows__model-changes.yml,simple,unpinned,expr-no-taint
1,1,0,0,0,55,1,low,0,1,1,0.0,1.0,0,0,0,1,empty,1,1,0,1,0,0,other,1,aws/aws-sdk-php::.github/workflows/stale_issues.yml,aws/aws-sdk-php,.github/workflows/stale_issues.yml,aws_aws-sdk-php__.github__workflows__stale_issues.yml,simple,unpinned,no-expr
1,6,1,0,0,64,2,medium,0,2,2,0.0,0.5,1,0,0,1,granular,0,0,0,0,0,0,ci-test,1,aws/aws-sdk-php::.github/workflows/tests-windows.yml,aws/aws-sdk-php,.github/workflows/tests-windows.yml,aws_aws-sdk-php__.github__workflows__tests-windows.yml,complex,unpinned,no-expr
1,7,1,0,0,99,2,medium,0,2,2,0.0,0.4,1,1,0,1,granular,0,0,0,1,0,0,ci-test,1,aws/aws-sdk-php::.github/workflows/tests.yml,aws/aws-sdk-php,.github/workflows/tests.yml,aws_aws-sdk-php__.github__workflows__tests.yml,complex,unpinned,expr-no-taint
1,10,1,0,0,80,2,medium,0,4,4,0.0,0.6667,1,0,1,1,granular,1,1,1,1,0,0,other,1,aws/aws-sdk-ruby::.github/workflows/benchmark.yml,aws/aws-sdk-ruby,.github/workflows/benchmark.yml,aws_aws-sdk-ruby__.github__workflows__benchmark.yml,complex,unpinned,taint
1,2,0,0,0,26,1,medium,0,2,2,0.5,2.0,1,0,0,1,granular,2,1,0,1,0,0,other,1,aws/aws-sdk-ruby::.github/workflows/changelog.yml,aws/aws-sdk-ruby,.github/workflows/changelog.yml,aws_aws-sdk-ruby__.github__workflows__changelog.yml,simple,pinned,no-expr
2,12,1,0,0,85,2,medium,0,4,2,0.0,0.5,1,1,0,1,granular,0,0,0,0,0,0,ci-test,1,aws/aws-sdk-ruby::.github/workflows/ci.yml,aws/aws-sdk-ruby,.github/workflows/ci.yml,aws_aws-sdk-ruby__.github__workflows__ci.yml,complex,unpinned,expr-no-taint
1,1,0,0,0,18,1,high,0,1,1,0.0,1.0,0,0,0,1,empty,1,1,0,0,0,0,other,1,aws/aws-sdk-ruby::.github/workflows/closed-issue-message.yml,aws/aws-sdk-ruby,.github/workflows/closed-issue-message.yml,aws_aws-sdk-ruby__.github__workflows__closed-issue-message.yml,simple,unpinned,no-expr
1,2,0,0,0,14,1,medium,0,2,1,0.0,2.0,0,0,0,1,granular,0,0,0,0,0,0,dependency-management,1,aws/aws-sdk-ruby::.github/workflows/depsreview.yaml,aws/aws-sdk-ruby,.github/workflows/depsreview.yaml,aws_aws-sdk-ruby__.github__workflows__depsreview.yaml,simple,unpinned,no-expr
1,1,0,0,0,18,2,high,0,1,1,0.0,1.0,1,0,0,1,not set,1,1,1,0,0,0,other,1,aws/aws-sdk-ruby::.github/workflows/handle-stale-discussions.yml,aws/aws-sdk-ruby,.github/workflows/handle-stale-discussions.yml,aws_aws-sdk-ruby__.github__workflows__handle-stale-discussions.yml,simple,unpinned,no-expr
1,2,0,0,0,32,1,high,0,1,1,0.0,1.0,0,1,1,1,not set,2,1,1,0,0,0,other,1,aws/aws-sdk-ruby::.github/workflows/issue-regression-labeler.yml,aws/aws-sdk-ruby,.github/workflows/issue-regression-labeler.yml,aws_aws-sdk-ruby__.github__workflows__issue-regression-labeler.yml,simple,unpinned,taint
1,5,0,0,0,66,2,low,0,2,2,0.0,0.6667,0,1,1,1,not set,2,1,1,1,0,0,build,1,aws/aws-sdk-ruby::.github/workflows/pull-request-build.yaml,aws/aws-sdk-ruby,.github/workflows/pull-request-build.yaml,aws_aws-sdk-ruby__.github__workflows__pull-request-build.yaml,medium,unpinned,taint
1,1,0,0,0,50,1,low,0,1,1,0.0,1.0,0,0,0,1,empty,1,1,0,0,0,0,other,1,aws/aws-sdk-ruby::.github/workflows/stale_issues.yml,aws/aws-sdk-ruby,.github/workflows/stale_issues.yml,aws_aws-sdk-ruby__.github__workflows__stale_issues.yml,simple,unpinned,no-expr
2,10,1,0,0,78,2,medium,0,5,1,0.0,1.0,0,0,0,0,not set,0,0,0,0,0,0,ci-test,1,aws/chalice::.github/workflows/run-tests.yml,aws/chalice,.github/workflows/run-tests.yml,aws_chalice__.github__workflows__run-tests.yml,complex,unpinned,no-expr
1,1,0,0,0,47,1,low,0,1,1,0.0,1.0,0,0,0,0,not set,1,1,0,0,0,0,other,1,aws/chalice::.github/workflows/stale-issue.yml,aws/chalice,.github/workflows/stale-issue.yml,aws_chalice__.github__workflows__stale-issue.yml,simple,unpinned,no-expr
1,1,0,0,0,21,1,low,0,1,1,0.0,1.0,0,0,0,0,not set,1,1,0,0,0,0,other,1,aws/containers-roadmap::.github/workflows/stale.yml,aws/containers-roadmap,.github/workflows/stale.yml,aws_containers-roadmap__.github__workflows__stale.yml,simple,unpinned,no-expr
5,22,1,0,0,124,1,medium,0,14,2,0.0,1.75,0,1,0,0,not set,0,0,0,0,0,0,ci-test,1,aws/copilot-cli::.github/workflows/ci.yml,aws/copilot-cli,.github/workflows/ci.yml,aws_copilot-cli__.github__workflows__ci.yml,complex,unpinned,expr-no-taint
1,9,0,0,0,97,1,medium,0,5,1,0.0,1.25,0,1,0,0,not set,1,1,0,0,0,0,ci-test,1,aws/copilot-cli::.github/workflows/ci_size_computer.yml,aws/copilot-cli,.github/workflows/ci_size_computer.yml,aws_copilot-cli__.github__workflows__ci_size_computer.yml,medium,unpinned,expr-no-taint
1,6,0,0,0,110,1,medium,0,4,2,0.0,2.0,1,0,0,0,not set,0,0,0,0,0,0,ci-test,1,aws/copilot-cli::.github/workflows/ci_size_writer.yml,aws/copilot-cli,.github/workflows/ci_size_writer.yml,aws_copilot-cli__.github__workflows__ci_size_writer.yml,medium,unpinned,no-expr
1,6,0,0,0,36,1,low,0,5,2,0.0,5.0,0,0,0,0,not set,0,0,0,0,0,0,other,1,aws/copilot-cli::.github/workflows/commit.yml,aws/copilot-cli,.github/workflows/commit.yml,aws_copilot-cli__.github__workflows__commit.yml,medium,unpinned,no-expr
1,2,0,0,0,19,2,low,0,2,2,0.5,2.0,1,0,0,0,not set,1,1,1,0,0,0,deploy-release,1,aws/copilot-cli::.github/workflows/doc_builder.yml,aws/copilot-cli,.github/workflows/doc_builder.yml,aws_copilot-cli__.github__workflows__doc_builder.yml,simple,pinned,no-expr
3,18,0,1,0,145,1,low,0,6,3,0.0,0.5,1,1,0,1,not set,1,0,0,1,0,0,other,1,aws/copilot-cli::.github/workflows/homebrew.yml,aws/copilot-cli,.github/workflows/homebrew.yml,aws_copilot-cli__.github__workflows__homebrew.yml,complex,unpinned,expr-no-taint
1,1,0,0,0,27,2,low,0,1,1,0.0,1.0,0,0,0,1,granular,0,0,0,1,0,0,other,1,aws/copilot-cli::.github/workflows/stale.yml,aws/copilot-cli,.github/workflows/stale.yml,aws_copilot-cli__.github__workflows__stale.yml,simple,unpinned,no-expr
1,4,0,0,0,31,2,medium,0,3,2,0.0,3.0,0,0,0,1,granular,1,0,0,0,0,0,ci-test,1,aws/eks-anywhere::.github/workflows/go-coverage.yml,aws/eks-anywhere,.github/workflows/go-coverage.yml,aws_eks-anywhere__.github__workflows__go-coverage.yml,medium,unpinned,no-expr
1,3,0,0,0,30,2,medium,0,3,2,0.0,3.0,1,0,0,1,granular,0,0,0,0,0,0,code-quality,1,aws/eks-anywhere::.github/workflows/golangci-lint.yml,aws/eks-anywhere,.github/workflows/golangci-lint.yml,aws_eks-anywhere__.github__workflows__golangci-lint.yml,simple,unpinned,no-expr
1,1,0,0,0,22,1,high,0,1,1,0.0,1.0,0,0,0,1,not set,1,1,0,0,0,0,other,1,aws/eks-anywhere::.github/workflows/label.yml,aws/eks-anywhere,.github/workflows/label.yml,aws_eks-anywhere__.github__workflows__label.yml,simple,unpinned,no-expr
1,1,0,0,0,43,2,low,0,1,1,0.0,1.0,0,0,0,1,granular,0,0,0,0,0,0,other,1,aws/eks-anywhere::.github/workflows/stale-labeler.yaml,aws/eks-anywhere,.github/workflows/stale-labeler.yaml,aws_eks-anywhere__.github__workflows__stale-labeler.yaml,simple,unpinned,no-expr
2,5,0,0,0,52,4,medium,0,5,2,0.0,5.0,1,0,0,1,granular,0,0,0,0,0,0,security-scan,1,aws/eks-anywhere::.github/workflows/vulnerability.yml,aws/eks-anywhere,.github/workflows/vulnerability.yml,aws_eks-anywhere__.github__workflows__vulnerability.yml,medium,unpinned,no-expr
1,1,0,0,0,25,1,medium,0,0,0,0.0,0.0,0,1,0,1,not set,1,1,1,1,0,0,other,1,aws/jsii::.github/workflows/auto-approve.yml,aws/jsii,.github/workflows/auto-approve.yml,aws_jsii__.github__workflows__auto-approve.yml,simple,no-third-party,expr-no-taint
1,1,0,0,0,48,1,low,0,1,1,0.0,1.0,0,0,0,1,not set,1,1,0,0,0,0,other,1,aws/jsii::.github/workflows/close-stale-issues.yml,aws/jsii,.github/workflows/close-stale-issues.yml,aws_jsii__.github__workflows__close-stale-issues.yml,simple,unpinned,no-expr
1,1,0,0,0,17,1,high,0,1,1,0.0,1.0,0,0,0,1,not set,1,1,0,0,0,0,other,1,aws/jsii::.github/workflows/closed-issue-message.yml,aws/jsii,.github/workflows/closed-issue-message.yml,aws_jsii__.github__workflows__closed-issue-message.yml,simple,unpinned,no-expr
2,10,0,1,0,81,4,medium,0,5,1,0.0,1.0,0,1,0,1,not set,1,0,0,1,0,0,documentation,1,aws/jsii::.github/workflows/gh-pages.yml,aws/jsii,.github/workflows/gh-pages.yml,aws_jsii__.github__workflows__gh-pages.yml,complex,unpinned,expr-no-taint
1,1,0,0,0,18,2,high,0,1,1,0.0,1.0,1,0,0,1,not set,1,1,1,0,0,0,other,1,aws/jsii::.github/workflows/handle-stale-discussions.yml,aws/jsii,.github/workflows/handle-stale-discussions.yml,aws_jsii__.github__workflows__handle-stale-discussions.yml,simple,unpinned,no-expr
1,2,0,0,0,32,1,high,0,1,1,0.0,1.0,0,1,1,1,not set,2,1,1,0,0,0,other,1,aws/jsii::.github/workflows/issue-regression-labeler.yml,aws/jsii,.github/workflows/issue-regression-labeler.yml,aws_jsii__.github__workflows__issue-regression-labeler.yml,simple,unpinned,taint
6,56,1,1,0,492,3,medium,0,30,1,0.0,1.1538,0,1,0,1,not set,0,0,0,1,0,0,other,1,aws/jsii::.github/workflows/main.yml,aws/jsii,.github/workflows/main.yml,aws_jsii__.github__workflows__main.yml,complex,unpinned,expr-no-taint
1,1,0,0,0,35,2,high,0,1,1,0.0,1.0,1,0,0,1,not set,1,1,1,0,0,0,code-quality,1,aws/jsii::.github/workflows/pull-request-lint.yml,aws/jsii,.github/workflows/pull-request-lint.yml,aws_jsii__.github__workflows__pull-request-lint.yml,simple,unpinned,no-expr
2,14,0,1,0,149,2,low,0,6,2,0.0,0.75,1,1,0,1,not set,1,0,0,0,0,0,other,1,aws/jsii::.github/workflows/yarn-upgrade.yml,aws/jsii,.github/workflows/yarn-upgrade.yml,aws_jsii__.github__workflows__yarn-upgrade.yml,complex,unpinned,expr-no-taint
1,3,0,0,0,25,1,low,0,2,1,1.0,2.0,0,0,4,0,not set,0,0,1,1,0,0,other,1,aws/karpenter-provider-aws::.github/workflows/approval-comment.yaml,aws/karpenter-provider-aws,.github/workflows/approval-comment.yaml,aws_karpenter-provider-aws__.github__workflows__approval-comment.yaml,simple,pinned,taint
1,4,1,0,0,29,3,medium,0,1,1,1.0,1.0,0,1,0,0,not set,1,1,1,1,0,0,ci-test,1,aws/karpenter-provider-aws::.github/workflows/ci-test.yaml,aws/karpenter-provider-aws,.github/workflows/ci-test.yaml,aws_karpenter-provider-aws__.github__workflows__ci-test.yaml,complex,pinned,expr-no-taint
1,4,0,0,0,20,3,medium,0,1,1,1.0,1.0,0,0,0,0,not set,0,0,0,1,0,0,ci-test,1,aws/karpenter-provider-aws::.github/workflows/ci.yaml,aws/karpenter-provider-aws,.github/workflows/ci.yaml,aws_karpenter-provider-aws__.github__workflows__ci.yaml,medium,pinned,no-expr
1,8,0,0,0,66,2,low,0,3,2,1.0,1.6667,0,1,0,1,not set,3,1,1,1,0,0,ci-test,1,aws/karpenter-provider-aws::.github/workflows/codegen.yaml,aws/karpenter-provider-aws,.github/workflows/codegen.yaml,aws_karpenter-provider-aws__.github__workflows__codegen.yaml,medium,pinned,expr-no-taint
2,9,0,0,0,42,3,medium,0,7,2,1.0,8.0,0,0,0,1,not set,0,0,0,1,0,0,security-scan,1,aws/karpenter-provider-aws::.github/workflows/codeql-analysis.yaml,aws/karpenter-provider-aws,.github/workflows/codeql-analysis.yaml,aws_karpenter-provider-aws__.github__workflows__codeql-analysis.yaml,medium,pinned,no-expr
1,2,0,0,0,13,2,medium,0,1,1,1.0,1.0,0,0,0,0,not set,0,0,0,1,0,0,other,1,aws/karpenter-provider-aws::.github/workflows/dryrun-gen-pr.yaml,aws/karpenter-provider-aws,.github/workflows/dryrun-gen-pr.yaml,aws_karpenter-provider-aws__.github__workflows__dryrun-gen-pr.yaml,simple,pinned,no-expr
1,6,0,0,0,29,1,low,0,2,2,1.0,1.0,0,0,0,1,not set,0,0,0,1,0,0,other,1,aws/karpenter-provider-aws::.github/workflows/dryrun-gen.yaml,aws/karpenter-provider-aws,.github/workflows/dryrun-gen.yaml,aws_karpenter-provider-aws__.github__workflows__dryrun-gen.yaml,medium,pinned,no-expr
1,3,0,0,0,41,1,low,1,2,2,1.0,3.0,0,0,0,1,not set,0,0,0,0,0,0,other,1,aws/karpenter-provider-aws::.github/workflows/e2e-cleanup.yaml,aws/karpenter-provider-aws,.github/workflows/e2e-cleanup.yaml,aws_karpenter-provider-aws__.github__workflows__e2e-cleanup.yaml,simple,pinned,no-expr
2,0,0,1,1,48,4,medium,1,0,0,0.0,0.0,0,0,0,1,not set,1,0,0,1,0,0,other,1,aws/karpenter-provider-aws::.github/workflows/e2e-matrix-trigger.yaml,aws/karpenter-provider-aws,.github/workflows/e2e-matrix-trigger.yaml,aws_karpenter-provider-aws__.github__workflows__e2e-matrix-trigger.yaml,medium,no-third-party,no-expr
2,0,1,0,1,128,2,low,1,0,0,0.0,0.0,0,0,0,1,not set,2,0,0,0,0,0,other,1,aws/karpenter-provider-aws::.github/workflows/e2e-matrix.yaml,aws/karpenter-provider-aws,.github/workflows/e2e-matrix.yaml,aws_karpenter-provider-aws__.github__workflows__e2e-matrix.yaml,complex,no-third-party,no-expr
1,0,0,0,1,20,1,low,0,0,0,0.0,0.0,0,0,0,1,not set,1,0,0,1,0,0,other,1,aws/karpenter-provider-aws::.github/workflows/e2e-private-cluster-trigger.yaml,aws/karpenter-provider-aws,.github/workflows/e2e-private-cluster-trigger.yaml,aws_karpenter-provider-aws__.github__workflows__e2e-private-cluster-trigger.yaml,simple,no-third-party,no-expr
2,0,0,1,1,48,3,medium,1,0,0,0.0,0.0,0,0,0,1,not set,1,0,0,1,0,0,other,1,aws/karpenter-provider-aws::.github/workflows/e2e-scale-trigger.yaml,aws/karpenter-provider-aws,.github/workflows/e2e-scale-trigger.yaml,aws_karpenter-provider-aws__.github__workflows__e2e-scale-trigger.yaml,medium,no-third-party,no-expr
2,4,1,1,1,53,1,low,0,3,2,1.0,3.0,0,0,0,1,not set,1,0,0,1,0,0,other,1,aws/karpenter-provider-aws::.github/workflows/e2e-soak-trigger.yaml,aws/karpenter-provider-aws,.github/workflows/e2e-soak-trigger.yaml,aws_karpenter-provider-aws__.github__workflows__e2e-soak-trigger.yaml,complex,pinned,no-expr
1,15,0,0,0,176,2,low,1,4,2,1.0,6.5,0,1,0,1,not set,1,0,1,1,0,0,other,1,aws/karpenter-provider-aws::.github/workflows/e2e-upgrade.yaml,aws/karpenter-provider-aws,.github/workflows/e2e-upgrade.yaml,aws_karpenter-provider-aws__.github__workflows__e2e-upgrade.yaml,complex,pinned,expr-no-taint
2,0,1,1,1,48,3,medium,1,0,0,0.0,0.0,0,0,0,1,not set,1,0,0,1,0,0,other,1,aws/karpenter-provider-aws::.github/workflows/e2e-version-compatibility-trigger.yaml,aws/karpenter-provider-aws,.github/workflows/e2e-version-compatibility-trigger.yaml,aws_karpenter-provider-aws__.github__workflows__e2e-version-compatibility-trigger.yaml,complex,no-third-party,no-expr
1,13,0,0,0,232,2,low,1,2,2,1.0,3.3333,0,1,0,1,not set,2,0,1,1,0,0,other,1,aws/karpenter-provider-aws::.github/workflows/e2e.yaml,aws/karpenter-provider-aws,.github/workflows/e2e.yaml,aws_karpenter-provider-aws__.github__workflows__e2e.yaml,complex,pinned,expr-no-taint
1,5,0,0,0,36,2,low,0,3,3,1.0,4.0,0,0,0,1,not set,1,1,1,1,0,0,other,1,aws/karpenter-provider-aws::.github/workflows/image-canary.yaml,aws/karpenter-provider-aws,.github/workflows/image-canary.yaml,aws_karpenter-provider-aws__.github__workflows__image-canary.yaml,medium,pinned,no-expr
1,3,0,0,0,19,2,low,0,1,1,1.0,2.0,0,0,0,0,not set,0,0,0,1,0,0,other,1,aws/karpenter-provider-aws::.github/workflows/postsubmit.yaml,aws/karpenter-provider-aws,.github/workflows/postsubmit.yaml,aws_karpenter-provider-aws__.github__workflows__postsubmit.yaml,simple,pinned,no-expr
1,11,0,0,0,75,1,low,0,5,3,1.0,1.75,1,0,0,1,not set,2,1,1,1,0,0,deploy-release,1,aws/karpenter-provider-aws::.github/workflows/release.yaml,aws/karpenter-provider-aws,.github/workflows/release.yaml,aws_karpenter-provider-aws__.github__workflows__release.yaml,complex,pinned,no-expr
1,3,0,0,0,39,1,low,0,1,1,1.0,2.0,0,1,0,0,not set,0,0,1,1,0,0,other,1,aws/karpenter-provider-aws::.github/workflows/resolve-args.yaml,aws/karpenter-provider-aws,.github/workflows/resolve-args.yaml,aws_karpenter-provider-aws__.github__workflows__resolve-args.yaml,simple,pinned,expr-no-taint
1,4,1,0,0,30,2,low,0,3,2,1.0,3.0,0,0,0,1,granular,0,0,0,1,0,0,other,1,aws/karpenter-provider-aws::.github/workflows/resource-count.yaml,aws/karpenter-provider-aws,.github/workflows/resource-count.yaml,aws_karpenter-provider-aws__.github__workflows__resource-count.yaml,complex,pinned,no-expr
1,10,0,0,0,68,1,medium,0,4,2,1.0,4.0,0,0,0,1,not set,0,0,1,1,0,0,other,1,aws/karpenter-provider-aws::.github/workflows/snapshot-pr.yaml,aws/karpenter-provider-aws,.github/workflows/snapshot-pr.yaml,aws_karpenter-provider-aws__.github__workflows__snapshot-pr.yaml,complex,pinned,no-expr
1,4,0,0,0,25,1,low,0,2,2,1.0,3.0,0,0,0,1,not set,0,0,0,1,0,0,other,1,aws/karpenter-provider-aws::.github/workflows/snapshot.yaml,aws/karpenter-provider-aws,.github/workflows/snapshot.yaml,aws_karpenter-provider-aws__.github__workflows__snapshot.yaml,medium,pinned,no-expr
1,2,0,0,0,38,2,low,0,2,1,1.0,2.0,0,0,0,1,not set,2,1,0,1,0,0,other,1,aws/karpenter-provider-aws::.github/workflows/stale.yaml,aws/karpenter-provider-aws,.github/workflows/stale.yaml,aws_karpenter-provider-aws__.github__workflows__stale.yaml,simple,pinned,no-expr
1,4,1,0,0,37,2,low,0,3,2,1.0,3.0,0,1,0,1,not set,0,0,0,1,0,0,other,1,aws/karpenter-provider-aws::.github/workflows/sweeper.yaml,aws/karpenter-provider-aws,.github/workflows/sweeper.yaml,aws_karpenter-provider-aws__.github__workflows__sweeper.yaml,complex,pinned,expr-no-taint
1,4,0,0,0,26,1,high,0,1,1,1.0,0.3333,0,1,0,1,not set,0,0,0,1,0,0,other,1,aws/karpenter-provider-aws::.github/workflows/website-cleanup-preview.yaml,aws/karpenter-provider-aws,.github/workflows/website-cleanup-preview.yaml,aws_karpenter-provider-aws__.github__workflows__website-cleanup-preview.yaml,medium,pinned,expr-no-taint
1,2,0,0,0,22,1,low,0,1,1,1.0,2.0,0,0,0,1,not set,0,0,0,1,0,0,deploy-release,1,aws/karpenter-provider-aws::.github/workflows/website-deploy.yaml,aws/karpenter-provider-aws,.github/workflows/website-deploy.yaml,aws_karpenter-provider-aws__.github__workflows__website-deploy.yaml,simple,pinned,no-expr
1,3,0,0,0,24,1,medium,0,2,1,1.0,2.0,0,0,0,0,not set,0,0,1,1,0,0,other,1,aws/karpenter-provider-aws::.github/workflows/website-preview-trigger.yaml,aws/karpenter-provider-aws,.github/workflows/website-preview-trigger.yaml,aws_karpenter-provider-aws__.github__workflows__website-preview-trigger.yaml,simple,pinned,no-expr
1,10,0,0,0,93,1,medium,0,4,2,1.0,4.0,0,1,0,1,not set,0,0,1,1,0,0,deploy-release,1,aws/karpenter-provider-aws::.github/workflows/website-preview.yaml,aws/karpenter-provider-aws,.github/workflows/website-preview.yaml,aws_karpenter-provider-aws__.github__workflows__website-preview.yaml,complex,pinned,expr-no-taint
1,3,0,0,0,20,1,medium,0,1,1,0.0,0.5,0,0,0,0,not set,0,0,0,0,0,0,other,1,aws/s2n-tls::.github/workflows/boringssl-fork-freshness.yml,aws/s2n-tls,.github/workflows/boringssl-fork-freshness.yml,aws_s2n-tls__.github__workflows__boringssl-fork-freshness.yml,simple,unpinned,no-expr
3,12,0,0,0,66,3,medium,0,3,1,0.0,0.3333,0,0,0,1,granular,0,0,0,0,0,0,ci-test,1,aws/s2n-tls::.github/workflows/ci_aws_kms_tls_auth.yml,aws/s2n-tls,.github/workflows/ci_aws_kms_tls_auth.yml,aws_s2n-tls__.github__workflows__ci_aws_kms_tls_auth.yml,complex,unpinned,no-expr
1,4,0,0,0,54,3,medium,0,2,2,0.0,1.0,1,0,0,1,granular,0,0,0,0,0,0,ci-test,1,aws/s2n-tls::.github/workflows/ci_compliance.yml,aws/s2n-tls,.github/workflows/ci_compliance.yml,aws_s2n-tls__.github__workflows__ci_compliance.yml,medium,unpinned,no-expr
1,3,0,0,0,36,3,medium,0,3,2,0.0,3.0,1,0,0,1,granular,0,0,0,1,0,0,ci-test,1,aws/s2n-tls::.github/workflows/ci_freebsd.yml,aws/s2n-tls,.github/workflows/ci_freebsd.yml,aws_s2n-tls__.github__workflows__ci_freebsd.yml,simple,unpinned,no-expr
8,32,0,0,0,151,3,medium,0,13,4,0.0,0.6842,1,0,0,1,granular,0,0,0,1,0,0,code-quality,1,aws/s2n-tls::.github/workflows/ci_linting.yml,aws/s2n-tls,.github/workflows/ci_linting.yml,aws_s2n-tls__.github__workflows__ci_linting.yml,complex,unpinned,no-expr
1,3,0,0,0,41,3,medium,0,3,2,0.0,3.0,1,0,0,1,granular,0,0,0,1,0,0,ci-test,1,aws/s2n-tls::.github/workflows/ci_openbsd.yml,aws/s2n-tls,.github/workflows/ci_openbsd.yml,aws_s2n-tls__.github__workflows__ci_openbsd.yml,simple,unpinned,no-expr
1,3,0,0,0,28,2,medium,0,2,2,0.0,2.0,1,0,0,1,granular,0,0,0,1,0,0,ci-test,1,aws/s2n-tls::.github/workflows/ci_pr_title.yml,aws/s2n-tls,.github/workflows/ci_pr_title.yml,aws_s2n-tls__.github__workflows__ci_pr_title.yml,simple,unpinned,no-expr
13,82,1,0,0,530,3,medium,0,29,4,0.0,0.5472,1,1,0,1,granular,0,0,0,1,0,0,ci-test,1,aws/s2n-tls::.github/workflows/ci_rust.yml,aws/s2n-tls,.github/workflows/ci_rust.yml,aws_s2n-tls__.github__workflows__ci_rust.yml,complex,unpinned,expr-no-taint
1,5,0,0,0,68,3,high,0,3,3,0.0,1.5,1,1,0,1,not set,1,1,1,1,0,0,build,1,aws/s2n-tls::.github/workflows/codebuild.yml,aws/s2n-tls,.github/workflows/codebuild.yml,aws_s2n-tls__.github__workflows__codebuild.yml,medium,unpinned,expr-no-taint
2,5,1,1,0,68,4,medium,0,5,3,0.0,5.0,1,0,0,1,not set,1,1,0,1,0,0,security-scan,1,aws/s2n-tls::.github/workflows/codeql.yml,aws/s2n-tls,.github/workflows/codeql.yml,aws_s2n-tls__.github__workflows__codeql.yml,complex,unpinned,no-expr
1,4,0,0,0,107,1,low,0,4,3,0.0,4.0,1,0,0,1,not set,0,1,0,1,0,0,build,1,aws/s2n-tls::.github/workflows/dashboard.yml,aws/s2n-tls,.github/workflows/dashboard.yml,aws_s2n-tls__.github__workflows__dashboard.yml,medium,unpinned,no-expr
1,5,0,0,0,42,2,low,0,3,3,0.0,1.5,1,1,0,1,not set,1,1,0,0,0,0,ci-test,1,aws/s2n-tls::.github/workflows/dependencies.yml,aws/s2n-tls,.github/workflows/dependencies.yml,aws_s2n-tls__.github__workflows__dependencies.yml,medium,unpinned,expr-no-taint
2,8,0,0,0,66,3,medium,0,5,3,0.0,1.6667,1,0,0,1,granular,1,1,0,1,0,0,documentation,1,aws/s2n-tls::.github/workflows/docs.yml,aws/s2n-tls,.github/workflows/docs.yml,aws_s2n-tls__.github__workflows__docs.yml,medium,unpinned,no-expr
1,3,0,0,0,29,3,medium,0,1,1,0.0,0.5,0,0,0,1,granular,0,0,0,0,0,0,build,1,aws/s2n-tls::.github/workflows/gha_osx_tests.yml,aws/s2n-tls,.github/workflows/gha_osx_tests.yml,aws_s2n-tls__.github__workflows__gha_osx_tests.yml,simple,unpinned,no-expr
1,5,0,0,0,49,3,medium,0,1,1,0.0,0.25,0,0,0,1,granular,0,0,0,1,0,0,ci-test,1,aws/s2n-tls::.github/workflows/policy_snapshot.yml,aws/s2n-tls,.github/workflows/policy_snapshot.yml,aws_s2n-tls__.github__workflows__policy_snapshot.yml,medium,unpinned,no-expr
1,3,0,0,0,32,1,low,0,3,2,0.0,3.0,1,0,0,1,granular,2,0,0,1,0,0,other,1,aws/s2n-tls::.github/workflows/private_sync.yml,aws/s2n-tls,.github/workflows/private_sync.yml,aws_s2n-tls__.github__workflows__private_sync.yml,simple,unpinned,no-expr
1,19,0,0,0,239,3,medium,0,2,1,0.0,0.1176,0,1,0,1,not set,5,1,0,1,0,0,ci-test,1,aws/s2n-tls::.github/workflows/proof_ci.yaml,aws/s2n-tls,.github/workflows/proof_ci.yaml,aws_s2n-tls__.github__workflows__proof_ci.yaml,complex,unpinned,expr-no-taint
1,12,0,0,0,95,3,medium,0,2,1,0.0,0.2,0,1,0,1,granular,0,0,0,1,0,0,ci-test,1,aws/s2n-tls::.github/workflows/regression_ci.yml,aws/s2n-tls,.github/workflows/regression_ci.yml,aws_s2n-tls__.github__workflows__regression_ci.yml,complex,unpinned,expr-no-taint
1,6,0,0,0,72,3,medium,0,2,1,0.0,0.5,0,0,0,1,granular,0,0,0,1,0,0,other,1,aws/s2n-tls::.github/workflows/seccomp.yml,aws/s2n-tls,.github/workflows/seccomp.yml,aws_s2n-tls__.github__workflows__seccomp.yml,medium,unpinned,no-expr
1,1,0,0,0,33,2,medium,0,1,1,0.0,1.0,0,0,0,1,not set,0,0,0,0,0,0,other,1,aws/s2n-tls::.github/workflows/stale.yml,aws/s2n-tls,.github/workflows/stale.yml,aws_s2n-tls__.github__workflows__stale.yml,simple,unpinned,no-expr
1,1,0,0,0,20,1,high,0,1,1,0.0,1.0,1,0,0,1,granular,1,1,0,0,0,0,other,1,aws/s2n-tls::.github/workflows/team_label.yml,aws/s2n-tls,.github/workflows/team_label.yml,aws_s2n-tls__.github__workflows__team_label.yml,simple,unpinned,no-expr
1,9,0,0,0,77,3,medium,0,6,6,0.0,2.0,1,1,0,1,granular,0,0,0,1,0,0,deploy-release,1,aws/s2n-tls::.github/workflows/usage_guide.yml,aws/s2n-tls,.github/workflows/usage_guide.yml,aws_s2n-tls__.github__workflows__usage_guide.yml,medium,unpinned,expr-no-taint
2,4,0,0,0,38,2,low,0,4,1,0.0,4.0,0,0,0,1,granular,2,0,0,0,0,0,ci-test,1,aws/sagemaker-python-sdk::.github/workflows/ci-health.yml,aws/sagemaker-python-sdk,.github/workflows/ci-health.yml,aws_sagemaker-python-sdk__.github__workflows__ci-health.yml,medium,unpinned,no-expr
1,3,1,0,0,33,3,medium,0,3,2,1.0,3.0,0,0,0,1,not set,0,0,0,0,0,0,security-scan,1,aws/sagemaker-python-sdk::.github/workflows/codeql.yml,aws/sagemaker-python-sdk,.github/workflows/codeql.yml,aws_sagemaker-python-sdk__.github__workflows__codeql.yml,complex,pinned,no-expr
5,8,1,1,0,97,1,high,0,7,2,0.0,7.0,0,0,1,1,granular,4,0,1,0,0,0,ci-test,1,aws/sagemaker-python-sdk::.github/workflows/pr-checks-master-v2.yml,aws/sagemaker-python-sdk,.github/workflows/pr-checks-master-v2.yml,aws_sagemaker-python-sdk__.github__workflows__pr-checks-master-v2.yml,complex,unpinned,taint
6,10,1,1,0,217,1,high,0,8,2,0.0,4.0,0,1,1,1,granular,5,0,0,1,0,0,ci-test,1,aws/sagemaker-python-sdk::.github/workflows/pr-checks-master.yml,aws/sagemaker-python-sdk,.github/workflows/pr-checks-master.yml,aws_sagemaker-python-sdk__.github__workflows__pr-checks-master.yml,complex,unpinned,taint
4,7,0,1,0,121,1,low,0,4,2,1.0,1.3333,0,1,0,1,granular,4,0,0,0,0,0,security-scan,1,aws/sagemaker-python-sdk::.github/workflows/security-monitoring.yml,aws/sagemaker-python-sdk,.github/workflows/security-monitoring.yml,aws_sagemaker-python-sdk__.github__workflows__security-monitoring.yml,complex,pinned,expr-no-taint
1,4,1,0,0,33,4,medium,0,2,1,0.0,1.0,0,0,0,0,not set,0,0,0,0,0,0,build,1,aws/serverless-application-model::.github/workflows/build.yml,aws/serverless-application-model,.github/workflows/build.yml,aws_serverless-application-model__.github__workflows__build.yml,complex,unpinned,no-expr
1,7,0,0,0,46,2,medium,0,3,1,0.0,0.75,0,1,0,0,not set,0,0,0,0,0,0,ci-test,1,aws/serverless-application-model::.github/workflows/check_compatibility.yml,aws/serverless-application-model,.github/workflows/check_compatibility.yml,aws_serverless-application-model__.github__workflows__check_compatibility.yml,medium,unpinned,expr-no-taint
1,1,0,0,0,18,1,high,0,1,1,0.0,1.0,0,0,0,1,not set,1,1,0,0,0,0,other,1,aws/serverless-application-model::.github/workflows/close_issue_message.yml,aws/serverless-application-model,.github/workflows/close_issue_message.yml,aws_serverless-application-model__.github__workflows__close_issue_message.yml,simple,unpinned,no-expr
1,4,1,0,0,76,4,medium,0,4,2,0.0,4.0,0,0,0,1,not set,0,0,0,0,0,0,security-scan,1,aws/serverless-application-model::.github/workflows/codeql.yml,aws/serverless-application-model,.github/workflows/codeql.yml,aws_serverless-application-model__.github__workflows__codeql.yml,complex,unpinned,no-expr
1,5,0,0,0,45,2,low,0,2,1,0.0,0.6667,0,0,0,1,not set,0,1,1,1,0,0,other,1,aws/serverless-application-model::.github/workflows/schema.yml,aws/serverless-application-model,.github/workflows/schema.yml,aws_serverless-application-model__.github__workflows__schema.yml,medium,unpinned,no-expr
1,7,0,0,0,27,1,low,0,2,1,1.0,0.4,0,0,0,0,not set,1,0,1,0,0,0,deploy-release,1,awslabs/agent-squad::.github/workflows/npm-publish.yml,awslabs/agent-squad,.github/workflows/npm-publish.yml,awslabs_agent-squad__.github__workflows__npm-publish.yml,medium,pinned,no-expr
2,4,0,1,0,43,2,low,0,4,2,0.25,4.0,1,0,0,1,granular,0,0,0,0,0,0,deploy-release,1,awslabs/agent-squad::.github/workflows/on-docs-update.yml,awslabs/agent-squad,.github/workflows/on-docs-update.yml,awslabs_agent-squad__.github__workflows__on-docs-update.yml,medium,unpinned,no-expr
1,1,0,0,0,24,1,high,0,1,1,1.0,1.0,0,0,0,1,granular,0,0,0,0,0,0,other,1,awslabs/agent-squad::.github/workflows/on-issue-opened.yml,awslabs/agent-squad,.github/workflows/on-issue-opened.yml,awslabs_agent-squad__.github__workflows__on-issue-opened.yml,simple,pinned,no-expr
1,0,0,0,1,18,2,medium,0,0,0,0.0,0.0,0,0,0,1,granular,0,0,0,0,0,0,other,1,awslabs/agent-squad::.github/workflows/on-push.yml,awslabs/agent-squad,.github/workflows/on-push.yml,awslabs_agent-squad__.github__workflows__on-push.yml,simple,no-third-party,no-expr
1,1,0,0,0,76,1,medium,0,1,1,0.0,1.0,0,0,0,0,not set,1,1,0,0,0,0,ci-test,1,awslabs/agent-squad::.github/workflows/pr-issue-link-checker.yml,awslabs/agent-squad,.github/workflows/pr-issue-link-checker.yml,awslabs_agent-squad__.github__workflows__pr-issue-link-checker.yml,simple,unpinned,no-expr
1,5,1,0,0,51,3,medium,0,2,1,1.0,0.6667,0,0,0,1,granular,0,0,1,0,0,0,ci-test,1,awslabs/agent-squad::.github/workflows/py-run-tests.yml,awslabs/agent-squad,.github/workflows/py-run-tests.yml,awslabs_agent-squad__.github__workflows__py-run-tests.yml,complex,pinned,no-expr
1,7,0,0,0,39,1,low,0,2,1,1.0,0.4,0,0,0,0,not set,1,0,1,0,0,0,deploy-release,1,awslabs/agent-squad::.github/workflows/pypi-publish.yml,awslabs/agent-squad,.github/workflows/pypi-publish.yml,awslabs_agent-squad__.github__workflows__pypi-publish.yml,medium,pinned,no-expr
1,4,0,0,0,34,3,medium,0,2,2,1.0,1.0,1,0,0,1,granular,0,0,0,0,0,0,code-quality,1,awslabs/agent-squad::.github/workflows/ts-run-lint.yml,awslabs/agent-squad,.github/workflows/ts-run-lint.yml,awslabs_agent-squad__.github__workflows__ts-run-lint.yml,medium,pinned,no-expr
1,4,0,0,0,37,2,low,0,2,2,0.0,1.0,1,0,0,1,granular,2,1,1,0,0,0,security-scan,1,awslabs/agent-squad::.github/workflows/ts-run-security-checks.yml,awslabs/agent-squad,.github/workflows/ts-run-security-checks.yml,awslabs_agent-squad__.github__workflows__ts-run-security-checks.yml,medium,unpinned,no-expr
1,4,0,0,0,34,3,medium,0,2,2,1.0,1.0,1,0,0,1,granular,0,0,0,0,0,0,ci-test,1,awslabs/agent-squad::.github/workflows/ts-run-tests.yml,awslabs/agent-squad,.github/workflows/ts-run-tests.yml,awslabs_agent-squad__.github__workflows__ts-run-tests.yml,medium,pinned,no-expr
1,8,0,0,0,161,3,low,0,4,1,0.0,1.0,0,1,0,1,granular,1,1,0,1,0,0,security-scan,1,awslabs/amazon-bedrock-agentcore-samples::.github/workflows/ash-full-repository-scan.yml,awslabs/amazon-bedrock-agentcore-samples,.github/workflows/ash-full-repository-scan.yml,awslabs_amazon-bedrock-agentcore-samples__.github__workflows__ash-full-repository-scan.yml,medium,unpinned,expr-no-taint
1,3,0,0,0,131,1,medium,0,2,1,0.0,2.0,0,0,0,1,granular,2,1,0,1,0,0,security-scan,1,awslabs/amazon-bedrock-agentcore-samples::.github/workflows/ash-security-comment.yml,awslabs/amazon-bedrock-agentcore-samples,.github/workflows/ash-security-comment.yml,awslabs_amazon-bedrock-agentcore-samples__.github__workflows__ash-security-comment.yml,simple,unpinned,no-expr
1,12,0,0,0,232,1,medium,0,4,2,0.0,0.5,1,1,0,1,granular,0,0,0,1,0,0,security-scan,1,awslabs/amazon-bedrock-agentcore-samples::.github/workflows/ash-security-scan.yml,awslabs/amazon-bedrock-agentcore-samples,.github/workflows/ash-security-scan.yml,awslabs_amazon-bedrock-agentcore-samples__.github__workflows__ash-security-scan.yml,complex,unpinned,expr-no-taint
1,4,1,0,0,100,3,medium,0,3,2,0.0,3.0,0,0,0,1,not set,0,0,0,1,0,0,security-scan,1,awslabs/amazon-bedrock-agentcore-samples::.github/workflows/codeql.yml,awslabs/amazon-bedrock-agentcore-samples,.github/workflows/codeql.yml,awslabs_amazon-bedrock-agentcore-samples__.github__workflows__codeql.yml,complex,unpinned,no-expr
1,1,0,0,0,25,1,medium,0,1,1,1.0,1.0,0,0,0,1,granular,1,1,0,1,0,0,dependency-management,1,awslabs/amazon-bedrock-agentcore-samples::.github/workflows/dependabot.yml,awslabs/amazon-bedrock-agentcore-samples,.github/workflows/dependabot.yml,awslabs_amazon-bedrock-agentcore-samples__.github__workflows__dependabot.yml,simple,pinned,no-expr
1,7,0,0,0,67,1,medium,0,3,2,0.0,0.75,1,1,0,1,granular,0,0,0,1,0,0,code-quality,1,awslabs/amazon-bedrock-agentcore-samples::.github/workflows/js-lint.yml,awslabs/amazon-bedrock-agentcore-samples,.github/workflows/js-lint.yml,awslabs_amazon-bedrock-agentcore-samples__.github__workflows__js-lint.yml,medium,unpinned,expr-no-taint
1,1,0,0,0,22,1,high,0,1,1,0.0,1.0,0,0,0,1,not set,1,1,0,0,0,0,other,1,awslabs/amazon-bedrock-agentcore-samples::.github/workflows/label.yml,awslabs/amazon-bedrock-agentcore-samples,.github/workflows/label.yml,awslabs_amazon-bedrock-agentcore-samples__.github__workflows__label.yml,simple,unpinned,no-expr
1,8,0,0,0,53,1,medium,0,4,3,0.0,1.0,1,1,0,1,granular,0,0,0,1,0,0,code-quality,1,awslabs/amazon-bedrock-agentcore-samples::.github/workflows/python-lint.yml,awslabs/amazon-bedrock-agentcore-samples,.github/workflows/python-lint.yml,awslabs_amazon-bedrock-agentcore-samples__.github__workflows__python-lint.yml,medium,unpinned,expr-no-taint
3,9,1,0,0,55,2,medium,0,5,1,0.0,1.25,0,0,0,0,not set,0,0,0,0,0,0,build,1,awslabs/amazon-ecr-credential-helper::.github/workflows/build.yaml,awslabs/amazon-ecr-credential-helper,.github/workflows/build.yaml,awslabs_amazon-ecr-credential-helper__.github__workflows__build.yaml,complex,unpinned,no-expr
1,2,0,0,0,24,3,medium,0,2,2,0.0,2.0,1,0,0,0,not set,0,0,0,1,0,0,ci-test,1,awslabs/amazon-ecr-credential-helper::.github/workflows/check-links.yml,awslabs/amazon-ecr-credential-helper,.github/workflows/check-links.yml,awslabs_amazon-ecr-credential-helper__.github__workflows__check-links.yml,simple,unpinned,no-expr
1,4,1,0,0,42,3,medium,0,3,2,0.0,3.0,0,0,0,1,not set,0,0,0,0,0,0,security-scan,1,awslabs/amazon-ecr-credential-helper::.github/workflows/codeql.yml,awslabs/amazon-ecr-credential-helper,.github/workflows/codeql.yml,awslabs_amazon-ecr-credential-helper__.github__workflows__codeql.yml,complex,unpinned,no-expr
1,1,0,0,0,27,1,high,0,1,1,0.0,1.0,0,0,0,1,granular,0,0,0,1,0,0,other,1,awslabs/amazon-ecr-credential-helper::.github/workflows/new-pull-requests.yml,awslabs/amazon-ecr-credential-helper,.github/workflows/new-pull-requests.yml,awslabs_amazon-ecr-credential-helper__.github__workflows__new-pull-requests.yml,simple,unpinned,no-expr
1,2,0,0,0,24,1,medium,0,2,1,0.0,2.0,0,0,0,1,not set,0,0,0,0,0,0,ci-test,1,awslabs/amazon-ecr-credential-helper::.github/workflows/review-dependencies.yml,awslabs/amazon-ecr-credential-helper,.github/workflows/review-dependencies.yml,awslabs_amazon-ecr-credential-helper__.github__workflows__review-dependencies.yml,simple,unpinned,no-expr
1,2,0,0,0,14,1,high,0,1,1,1.0,2.0,0,0,0,1,not set,0,0,0,1,0,0,other,1,awslabs/amazon-eks-ami::.github/workflows/bot-trigger.yaml,awslabs/amazon-eks-ami,.github/workflows/bot-trigger.yaml,awslabs_amazon-eks-ami__.github__workflows__bot-trigger.yaml,simple,pinned,no-expr
9,19,0,0,0,57,1,medium,0,9,1,1.0,0.9,0,0,0,1,granular,0,0,0,0,0,0,ci-test,1,awslabs/amazon-eks-ami::.github/workflows/ci-auto.yaml,awslabs/amazon-eks-ami,.github/workflows/ci-auto.yaml,awslabs_amazon-eks-ami__.github__workflows__ci-auto.yaml,complex,pinned,no-expr
2,1,0,1,1,30,1,low,0,0,0,0.0,0.0,0,0,0,1,granular,0,0,0,1,0,0,ci-test,1,awslabs/amazon-eks-ami::.github/workflows/ci-canary.yaml,awslabs/amazon-eks-ami,.github/workflows/ci-canary.yaml,awslabs_amazon-eks-ami__.github__workflows__ci-canary.yaml,medium,no-third-party,no-expr
4,3,0,1,1,166,1,low,1,2,1,1.0,2.0,0,1,0,1,granular,0,0,0,1,0,0,ci-test,1,awslabs/amazon-eks-ami::.github/workflows/ci-manual.yaml,awslabs/amazon-eks-ami,.github/workflows/ci-manual.yaml,awslabs_amazon-eks-ami__.github__workflows__ci-manual.yaml,complex,pinned,expr-no-taint
2,6,1,1,0,107,1,low,0,3,2,1.0,5.0,0,1,0,1,not set,6,0,0,1,0,0,ci-test,1,awslabs/amazon-eks-ami::.github/workflows/ci.yaml,awslabs/amazon-eks-ami,.github/workflows/ci.yaml,awslabs_amazon-eks-ami__.github__workflows__ci.yaml,complex,pinned,expr-no-taint
3,8,0,0,0,33,1,medium,0,6,2,1.0,3.0,1,0,0,1,granular,0,0,0,0,0,0,dependency-management,1,awslabs/amazon-eks-ami::.github/workflows/dependency-review.yaml,awslabs/amazon-eks-ami,.github/workflows/dependency-review.yaml,awslabs_amazon-eks-ami__.github__workflows__dependency-review.yaml,medium,pinned,no-expr
1,5,0,0,0,23,2,low,0,2,1,1.0,0.6667,0,0,0,1,not set,0,0,0,0,0,0,deploy-release,1,awslabs/amazon-eks-ami::.github/workflows/deploy-docs.yaml,awslabs/amazon-eks-ami,.github/workflows/deploy-docs.yaml,awslabs_amazon-eks-ami__.github__workflows__deploy-docs.yaml,medium,pinned,no-expr
2,6,0,0,0,37,2,low,0,4,2,1.0,6.0,0,0,0,1,granular,4,0,0,1,0,0,other,1,awslabs/amazon-eks-ami::.github/workflows/janitor.yaml,awslabs/amazon-eks-ami,.github/workflows/janitor.yaml,awslabs_amazon-eks-ami__.github__workflows__janitor.yaml,medium,pinned,no-expr
1,1,0,0,0,31,1,low,0,1,1,0.0,1.0,0,0,0,1,not set,0,0,0,0,0,0,other,1,awslabs/amazon-eks-ami::.github/workflows/stale.yml,awslabs/amazon-eks-ami,.github/workflows/stale.yml,awslabs_amazon-eks-ami__.github__workflows__stale.yml,simple,unpinned,no-expr
1,6,0,0,0,60,2,low,0,4,3,1.0,2.0,1,0,0,1,granular,2,0,0,1,0,0,other,1,awslabs/amazon-eks-ami::.github/workflows/sync-eni-max-pods.yaml,awslabs/amazon-eks-ami,.github/workflows/sync-eni-max-pods.yaml,awslabs_amazon-eks-ami__.github__workflows__sync-eni-max-pods.yaml,medium,pinned,no-expr
1,7,0,0,0,29,1,low,0,2,2,1.0,0.4,0,1,0,1,not set,3,0,0,1,0,0,other,1,awslabs/amazon-eks-ami::.github/workflows/sync-to-codecommit.yaml,awslabs/amazon-eks-ami,.github/workflows/sync-to-codecommit.yaml,awslabs_amazon-eks-ami__.github__workflows__sync-to-codecommit.yaml,medium,pinned,expr-no-taint
2,4,0,1,0,62,1,low,0,3,2,1.0,3.0,1,1,0,1,granular,0,0,0,1,0,0,deploy-release,1,awslabs/amazon-eks-ami::.github/workflows/update-changelog.yaml,awslabs/amazon-eks-ami,.github/workflows/update-changelog.yaml,awslabs_amazon-eks-ami__.github__workflows__update-changelog.yaml,medium,pinned,expr-no-taint
1,4,0,0,0,46,2,low,0,3,2,1.0,3.0,1,0,0,1,granular,0,0,0,1,0,0,dependency-management,1,awslabs/amazon-eks-ami::.github/workflows/update-dependency.yaml,awslabs/amazon-eks-ami,.github/workflows/update-dependency.yaml,awslabs_amazon-eks-ami__.github__workflows__update-dependency.yaml,medium,pinned,no-expr
1,11,0,0,0,148,1,medium,0,5,1,0.0,0.8333,0,0,0,1,granular,0,0,0,1,0,0,other,1,awslabs/aws-lambda-web-adapter::.github/workflows/benchmark.yaml,awslabs/aws-lambda-web-adapter,.github/workflows/benchmark.yaml,awslabs_aws-lambda-web-adapter__.github__workflows__benchmark.yaml,complex,unpinned,no-expr
1,4,0,0,0,54,2,low,1,3,2,0.0,3.0,1,1,0,1,granular,1,1,1,0,0,0,other,1,awslabs/aws-lambda-web-adapter::.github/workflows/changelog.yaml,awslabs/aws-lambda-web-adapter,.github/workflows/changelog.yaml,awslabs_aws-lambda-web-adapter__.github__workflows__changelog.yaml,medium,unpinned,expr-no-taint
1,4,0,0,0,30,1,medium,0,2,1,0.0,1.0,0,1,0,1,granular,0,0,0,0,0,0,code-quality,1,awslabs/aws-lambda-web-adapter::.github/workflows/commitlint.yaml,awslabs/aws-lambda-web-adapter,.github/workflows/commitlint.yaml,awslabs_aws-lambda-web-adapter__.github__workflows__commitlint.yaml,medium,unpinned,expr-no-taint
2,5,0,1,0,50,2,low,0,3,1,0.0,1.5,0,0,0,1,granular,0,0,0,0,0,0,deploy-release,1,awslabs/aws-lambda-web-adapter::.github/workflows/docs.yaml,awslabs/aws-lambda-web-adapter,.github/workflows/docs.yaml,awslabs_aws-lambda-web-adapter__.github__workflows__docs.yaml,medium,unpinned,no-expr
4,27,1,1,0,248,3,medium,0,14,3,0.0,1.0769,1,0,0,1,granular,3,1,0,1,0,0,ci-test,1,awslabs/aws-lambda-web-adapter::.github/workflows/examples.yaml,awslabs/aws-lambda-web-adapter,.github/workflows/examples.yaml,awslabs_aws-lambda-web-adapter__.github__workflows__examples.yaml,complex,unpinned,no-expr
6,66,0,1,0,382,1,low,0,36,3,0.0,1.2,1,0,0,1,granular,5,1,0,0,0,0,other,1,awslabs/aws-lambda-web-adapter::.github/workflows/merge.yaml,awslabs/aws-lambda-web-adapter,.github/workflows/merge.yaml,awslabs_aws-lambda-web-adapter__.github__workflows__merge.yaml,complex,unpinned,no-expr
2,14,0,1,0,75,1,medium,0,6,3,0.0,0.75,1,0,0,1,granular,1,1,0,0,0,0,other,1,awslabs/aws-lambda-web-adapter::.github/workflows/pr.yaml,awslabs/aws-lambda-web-adapter,.github/workflows/pr.yaml,awslabs_aws-lambda-web-adapter__.github__workflows__pr.yaml,complex,unpinned,no-expr
12,127,1,1,0,759,1,low,0,78,3,0.0,1.5918,1,1,0,1,granular,9,1,0,1,0,0,deploy-release,1,awslabs/aws-lambda-web-adapter::.github/workflows/release.yaml,awslabs/aws-lambda-web-adapter,.github/workflows/release.yaml,awslabs_aws-lambda-web-adapter__.github__workflows__release.yaml,complex,unpinned,expr-no-taint
1,2,0,0,0,12,1,low,0,2,2,0.0,2.0,1,0,0,0,not set,1,1,0,0,0,0,security-scan,1,awslabs/aws-lambda-web-adapter::.github/workflows/security_audit.yaml,awslabs/aws-lambda-web-adapter,.github/workflows/security_audit.yaml,awslabs_aws-lambda-web-adapter__.github__workflows__security_audit.yaml,simple,unpinned,no-expr
2,8,0,0,0,80,2,low,0,4,2,0.0,1.0,1,1,0,1,granular,0,0,0,0,0,0,security-scan,1,awslabs/aws-sdk-rust::.github/workflows/audit.yaml,awslabs/aws-sdk-rust,.github/workflows/audit.yaml,awslabs_aws-sdk-rust__.github__workflows__audit.yaml,medium,unpinned,expr-no-taint
2,12,1,1,0,107,3,low,0,6,3,0.0,1.0,1,1,0,1,not set,2,0,1,0,0,0,other,1,awslabs/aws-sdk-rust::.github/workflows/canary.yaml,awslabs/aws-sdk-rust,.github/workflows/canary.yaml,awslabs_aws-sdk-rust__.github__workflows__canary.yaml,complex,unpinned,expr-no-taint
4,13,1,1,0,91,2,low,0,9,4,0.3333,2.25,1,1,0,1,granular,0,0,0,1,0,0,ci-test,1,awslabs/aws-sdk-rust::.github/workflows/ci.yaml,awslabs/aws-sdk-rust,.github/workflows/ci.yaml,awslabs_aws-sdk-rust__.github__workflows__ci.yaml,complex,unpinned,expr-no-taint
1,1,0,0,0,19,1,high,0,1,1,0.0,1.0,0,0,0,1,granular,1,1,0,0,0,0,other,1,awslabs/aws-sdk-rust::.github/workflows/closed-issue-message.yaml,awslabs/aws-sdk-rust,.github/workflows/closed-issue-message.yaml,awslabs_aws-sdk-rust__.github__workflows__closed-issue-message.yaml,simple,unpinned,no-expr
1,1,0,0,0,18,2,high,0,1,1,0.0,1.0,1,0,0,1,not set,1,1,1,0,0,0,other,1,awslabs/aws-sdk-rust::.github/workflows/handle-stale-discussions.yml,awslabs/aws-sdk-rust,.github/workflows/handle-stale-discussions.yml,awslabs_aws-sdk-rust__.github__workflows__handle-stale-discussions.yml,simple,unpinned,no-expr
1,2,0,0,0,32,1,high,0,1,1,0.0,1.0,0,1,1,1,not set,2,1,1,0,0,0,other,1,awslabs/aws-sdk-rust::.github/workflows/issue-regression-labeler.yml,awslabs/aws-sdk-rust,.github/workflows/issue-regression-labeler.yml,awslabs_aws-sdk-rust__.github__workflows__issue-regression-labeler.yml,simple,unpinned,taint
1,4,0,0,0,60,2,medium,0,2,1,0.0,1.0,0,0,0,1,granular,0,0,0,0,0,0,deploy-release,1,awslabs/aws-sdk-rust::.github/workflows/release-checks.yaml,awslabs/aws-sdk-rust,.github/workflows/release-checks.yaml,awslabs_aws-sdk-rust__.github__workflows__release-checks.yaml,medium,unpinned,no-expr
1,1,0,0,0,50,1,low,0,1,1,0.0,1.0,0,0,0,1,granular,1,1,0,0,0,0,other,1,awslabs/aws-sdk-rust::.github/workflows/stale_issue.yaml,awslabs/aws-sdk-rust,.github/workflows/stale_issue.yaml,awslabs_aws-sdk-rust__.github__workflows__stale_issue.yaml,simple,unpinned,no-expr
1,3,0,0,0,56,1,low,0,3,3,0.0,3.0,1,0,0,0,not set,3,0,1,1,0,0,ci-test,1,awslabs/aws-well-architected-labs::.github/workflows/cfn_nag.yml,awslabs/aws-well-architected-labs,.github/workflows/cfn_nag.yml,awslabs_aws-well-architected-labs__.github__workflows__cfn_nag.yml,simple,unpinned,no-expr
1,3,0,0,0,24,2,medium,0,2,1,0.0,2.0,0,0,0,0,not set,0,0,0,0,0,0,ci-test,1,awslabs/deequ::.github/workflows/maven.yml,awslabs/deequ,.github/workflows/maven.yml,awslabs_deequ__.github__workflows__maven.yml,simple,unpinned,no-expr
1,11,1,0,0,159,1,low,1,3,2,1.0,0.375,0,0,0,1,granular,5,0,1,1,0,0,deploy-release,1,awslabs/deequ::.github/workflows/publish.yml,awslabs/deequ,.github/workflows/publish.yml,awslabs_deequ__.github__workflows__publish.yml,complex,pinned,no-expr
1,2,0,0,0,15,2,medium,0,1,1,0.0,1.0,0,0,0,0,not set,0,0,0,0,0,0,ci-test,1,awslabs/git-secrets::.github/workflows/test.yml,awslabs/git-secrets,.github/workflows/test.yml,awslabs_git-secrets__.github__workflows__test.yml,simple,unpinned,no-expr
1,5,0,0,0,65,3,medium,0,4,2,0.0,4.0,0,0,0,1,not set,0,0,0,1,0,0,security-scan,1,awslabs/gluonts::.github/workflows/codeql.yml,awslabs/gluonts,.github/workflows/codeql.yml,awslabs_gluonts__.github__workflows__codeql.yml,medium,unpinned,no-expr
1,8,0,0,0,62,2,medium,0,4,3,0.0,1.0,1,1,0,1,not set,1,1,1,1,0,0,documentation,1,awslabs/gluonts::.github/workflows/docs.yml,awslabs/gluonts,.github/workflows/docs.yml,awslabs_gluonts__.github__workflows__docs.yml,medium,unpinned,expr-no-taint
1,4,1,0,0,35,2,medium,0,2,1,0.0,1.0,0,0,0,0,not set,0,0,0,0,0,0,ci-test,1,awslabs/gluonts::.github/workflows/doctests.yaml,awslabs/gluonts,.github/workflows/doctests.yaml,awslabs_gluonts__.github__workflows__doctests.yaml,complex,unpinned,no-expr
1,5,1,0,0,25,2,medium,0,2,1,0.0,0.6667,0,0,0,0,not set,0,0,0,1,0,0,code-quality,1,awslabs/gluonts::.github/workflows/lints.yml,awslabs/gluonts,.github/workflows/lints.yml,awslabs_gluonts__.github__workflows__lints.yml,complex,unpinned,no-expr
1,6,0,0,0,30,1,low,0,3,2,0.0,1.0,1,0,0,0,not set,1,0,0,0,0,0,deploy-release,1,awslabs/gluonts::.github/workflows/pypi.yml,awslabs/gluonts,.github/workflows/pypi.yml,awslabs_gluonts__.github__workflows__pypi.yml,medium,unpinned,no-expr
1,7,0,0,0,26,2,medium,0,3,2,0.0,0.75,1,0,0,0,not set,0,0,0,0,0,0,code-quality,1,awslabs/gluonts::.github/workflows/style_type_checks.yml,awslabs/gluonts,.github/workflows/style_type_checks.yml,awslabs_gluonts__.github__workflows__style_type_checks.yml,medium,unpinned,no-expr
1,4,1,0,0,30,2,medium,0,2,1,0.0,1.0,0,0,0,0,not set,0,0,0,0,0,0,ci-test,1,awslabs/gluonts::.github/workflows/tests-nixtla.yaml,awslabs/gluonts,.github/workflows/tests-nixtla.yaml,awslabs_gluonts__.github__workflows__tests-nixtla.yaml,complex,unpinned,no-expr
1,6,1,0,0,43,2,medium,0,2,1,0.0,0.5,0,0,0,0,not set,0,0,0,1,0,0,ci-test,1,awslabs/gluonts::.github/workflows/tests-nursery.yml,awslabs/gluonts,.github/workflows/tests-nursery.yml,awslabs_gluonts__.github__workflows__tests-nursery.yml,complex,unpinned,no-expr
1,4,1,0,0,28,2,medium,0,2,1,0.0,1.0,0,0,0,0,not set,0,0,0,0,0,0,ci-test,1,awslabs/gluonts::.github/workflows/tests-prophet.yaml,awslabs/gluonts,.github/workflows/tests-prophet.yaml,awslabs_gluonts__.github__workflows__tests-prophet.yaml,complex,unpinned,no-expr
1,6,1,0,0,45,2,medium,0,3,2,0.0,1.0,1,0,0,0,not set,0,0,0,1,0,0,ci-test,1,awslabs/gluonts::.github/workflows/tests-r.yml,awslabs/gluonts,.github/workflows/tests-r.yml,awslabs_gluonts__.github__workflows__tests-r.yml,complex,unpinned,no-expr
1,4,1,0,0,30,2,medium,0,2,1,0.0,1.0,0,0,0,0,not set,0,0,0,0,0,0,ci-test,1,awslabs/gluonts::.github/workflows/tests-torch.yml,awslabs/gluonts,.github/workflows/tests-torch.yml,awslabs_gluonts__.github__workflows__tests-torch.yml,complex,unpinned,no-expr
1,4,1,0,0,31,2,medium,0,2,1,0.0,1.0,0,0,0,0,not set,0,0,0,0,0,0,ci-test,1,awslabs/gluonts::.github/workflows/tests-xgboost.yaml,awslabs/gluonts,.github/workflows/tests-xgboost.yaml,awslabs_gluonts__.github__workflows__tests-xgboost.yaml,complex,unpinned,no-expr
1,4,1,0,0,28,2,medium,0,2,1,0.0,1.0,0,0,0,0,not set,0,0,0,0,0,0,ci-test,1,awslabs/gluonts::.github/workflows/tests.yml,awslabs/gluonts,.github/workflows/tests.yml,awslabs_gluonts__.github__workflows__tests.yml,complex,unpinned,no-expr
1,8,0,0,0,117,1,low,0,3,3,0.0,0.6,1,1,0,1,granular,0,0,1,1,0,0,build,1,awslabs/llrt::.github/workflows/build-modules.yml,awslabs/llrt,.github/workflows/build-modules.yml,awslabs_llrt__.github__workflows__build-modules.yml,medium,unpinned,expr-no-taint
1,17,0,0,0,165,1,low,0,6,3,0.0,0.5455,1,1,0,0,not set,0,0,1,1,0,0,build,1,awslabs/llrt::.github/workflows/build.yml,awslabs/llrt,.github/workflows/build.yml,awslabs_llrt__.github__workflows__build.yml,complex,unpinned,expr-no-taint
3,4,1,1,1,218,2,medium,0,2,2,0.0,1.0,1,0,1,0,not set,0,0,0,0,0,0,ci-test,1,awslabs/llrt::.github/workflows/ci.yml,awslabs/llrt,.github/workflows/ci.yml,awslabs_llrt__.github__workflows__ci.yml,complex,unpinned,no-expr
1,4,0,0,0,36,1,low,0,2,2,0.0,1.0,1,0,0,0,not set,2,0,1,0,0,0,deploy-release,1,awslabs/llrt::.github/workflows/publish.yml,awslabs/llrt,.github/workflows/publish.yml,awslabs_llrt__.github__workflows__publish.yml,medium,unpinned,no-expr
3,3,1,1,1,99,1,low,0,2,2,0.0,2.0,1,0,0,1,not set,1,0,0,0,0,0,deploy-release,1,awslabs/llrt::.github/workflows/release.yml,awslabs/llrt,.github/workflows/release.yml,awslabs_llrt__.github__workflows__release.yml,complex,unpinned,no-expr
1,8,0,0,0,228,2,low,0,2,2,1.0,0.3333,1,1,0,1,granular,7,0,1,1,0,0,other,1,awslabs/mcp::.github/workflows/aws-api-mcp-upgrade-version.yml,awslabs/mcp,.github/workflows/aws-api-mcp-upgrade-version.yml,awslabs_mcp__.github__workflows__aws-api-mcp-upgrade-version.yml,medium,pinned,expr-no-taint
1,2,0,0,0,51,3,medium,0,2,2,1.0,2.0,1,0,0,1,empty,1,1,0,0,0,0,other,1,awslabs/mcp::.github/workflows/bandit.yml,awslabs/mcp,.github/workflows/bandit.yml,awslabs_mcp__.github__workflows__bandit.yml,simple,pinned,no-expr
1,3,0,0,0,47,3,medium,0,3,3,1.0,3.0,1,0,0,1,empty,0,0,0,1,0,0,other,1,awslabs/mcp::.github/workflows/cfn_nag.yml,awslabs/mcp,.github/workflows/cfn_nag.yml,awslabs_mcp__.github__workflows__cfn_nag.yml,simple,pinned,no-expr
1,4,0,0,0,26,2,medium,0,2,1,1.0,1.0,0,0,0,1,empty,0,0,0,0,0,0,documentation,1,awslabs/mcp::.github/workflows/check-gh-pages-builds.yml,awslabs/mcp,.github/workflows/check-gh-pages-builds.yml,awslabs_mcp__.github__workflows__check-gh-pages-builds.yml,medium,pinned,no-expr
1,2,0,0,0,21,2,low,0,2,2,1.0,2.0,1,0,0,1,empty,0,0,0,0,0,0,ci-test,1,awslabs/mcp::.github/workflows/check-license-header.yml,awslabs/mcp,.github/workflows/check-license-header.yml,awslabs_mcp__.github__workflows__check-license-header.yml,simple,pinned,no-expr
1,3,0,0,0,47,3,medium,0,3,3,1.0,3.0,1,0,0,1,empty,0,0,0,1,0,0,ci-test,1,awslabs/mcp::.github/workflows/checkov.yml,awslabs/mcp,.github/workflows/checkov.yml,awslabs_mcp__.github__workflows__checkov.yml,simple,pinned,no-expr
1,4,1,0,0,104,3,medium,0,3,2,1.0,3.0,0,0,0,1,empty,0,0,0,1,0,0,security-scan,1,awslabs/mcp::.github/workflows/codeql.yml,awslabs/mcp,.github/workflows/codeql.yml,awslabs_mcp__.github__workflows__codeql.yml,complex,pinned,no-expr
1,2,0,0,0,34,1,medium,0,2,1,1.0,2.0,0,0,0,1,empty,0,0,0,0,0,0,dependency-management,1,awslabs/mcp::.github/workflows/dependency-review-action.yml,awslabs/mcp,.github/workflows/dependency-review-action.yml,awslabs_mcp__.github__workflows__dependency-review-action.yml,simple,pinned,no-expr
2,6,0,1,0,56,1,low,0,4,1,1.0,2.0,0,0,0,1,empty,0,0,0,0,0,0,deploy-release,1,awslabs/mcp::.github/workflows/gh-pages.yml,awslabs/mcp,.github/workflows/gh-pages.yml,awslabs_mcp__.github__workflows__gh-pages.yml,medium,pinned,no-expr
3,5,0,1,0,116,2,medium,0,0,0,0.0,0.0,0,1,0,1,granular,0,1,1,1,0,0,other,1,awslabs/mcp::.github/workflows/merge-prevention.yml,awslabs/mcp,.github/workflows/merge-prevention.yml,awslabs_mcp__.github__workflows__merge-prevention.yml,medium,no-third-party,expr-no-taint
1,3,0,0,0,42,3,medium,0,3,3,1.0,3.0,0,0,0,1,empty,0,0,0,0,0,0,other,1,awslabs/mcp::.github/workflows/powershell.yml,awslabs/mcp,.github/workflows/powershell.yml,awslabs_mcp__.github__workflows__powershell.yml,simple,pinned,no-expr
2,8,1,1,0,57,2,medium,0,4,1,1.0,1.0,0,1,0,1,empty,0,0,0,1,0,0,other,1,awslabs/mcp::.github/workflows/pre-commit.yml,awslabs/mcp,.github/workflows/pre-commit.yml,awslabs_mcp__.github__workflows__pre-commit.yml,complex,pinned,expr-no-taint
2,2,0,0,0,61,2,high,0,2,2,1.0,2.0,1,0,1,1,empty,1,1,1,1,0,0,code-quality,1,awslabs/mcp::.github/workflows/pull-request-lint.yml,awslabs/mcp,.github/workflows/pull-request-lint.yml,awslabs_mcp__.github__workflows__pull-request-lint.yml,medium,pinned,taint
2,26,1,1,0,296,3,medium,0,10,3,1.0,0.625,1,1,0,1,empty,2,0,1,1,0,0,other,1,awslabs/mcp::.github/workflows/python.yml,awslabs/mcp,.github/workflows/python.yml,awslabs_mcp__.github__workflows__python.yml,complex,pinned,expr-no-taint
4,13,0,1,0,322,1,low,0,5,2,1.0,0.625,1,1,0,1,granular,12,0,1,1,0,0,deploy-release,1,awslabs/mcp::.github/workflows/release-initiate-branch.yml,awslabs/mcp,.github/workflows/release-initiate-branch.yml,awslabs_mcp__.github__workflows__release-initiate-branch.yml,complex,pinned,expr-no-taint
2,7,0,0,0,206,1,medium,0,2,1,1.0,0.4,0,1,4,1,granular,7,0,1,1,0,0,deploy-release,1,awslabs/mcp::.github/workflows/release-merge-tag.yml,awslabs/mcp,.github/workflows/release-merge-tag.yml,awslabs_mcp__.github__workflows__release-merge-tag.yml,medium,pinned,taint
7,19,1,1,0,448,1,low,0,7,4,1.0,0.7273,1,1,0,1,granular,9,0,1,1,0,0,deploy-release,1,awslabs/mcp::.github/workflows/release.yml,awslabs/mcp,.github/workflows/release.yml,awslabs_mcp__.github__workflows__release.yml,complex,pinned,expr-no-taint
1,4,0,0,0,27,3,medium,0,2,1,1.0,1.0,0,0,0,1,empty,2,0,0,0,0,0,security-scan,1,awslabs/mcp::.github/workflows/scanners.yml,awslabs/mcp,.github/workflows/scanners.yml,awslabs_mcp__.github__workflows__scanners.yml,medium,pinned,no-expr
1,4,0,0,0,55,2,low,0,4,3,1.0,4.0,1,0,0,1,empty,0,0,0,0,0,0,other,1,awslabs/mcp::.github/workflows/scorecard-analysis.yml,awslabs/mcp,.github/workflows/scorecard-analysis.yml,awslabs_mcp__.github__workflows__scorecard-analysis.yml,medium,pinned,no-expr
1,5,0,0,0,35,4,medium,0,3,2,1.0,1.5,0,0,0,1,empty,0,0,0,0,0,0,security-scan,1,awslabs/mcp::.github/workflows/semgrep.yml,awslabs/mcp,.github/workflows/semgrep.yml,awslabs_mcp__.github__workflows__semgrep.yml,medium,pinned,no-expr
1,1,0,0,0,30,2,low,0,1,1,1.0,1.0,0,0,0,1,empty,0,0,0,0,0,0,other,1,awslabs/mcp::.github/workflows/stale.yml,awslabs/mcp,.github/workflows/stale.yml,awslabs_mcp__.github__workflows__stale.yml,simple,pinned,no-expr
2,14,1,1,0,147,3,medium,0,7,4,1.0,1.0,1,1,0,1,empty,0,0,0,1,0,0,security-scan,1,awslabs/mcp::.github/workflows/trivy.yml,awslabs/mcp,.github/workflows/trivy.yml,awslabs_mcp__.github__workflows__trivy.yml,complex,pinned,expr-no-taint
2,11,1,1,0,169,2,medium,0,6,1,1.0,1.2,0,1,0,1,empty,0,0,0,1,0,0,other,1,awslabs/mcp::.github/workflows/typescript.yml,awslabs/mcp,.github/workflows/typescript.yml,awslabs_mcp__.github__workflows__typescript.yml,complex,pinned,expr-no-taint
4,30,0,1,0,277,1,low,0,14,4,0.0,1.3077,1,1,0,1,granular,8,1,1,1,1,0,other,1,awslabs/mountpoint-s3::.github/workflows/bench.yml,awslabs/mountpoint-s3,.github/workflows/bench.yml,awslabs_mountpoint-s3__.github__workflows__bench.yml,complex,unpinned,expr-no-taint
2,0,0,0,1,29,2,low,0,0,0,0.0,0.0,0,0,0,1,granular,0,0,0,1,0,0,other,1,awslabs/mountpoint-s3::.github/workflows/bench_main.yml,awslabs/mountpoint-s3,.github/workflows/bench_main.yml,awslabs_mountpoint-s3__.github__workflows__bench_main.yml,medium,no-third-party,no-expr
2,0,0,0,1,29,1,high,0,0,0,0.0,0.0,0,0,0,1,granular,0,0,0,1,0,0,other,1,awslabs/mountpoint-s3::.github/workflows/bench_pr.yml,awslabs/mountpoint-s3,.github/workflows/bench_pr.yml,awslabs_mountpoint-s3__.github__workflows__bench_pr.yml,medium,no-third-party,no-expr
3,20,0,1,0,191,1,low,0,9,4,0.0,1.2222,1,1,0,1,granular,5,1,1,1,1,0,other,1,awslabs/mountpoint-s3::.github/workflows/bench_s3express.yml,awslabs/mountpoint-s3,.github/workflows/bench_s3express.yml,awslabs_mountpoint-s3__.github__workflows__bench_s3express.yml,complex,unpinned,expr-no-taint
1,4,1,0,0,41,3,medium,0,2,2,0.0,1.0,1,1,0,1,granular,0,0,0,0,0,0,ci-test,1,awslabs/mountpoint-s3::.github/workflows/crates.yml,awslabs/mountpoint-s3,.github/workflows/crates.yml,awslabs_mountpoint-s3__.github__workflows__crates.yml,complex,unpinned,expr-no-taint
9,51,1,1,0,462,1,low,0,23,5,0.0,1.2174,1,1,0,1,granular,0,0,1,1,1,1,ci-test,1,awslabs/mountpoint-s3::.github/workflows/integration.yml,awslabs/mountpoint-s3,.github/workflows/integration.yml,awslabs_mountpoint-s3__.github__workflows__integration.yml,complex,unpinned,expr-no-taint
1,0,0,0,1,27,4,low,1,0,0,0.0,0.0,0,0,0,1,granular,0,0,0,1,0,0,ci-test,1,awslabs/mountpoint-s3::.github/workflows/integration_main.yml,awslabs/mountpoint-s3,.github/workflows/integration_main.yml,awslabs_mountpoint-s3__.github__workflows__integration_main.yml,simple,no-third-party,no-expr
1,0,0,0,1,16,1,high,0,0,0,0.0,0.0,0,0,0,1,granular,0,0,0,0,0,0,ci-test,1,awslabs/mountpoint-s3::.github/workflows/integration_pr.yml,awslabs/mountpoint-s3,.github/workflows/integration_pr.yml,awslabs_mountpoint-s3__.github__workflows__integration_pr.yml,simple,no-third-party,no-expr
1,2,0,0,0,17,1,low,0,0,0,0.0,0.0,0,0,0,1,empty,0,0,0,1,0,0,other,1,awslabs/mountpoint-s3::.github/workflows/merge_queue_dco_mock.yml,awslabs/mountpoint-s3,.github/workflows/merge_queue_dco_mock.yml,awslabs_mountpoint-s3__.github__workflows__merge_queue_dco_mock.yml,simple,no-third-party,no-expr
1,2,0,0,0,38,2,high,0,2,1,0.0,2.0,1,0,0,1,granular,2,0,0,1,0,0,other,1,awslabs/mountpoint-s3::.github/workflows/notify_slack.yml,awslabs/mountpoint-s3,.github/workflows/notify_slack.yml,awslabs_mountpoint-s3__.github__workflows__notify_slack.yml,simple,unpinned,no-expr
1,6,1,0,0,53,3,medium,0,3,2,0.0,2.0,0,0,0,1,granular,0,0,0,0,0,0,build,1,awslabs/mountpoint-s3::.github/workflows/package.yml,awslabs/mountpoint-s3,.github/workflows/package.yml,awslabs_mountpoint-s3__.github__workflows__package.yml,complex,unpinned,no-expr
1,2,0,0,0,27,1,low,0,2,2,0.0,2.0,1,0,0,1,granular,1,1,0,0,0,0,deploy-release,1,awslabs/mountpoint-s3::.github/workflows/release.yml,awslabs/mountpoint-s3,.github/workflows/release.yml,awslabs_mountpoint-s3__.github__workflows__release.yml,simple,unpinned,no-expr
14,63,1,1,0,404,3,medium,0,39,6,0.0,2.5,1,1,0,1,granular,0,0,0,1,0,0,ci-test,1,awslabs/mountpoint-s3::.github/workflows/tests.yml,awslabs/mountpoint-s3,.github/workflows/tests.yml,awslabs_mountpoint-s3__.github__workflows__tests.yml,complex,unpinned,expr-no-taint
1,10,1,0,0,110,2,medium,0,2,1,0.0,0.25,0,1,0,0,not set,0,0,1,1,0,0,ci-test,1,cisco/ChezScheme::.github/workflows/ci.yml,cisco/ChezScheme,.github/workflows/ci.yml,cisco_ChezScheme__.github__workflows__ci.yml,complex,unpinned,expr-no-taint
9,76,0,0,0,152,2,medium,0,12,3,0.0,0.1875,1,0,0,0,not set,0,0,0,1,0,0,build,1,cisco/openh264::.github/workflows/build.yaml,cisco/openh264,.github/workflows/build.yaml,cisco_openh264__.github__workflows__build.yaml,complex,unpinned,no-expr
2,5,0,0,1,43,3,medium,0,3,2,0.0,1.5,1,0,0,0,not set,0,0,0,1,0,0,build,1,facebook/Ax::.github/workflows/build-and-test.yml,facebook/Ax,.github/workflows/build-and-test.yml,facebook_Ax__.github__workflows__build-and-test.yml,medium,unpinned,no-expr
4,8,0,0,1,83,3,low,0,4,3,0.25,1.0,1,0,0,1,not set,0,0,0,0,0,0,other,1,facebook/Ax::.github/workflows/cron.yml,facebook/Ax,.github/workflows/cron.yml,facebook_Ax__.github__workflows__cron.yml,complex,unpinned,no-expr
3,0,0,0,1,30,1,low,0,0,0,0.0,0.0,0,0,0,0,not set,0,0,0,0,0,0,other,1,facebook/Ax::.github/workflows/cron_pinned.yml,facebook/Ax,.github/workflows/cron_pinned.yml,facebook_Ax__.github__workflows__cron_pinned.yml,medium,no-third-party,no-expr
3,7,0,1,1,60,2,low,0,4,3,0.25,1.3333,1,0,0,1,not set,1,0,0,0,0,0,deploy-release,1,facebook/Ax::.github/workflows/deploy.yml,facebook/Ax,.github/workflows/deploy.yml,facebook_Ax__.github__workflows__deploy.yml,medium,unpinned,no-expr
1,5,0,0,0,31,3,medium,0,3,2,0.0,1.5,1,0,0,0,not set,0,0,0,0,0,0,code-quality,1,facebook/Ax::.github/workflows/lint.yml,facebook/Ax,.github/workflows/lint.yml,facebook_Ax__.github__workflows__lint.yml,medium,unpinned,no-expr
2,12,0,1,0,129,2,low,1,5,2,0.0,0.7143,1,1,0,1,not set,0,0,0,1,0,0,deploy-release,1,facebook/Ax::.github/workflows/publish_website.yml,facebook/Ax,.github/workflows/publish_website.yml,facebook_Ax__.github__workflows__publish_website.yml,complex,unpinned,expr-no-taint
1,8,1,0,0,75,2,low,1,4,3,0.0,1.0,1,1,0,0,not set,1,0,0,1,0,0,ci-test,1,facebook/Ax::.github/workflows/reusable_test.yml,facebook/Ax,.github/workflows/reusable_test.yml,facebook_Ax__.github__workflows__reusable_test.yml,complex,unpinned,expr-no-taint
1,8,0,0,0,61,2,low,1,3,2,0.0,0.6,1,0,0,0,not set,0,0,0,1,0,0,other,1,facebook/Ax::.github/workflows/reusable_tutorials.yml,facebook/Ax,.github/workflows/reusable_tutorials.yml,facebook_Ax__.github__workflows__reusable_tutorials.yml,medium,unpinned,no-expr
1,0,0,0,1,22,3,medium,0,0,0,0.0,0.0,0,0,0,0,not set,0,0,0,0,0,0,ci-test,1,facebook/Ax::.github/workflows/test_website.yml,facebook/Ax,.github/workflows/test_website.yml,facebook_Ax__.github__workflows__test_website.yml,simple,no-third-party,no-expr
1,0,0,0,1,22,3,medium,0,0,0,0.0,0.0,0,0,0,0,not set,0,0,0,0,0,0,other,1,facebook/Ax::.github/workflows/tutorials.yml,facebook/Ax,.github/workflows/tutorials.yml,facebook_Ax__.github__workflows__tutorials.yml,simple,no-third-party,no-expr
1,2,0,0,0,19,3,medium,0,1,1,0.0,1.0,0,0,0,0,not set,0,0,0,0,0,0,ci-test,1,facebook/FBRetainCycleDetector::.github/workflows/ci.yml,facebook/FBRetainCycleDetector,.github/workflows/ci.yml,facebook_FBRetainCycleDetector__.github__workflows__ci.yml,simple,unpinned,no-expr
1,24,1,0,0,237,2,medium,0,3,1,0.0,0.1429,0,0,0,0,not set,0,0,1,1,0,1,ci-test,1,facebook/Haxl::.github/workflows/haskell-ci.yml,facebook/Haxl,.github/workflows/haskell-ci.yml,facebook_Haxl__.github__workflows__haskell-ci.yml,complex,unpinned,no-expr
3,38,0,0,0,98,1,low,0,4,2,0.0,6.6,1,0,0,0,not set,2,0,0,0,0,0,build,1,facebook/buck2::.github/workflows/build-and-examples.yml,facebook/buck2,.github/workflows/build-and-examples.yml,facebook_buck2__.github__workflows__build-and-examples.yml,complex,unpinned,no-expr
3,13,0,0,0,30,3,medium,0,4,2,0.0,13.0,1,0,0,0,not set,0,0,0,0,0,0,build,1,facebook/buck2::.github/workflows/build-and-test.yml,facebook/buck2,.github/workflows/build-and-test.yml,facebook_buck2__.github__workflows__build-and-test.yml,complex,unpinned,no-expr
7,30,1,1,0,282,1,low,0,13,7,0.0,1.0,1,1,0,0,not set,3,1,1,1,0,0,build,1,facebook/buck2::.github/workflows/upload_buck2.yml,facebook/buck2,.github/workflows/upload_buck2.yml,facebook_buck2__.github__workflows__upload_buck2.yml,complex,unpinned,expr-no-taint
1,6,0,0,0,48,2,medium,0,2,1,1.0,0.5,0,0,1,0,not set,0,0,0,1,0,0,ci-test,1,facebook/docusaurus::.github/workflows/argos.yml,facebook/docusaurus,.github/workflows/argos.yml,facebook_docusaurus__.github__workflows__argos.yml,medium,pinned,no-expr
1,4,0,0,0,36,1,medium,0,2,1,1.0,1.0,0,0,1,1,granular,0,0,0,0,0,0,build,1,facebook/docusaurus::.github/workflows/build-blog-only.yml,facebook/docusaurus,.github/workflows/build-blog-only.yml,facebook_docusaurus__.github__workflows__build-blog-only.yml,medium,pinned,no-expr
1,6,0,0,0,84,2,medium,0,4,2,1.0,2.0,1,0,1,1,granular,1,1,0,1,0,0,build,1,facebook/docusaurus::.github/workflows/build-hash-router.yml,facebook/docusaurus,.github/workflows/build-hash-router.yml,facebook_docusaurus__.github__workflows__build-hash-router.yml,medium,pinned,no-expr
2,8,1,0,0,103,1,medium,0,5,2,1.0,1.6667,1,0,1,1,granular,1,1,1,0,0,0,build,1,facebook/docusaurus::.github/workflows/build-perf.yml,facebook/docusaurus,.github/workflows/build-perf.yml,facebook_docusaurus__.github__workflows__build-perf.yml,complex,pinned,taint
1,3,1,0,0,44,3,medium,0,3,2,1.0,3.0,0,0,1,1,not set,0,0,0,0,0,0,security-scan,1,facebook/docusaurus::.github/workflows/codeql-analysis.yml,facebook/docusaurus,.github/workflows/codeql-analysis.yml,facebook_docusaurus__.github__workflows__codeql-analysis.yml,complex,pinned,no-expr
1,6,0,0,0,41,2,medium,0,2,1,1.0,0.5,0,0,1,0,not set,0,0,0,0,0,0,deploy-release,1,facebook/docusaurus::.github/workflows/continuous-releases.yml,facebook/docusaurus,.github/workflows/continuous-releases.yml,facebook_docusaurus__.github__workflows__continuous-releases.yml,medium,pinned,no-expr
1,2,0,0,0,18,1,medium,0,2,1,1.0,2.0,0,0,1,1,granular,0,0,0,0,0,0,dependency-management,1,facebook/docusaurus::.github/workflows/dependency-review.yml,facebook/docusaurus,.github/workflows/dependency-review.yml,facebook_docusaurus__.github__workflows__dependency-review.yml,simple,pinned,no-expr
1,7,0,0,0,73,1,medium,0,5,3,1.0,2.5,1,0,1,1,granular,2,1,0,0,0,0,other,1,facebook/docusaurus::.github/workflows/lighthouse-report.yml,facebook/docusaurus,.github/workflows/lighthouse-report.yml,facebook_docusaurus__.github__workflows__lighthouse-report.yml,medium,pinned,no-expr
1,8,0,0,0,47,1,medium,0,2,2,1.0,0.3333,1,0,2,1,not set,0,0,0,0,0,0,code-quality,1,facebook/docusaurus::.github/workflows/lint-autofix.yml,facebook/docusaurus,.github/workflows/lint-autofix.yml,facebook_docusaurus__.github__workflows__lint-autofix.yml,medium,pinned,no-expr
1,7,0,0,0,44,1,medium,0,2,1,1.0,0.4,0,0,1,1,granular,0,0,0,0,0,0,code-quality,1,facebook/docusaurus::.github/workflows/lint.yml,facebook/docusaurus,.github/workflows/lint.yml,facebook_docusaurus__.github__workflows__lint.yml,medium,pinned,no-expr
1,6,0,0,0,46,2,low,0,2,1,1.0,0.5,0,0,0,1,granular,0,0,0,0,0,0,deploy-release,1,facebook/docusaurus::.github/workflows/publish.yml,facebook/docusaurus,.github/workflows/publish.yml,facebook_docusaurus__.github__workflows__publish.yml,medium,pinned,no-expr
1,4,0,0,0,34,1,medium,0,2,1,1.0,1.0,0,0,1,1,granular,0,0,0,0,0,0,ci-test,1,facebook/docusaurus::.github/workflows/showcase-test.yml,facebook/docusaurus,.github/workflows/showcase-test.yml,facebook_docusaurus__.github__workflows__showcase-test.yml,medium,pinned,no-expr
5,41,1,0,0,272,2,medium,0,11,1,1.0,0.3667,0,1,1,1,granular,0,0,0,1,0,0,ci-test,1,facebook/docusaurus::.github/workflows/tests-e2e.yml,facebook/docusaurus,.github/workflows/tests-e2e.yml,facebook_docusaurus__.github__workflows__tests-e2e.yml,complex,pinned,taint
1,6,1,0,0,46,1,medium,0,2,1,1.0,0.5,0,1,1,1,granular,0,0,0,0,0,0,ci-test,1,facebook/docusaurus::.github/workflows/tests-swizzle.yml,facebook/docusaurus,.github/workflows/tests-swizzle.yml,facebook_docusaurus__.github__workflows__tests-swizzle.yml,complex,pinned,taint
1,11,1,0,0,78,1,medium,0,2,1,1.0,0.2222,0,0,1,1,granular,0,0,0,0,0,0,ci-test,1,facebook/docusaurus::.github/workflows/tests-windows.yml,facebook/docusaurus,.github/workflows/tests-windows.yml,facebook_docusaurus__.github__workflows__tests-windows.yml,complex,pinned,no-expr
1,10,1,0,0,75,1,medium,0,2,1,1.0,0.25,0,0,1,1,granular,0,0,0,0,0,0,ci-test,1,facebook/docusaurus::.github/workflows/tests.yml,facebook/docusaurus,.github/workflows/tests.yml,facebook_docusaurus__.github__workflows__tests.yml,complex,pinned,no-expr
1,5,1,0,0,41,2,medium,0,3,2,0.0,1.5,1,0,0,0,not set,0,0,0,1,0,0,ci-test,1,facebook/duckling::.github/workflows/ci.yml,facebook/duckling,.github/workflows/ci.yml,facebook_duckling__.github__workflows__ci.yml,complex,unpinned,no-expr
1,2,0,0,0,18,1,high,0,2,2,0.0,2.0,1,0,0,0,not set,1,1,0,0,0,0,other,1,facebook/facebook-android-sdk::.github/workflows/needs-attention.yml,facebook/facebook-android-sdk,.github/workflows/needs-attention.yml,facebook_facebook-android-sdk__.github__workflows__needs-attention.yml,simple,unpinned,no-expr
1,1,0,0,0,18,1,low,0,1,1,0.0,1.0,0,0,0,0,not set,0,0,0,0,0,0,other,1,facebook/facebook-android-sdk::.github/workflows/stale.yml,facebook/facebook-android-sdk,.github/workflows/stale.yml,facebook_facebook-android-sdk__.github__workflows__stale.yml,simple,unpinned,no-expr
1,2,0,0,0,18,1,high,0,2,2,0.0,2.0,1,0,0,0,not set,1,1,0,0,0,0,other,1,facebook/facebook-ios-sdk::.github/workflows/needs-attention.yml,facebook/facebook-ios-sdk,.github/workflows/needs-attention.yml,facebook_facebook-ios-sdk__.github__workflows__needs-attention.yml,simple,unpinned,no-expr
1,1,0,0,0,24,1,low,0,1,1,0.0,1.0,0,0,0,1,granular,0,0,0,0,0,0,other,1,facebook/facebook-ios-sdk::.github/workflows/stale.yml,facebook/facebook-ios-sdk,.github/workflows/stale.yml,facebook_facebook-ios-sdk__.github__workflows__stale.yml,simple,unpinned,no-expr
1,4,0,0,0,32,3,medium,0,4,3,0.0,4.0,1,0,0,1,not set,1,1,0,0,0,0,build,1,facebook/fbthrift::.github/workflows/devcontainer.yml,facebook/fbthrift,.github/workflows/devcontainer.yml,facebook_fbthrift__.github__workflows__devcontainer.yml,medium,unpinned,no-expr
1,132,0,0,0,616,2,medium,0,62,1,0.0,0.8857,0,0,0,1,granular,0,0,0,1,0,0,dependency-management,1,facebook/fbthrift::.github/workflows/getdeps_linux.yml,facebook/fbthrift,.github/workflows/getdeps_linux.yml,facebook_fbthrift__.github__workflows__getdeps_linux.yml,complex,unpinned,no-expr
1,119,0,0,0,557,2,medium,0,56,1,0.0,0.8889,0,0,0,1,granular,0,0,0,1,0,0,dependency-management,1,facebook/fbthrift::.github/workflows/getdeps_mac.yml,facebook/fbthrift,.github/workflows/getdeps_mac.yml,facebook_fbthrift__.github__workflows__getdeps_mac.yml,complex,unpinned,no-expr
1,145,0,0,0,673,2,medium,0,68,1,0.0,0.8831,0,0,0,1,granular,0,0,0,1,0,0,dependency-management,1,facebook/fbthrift::.github/workflows/getdeps_python_linux.yml,facebook/fbthrift,.github/workflows/getdeps_python_linux.yml,facebook_fbthrift__.github__workflows__getdeps_python_linux.yml,complex,unpinned,no-expr
1,144,0,0,0,674,2,medium,0,68,1,0.0,0.8947,0,0,0,1,granular,0,0,0,1,0,1,dependency-management,1,facebook/fbthrift::.github/workflows/getdeps_python_linux_container.yml,facebook/fbthrift,.github/workflows/getdeps_python_linux_container.yml,facebook_fbthrift__.github__workflows__getdeps_python_linux_container.yml,complex,unpinned,no-expr
1,108,0,0,0,518,2,medium,0,52,1,0.0,0.9286,0,0,0,1,granular,0,0,0,1,0,0,dependency-management,1,facebook/fbthrift::.github/workflows/getdeps_windows.yml,facebook/fbthrift,.github/workflows/getdeps_windows.yml,facebook_fbthrift__.github__workflows__getdeps_windows.yml,complex,unpinned,no-expr
18,138,0,1,0,593,3,medium,0,59,4,0.0,0.8904,1,1,0,0,not set,5,1,1,1,0,0,build,1,facebook/flow::.github/workflows/build_and_test.yml,facebook/flow,.github/workflows/build_and_test.yml,facebook_flow__.github__workflows__build_and_test.yml,complex,unpinned,expr-no-taint
1,6,0,0,0,73,1,low,0,4,1,0.0,2.0,0,1,0,1,granular,3,1,1,0,0,0,other,1,facebook/folly::.github/workflows/TagIt.yml,facebook/folly,.github/workflows/TagIt.yml,facebook_folly__.github__workflows__TagIt.yml,medium,unpinned,expr-no-taint
1,5,1,0,0,46,3,medium,0,4,3,0.75,4.0,1,1,0,1,not set,1,1,0,1,0,0,ci-test,1,facebook/folly::.github/workflows/devcontainer.yml,facebook/folly,.github/workflows/devcontainer.yml,facebook_folly__.github__workflows__devcontainer.yml,complex,pinned,expr-no-taint
1,104,0,0,0,483,2,medium,0,48,1,0.0,0.8571,0,0,0,1,granular,0,0,0,1,0,0,dependency-management,1,facebook/folly::.github/workflows/getdeps_linux.yml,facebook/folly,.github/workflows/getdeps_linux.yml,facebook_folly__.github__workflows__getdeps_linux.yml,complex,unpinned,no-expr
1,91,0,0,0,424,2,medium,0,42,1,0.0,0.8571,0,0,0,1,granular,0,0,0,1,0,0,dependency-management,1,facebook/folly::.github/workflows/getdeps_mac.yml,facebook/folly,.github/workflows/getdeps_mac.yml,facebook_folly__.github__workflows__getdeps_mac.yml,complex,unpinned,no-expr
1,104,0,0,0,483,2,medium,0,48,1,0.0,0.8571,0,0,0,1,granular,0,0,0,1,0,0,dependency-management,1,facebook/folly::.github/workflows/getdeps_shared-libs_linux.yml,facebook/folly,.github/workflows/getdeps_shared-libs_linux.yml,facebook_folly__.github__workflows__getdeps_shared-libs_linux.yml,complex,unpinned,no-expr
1,84,0,0,0,404,2,medium,0,40,1,0.0,0.9091,0,0,0,1,granular,0,0,0,1,0,0,dependency-management,1,facebook/folly::.github/workflows/getdeps_windows.yml,facebook/folly,.github/workflows/getdeps_windows.yml,facebook_folly__.github__workflows__getdeps_windows.yml,complex,unpinned,no-expr
4,30,0,1,0,147,3,medium,0,17,4,0.0,1.3077,1,0,0,0,not set,0,0,0,1,0,0,build,1,facebook/folly::.github/workflows/oss-build-and-test.yml,facebook/folly,.github/workflows/oss-build-and-test.yml,facebook_folly__.github__workflows__oss-build-and-test.yml,complex,unpinned,no-expr
1,8,0,0,0,45,2,medium,0,4,2,0.0,1.0,1,0,0,0,not set,0,0,1,0,0,0,build,1,facebook/fresco::.github/workflows/build.yml,facebook/fresco,.github/workflows/build.yml,facebook_fresco__.github__workflows__build.yml,medium,unpinned,no-expr
1,2,0,0,0,10,2,medium,0,2,2,0.0,2.0,0,0,0,0,not set,0,0,0,0,0,0,ci-test,1,facebook/fresco::.github/workflows/gradle-wrapper-validation.yml,facebook/fresco,.github/workflows/gradle-wrapper-validation.yml,facebook_fresco__.github__workflows__gradle-wrapper-validation.yml,simple,unpinned,no-expr
1,10,0,0,0,51,2,low,1,4,3,0.0,0.6667,1,1,0,0,not set,5,0,1,1,0,0,deploy-release,1,facebook/fresco::.github/workflows/release.yml,facebook/fresco,.github/workflows/release.yml,facebook_fresco__.github__workflows__release.yml,complex,unpinned,expr-no-taint
1,7,0,0,0,47,1,low,0,2,1,0.0,1.3333,0,1,0,0,not set,4,0,0,0,0,1,build,1,facebook/hermes::.github/workflows/build-android.yml,facebook/hermes,.github/workflows/build-android.yml,facebook_hermes__.github__workflows__build-android.yml,medium,unpinned,expr-no-taint
1,6,1,0,0,86,1,low,0,3,1,0.0,2.0,0,1,0,0,not set,0,0,0,0,0,0,build,1,facebook/hermes::.github/workflows/build-apple-slices-hermes.yml,facebook/hermes,.github/workflows/build-apple-slices-hermes.yml,facebook_hermes__.github__workflows__build-apple-slices-hermes.yml,complex,unpinned,expr-no-taint
1,15,1,0,0,144,1,low,0,6,1,0.0,1.5,0,1,0,0,not set,0,0,0,1,0,0,build,1,facebook/hermes::.github/workflows/build-hermes-macos.yml,facebook/hermes,.github/workflows/build-hermes-macos.yml,facebook_hermes__.github__workflows__build-hermes-macos.yml,complex,unpinned,expr-no-taint
1,4,0,0,0,22,1,low,0,2,1,0.0,3.0,0,0,0,0,not set,0,0,0,0,0,0,build,1,facebook/hermes::.github/workflows/build-hermesc-apple.yml,facebook/hermes,.github/workflows/build-hermesc-apple.yml,facebook_hermes__.github__workflows__build-hermesc-apple.yml,medium,unpinned,no-expr
1,5,0,0,0,43,1,low,0,2,1,0.0,0.6667,0,0,0,0,not set,0,0,0,0,0,0,build,1,facebook/hermes::.github/workflows/build-hermesc-linux.yml,facebook/hermes,.github/workflows/build-hermesc-linux.yml,facebook_hermes__.github__workflows__build-hermesc-linux.yml,medium,unpinned,no-expr
1,7,0,0,0,70,1,low,0,3,2,0.0,0.75,0,0,0,0,not set,0,0,0,0,0,0,build,1,facebook/hermes::.github/workflows/build-hermesc-windows.yml,facebook/hermes,.github/workflows/build-hermesc-windows.yml,facebook_hermes__.github__workflows__build-hermesc-windows.yml,medium,unpinned,no-expr
5,19,1,0,0,205,2,medium,0,8,2,0.0,0.7273,1,1,0,0,not set,0,0,1,0,0,1,build,1,facebook/hermes::.github/workflows/build.yml,facebook/hermes,.github/workflows/build.yml,facebook_hermes__.github__workflows__build.yml,complex,unpinned,expr-no-taint
1,3,0,0,0,48,2,low,1,2,1,0.0,2.0,0,1,0,0,not set,0,0,0,1,0,0,deploy-release,1,facebook/hermes::.github/workflows/create-tag.yml,facebook/hermes,.github/workflows/create-tag.yml,facebook_hermes__.github__workflows__create-tag.yml,simple,unpinned,expr-no-taint
1,20,0,0,0,106,1,low,0,10,1,0.0,1.5,0,1,0,0,not set,5,0,1,1,0,1,deploy-release,1,facebook/hermes::.github/workflows/publish.yml,facebook/hermes,.github/workflows/publish.yml,facebook_hermes__.github__workflows__publish.yml,complex,unpinned,expr-no-taint
9,5,0,1,1,92,3,medium,1,1,1,0.0,1.5,0,1,0,0,not set,0,0,1,1,0,0,build,1,facebook/hermes::.github/workflows/rn-build-hermes.yml,facebook/hermes,.github/workflows/rn-build-hermes.yml,facebook_hermes__.github__workflows__rn-build-hermes.yml,complex,unpinned,expr-no-taint
1,6,0,0,0,71,2,medium,0,2,1,0.0,0.5,0,0,0,0,not set,0,0,1,0,0,1,ci-test,1,facebook/hhvm::.github/workflows/ubuntu.yml,facebook/hhvm,.github/workflows/ubuntu.yml,facebook_hhvm__.github__workflows__ubuntu.yml,medium,unpinned,no-expr
1,3,0,0,0,20,1,low,0,2,1,0.0,2.0,0,1,0,0,not set,1,1,0,0,0,0,deploy-release,1,facebook/idb::.github/workflows/build_and_deploy.yml,facebook/idb,.github/workflows/build_and_deploy.yml,facebook_idb__.github__workflows__build_and_deploy.yml,simple,unpinned,expr-no-taint
3,22,1,0,0,283,2,medium,0,10,4,0.0,0.8333,1,1,0,0,not set,0,0,1,1,0,0,ci-test,1,facebook/igl::.github/workflows/c-cpp.yml,facebook/igl,.github/workflows/c-cpp.yml,facebook_igl__.github__workflows__c-cpp.yml,complex,unpinned,expr-no-taint
2,17,1,0,0,303,2,medium,0,4,3,0.0,0.3077,1,1,0,0,not set,0,0,1,1,0,0,ci-test,1,facebook/igl::.github/workflows/cmake-install-test.yml,facebook/igl,.github/workflows/cmake-install-test.yml,facebook_igl__.github__workflows__cmake-install-test.yml,complex,unpinned,expr-no-taint
1,5,1,0,0,43,2,medium,0,2,2,0.0,0.6667,1,1,0,0,not set,0,0,0,0,0,0,build,1,facebook/igl::.github/workflows/doc-build.yml,facebook/igl,.github/workflows/doc-build.yml,facebook_igl__.github__workflows__doc-build.yml,complex,unpinned,expr-no-taint
1,6,0,0,0,50,1,low,0,3,1,0.0,1.0,0,1,0,0,not set,1,1,0,1,0,0,deploy-release,1,facebook/infer::.github/workflows/deploy.yml,facebook/infer,.github/workflows/deploy.yml,facebook_infer__.github__workflows__deploy.yml,medium,unpinned,expr-no-taint
1,9,1,0,0,44,1,medium,0,3,2,0.0,0.5,1,1,0,0,not set,0,0,0,1,0,0,other,1,facebook/infer::.github/workflows/devsetup.yml,facebook/infer,.github/workflows/devsetup.yml,facebook_infer__.github__workflows__devsetup.yml,complex,unpinned,expr-no-taint
2,20,1,1,0,163,2,medium,0,8,3,0.0,0.6667,1,1,0,0,not set,2,1,1,1,0,0,build,1,facebook/infer::.github/workflows/install.yml,facebook/infer,.github/workflows/install.yml,facebook_infer__.github__workflows__install.yml,complex,unpinned,expr-no-taint
1,4,0,0,0,21,2,medium,0,2,1,0.0,1.0,0,0,0,0,not set,0,0,0,0,0,0,deploy-release,1,facebook/jscodeshift::.github/workflows/cr.yml,facebook/jscodeshift,.github/workflows/cr.yml,facebook_jscodeshift__.github__workflows__cr.yml,medium,unpinned,no-expr
1,0,0,0,1,9,1,medium,0,0,0,0.0,0.0,0,0,0,0,not set,0,0,0,0,0,0,other,1,facebook/jscodeshift::.github/workflows/pull_request.yml,facebook/jscodeshift,.github/workflows/pull_request.yml,facebook_jscodeshift__.github__workflows__pull_request.yml,simple,no-third-party,no-expr
2,4,0,1,1,33,1,low,0,3,2,0.0,3.0,1,0,0,1,not set,2,1,1,0,0,0,other,1,facebook/jscodeshift::.github/workflows/push.yml,facebook/jscodeshift,.github/workflows/push.yml,facebook_jscodeshift__.github__workflows__push.yml,medium,unpinned,no-expr
1,4,1,0,0,24,1,low,0,2,1,0.0,1.0,0,0,0,0,not set,0,0,0,0,0,0,ci-test,1,facebook/jscodeshift::.github/workflows/test.yml,facebook/jscodeshift,.github/workflows/test.yml,facebook_jscodeshift__.github__workflows__test.yml,complex,unpinned,no-expr
3,1,0,1,1,31,1,low,0,1,1,0.0,1.0,1,0,0,1,empty,0,0,0,1,0,0,other,1,facebook/lexical::.github/workflows/after-approval.yml,facebook/lexical,.github/workflows/after-approval.yml,facebook_lexical__.github__workflows__after-approval.yml,medium,unpinned,no-expr
2,14,1,0,0,57,1,low,0,6,2,0.0,0.75,1,1,0,1,empty,0,0,0,1,0,0,ci-test,1,facebook/lexical::.github/workflows/call-core-tests.yml,facebook/lexical,.github/workflows/call-core-tests.yml,facebook_lexical__.github__workflows__call-core-tests.yml,complex,unpinned,expr-no-taint
10,0,1,0,1,177,1,low,0,0,0,0.0,0.0,0,0,0,1,empty,0,0,0,0,0,0,ci-test,1,facebook/lexical::.github/workflows/call-e2e-all-tests.yml,facebook/lexical,.github/workflows/call-e2e-all-tests.yml,facebook_lexical__.github__workflows__call-e2e-all-tests.yml,complex,no-third-party,no-expr
1,0,1,0,1,23,1,low,0,0,0,0.0,0.0,0,0,0,1,empty,0,0,0,0,0,0,ci-test,1,facebook/lexical::.github/workflows/call-e2e-canary-tests.yml,facebook/lexical,.github/workflows/call-e2e-canary-tests.yml,facebook_lexical__.github__workflows__call-e2e-canary-tests.yml,complex,no-third-party,no-expr
1,11,0,0,0,75,1,low,0,6,2,0.0,1.2,1,1,0,1,empty,1,0,1,1,0,0,ci-test,1,facebook/lexical::.github/workflows/call-e2e-test.yml,facebook/lexical,.github/workflows/call-e2e-test.yml,facebook_lexical__.github__workflows__call-e2e-test.yml,complex,unpinned,expr-no-taint
1,7,0,0,0,64,1,low,0,4,3,0.0,1.3333,1,0,0,1,not set,0,0,1,0,0,0,other,1,facebook/lexical::.github/workflows/call-increment-version.yml,facebook/lexical,.github/workflows/call-increment-version.yml,facebook_lexical__.github__workflows__call-increment-version.yml,medium,unpinned,no-expr
1,5,1,0,0,27,1,low,0,3,2,0.0,1.5,1,0,0,1,empty,0,0,0,0,0,0,ci-test,1,facebook/lexical::.github/workflows/call-integration-tests.yml,facebook/lexical,.github/workflows/call-integration-tests.yml,facebook_lexical__.github__workflows__call-integration-tests.yml,complex,unpinned,no-expr
1,6,0,0,0,43,1,low,0,3,2,0.0,1.0,1,1,0,0,not set,1,0,1,0,0,0,deploy-release,1,facebook/lexical::.github/workflows/call-npm-publish.yml,facebook/lexical,.github/workflows/call-npm-publish.yml,facebook_lexical__.github__workflows__call-npm-publish.yml,medium,unpinned,expr-no-taint
1,6,0,0,0,44,2,low,1,5,4,0.0,5.0,1,0,0,1,not set,0,0,0,0,0,0,deploy-release,1,facebook/lexical::.github/workflows/call-post-release.yml,facebook/lexical,.github/workflows/call-post-release.yml,facebook_lexical__.github__workflows__call-post-release.yml,medium,unpinned,no-expr
1,1,0,0,0,17,1,medium,0,0,0,0.0,0.0,0,0,0,1,not set,0,0,1,1,0,0,other,1,facebook/lexical::.github/workflows/close-stale-pr.yml,facebook/lexical,.github/workflows/close-stale-pr.yml,facebook_lexical__.github__workflows__close-stale-pr.yml,simple,no-third-party,no-expr
1,5,0,0,0,50,1,low,1,3,2,0.0,1.5,1,0,0,0,not set,12,0,1,1,0,0,deploy-release,1,facebook/lexical::.github/workflows/devtools-extension-publish.yml,facebook/lexical,.github/workflows/devtools-extension-publish.yml,facebook_lexical__.github__workflows__devtools-extension-publish.yml,medium,unpinned,no-expr
2,0,0,1,1,24,1,low,0,0,0,0.0,0.0,0,0,0,0,not set,1,0,0,1,0,0,deploy-release,1,facebook/lexical::.github/workflows/nightly-release.yml,facebook/lexical,.github/workflows/nightly-release.yml,facebook_lexical__.github__workflows__nightly-release.yml,medium,no-third-party,no-expr
2,0,0,1,1,25,1,low,1,0,0,0.0,0.0,0,0,0,0,not set,1,0,0,0,0,0,deploy-release,1,facebook/lexical::.github/workflows/pre-release.yml,facebook/lexical,.github/workflows/pre-release.yml,facebook_lexical__.github__workflows__pre-release.yml,medium,no-third-party,no-expr
2,0,0,0,1,23,1,medium,0,0,0,0.0,0.0,0,0,0,1,empty,0,0,0,1,0,0,ci-test,1,facebook/lexical::.github/workflows/tests-extended.yml,facebook/lexical,.github/workflows/tests-extended.yml,facebook_lexical__.github__workflows__tests-extended.yml,medium,no-third-party,no-expr
2,0,0,0,1,26,3,medium,0,0,0,0.0,0.0,0,0,0,1,empty,0,0,0,1,0,0,ci-test,1,facebook/lexical::.github/workflows/tests.yml,facebook/lexical,.github/workflows/tests.yml,facebook_lexical__.github__workflows__tests.yml,medium,no-third-party,no-expr
1,0,0,0,1,20,1,low,1,0,0,0.0,0.0,0,0,0,0,not set,0,0,0,0,0,0,deploy-release,1,facebook/lexical::.github/workflows/version.yml,facebook/lexical,.github/workflows/version.yml,facebook_lexical__.github__workflows__version.yml,simple,no-third-party,no-expr
4,31,0,1,0,155,2,medium,0,23,4,0.0,2.875,1,0,0,0,not set,0,0,0,1,0,0,ci-test,1,facebook/litho::.github/workflows/ci.yml,facebook/litho,.github/workflows/ci.yml,facebook_litho__.github__workflows__ci.yml,complex,unpinned,no-expr
1,7,0,0,0,47,2,low,0,5,2,0.0,2.5,1,0,0,0,not set,0,0,0,0,0,0,documentation,1,facebook/litho::.github/workflows/docs.yml,facebook/litho,.github/workflows/docs.yml,facebook_litho__.github__workflows__docs.yml,medium,unpinned,no-expr
6,24,0,1,0,155,1,low,0,13,3,0.0,1.1818,1,1,0,0,not set,6,1,1,1,0,0,deploy-release,1,facebook/litho::.github/workflows/release.yml,facebook/litho,.github/workflows/release.yml,facebook_litho__.github__workflows__release.yml,complex,unpinned,expr-no-taint
1,3,0,0,0,25,1,low,0,2,2,0.0,2.0,1,0,0,0,not set,1,1,1,0,0,0,other,1,facebook/litho::.github/workflows/tagit-weekly.yml,facebook/litho,.github/workflows/tagit-weekly.yml,facebook_litho__.github__workflows__tagit-weekly.yml,simple,unpinned,no-expr
1,3,0,0,0,24,2,medium,0,1,1,0.0,0.5,0,0,0,0,not set,0,0,0,0,0,0,build,1,facebook/mcrouter::.github/workflows/build.yml,facebook/mcrouter,.github/workflows/build.yml,facebook_mcrouter__.github__workflows__build.yml,simple,unpinned,no-expr
1,7,0,0,0,46,1,low,0,4,2,0.0,1.3333,1,0,0,0,not set,1,1,0,1,0,0,documentation,1,facebook/memlab::.github/workflows/gh-pages.yml,facebook/memlab,.github/workflows/gh-pages.yml,facebook_memlab__.github__workflows__gh-pages.yml,medium,unpinned,no-expr
4,14,1,1,1,80,2,medium,0,3,1,0.0,0.75,0,1,0,1,granular,1,0,1,1,0,0,deploy-release,1,facebook/metro::.github/workflows/build-test-and-deploy.yml,facebook/metro,.github/workflows/build-test-and-deploy.yml,facebook_metro__.github__workflows__build-test-and-deploy.yml,complex,unpinned,expr-no-taint
1,6,0,0,0,56,1,low,0,3,1,0.0,1.0,0,1,0,1,granular,1,1,0,1,0,0,deploy-release,1,facebook/metro::.github/workflows/deploy-website.yml,facebook/metro,.github/workflows/deploy-website.yml,facebook_metro__.github__workflows__deploy-website.yml,medium,unpinned,expr-no-taint
2,1,1,1,1,50,1,low,0,1,1,0.0,1.0,0,0,0,0,not set,0,0,0,1,0,0,ci-test,1,facebook/metro::.github/workflows/nightly-tests.yml,facebook/metro,.github/workflows/nightly-tests.yml,facebook_metro__.github__workflows__nightly-tests.yml,complex,unpinned,no-expr
1,3,0,0,0,31,1,low,0,1,1,0.0,2.0,0,0,0,0,not set,0,0,1,0,0,0,ci-test,1,facebook/metro::.github/workflows/test.yml,facebook/metro,.github/workflows/test.yml,facebook_metro__.github__workflows__test.yml,simple,unpinned,no-expr
3,10,1,0,0,132,3,medium,0,3,1,0.0,0.4286,0,1,0,0,not set,0,0,0,1,0,0,ci-test,1,facebook/openzl::.github/workflows/cmake-ci.yml,facebook/openzl,.github/workflows/cmake-ci.yml,facebook_openzl__.github__workflows__cmake-ci.yml,complex,unpinned,expr-no-taint
1,4,1,0,0,82,3,medium,0,1,1,0.0,0.3333,0,1,0,0,not set,0,0,1,0,0,0,ci-test,1,facebook/openzl::.github/workflows/cross-platform-ci.yml,facebook/openzl,.github/workflows/cross-platform-ci.yml,facebook_openzl__.github__workflows__cross-platform-ci.yml,complex,unpinned,expr-no-taint
2,9,0,1,0,72,2,low,0,5,1,0.0,1.25,0,0,0,1,granular,0,0,0,0,0,0,deploy-release,1,facebook/openzl::.github/workflows/deploy-docs.yml,facebook/openzl,.github/workflows/deploy-docs.yml,facebook_openzl__.github__workflows__deploy-docs.yml,medium,unpinned,no-expr
10,27,1,0,0,283,3,medium,0,13,2,0.0769,0.9286,1,1,0,0,not set,0,0,1,1,0,0,ci-test,1,facebook/openzl::.github/workflows/dev-ci.yml,facebook/openzl,.github/workflows/dev-ci.yml,facebook_openzl__.github__workflows__dev-ci.yml,complex,unpinned,expr-no-taint
2,8,1,0,0,64,3,medium,0,5,2,0.0,1.6667,1,0,0,0,not set,0,0,0,0,0,0,other,1,facebook/openzl::.github/workflows/openzl-demo-wheels.yml,facebook/openzl,.github/workflows/openzl-demo-wheels.yml,facebook_openzl__.github__workflows__openzl-demo-wheels.yml,complex,unpinned,no-expr
1,7,0,0,0,42,1,medium,0,3,1,0.0,0.75,0,0,0,0,not set,0,0,0,0,0,0,deploy-release,1,facebook/openzl::.github/workflows/test-deploy-docs.yml,facebook/openzl,.github/workflows/test-deploy-docs.yml,facebook_openzl__.github__workflows__test-deploy-docs.yml,medium,unpinned,no-expr
3,11,1,1,0,100,4,medium,0,8,2,0.0,2.6667,1,0,0,0,not set,1,0,0,1,0,0,other,1,facebook/openzl::.github/workflows/wheels.yml,facebook/openzl,.github/workflows/wheels.yml,facebook_openzl__.github__workflows__wheels.yml,complex,unpinned,no-expr
3,17,1,0,0,260,3,medium,0,6,3,0.0,0.5455,1,1,0,0,not set,0,0,0,1,0,0,ci-test,1,facebook/openzl::.github/workflows/windows-ci.yml,facebook/openzl,.github/workflows/windows-ci.yml,facebook_openzl__.github__workflows__windows-ci.yml,complex,unpinned,expr-no-taint
3,16,1,0,0,120,2,medium,0,10,3,0.0,1.6667,1,0,0,0,not set,1,1,1,1,0,0,build,1,facebook/prophet::.github/workflows/build-and-test.yml,facebook/prophet,.github/workflows/build-and-test.yml,facebook_prophet__.github__workflows__build-and-test.yml,complex,unpinned,no-expr
3,11,1,1,0,105,2,low,0,8,2,0.0,2.6667,1,0,0,1,not set,0,0,1,1,0,0,other,1,facebook/prophet::.github/workflows/wheel.yml,facebook/prophet,.github/workflows/wheel.yml,facebook_prophet__.github__workflows__wheel.yml,complex,unpinned,no-expr
1,6,0,0,0,73,1,low,0,4,1,0.0,2.0,0,1,0,1,granular,3,1,1,0,0,0,other,1,facebook/proxygen::.github/workflows/TagIt.yml,facebook/proxygen,.github/workflows/TagIt.yml,facebook_proxygen__.github__workflows__TagIt.yml,medium,unpinned,expr-no-taint
1,1,0,0,0,21,1,low,0,1,1,0.0,1.0,0,0,0,1,not set,1,1,0,0,0,0,other,1,facebook/proxygen::.github/workflows/close_stale.yml,facebook/proxygen,.github/workflows/close_stale.yml,facebook_proxygen__.github__workflows__close_stale.yml,simple,unpinned,no-expr
1,132,0,0,0,626,2,medium,0,64,1,0.0,0.9412,0,0,0,1,granular,0,0,0,1,0,0,dependency-management,1,facebook/proxygen::.github/workflows/getdeps_linux.yml,facebook/proxygen,.github/workflows/getdeps_linux.yml,facebook_proxygen__.github__workflows__getdeps_linux.yml,complex,unpinned,no-expr
1,119,0,0,0,567,2,medium,0,58,1,0.0,0.9508,0,0,0,1,granular,0,0,0,1,0,0,dependency-management,1,facebook/proxygen::.github/workflows/getdeps_mac.yml,facebook/proxygen,.github/workflows/getdeps_mac.yml,facebook_proxygen__.github__workflows__getdeps_mac.yml,complex,unpinned,no-expr
1,4,0,0,0,47,1,low,0,4,2,0.75,4.0,0,0,0,1,not set,1,1,1,0,0,0,deploy-release,1,facebook/proxygen::.github/workflows/publish_mvfst_interop.yml,facebook/proxygen,.github/workflows/publish_mvfst_interop.yml,facebook_proxygen__.github__workflows__publish_mvfst_interop.yml,medium,pinned,no-expr
1,4,0,0,0,30,3,medium,0,2,2,1.0,1.0,1,1,0,0,not set,1,1,0,1,0,0,deploy-release,1,facebook/pyre-check::.github/workflows/publish_website.yml,facebook/pyre-check,.github/workflows/publish_website.yml,facebook_pyre-check__.github__workflows__publish_website.yml,medium,pinned,expr-no-taint
1,5,0,0,0,44,3,medium,0,2,1,1.0,0.6667,0,0,0,0,not set,0,0,0,0,0,0,other,1,facebook/pyre-check::.github/workflows/pysa.yml,facebook/pyre-check,.github/workflows/pysa.yml,facebook_pyre-check__.github__workflows__pysa.yml,medium,pinned,no-expr
1,4,1,0,0,30,3,medium,0,2,1,1.0,1.0,0,0,0,0,not set,0,0,0,0,0,0,ci-test,1,facebook/pyre-check::.github/workflows/tests.yml,facebook/pyre-check,.github/workflows/tests.yml,facebook_pyre-check__.github__workflows__tests.yml,complex,pinned,no-expr
1,10,0,0,0,57,4,medium,0,3,1,0.0,0.4286,0,0,0,0,not set,0,0,0,1,0,0,build,1,facebook/pyrefly::.github/workflows/build_and_test_website.yml,facebook/pyrefly,.github/workflows/build_and_test_website.yml,facebook_pyrefly__.github__workflows__build_and_test_website.yml,complex,unpinned,no-expr
5,24,1,1,0,200,3,low,0,18,2,0.0,3.0,1,0,0,0,not set,0,0,0,1,0,0,build,1,facebook/pyrefly::.github/workflows/build_binaries.yml,facebook/pyrefly,.github/workflows/build_binaries.yml,facebook_pyrefly__.github__workflows__build_binaries.yml,complex,unpinned,no-expr
2,15,1,1,0,132,3,low,0,7,4,0.0,0.875,1,1,0,0,not set,0,0,0,1,0,1,build,1,facebook/pyrefly::.github/workflows/build_extension.yml,facebook/pyrefly,.github/workflows/build_extension.yml,facebook_pyrefly__.github__workflows__build_extension.yml,complex,unpinned,expr-no-taint
4,4,0,1,1,40,2,low,0,2,1,0.0,1.0,0,1,0,0,not set,2,0,1,1,0,0,deploy-release,1,facebook/pyrefly::.github/workflows/deploy_extension.yml,facebook/pyrefly,.github/workflows/deploy_extension.yml,facebook_pyrefly__.github__workflows__deploy_extension.yml,complex,unpinned,expr-no-taint
2,6,0,1,1,74,3,low,0,5,2,0.2,5.0,1,0,0,0,not set,2,1,0,1,0,0,deploy-release,1,facebook/pyrefly::.github/workflows/deploy_website.yml,facebook/pyrefly,.github/workflows/deploy_website.yml,facebook_pyrefly__.github__workflows__deploy_website.yml,medium,unpinned,no-expr
2,9,1,1,0,98,1,medium,0,6,2,0.0,2.0,1,1,1,1,granular,0,0,0,1,0,0,other,1,facebook/pyrefly::.github/workflows/mypy_primer.yml,facebook/pyrefly,.github/workflows/mypy_primer.yml,facebook_pyrefly__.github__workflows__mypy_primer.yml,complex,unpinned,taint
1,8,0,0,0,107,1,medium,0,5,1,0.0,1.6667,0,0,0,1,empty,4,1,1,1,0,0,other,1,facebook/pyrefly::.github/workflows/mypy_primer_classify.yml,facebook/pyrefly,.github/workflows/mypy_primer_classify.yml,facebook_pyrefly__.github__workflows__mypy_primer_classify.yml,medium,unpinned,no-expr
1,5,0,0,0,99,1,medium,0,3,2,0.3333,1.5,1,0,0,1,empty,2,1,0,1,0,0,other,1,facebook/pyrefly::.github/workflows/mypy_primer_comment.yml,facebook/pyrefly,.github/workflows/mypy_primer_comment.yml,facebook_pyrefly__.github__workflows__mypy_primer_comment.yml,medium,unpinned,no-expr
2,2,0,0,0,130,2,low,0,2,1,0.0,2.0,0,0,0,1,granular,2,1,0,0,0,0,other,1,facebook/pyrefly::.github/workflows/needs_triage.yml,facebook/pyrefly,.github/workflows/needs_triage.yml,facebook_pyrefly__.github__workflows__needs_triage.yml,medium,unpinned,no-expr
4,6,0,1,1,54,2,low,0,3,2,0.3333,1.0,1,1,0,1,not set,1,1,0,0,0,0,deploy-release,1,facebook/pyrefly::.github/workflows/publish_to_pypi.yml,facebook/pyrefly,.github/workflows/publish_to_pypi.yml,facebook_pyrefly__.github__workflows__publish_to_pypi.yml,complex,unpinned,expr-no-taint
1,10,1,0,0,55,4,medium,0,3,3,0.0,0.4286,1,1,0,0,not set,0,0,1,1,0,0,other,1,facebook/pyrefly::.github/workflows/pyrefly.yml,facebook/pyrefly,.github/workflows/pyrefly.yml,facebook_pyrefly__.github__workflows__pyrefly.yml,complex,unpinned,expr-no-taint
1,15,1,0,0,172,2,low,1,4,4,0.0,0.3636,1,1,0,1,granular,0,1,1,1,0,1,deploy-release,1,facebook/pyrefly::.github/workflows/release_binaries.yml,facebook/pyrefly,.github/workflows/release_binaries.yml,facebook_pyrefly__.github__workflows__release_binaries.yml,complex,unpinned,expr-no-taint
1,0,0,0,1,25,1,low,1,0,0,0.0,0.0,0,0,0,0,not set,0,0,0,0,0,0,other,1,facebook/pyrefly::.github/workflows/rollback_website.yml,facebook/pyrefly,.github/workflows/rollback_website.yml,facebook_pyrefly__.github__workflows__rollback_website.yml,simple,no-third-party,no-expr
1,1,0,0,0,42,2,low,0,1,1,0.0,1.0,0,0,0,1,granular,0,0,0,0,0,0,other,1,facebook/pyrefly::.github/workflows/stale.yml,facebook/pyrefly,.github/workflows/stale.yml,facebook_pyrefly__.github__workflows__stale.yml,simple,unpinned,no-expr
2,10,1,1,1,90,3,low,0,3,1,0.0,0.4286,0,0,0,0,not set,0,0,0,1,0,0,ci-test,1,facebook/pyrefly::.github/workflows/test_extension.yml,facebook/pyrefly,.github/workflows/test_extension.yml,facebook_pyrefly__.github__workflows__test_extension.yml,complex,unpinned,no-expr
3,3,0,1,1,49,1,high,0,1,1,1.0,0.5,1,1,2,1,empty,1,0,0,1,0,0,build,1,facebook/react::.github/workflows/compiler_discord_notify.yml,facebook/react,.github/workflows/compiler_discord_notify.yml,facebook_react__.github__workflows__compiler_discord_notify.yml,medium,pinned,taint
1,11,0,0,0,69,2,medium,0,5,1,0.0,0.8333,0,0,0,1,empty,0,0,0,1,0,0,build,1,facebook/react::.github/workflows/compiler_playground.yml,facebook/react,.github/workflows/compiler_playground.yml,facebook_react__.github__workflows__compiler_playground.yml,complex,unpinned,no-expr
1,6,0,0,0,70,1,low,0,3,1,0.0,1.0,0,1,0,1,empty,1,0,1,1,0,0,deploy-release,1,facebook/react::.github/workflows/compiler_prereleases.yml,facebook/react,.github/workflows/compiler_prereleases.yml,facebook_react__.github__workflows__compiler_prereleases.yml,medium,unpinned,expr-no-taint
1,0,0,0,1,41,1,low,1,0,0,0.0,0.0,0,0,0,1,empty,1,0,0,0,0,0,deploy-release,1,facebook/react::.github/workflows/compiler_prereleases_manual.yml,facebook/react,.github/workflows/compiler_prereleases_manual.yml,facebook_react__.github__workflows__compiler_prereleases_manual.yml,simple,no-third-party,no-expr
1,0,0,0,1,24,1,low,0,0,0,0.0,0.0,0,0,0,1,empty,1,0,0,0,0,0,deploy-release,1,facebook/react::.github/workflows/compiler_prereleases_nightly.yml,facebook/react,.github/workflows/compiler_prereleases_nightly.yml,facebook_react__.github__workflows__compiler_prereleases_nightly.yml,simple,no-third-party,no-expr
4,18,1,1,0,108,2,medium,0,10,1,0.0,1.25,0,1,0,1,empty,0,0,0,1,0,0,build,1,facebook/react::.github/workflows/compiler_typescript.yml,facebook/react,.github/workflows/compiler_typescript.yml,facebook_react__.github__workflows__compiler_typescript.yml,complex,unpinned,expr-no-taint
3,3,0,1,1,49,1,high,0,1,1,1.0,0.5,1,1,2,1,empty,1,0,0,1,0,0,other,1,facebook/react::.github/workflows/devtools_discord_notify.yml,facebook/react,.github/workflows/devtools_discord_notify.yml,facebook_react__.github__workflows__devtools_discord_notify.yml,medium,pinned,taint
4,43,1,1,0,205,2,low,1,21,1,0.0,0.9545,0,1,0,1,empty,0,1,0,1,0,0,ci-test,1,facebook/react::.github/workflows/devtools_regression_tests.yml,facebook/react,.github/workflows/devtools_regression_tests.yml,facebook_react__.github__workflows__devtools_regression_tests.yml,complex,unpinned,expr-no-taint
20,167,1,1,0,933,3,medium,1,83,1,0.0,0.9881,0,1,0,1,empty,0,1,1,1,0,0,build,1,facebook/react::.github/workflows/runtime_build_and_test.yml,facebook/react,.github/workflows/runtime_build_and_test.yml,facebook_react__.github__workflows__runtime_build_and_test.yml,complex,unpinned,expr-no-taint
4,46,0,1,0,474,2,medium,1,14,1,0.0,0.4375,0,1,0,1,empty,0,1,1,1,0,0,other,1,facebook/react::.github/workflows/runtime_commit_artifacts.yml,facebook/react,.github/workflows/runtime_commit_artifacts.yml,facebook_react__.github__workflows__runtime_commit_artifacts.yml,complex,unpinned,expr-no-taint
3,3,0,1,1,51,1,high,0,1,1,1.0,0.5,1,1,2,1,empty,1,0,0,1,0,0,other,1,facebook/react::.github/workflows/runtime_discord_notify.yml,facebook/react,.github/workflows/runtime_discord_notify.yml,facebook_react__.github__workflows__runtime_discord_notify.yml,medium,pinned,taint
1,9,1,0,0,66,2,medium,0,3,1,0.0,0.5,0,0,0,1,empty,0,0,0,1,0,0,code-quality,1,facebook/react::.github/workflows/runtime_eslint_plugin_e2e.yml,facebook/react,.github/workflows/runtime_eslint_plugin_e2e.yml,facebook_react__.github__workflows__runtime_eslint_plugin_e2e.yml,complex,unpinned,no-expr
1,4,0,0,0,33,3,low,0,2,1,0.0,1.0,0,0,0,1,empty,0,0,0,0,0,0,ci-test,1,facebook/react::.github/workflows/runtime_fuzz_tests.yml,facebook/react,.github/workflows/runtime_fuzz_tests.yml,facebook_react__.github__workflows__runtime_fuzz_tests.yml,medium,unpinned,no-expr
1,13,0,0,0,110,1,low,0,4,2,0.25,0.4444,1,1,0,1,empty,3,1,1,1,0,0,deploy-release,1,facebook/react::.github/workflows/runtime_prereleases.yml,facebook/react,.github/workflows/runtime_prereleases.yml,facebook_react__.github__workflows__runtime_prereleases.yml,complex,unpinned,expr-no-taint
3,1,0,1,1,102,1,low,1,1,1,1.0,1.0,1,0,0,1,empty,5,1,0,1,0,0,deploy-release,1,facebook/react::.github/workflows/runtime_prereleases_manual.yml,facebook/react,.github/workflows/runtime_prereleases_manual.yml,facebook_react__.github__workflows__runtime_prereleases_manual.yml,medium,pinned,no-expr
2,0,0,1,1,51,1,low,0,0,0,0.0,0.0,0,0,0,1,empty,6,1,0,0,0,0,deploy-release,1,facebook/react::.github/workflows/runtime_prereleases_nightly.yml,facebook/react,.github/workflows/runtime_prereleases_nightly.yml,facebook_react__.github__workflows__runtime_prereleases_nightly.yml,medium,no-third-party,no-expr
2,14,0,0,0,128,1,low,1,5,2,0.2,0.5556,1,1,0,1,empty,2,0,1,1,0,0,deploy-release,1,facebook/react::.github/workflows/runtime_releases_from_npm_manual.yml,facebook/react,.github/workflows/runtime_releases_from_npm_manual.yml,facebook_react__.github__workflows__runtime_releases_from_npm_manual.yml,complex,unpinned,expr-no-taint
1,1,0,0,0,58,1,low,0,1,1,0.0,1.0,0,0,0,1,empty,0,0,0,0,0,0,ci-test,1,facebook/react::.github/workflows/shared_check_maintainer.yml,facebook/react,.github/workflows/shared_check_maintainer.yml,facebook_react__.github__workflows__shared_check_maintainer.yml,simple,unpinned,no-expr
1,1,0,0,0,41,2,medium,1,0,0,0.0,0.0,0,0,0,1,empty,1,1,1,0,0,0,other,1,facebook/react::.github/workflows/shared_cleanup_merged_branch_caches.yml,facebook/react,.github/workflows/shared_cleanup_merged_branch_caches.yml,facebook_react__.github__workflows__shared_cleanup_merged_branch_caches.yml,simple,no-third-party,no-expr
1,1,0,0,0,36,2,low,0,0,0,0.0,0.0,0,0,0,1,empty,1,1,1,0,0,0,other,1,facebook/react::.github/workflows/shared_cleanup_stale_branch_caches.yml,facebook/react,.github/workflows/shared_cleanup_stale_branch_caches.yml,facebook_react__.github__workflows__shared_cleanup_stale_branch_caches.yml,simple,no-third-party,no-expr
1,1,0,0,0,43,1,medium,0,1,1,0.0,1.0,0,0,0,1,empty,0,0,0,0,0,0,other,1,facebook/react::.github/workflows/shared_close_direct_sync_branch_prs.yml,facebook/react,.github/workflows/shared_close_direct_sync_branch_prs.yml,facebook_react__.github__workflows__shared_close_direct_sync_branch_prs.yml,simple,unpinned,no-expr
3,3,0,1,1,55,1,high,0,1,1,0.0,0.5,0,1,0,1,empty,0,0,0,1,0,0,other,1,facebook/react::.github/workflows/shared_label_core_team_prs.yml,facebook/react,.github/workflows/shared_label_core_team_prs.yml,facebook_react__.github__workflows__shared_label_core_team_prs.yml,medium,unpinned,expr-no-taint
4,24,0,0,0,110,2,medium,0,12,1,0.0,1.0,0,0,0,1,empty,0,0,0,1,0,0,code-quality,1,facebook/react::.github/workflows/shared_lint.yml,facebook/react,.github/workflows/shared_lint.yml,facebook_react__.github__workflows__shared_lint.yml,complex,unpinned,no-expr
1,1,0,0,0,55,2,low,0,1,1,0.0,1.0,0,0,0,1,granular,0,0,0,0,0,0,other,1,facebook/react::.github/workflows/shared_stale.yml,facebook/react,.github/workflows/shared_stale.yml,facebook_react__.github__workflows__shared_stale.yml,simple,unpinned,no-expr
1,7,0,0,0,58,1,high,0,3,1,0.0,6.0,0,0,0,1,granular,0,0,0,1,0,0,other,1,facebook/react-native::.github/workflows/analyze-pr.yml,facebook/react-native,.github/workflows/analyze-pr.yml,facebook_react-native__.github__workflows__analyze-pr.yml,medium,unpinned,no-expr
1,5,0,0,0,28,1,high,0,1,1,0.0,5.0,0,0,0,1,granular,0,0,0,1,0,0,other,1,facebook/react-native::.github/workflows/api-changes.yml,facebook/react-native,.github/workflows/api-changes.yml,facebook_react-native__.github__workflows__api-changes.yml,medium,unpinned,no-expr
1,2,0,0,0,27,1,high,0,2,2,0.0,2.0,1,0,1,1,granular,2,1,1,1,0,0,other,1,facebook/react-native::.github/workflows/autorebase.yml,facebook/react-native,.github/workflows/autorebase.yml,facebook_react-native__.github__workflows__autorebase.yml,simple,unpinned,taint
1,8,0,0,0,45,1,low,0,1,1,0.0,0.6,0,1,0,0,not set,1,0,0,0,0,0,other,1,facebook/react-native::.github/workflows/bump-podfile-lock.yml,facebook/react-native,.github/workflows/bump-podfile-lock.yml,facebook_react-native__.github__workflows__bump-podfile-lock.yml,medium,unpinned,expr-no-taint
1,3,0,0,0,20,2,low,0,1,1,0.0,2.0,0,0,0,0,not set,1,1,1,1,0,0,other,1,facebook/react-native::.github/workflows/cache-reaper.yml,facebook/react-native,.github/workflows/cache-reaper.yml,facebook_react-native__.github__workflows__cache-reaper.yml,simple,unpinned,no-expr
1,2,0,0,0,19,1,high,0,2,1,0.0,2.0,0,0,0,0,not set,1,0,0,1,0,0,ci-test,1,facebook/react-native::.github/workflows/check-for-reproducer.yml,facebook/react-native,.github/workflows/check-for-reproducer.yml,facebook_react-native__.github__workflows__check-for-reproducer.yml,simple,unpinned,no-expr
1,1,0,0,0,63,1,low,0,1,1,0.0,1.0,0,0,0,1,granular,1,0,0,1,0,0,other,1,facebook/react-native::.github/workflows/close-pr.yml,facebook/react-native,.github/workflows/close-pr.yml,facebook_react-native__.github__workflows__close-pr.yml,simple,unpinned,no-expr
1,5,0,0,0,54,1,low,0,3,1,0.0,4.0,0,0,0,0,not set,3,0,1,0,0,0,deploy-release,1,facebook/react-native::.github/workflows/create-draft-release.yml,facebook/react-native,.github/workflows/create-draft-release.yml,facebook_react-native__.github__workflows__create-draft-release.yml,medium,unpinned,no-expr
1,5,0,0,0,57,1,low,1,1,1,0.0,0.6667,0,1,0,0,not set,1,0,0,1,0,0,deploy-release,1,facebook/react-native::.github/workflows/create-release.yml,facebook/react-native,.github/workflows/create-release.yml,facebook_react-native__.github__workflows__create-release.yml,medium,unpinned,expr-no-taint
1,4,0,0,0,29,1,low,0,2,1,0.0,3.0,0,0,0,0,not set,2,0,0,0,0,0,other,1,facebook/react-native::.github/workflows/generate-changelog.yml,facebook/react-native,.github/workflows/generate-changelog.yml,facebook_react-native__.github__workflows__generate-changelog.yml,medium,unpinned,no-expr
1,5,0,0,0,41,2,low,0,2,2,0.0,4.0,1,1,0,0,not set,4,1,0,1,0,0,other,1,facebook/react-native::.github/workflows/monitor-new-issues.yml,facebook/react-native,.github/workflows/monitor-new-issues.yml,facebook_react-native__.github__workflows__monitor-new-issues.yml,medium,unpinned,expr-no-taint
1,3,0,0,0,28,1,high,0,2,2,0.0,2.0,1,1,0,1,granular,1,1,0,1,0,0,other,1,facebook/react-native::.github/workflows/needs-attention.yml,facebook/react-native,.github/workflows/needs-attention.yml,facebook_react-native__.github__workflows__needs-attention.yml,simple,unpinned,expr-no-taint
5,5,0,1,1,97,2,low,0,2,1,0.0,4.0,0,0,0,0,not set,11,0,1,1,0,1,other,1,facebook/react-native::.github/workflows/nightly.yml,facebook/react-native,.github/workflows/nightly.yml,facebook_react-native__.github__workflows__nightly.yml,complex,unpinned,no-expr
2,5,0,0,0,60,1,high,0,5,1,0.0,5.0,0,0,0,1,granular,3,0,0,1,0,0,other,1,facebook/react-native::.github/workflows/on-issue-labeled.yml,facebook/react-native,.github/workflows/on-issue-labeled.yml,facebook_react-native__.github__workflows__on-issue-labeled.yml,medium,unpinned,no-expr
2,29,1,1,0,207,1,low,0,14,2,0.0,2.2222,1,1,0,0,not set,4,0,1,1,0,0,build,1,facebook/react-native::.github/workflows/prebuild-ios-core.yml,facebook/react-native,.github/workflows/prebuild-ios-core.yml,facebook_react-native__.github__workflows__prebuild-ios-core.yml,complex,unpinned,expr-no-taint
3,34,1,1,0,193,1,low,0,17,2,0.0,2.7778,1,1,0,0,not set,4,0,1,1,0,0,build,1,facebook/react-native::.github/workflows/prebuild-ios-dependencies.yml,facebook/react-native,.github/workflows/prebuild-ios-dependencies.yml,facebook_react-native__.github__workflows__prebuild-ios-dependencies.yml,complex,unpinned,expr-no-taint
1,7,0,0,0,29,1,low,0,1,1,0.0,0.75,0,0,0,0,not set,1,0,1,1,0,0,deploy-release,1,facebook/react-native::.github/workflows/publish-bumped-packages.yml,facebook/react-native,.github/workflows/publish-bumped-packages.yml,facebook_react-native__.github__workflows__publish-bumped-packages.yml,medium,unpinned,no-expr
8,11,0,1,1,151,1,low,0,6,1,0.0,1.75,0,1,0,0,not set,10,0,1,1,0,1,deploy-release,1,facebook/react-native::.github/workflows/publish-release.yml,facebook/react-native,.github/workflows/publish-release.yml,facebook_react-native__.github__workflows__publish-release.yml,complex,unpinned,expr-no-taint
1,1,0,0,0,20,1,low,1,0,0,0.0,0.0,0,1,0,0,not set,1,1,1,1,0,0,other,1,facebook/react-native::.github/workflows/retry-workflow.yml,facebook/react-native,.github/workflows/retry-workflow.yml,facebook_react-native__.github__workflows__retry-workflow.yml,simple,no-third-party,expr-no-taint
4,4,0,0,0,77,1,low,0,4,1,0.0,4.0,0,0,0,1,not set,4,0,0,1,0,0,other,1,facebook/react-native::.github/workflows/stale-bot.yml,facebook/react-native,.github/workflows/stale-bot.yml,facebook_react-native__.github__workflows__stale-bot.yml,complex,unpinned,no-expr
22,89,1,1,1,671,3,medium,0,33,3,0.0606,2.4231,1,1,0,0,not set,8,1,1,1,0,1,ci-test,1,facebook/react-native::.github/workflows/test-all.yml,facebook/react-native,.github/workflows/test-all.yml,facebook_react-native__.github__workflows__test-all.yml,complex,unpinned,expr-no-taint
1,6,1,0,0,70,1,low,0,4,2,0.0,6.0,1,0,0,0,not set,0,0,0,0,0,0,ci-test,1,facebook/react-native::.github/workflows/test-hermes-v1-android.yml,facebook/react-native,.github/workflows/test-hermes-v1-android.yml,facebook_react-native__.github__workflows__test-hermes-v1-android.yml,complex,unpinned,no-expr
1,7,1,0,0,76,1,low,0,4,3,0.0,6.0,1,1,0,0,not set,0,0,0,0,0,0,ci-test,1,facebook/react-native::.github/workflows/test-hermes-v1-ios.yml,facebook/react-native,.github/workflows/test-hermes-v1-ios.yml,facebook_react-native__.github__workflows__test-hermes-v1-ios.yml,complex,unpinned,expr-no-taint
3,2,0,1,1,39,2,low,0,1,1,0.0,1.0,0,0,0,0,not set,0,0,0,1,0,0,build,1,facebook/react-native::.github/workflows/test-hermes-v1.yml,facebook/react-native,.github/workflows/test-hermes-v1.yml,facebook_react-native__.github__workflows__test-hermes-v1.yml,medium,unpinned,no-expr
1,5,0,0,0,51,5,medium,0,2,1,0.0,4.0,0,0,0,0,not set,0,0,0,1,0,0,ci-test,1,facebook/react-native::.github/workflows/validate-dotslash-artifacts.yml,facebook/react-native,.github/workflows/validate-dotslash-artifacts.yml,facebook_react-native__.github__workflows__validate-dotslash-artifacts.yml,medium,unpinned,no-expr
3,18,0,0,0,83,1,medium,0,6,1,0.0,0.5,0,0,0,0,not set,0,0,0,0,0,0,other,1,facebook/react-native-website::.github/workflows/pre-merge.yml,facebook/react-native-website,.github/workflows/pre-merge.yml,facebook_react-native-website__.github__workflows__pre-merge.yml,complex,unpinned,no-expr
1,1,0,0,0,19,1,low,0,1,1,0.0,1.0,0,0,0,1,not set,1,1,0,0,0,0,other,1,facebook/react-native-website::.github/workflows/stale-bot.yml,facebook/react-native-website,.github/workflows/stale-bot.yml,facebook_react-native-website__.github__workflows__stale-bot.yml,simple,unpinned,no-expr
2,14,0,0,0,102,1,medium,0,6,2,0.0,0.75,1,1,0,0,not set,0,0,0,0,0,0,other,1,facebook/react-strict-dom::.github/workflows/benchmarks.yml,facebook/react-strict-dom,.github/workflows/benchmarks.yml,facebook_react-strict-dom__.github__workflows__benchmarks.yml,complex,unpinned,expr-no-taint
1,2,0,0,0,22,2,high,0,2,2,0.0,2.0,1,0,0,1,granular,0,1,0,0,0,0,other,1,facebook/react-strict-dom::.github/workflows/labels.yml,facebook/react-strict-dom,.github/workflows/labels.yml,facebook_react-strict-dom__.github__workflows__labels.yml,simple,unpinned,no-expr
1,4,0,0,0,18,1,low,0,2,1,0.0,1.0,0,0,0,0,not set,0,0,0,0,0,0,other,1,facebook/react-strict-dom::.github/workflows/react-integration.yml,facebook/react-strict-dom,.github/workflows/react-integration.yml,facebook_react-strict-dom__.github__workflows__react-integration.yml,medium,unpinned,no-expr
4,18,0,0,0,51,2,medium,0,8,1,0.0,0.8,0,0,0,0,not set,0,0,0,0,0,0,ci-test,1,facebook/react-strict-dom::.github/workflows/tests.yml,facebook/react-strict-dom,.github/workflows/tests.yml,facebook_react-strict-dom__.github__workflows__tests.yml,complex,unpinned,no-expr
2,6,0,1,0,52,2,low,0,4,1,0.0,2.0,0,0,0,1,granular,0,0,0,0,0,0,other,1,facebook/react-strict-dom::.github/workflows/website.yml,facebook/react-strict-dom,.github/workflows/website.yml,facebook_react-strict-dom__.github__workflows__website.yml,medium,unpinned,no-expr
3,10,1,0,0,70,1,low,0,3,1,0.0,4.0,0,0,0,0,not set,0,0,0,0,0,1,build,1,facebook/redex::.github/workflows/build_and_test.yml,facebook/redex,.github/workflows/build_and_test.yml,facebook_redex__.github__workflows__build_and_test.yml,complex,unpinned,no-expr
2,3,0,0,1,20,1,low,0,2,1,0.0,3.0,0,0,0,0,not set,0,0,0,0,0,0,build,1,facebook/redex::.github/workflows/build_nightly.yml,facebook/redex,.github/workflows/build_nightly.yml,facebook_redex__.github__workflows__build_nightly.yml,medium,unpinned,no-expr
1,0,0,0,1,11,1,medium,0,0,0,0.0,0.0,0,0,0,0,not set,0,0,0,0,0,0,build,1,facebook/redex::.github/workflows/build_pull_request.yml,facebook/redex,.github/workflows/build_pull_request.yml,facebook_redex__.github__workflows__build_pull_request.yml,simple,no-third-party,no-expr
1,0,0,0,1,11,1,low,0,0,0,0.0,0.0,0,0,0,0,not set,0,0,0,0,0,0,build,1,facebook/redex::.github/workflows/build_push.yml,facebook/redex,.github/workflows/build_push.yml,facebook_redex__.github__workflows__build_push.yml,simple,no-third-party,no-expr
2,6,0,1,0,50,2,medium,0,4,1,0.0,2.0,0,0,0,1,not set,0,0,0,1,0,0,deploy-release,1,facebook/redex::.github/workflows/deploy-gh-pages.yml,facebook/redex,.github/workflows/deploy-gh-pages.yml,facebook_redex__.github__workflows__deploy-gh-pages.yml,medium,unpinned,no-expr
9,55,1,1,0,308,2,medium,0,26,2,0.0,0.8966,1,1,0,1,not set,0,0,1,1,0,0,ci-test,1,facebook/relay::.github/workflows/ci.yml,facebook/relay,.github/workflows/ci.yml,facebook_relay__.github__workflows__ci.yml,complex,unpinned,expr-no-taint
2,12,0,1,0,86,1,low,0,8,3,0.0,2.0,1,0,0,1,granular,0,0,0,0,0,0,other,1,facebook/relay::.github/workflows/docusaurus.yml,facebook/relay,.github/workflows/docusaurus.yml,facebook_relay__.github__workflows__docusaurus.yml,complex,unpinned,no-expr
1,4,0,0,0,36,2,low,0,3,3,0.0,3.0,1,0,0,0,not set,1,0,0,0,0,0,other,1,facebook/relay::.github/workflows/update-cargo-lock.yml,facebook/relay,.github/workflows/update-cargo-lock.yml,facebook_relay__.github__workflows__update-cargo-lock.yml,medium,unpinned,no-expr
1,4,0,0,0,30,2,low,0,3,2,0.0,3.0,1,0,0,0,not set,1,0,0,0,0,0,other,1,facebook/relay::.github/workflows/update-yarn-lock.yml,facebook/relay,.github/workflows/update-yarn-lock.yml,facebook_relay__.github__workflows__update-yarn-lock.yml,medium,unpinned,no-expr
1,7,0,0,0,27,1,low,0,2,1,0.0,0.4,0,1,0,0,not set,1,0,0,0,0,0,deploy-release,1,facebook/relay::.github/workflows/vscode.yml,facebook/relay,.github/workflows/vscode.yml,facebook_relay__.github__workflows__vscode.yml,medium,unpinned,expr-no-taint
1,4,0,0,0,15,1,low,0,1,1,0.0,4.0,0,0,0,1,empty,0,0,0,1,0,0,other,1,facebook/rocksdb::.github/workflows/benchmark-linux.yml,facebook/rocksdb,.github/workflows/benchmark-linux.yml,facebook_rocksdb__.github__workflows__benchmark-linux.yml,medium,unpinned,no-expr
1,2,0,0,0,58,1,medium,0,2,1,0.0,2.0,0,0,0,1,granular,1,1,0,1,0,0,other,1,facebook/rocksdb::.github/workflows/clang-tidy-comment.yml,facebook/rocksdb,.github/workflows/clang-tidy-comment.yml,facebook_rocksdb__.github__workflows__clang-tidy-comment.yml,simple,unpinned,no-expr
1,9,0,0,0,74,2,medium,0,2,1,0.0,0.2857,0,1,0,1,empty,0,0,0,1,0,1,other,1,facebook/rocksdb::.github/workflows/clang-tidy.yml,facebook/rocksdb,.github/workflows/clang-tidy.yml,facebook_rocksdb__.github__workflows__clang-tidy.yml,medium,unpinned,expr-no-taint
1,5,0,0,0,19,1,low,0,1,1,0.0,4.0,0,0,0,1,empty,0,0,0,1,0,1,other,1,facebook/rocksdb::.github/workflows/nightly-candidate.yml,facebook/rocksdb,.github/workflows/nightly-candidate.yml,facebook_rocksdb__.github__workflows__nightly-candidate.yml,medium,unpinned,no-expr
11,63,0,0,0,171,2,low,0,11,1,0.0,2.3158,0,0,0,1,empty,0,0,0,1,0,1,other,1,facebook/rocksdb::.github/workflows/nightly.yml,facebook/rocksdb,.github/workflows/nightly.yml,facebook_rocksdb__.github__workflows__nightly.yml,complex,unpinned,no-expr
2,12,0,0,0,47,1,low,0,2,1,0.0,2.0,0,0,0,1,empty,0,0,0,1,0,0,other,1,facebook/rocksdb::.github/workflows/pr-jobs-candidate.yml,facebook/rocksdb,.github/workflows/pr-jobs-candidate.yml,facebook_rocksdb__.github__workflows__pr-jobs-candidate.yml,complex,unpinned,no-expr
28,223,1,1,0,718,2,medium,0,35,2,0.0,1.3978,1,0,0,1,empty,0,0,0,1,0,1,other,1,facebook/rocksdb::.github/workflows/pr-jobs.yml,facebook/rocksdb,.github/workflows/pr-jobs.yml,facebook_rocksdb__.github__workflows__pr-jobs.yml,complex,unpinned,no-expr
1,4,0,0,0,20,2,low,0,1,1,0.0,3.0,0,0,0,1,empty,0,0,0,1,0,1,other,1,facebook/rocksdb::.github/workflows/weekly.yml,facebook/rocksdb,.github/workflows/weekly.yml,facebook_rocksdb__.github__workflows__weekly.yml,medium,unpinned,no-expr
1,216,0,0,0,1010,1,low,0,105,2,0.0,0.9459,1,0,0,1,granular,0,0,0,1,0,0,other,1,facebook/sapling::.github/workflows/edenfs_linux.yml,facebook/sapling,.github/workflows/edenfs_linux.yml,facebook_sapling__.github__workflows__edenfs_linux.yml,complex,unpinned,no-expr
1,38,0,0,0,101,1,low,0,1,1,0.0,0.027,0,0,0,0,not set,0,0,0,0,0,0,other,1,facebook/sapling::.github/workflows/edenscm-libs.yml,facebook/sapling,.github/workflows/edenscm-libs.yml,facebook_sapling__.github__workflows__edenscm-libs.yml,complex,unpinned,no-expr
1,6,0,0,0,36,2,low,0,6,2,0.0,6.0,0,0,0,0,not set,1,1,0,0,0,0,build,1,facebook/sapling::.github/workflows/manylinux_2_34.yml,facebook/sapling,.github/workflows/manylinux_2_34.yml,facebook_sapling__.github__workflows__manylinux_2_34.yml,medium,unpinned,no-expr
1,191,0,0,0,893,1,low,0,93,2,0.0,0.949,1,0,0,1,granular,0,0,0,1,0,0,other,1,facebook/sapling::.github/workflows/mononoke-integration_linux.yml,facebook/sapling,.github/workflows/mononoke-integration_linux.yml,facebook_sapling__.github__workflows__mononoke-integration_linux.yml,complex,unpinned,no-expr
1,145,0,0,0,675,2,medium,0,69,2,0.0,0.9079,1,0,0,1,granular,0,0,0,1,0,0,other,1,facebook/sapling::.github/workflows/mononoke_linux.yml,facebook/sapling,.github/workflows/mononoke_linux.yml,facebook_sapling__.github__workflows__mononoke_linux.yml,complex,unpinned,no-expr
1,132,0,0,0,611,1,low,0,63,2,0.0,0.913,1,0,0,1,granular,0,0,0,1,0,0,other,1,facebook/sapling::.github/workflows/mononoke_mac.yml,facebook/sapling,.github/workflows/mononoke_mac.yml,facebook_sapling__.github__workflows__mononoke_mac.yml,complex,unpinned,no-expr
1,10,0,0,0,50,2,low,0,3,2,0.0,0.4286,1,0,0,0,not set,1,1,0,1,0,0,deploy-release,1,facebook/sapling::.github/workflows/reviewstack.dev-deploy.yml,facebook/sapling,.github/workflows/reviewstack.dev-deploy.yml,facebook_sapling__.github__workflows__reviewstack.dev-deploy.yml,complex,unpinned,no-expr
1,5,0,0,0,26,1,low,0,1,1,0.0,0.25,0,0,0,0,not set,0,0,0,0,0,1,ci-test,1,facebook/sapling::.github/workflows/sapling-addons.yml,facebook/sapling,.github/workflows/sapling-addons.yml,facebook_sapling__.github__workflows__sapling-addons.yml,medium,unpinned,no-expr
1,171,0,0,0,793,2,medium,0,81,2,0.0,0.9,1,0,0,1,granular,0,0,0,1,0,0,dependency-management,1,facebook/sapling::.github/workflows/sapling-cli-getdeps_linux.yml,facebook/sapling,.github/workflows/sapling-cli-getdeps_linux.yml,facebook_sapling__.github__workflows__sapling-cli-getdeps_linux.yml,complex,unpinned,no-expr
2,14,0,1,0,61,2,low,0,4,1,0.0,0.4,0,1,0,0,not set,2,1,1,0,0,0,deploy-release,1,facebook/sapling::.github/workflows/sapling-cli-homebrew-macos-arm64-release.yml,facebook/sapling,.github/workflows/sapling-cli-homebrew-macos-arm64-release.yml,facebook_sapling__.github__workflows__sapling-cli-homebrew-macos-arm64-release.yml,complex,unpinned,expr-no-taint
2,12,1,1,0,65,2,low,0,4,1,0.0,0.5,0,1,0,0,not set,2,1,1,0,0,1,deploy-release,1,facebook/sapling::.github/workflows/sapling-cli-manylinux-release.yml,facebook/sapling,.github/workflows/sapling-cli-manylinux-release.yml,facebook_sapling__.github__workflows__sapling-cli-manylinux-release.yml,complex,unpinned,expr-no-taint
2,18,0,1,0,67,2,low,0,4,1,0.0,0.2857,0,1,0,0,not set,2,1,1,0,0,0,deploy-release,1,facebook/sapling::.github/workflows/sapling-cli-windows-amd64-release.yml,facebook/sapling,.github/workflows/sapling-cli-windows-amd64-release.yml,facebook_sapling__.github__workflows__sapling-cli-windows-amd64-release.yml,complex,unpinned,expr-no-taint
1,9,0,0,0,57,2,low,0,3,2,0.0,0.5,1,1,0,1,not set,3,1,1,1,0,0,deploy-release,1,facebook/sapling::.github/workflows/sapling-website-deploy.yml,facebook/sapling,.github/workflows/sapling-website-deploy.yml,facebook_sapling__.github__workflows__sapling-website-deploy.yml,medium,unpinned,expr-no-taint
2,16,0,0,0,112,1,medium,0,6,2,0.0,0.6,1,1,0,0,not set,0,0,0,0,0,0,other,1,facebook/stylex::.github/workflows/benchmarks.yml,facebook/stylex,.github/workflows/benchmarks.yml,facebook_stylex__.github__workflows__benchmarks.yml,complex,unpinned,expr-no-taint
5,22,0,0,0,69,2,medium,0,10,2,0.0,0.8333,1,0,0,0,not set,0,0,0,0,0,0,ci-test,1,facebook/stylex::.github/workflows/tests.yml,facebook/stylex,.github/workflows/tests.yml,facebook_stylex__.github__workflows__tests.yml,complex,unpinned,no-expr
1,6,0,0,0,73,1,low,0,4,1,0.0,2.0,0,1,0,1,granular,3,1,1,0,0,0,other,1,facebook/wangle::.github/workflows/TagIt.yml,facebook/wangle,.github/workflows/TagIt.yml,facebook_wangle__.github__workflows__TagIt.yml,medium,unpinned,expr-no-taint
1,116,0,0,0,550,2,medium,0,56,1,0.0,0.9333,0,0,0,1,granular,0,0,0,1,0,0,dependency-management,1,facebook/wangle::.github/workflows/getdeps_linux.yml,facebook/wangle,.github/workflows/getdeps_linux.yml,facebook_wangle__.github__workflows__getdeps_linux.yml,complex,unpinned,no-expr
1,103,0,0,0,491,2,medium,0,50,1,0.0,0.9434,0,0,0,1,granular,0,0,0,1,0,0,dependency-management,1,facebook/wangle::.github/workflows/getdeps_mac.yml,facebook/wangle,.github/workflows/getdeps_mac.yml,facebook_wangle__.github__workflows__getdeps_mac.yml,complex,unpinned,no-expr
1,96,0,0,0,461,2,medium,0,46,1,0.0,0.92,0,0,0,1,granular,0,0,0,1,0,0,dependency-management,1,facebook/wangle::.github/workflows/getdeps_windows.yml,facebook/wangle,.github/workflows/getdeps_windows.yml,facebook_wangle__.github__workflows__getdeps_windows.yml,complex,unpinned,no-expr
1,157,0,0,0,732,2,medium,0,75,2,0.0,0.9146,1,0,0,1,granular,0,0,0,1,0,0,dependency-management,1,facebook/watchman::.github/workflows/getdeps_linux.yml,facebook/watchman,.github/workflows/getdeps_linux.yml,facebook_watchman__.github__workflows__getdeps_linux.yml,complex,unpinned,no-expr
1,144,0,0,0,673,2,medium,0,69,2,0.0,0.92,1,0,0,1,granular,0,0,0,1,0,0,dependency-management,1,facebook/watchman::.github/workflows/getdeps_mac.yml,facebook/watchman,.github/workflows/getdeps_mac.yml,facebook_watchman__.github__workflows__getdeps_mac.yml,complex,unpinned,no-expr
1,133,0,0,0,634,2,medium,0,65,2,0.0,0.9559,1,0,0,1,granular,0,0,0,1,0,0,dependency-management,1,facebook/watchman::.github/workflows/getdeps_windows.yml,facebook/watchman,.github/workflows/getdeps_windows.yml,facebook_watchman__.github__workflows__getdeps_windows.yml,complex,unpinned,no-expr
2,11,0,1,0,56,1,low,0,5,2,0.0,0.8333,0,0,0,0,not set,1,1,0,0,0,1,build,1,facebook/watchman::.github/workflows/package.yml,facebook/watchman,.github/workflows/package.yml,facebook_watchman__.github__workflows__package.yml,complex,unpinned,no-expr
14,77,0,1,0,367,1,low,0,37,2,0.0,0.925,0,1,0,1,granular,14,1,1,0,0,1,deploy-release,1,facebook/watchman::.github/workflows/release.yml,facebook/watchman,.github/workflows/release.yml,facebook_watchman__.github__workflows__release.yml,complex,unpinned,expr-no-taint
1,5,0,0,0,38,2,low,0,2,1,0.0,1.5,0,0,0,0,not set,6,0,1,0,0,0,deploy-release,1,facebook/yoga::.github/workflows/publish-android-release.yml,facebook/yoga,.github/workflows/publish-android-release.yml,facebook_yoga__.github__workflows__publish-android-release.yml,medium,unpinned,no-expr
1,5,0,0,0,36,2,low,0,2,1,0.0,1.5,0,0,0,0,not set,2,0,1,0,0,0,deploy-release,1,facebook/yoga::.github/workflows/publish-android-snashot.yml,facebook/yoga,.github/workflows/publish-android-snashot.yml,facebook_yoga__.github__workflows__publish-android-snashot.yml,medium,unpinned,no-expr
1,4,0,0,0,25,2,low,0,1,1,0.0,1.0,0,1,0,0,not set,1,0,0,0,0,0,deploy-release,1,facebook/yoga::.github/workflows/publish-npm-release.yml,facebook/yoga,.github/workflows/publish-npm-release.yml,facebook_yoga__.github__workflows__publish-npm-release.yml,medium,unpinned,expr-no-taint
1,3,1,0,0,27,3,medium,0,1,1,0.0,2.0,0,1,0,0,not set,0,0,0,0,0,0,ci-test,1,facebook/yoga::.github/workflows/validate-android.yml,facebook/yoga,.github/workflows/validate-android.yml,facebook_yoga__.github__workflows__validate-android.yml,complex,unpinned,expr-no-taint
4,13,1,0,0,99,3,medium,0,4,1,0.0,1.6,0,1,0,0,not set,0,0,0,0,0,0,ci-test,1,facebook/yoga::.github/workflows/validate-cpp.yml,facebook/yoga,.github/workflows/validate-cpp.yml,facebook_yoga__.github__workflows__validate-cpp.yml,complex,unpinned,expr-no-taint
6,23,1,0,0,116,3,medium,0,7,1,0.0,2.8333,0,0,0,0,not set,0,0,0,0,0,0,ci-test,1,facebook/yoga::.github/workflows/validate-js.yml,facebook/yoga,.github/workflows/validate-js.yml,facebook_yoga__.github__workflows__validate-js.yml,complex,unpinned,no-expr
1,4,0,0,0,26,3,medium,0,1,1,0.0,1.0,0,0,0,0,not set,0,0,0,0,0,0,ci-test,1,facebook/yoga::.github/workflows/validate-swiftpm.yml,facebook/yoga,.github/workflows/validate-swiftpm.yml,facebook_yoga__.github__workflows__validate-swiftpm.yml,medium,unpinned,no-expr
1,5,0,0,0,32,3,medium,0,1,1,0.0,0.6667,0,0,0,0,not set,0,0,0,0,0,0,ci-test,1,facebook/yoga::.github/workflows/validate-tests.yml,facebook/yoga,.github/workflows/validate-tests.yml,facebook_yoga__.github__workflows__validate-tests.yml,medium,unpinned,no-expr
2,7,0,0,0,42,3,medium,0,2,1,0.0,2.5,0,0,0,0,not set,0,0,0,0,0,0,ci-test,1,facebook/yoga::.github/workflows/validate-website.yml,facebook/yoga,.github/workflows/validate-website.yml,facebook_yoga__.github__workflows__validate-website.yml,medium,unpinned,no-expr
1,6,0,0,0,50,2,medium,0,3,2,1.0,1.0,1,0,0,1,read-all,0,0,0,0,0,0,build,1,facebook/zstd::.github/workflows/android-ndk-build.yml,facebook/zstd,.github/workflows/android-ndk-build.yml,facebook_zstd__.github__workflows__android-ndk-build.yml,medium,pinned,no-expr
5,16,1,0,0,168,1,medium,0,7,3,1.0,0.7778,1,1,0,1,read-all,0,0,0,1,0,0,ci-test,1,facebook/zstd::.github/workflows/cmake-tests.yml,facebook/zstd,.github/workflows/cmake-tests.yml,facebook_zstd__.github__workflows__cmake-tests.yml,complex,pinned,expr-no-taint
3,19,0,0,0,104,2,medium,0,5,1,0.0,0.3571,0,0,0,1,read-all,0,0,0,0,0,1,other,1,facebook/zstd::.github/workflows/commit.yml,facebook/zstd,.github/workflows/commit.yml,facebook_zstd__.github__workflows__commit.yml,complex,unpinned,no-expr
27,57,1,0,0,324,1,medium,0,30,3,0.9333,1.1111,1,0,0,1,read-all,0,0,0,1,0,0,ci-test,1,facebook/zstd::.github/workflows/dev-long-tests.yml,facebook/zstd,.github/workflows/dev-long-tests.yml,facebook_zstd__.github__workflows__dev-long-tests.yml,complex,pinned,no-expr
38,112,1,0,0,680,1,medium,0,42,4,1.0,0.6,1,1,0,1,read-all,0,0,1,1,0,1,ci-test,1,facebook/zstd::.github/workflows/dev-short-tests.yml,facebook/zstd,.github/workflows/dev-short-tests.yml,facebook_zstd__.github__workflows__dev-short-tests.yml,complex,pinned,expr-no-taint
1,3,0,0,0,38,2,low,0,1,1,0.0,0.5,0,0,0,1,read-all,0,0,0,0,0,0,other,1,facebook/zstd::.github/workflows/nightly.yml,facebook/zstd,.github/workflows/nightly.yml,facebook_zstd__.github__workflows__nightly.yml,simple,unpinned,no-expr
1,3,0,0,0,73,1,low,0,2,2,1.0,2.0,1,0,0,1,read-all,3,1,1,1,0,0,deploy-release,1,facebook/zstd::.github/workflows/publish-release-artifacts.yml,facebook/zstd,.github/workflows/publish-release-artifacts.yml,facebook_zstd__.github__workflows__publish-release-artifacts.yml,simple,pinned,no-expr
2,10,0,0,0,64,2,medium,0,2,1,0.0,0.25,0,0,0,1,read-all,0,0,0,0,0,0,deploy-release,1,facebook/zstd::.github/workflows/release_check.yml,facebook/zstd,.github/workflows/release_check.yml,facebook_zstd__.github__workflows__release_check.yml,complex,unpinned,no-expr
1,4,0,0,0,64,3,low,0,4,3,1.0,4.0,1,0,0,1,read-all,1,0,0,1,0,0,security-scan,1,facebook/zstd::.github/workflows/scorecards.yml,facebook/zstd,.github/workflows/scorecards.yml,facebook_zstd__.github__workflows__scorecards.yml,medium,pinned,no-expr
1,14,1,0,0,119,2,low,0,3,2,1.0,0.2727,1,1,0,1,read-all,1,1,1,1,0,0,other,1,facebook/zstd::.github/workflows/windows-artifacts.yml,facebook/zstd,.github/workflows/windows-artifacts.yml,facebook_zstd__.github__workflows__windows-artifacts.yml,complex,pinned,expr-no-taint
1,4,1,0,0,34,2,medium,0,2,1,0.0,1.0,0,0,0,0,not set,0,0,0,0,0,0,documentation,1,facebookincubator/AITemplate::.github/workflows/docs.yaml,facebookincubator/AITemplate,.github/workflows/docs.yaml,facebookincubator_AITemplate__.github__workflows__docs.yaml,complex,unpinned,no-expr
1,7,1,0,0,60,2,low,0,5,1,0.0,2.5,0,0,0,1,granular,0,0,0,0,0,0,deploy-release,1,facebookincubator/AITemplate::.github/workflows/pages.yaml,facebookincubator/AITemplate,.github/workflows/pages.yaml,facebookincubator_AITemplate__.github__workflows__pages.yaml,complex,unpinned,no-expr
1,6,1,0,0,40,2,medium,0,2,1,0.0,0.5,0,0,0,0,not set,0,0,0,0,0,0,code-quality,1,facebookincubator/AITemplate::.github/workflows/pylint.yaml,facebookincubator/AITemplate,.github/workflows/pylint.yaml,facebookincubator_AITemplate__.github__workflows__pylint.yaml,complex,unpinned,no-expr
1,3,0,0,0,32,1,medium,0,1,1,0.0,0.5,0,0,0,0,not set,0,0,0,1,0,0,ci-test,1,facebookincubator/AITemplate::.github/workflows/rocm_ci.yml,facebookincubator/AITemplate,.github/workflows/rocm_ci.yml,facebookincubator_AITemplate__.github__workflows__rocm_ci.yml,simple,unpinned,no-expr
1,3,0,0,0,32,3,medium,0,1,1,0.0,0.5,0,0,0,0,not set,0,0,0,0,0,0,ci-test,1,facebookincubator/below::.github/workflows/ci.yml,facebookincubator/below,.github/workflows/ci.yml,facebookincubator_below__.github__workflows__ci.yml,simple,unpinned,no-expr
1,5,0,0,0,28,2,low,0,1,1,0.0,0.25,0,0,0,0,not set,2,0,1,1,0,0,other,1,facebookincubator/below::.github/workflows/dockerhub.yml,facebookincubator/below,.github/workflows/dockerhub.yml,facebookincubator_below__.github__workflows__dockerhub.yml,medium,unpinned,no-expr
1,1,0,0,0,54,1,high,0,1,1,0.0,1.0,0,0,0,1,not set,0,0,0,0,0,0,other,1,facebookincubator/cinder::.github/workflows/add-issue-header.yml,facebookincubator/cinder,.github/workflows/add-issue-header.yml,facebookincubator_cinder__.github__workflows__add-issue-header.yml,simple,unpinned,no-expr
19,86,1,1,1,729,3,medium,0,19,3,0.0526,0.2836,1,1,3,1,granular,0,0,1,1,0,1,build,1,facebookincubator/cinder::.github/workflows/build.yml,facebookincubator/cinder,.github/workflows/build.yml,facebookincubator_cinder__.github__workflows__build.yml,complex,unpinned,taint
1,1,0,0,0,28,1,high,0,1,1,0.0,1.0,1,0,1,1,not set,0,0,0,0,0,0,documentation,1,facebookincubator/cinder::.github/workflows/documentation-links.yml,facebookincubator/cinder,.github/workflows/documentation-links.yml,facebookincubator_cinder__.github__workflows__documentation-links.yml,simple,unpinned,no-expr
3,11,1,1,0,177,3,medium,0,5,1,0.0,0.8333,0,1,1,1,granular,0,0,0,1,0,0,other,1,facebookincubator/cinder::.github/workflows/jit.yml,facebookincubator/cinder,.github/workflows/jit.yml,facebookincubator_cinder__.github__workflows__jit.yml,complex,unpinned,taint
1,2,0,0,0,25,3,medium,0,2,2,0.0,2.0,1,0,1,1,granular,0,0,0,0,0,0,code-quality,1,facebookincubator/cinder::.github/workflows/lint.yml,facebookincubator/cinder,.github/workflows/lint.yml,facebookincubator_cinder__.github__workflows__lint.yml,simple,unpinned,no-expr
1,5,1,0,0,77,3,medium,0,2,1,0.0,0.6667,0,1,1,1,granular,0,0,0,0,0,0,other,1,facebookincubator/cinder::.github/workflows/mypy.yml,facebookincubator/cinder,.github/workflows/mypy.yml,facebookincubator_cinder__.github__workflows__mypy.yml,complex,unpinned,taint
1,3,0,0,0,60,1,high,0,2,1,0.0,2.0,0,0,0,1,granular,1,0,1,0,0,0,other,1,facebookincubator/cinder::.github/workflows/new-bugs-announce-notifier.yml,facebookincubator/cinder,.github/workflows/new-bugs-announce-notifier.yml,facebookincubator_cinder__.github__workflows__new-bugs-announce-notifier.yml,simple,unpinned,no-expr
1,1,1,0,0,31,1,high,0,1,1,0.0,1.0,0,0,0,1,granular,1,0,0,0,0,0,other,1,facebookincubator/cinder::.github/workflows/project-updater.yml,facebookincubator/cinder,.github/workflows/project-updater.yml,facebookincubator_cinder__.github__workflows__project-updater.yml,complex,unpinned,no-expr
2,4,0,0,0,61,1,medium,0,4,1,0.0,4.0,1,0,0,1,not set,0,0,0,1,0,0,ci-test,1,facebookincubator/cinder::.github/workflows/require-pr-label.yml,facebookincubator/cinder,.github/workflows/require-pr-label.yml,facebookincubator_cinder__.github__workflows__require-pr-label.yml,medium,unpinned,no-expr
1,4,0,0,0,46,1,low,0,4,3,0.0,4.0,1,0,0,0,not set,0,0,0,1,0,0,ci-test,1,facebookincubator/cinder::.github/workflows/reusable-cifuzz.yml,facebookincubator/cinder,.github/workflows/reusable-cifuzz.yml,facebookincubator_cinder__.github__workflows__reusable-cifuzz.yml,medium,unpinned,no-expr
1,5,0,0,0,122,1,low,0,2,1,0.0,0.6667,0,1,2,0,not set,0,0,1,1,0,0,build,1,facebookincubator/cinder::.github/workflows/reusable-context.yml,facebookincubator/cinder,.github/workflows/reusable-context.yml,facebookincubator_cinder__.github__workflows__reusable-context.yml,medium,unpinned,taint
3,20,0,0,0,131,2,low,0,6,1,0.0,0.4286,0,0,3,1,granular,0,0,1,1,0,0,documentation,1,facebookincubator/cinder::.github/workflows/reusable-docs.yml,facebookincubator/cinder,.github/workflows/reusable-docs.yml,facebookincubator_cinder__.github__workflows__reusable-docs.yml,complex,unpinned,taint
1,9,0,0,0,73,1,low,0,1,1,0.0,0.125,0,1,0,0,not set,0,0,0,1,0,0,other,1,facebookincubator/cinder::.github/workflows/reusable-macos.yml,facebookincubator/cinder,.github/workflows/reusable-macos.yml,facebookincubator_cinder__.github__workflows__reusable-macos.yml,medium,unpinned,expr-no-taint
1,12,0,0,0,111,1,low,0,2,1,0.0,0.2,0,1,0,0,not set,0,0,1,1,0,0,other,1,facebookincubator/cinder::.github/workflows/reusable-san.yml,facebookincubator/cinder,.github/workflows/reusable-san.yml,facebookincubator_cinder__.github__workflows__reusable-san.yml,complex,unpinned,expr-no-taint
1,19,0,0,0,114,1,low,0,2,1,0.0,0.1176,0,1,0,0,not set,0,0,0,1,0,0,other,1,facebookincubator/cinder::.github/workflows/reusable-ubuntu.yml,facebookincubator/cinder,.github/workflows/reusable-ubuntu.yml,facebookincubator_cinder__.github__workflows__reusable-ubuntu.yml,complex,unpinned,expr-no-taint
1,13,0,0,0,61,1,low,0,4,2,0.0,0.4444,1,0,0,0,not set,0,0,0,1,0,0,other,1,facebookincubator/cinder::.github/workflows/reusable-wasi.yml,facebookincubator/cinder,.github/workflows/reusable-wasi.yml,facebookincubator_cinder__.github__workflows__reusable-wasi.yml,complex,unpinned,no-expr
1,2,0,0,0,31,1,low,0,1,1,0.0,1.0,0,0,0,1,granular,0,0,1,0,0,0,other,1,facebookincubator/cinder::.github/workflows/reusable-windows-msi.yml,facebookincubator/cinder,.github/workflows/reusable-windows-msi.yml,facebookincubator_cinder__.github__workflows__reusable-windows-msi.yml,simple,unpinned,no-expr
1,5,0,0,0,50,1,low,0,1,1,0.0,0.25,0,1,0,0,not set,0,0,1,1,0,0,other,1,facebookincubator/cinder::.github/workflows/reusable-windows.yml,facebookincubator/cinder,.github/workflows/reusable-windows.yml,facebookincubator_cinder__.github__workflows__reusable-windows.yml,medium,unpinned,expr-no-taint
1,1,0,0,0,26,1,low,0,1,1,0.0,1.0,0,0,0,1,not set,1,1,0,1,0,0,other,1,facebookincubator/cinder::.github/workflows/stale.yml,facebookincubator/cinder,.github/workflows/stale.yml,facebookincubator_cinder__.github__workflows__stale.yml,simple,unpinned,no-expr
1,7,1,0,0,132,3,medium,0,2,1,0.0,0.4,0,1,1,1,granular,0,0,0,1,0,0,other,1,facebookincubator/cinder::.github/workflows/tail-call.yml,facebookincubator/cinder,.github/workflows/tail-call.yml,facebookincubator_cinder__.github__workflows__tail-call.yml,complex,unpinned,taint
1,3,0,0,0,35,3,medium,0,2,1,0.0,2.0,0,0,1,1,granular,0,0,0,0,0,0,ci-test,1,facebookincubator/cinder::.github/workflows/verify-ensurepip-wheels.yml,facebookincubator/cinder,.github/workflows/verify-ensurepip-wheels.yml,facebookincubator_cinder__.github__workflows__verify-ensurepip-wheels.yml,simple,unpinned,no-expr
1,128,0,0,0,607,2,medium,0,62,1,0.0,0.9394,0,0,0,1,granular,0,0,0,1,0,0,dependency-management,1,facebookincubator/katran::.github/workflows/getdeps_linux.yml,facebookincubator/katran,.github/workflows/getdeps_linux.yml,facebookincubator_katran__.github__workflows__getdeps_linux.yml,complex,unpinned,no-expr
1,1,0,0,0,30,1,low,0,1,1,0.0,1.0,0,0,0,0,not set,0,0,0,0,0,0,other,1,facebookincubator/katran::.github/workflows/stale.yml,facebookincubator/katran,.github/workflows/stale.yml,facebookincubator_katran__.github__workflows__stale.yml,simple,unpinned,no-expr
1,6,1,0,0,44,2,medium,0,1,1,0.0,0.2,0,0,0,0,not set,0,0,1,0,0,0,ci-test,1,facebookincubator/oomd::.github/workflows/ci.yml,facebookincubator/oomd,.github/workflows/ci.yml,facebookincubator_oomd__.github__workflows__ci.yml,complex,unpinned,no-expr
1,13,0,0,0,137,2,medium,0,6,2,1.0,0.8571,1,0,1,1,granular,0,0,1,1,0,0,other,1,facebookincubator/velox::.github/workflows/benchmark.yml,facebookincubator/velox,.github/workflows/benchmark.yml,facebookincubator_velox__.github__workflows__benchmark.yml,complex,pinned,taint
2,10,0,0,0,121,2,medium,0,4,2,0.5,0.6667,1,0,1,1,granular,0,0,0,1,0,0,build,1,facebookincubator/velox::.github/workflows/breeze.yml,facebookincubator/velox,.github/workflows/breeze.yml,facebookincubator_velox__.github__workflows__breeze.yml,complex,pinned,no-expr
2,15,1,1,0,197,3,medium,1,5,2,0.6,0.5,1,1,0,1,granular,4,0,1,1,0,1,build,1,facebookincubator/velox::.github/workflows/build-metrics.yml,facebookincubator/velox,.github/workflows/build-metrics.yml,facebookincubator_velox__.github__workflows__build-metrics.yml,complex,pinned,expr-no-taint
2,16,1,1,0,173,2,medium,1,11,3,1.0,2.2,1,0,1,1,granular,1,0,1,1,0,0,build,1,facebookincubator/velox::.github/workflows/build_pyvelox.yml,facebookincubator/velox,.github/workflows/build_pyvelox.yml,facebookincubator_velox__.github__workflows__build_pyvelox.yml,complex,pinned,taint
2,15,0,0,0,615,2,high,1,10,2,1.0,2.0,1,0,4,1,granular,1,0,1,1,0,0,other,1,facebookincubator/velox::.github/workflows/claude-review.yml,facebookincubator/velox,.github/workflows/claude-review.yml,facebookincubator_velox__.github__workflows__claude-review.yml,complex,pinned,taint
3,17,1,1,0,241,3,medium,0,12,2,1.0,2.4,0,0,1,1,granular,3,1,1,1,0,0,build,1,facebookincubator/velox::.github/workflows/docker.yml,facebookincubator/velox,.github/workflows/docker.yml,facebookincubator_velox__.github__workflows__docker.yml,complex,pinned,taint
1,11,0,0,0,115,2,medium,0,4,2,1.0,0.5714,1,0,1,1,granular,0,0,0,1,0,1,documentation,1,facebookincubator/velox::.github/workflows/docs.yml,facebookincubator/velox,.github/workflows/docs.yml,facebookincubator_velox__.github__workflows__docs.yml,complex,pinned,no-expr
4,30,0,1,0,385,1,low,0,10,2,0.7,0.5,1,0,1,0,not set,0,1,1,1,0,1,build,1,facebookincubator/velox::.github/workflows/linux-build-base.yml,facebookincubator/velox,.github/workflows/linux-build-base.yml,facebookincubator_velox__.github__workflows__linux-build-base.yml,complex,pinned,taint
1,0,0,0,1,56,2,medium,0,0,0,0.0,0.0,0,0,1,1,granular,0,0,0,0,0,0,build,1,facebookincubator/velox::.github/workflows/linux-build.yml,facebookincubator/velox,.github/workflows/linux-build.yml,facebookincubator_velox__.github__workflows__linux-build.yml,simple,no-third-party,no-expr
1,7,1,0,0,127,2,medium,0,3,2,0.6667,0.75,1,0,1,1,granular,0,0,1,1,0,0,build,1,facebookincubator/velox::.github/workflows/macos.yml,facebookincubator/velox,.github/workflows/macos.yml,facebookincubator_velox__.github__workflows__macos.yml,complex,pinned,taint
2,4,0,0,0,59,1,medium,0,3,2,1.0,3.0,1,0,2,1,granular,0,0,1,0,0,0,ci-test,1,facebookincubator/velox::.github/workflows/preliminary_checks.yml,facebookincubator/velox,.github/workflows/preliminary_checks.yml,facebookincubator_velox__.github__workflows__preliminary_checks.yml,medium,pinned,taint
22,117,0,1,1,1477,4,medium,1,75,3,1.0,1.7857,1,1,2,1,granular,0,1,1,1,0,1,other,1,facebookincubator/velox::.github/workflows/scheduled.yml,facebookincubator/velox,.github/workflows/scheduled.yml,facebookincubator_velox__.github__workflows__scheduled.yml,complex,pinned,taint
1,4,0,0,0,76,2,low,1,1,1,1.0,0.3333,0,0,0,1,empty,0,1,1,1,0,0,other,1,facebookincubator/velox::.github/workflows/tag.yml,facebookincubator/velox,.github/workflows/tag.yml,facebookincubator_velox__.github__workflows__tag.yml,medium,pinned,no-expr
1,10,0,0,0,20,2,medium,0,2,1,0.0,0.25,0,0,0,0,not set,0,0,0,0,0,0,code-quality,1,facebookresearch/AugLy::.github/workflows/lint_python.yml,facebookresearch/AugLy,.github/workflows/lint_python.yml,facebookresearch_AugLy__.github__workflows__lint_python.yml,complex,unpinned,no-expr
1,8,0,0,0,20,2,medium,0,2,1,0.0,0.3333,0,0,0,0,not set,0,0,0,0,0,0,ci-test,1,facebookresearch/AugLy::.github/workflows/test_python.yml,facebookresearch/AugLy,.github/workflows/test_python.yml,facebookresearch_AugLy__.github__workflows__test_python.yml,medium,unpinned,no-expr
1,6,1,0,0,36,1,low,0,2,1,0.0,0.5,0,0,0,0,not set,0,0,0,0,0,0,build,1,facebookresearch/Kats::.github/workflows/build_and_test.yml,facebookresearch/Kats,.github/workflows/build_and_test.yml,facebookresearch_Kats__.github__workflows__build_and_test.yml,complex,unpinned,no-expr
1,7,1,0,0,83,2,medium,0,4,2,0.0,1.3333,0,0,0,0,not set,1,0,1,1,0,0,ci-test,1,facebookresearch/Pearl::.github/workflows/CI.yml,facebookresearch/Pearl,.github/workflows/CI.yml,facebookresearch_Pearl__.github__workflows__CI.yml,complex,unpinned,no-expr
1,6,0,0,0,32,1,low,0,1,1,0.0,0.5,0,0,0,0,not set,0,0,0,0,0,0,documentation,1,facebookresearch/audiocraft::.github/workflows/audiocraft_docs.yml,facebookresearch/audiocraft,.github/workflows/audiocraft_docs.yml,facebookresearch_audiocraft__.github__workflows__audiocraft_docs.yml,medium,unpinned,no-expr
1,3,0,0,0,17,2,medium,0,1,1,0.0,2.0,0,0,0,0,not set,0,0,0,0,0,0,code-quality,1,facebookresearch/audiocraft::.github/workflows/audiocraft_linter.yml,facebookresearch/audiocraft,.github/workflows/audiocraft_linter.yml,facebookresearch_audiocraft__.github__workflows__audiocraft_linter.yml,simple,unpinned,no-expr
1,4,0,0,0,22,2,medium,0,1,1,0.0,1.0,0,0,0,0,not set,0,0,0,0,0,0,ci-test,1,facebookresearch/audiocraft::.github/workflows/audiocraft_tests.yml,facebookresearch/audiocraft,.github/workflows/audiocraft_tests.yml,facebookresearch_audiocraft__.github__workflows__audiocraft_tests.yml,medium,unpinned,no-expr
1,2,0,0,0,12,2,medium,0,2,2,0.0,2.0,1,0,0,0,not set,0,0,0,0,0,0,code-quality,1,facebookresearch/blt::.github/workflows/black.yml,facebookresearch/blt,.github/workflows/black.yml,facebookresearch_blt__.github__workflows__black.yml,simple,unpinned,no-expr
1,2,0,0,0,10,2,medium,0,2,2,0.0,2.0,1,0,0,0,not set,0,0,0,0,0,0,code-quality,1,facebookresearch/blt::.github/workflows/isort.yml,facebookresearch/blt,.github/workflows/isort.yml,facebookresearch_blt__.github__workflows__isort.yml,simple,unpinned,no-expr
1,2,0,0,0,86,1,high,0,2,1,0.0,2.0,0,0,0,0,not set,1,1,0,1,0,0,ci-test,1,facebookresearch/detectron2::.github/workflows/check-template.yml,facebookresearch/detectron2,.github/workflows/check-template.yml,facebookresearch_detectron2__.github__workflows__check-template.yml,simple,unpinned,no-expr
2,2,0,0,0,98,1,low,0,2,2,0.0,2.0,1,0,0,0,not set,1,1,0,1,0,0,other,1,facebookresearch/detectron2::.github/workflows/needs-reply.yml,facebookresearch/detectron2,.github/workflows/needs-reply.yml,facebookresearch_detectron2__.github__workflows__needs-reply.yml,medium,unpinned,no-expr
1,1,0,0,0,25,2,high,0,1,1,0.0,1.0,1,0,0,0,not set,1,1,1,1,0,0,other,1,facebookresearch/detectron2::.github/workflows/remove-needs-reply.yml,facebookresearch/detectron2,.github/workflows/remove-needs-reply.yml,facebookresearch_detectron2__.github__workflows__remove-needs-reply.yml,simple,unpinned,no-expr
5,30,1,0,0,239,3,medium,0,13,1,0.0,5.0,0,1,0,0,not set,0,0,0,1,0,0,ci-test,1,facebookresearch/detectron2::.github/workflows/workflow.yml,facebookresearch/detectron2,.github/workflows/workflow.yml,facebookresearch_detectron2__.github__workflows__workflow.yml,complex,unpinned,expr-no-taint
1,6,0,0,0,38,2,medium,0,2,1,0.0,0.5,0,0,0,0,not set,0,0,0,1,0,0,code-quality,1,facebookresearch/dinov2::.github/workflows/lint.yaml,facebookresearch/dinov2,.github/workflows/lint.yaml,facebookresearch_dinov2__.github__workflows__lint.yaml,medium,unpinned,no-expr
1,8,0,0,0,47,2,medium,0,2,1,0.0,0.3333,0,0,0,0,not set,0,0,0,1,0,0,code-quality,1,facebookresearch/dinov3::.github/workflows/lint.yaml,facebookresearch/dinov3,.github/workflows/lint.yaml,facebookresearch_dinov3__.github__workflows__lint.yaml,medium,unpinned,no-expr
1,3,1,0,0,20,2,medium,0,3,2,0.0,3.0,1,0,0,0,not set,0,0,0,0,0,0,other,1,facebookresearch/fairscale::.github/workflows/pre-commit.yml,facebookresearch/fairscale,.github/workflows/pre-commit.yml,facebookresearch_fairscale__.github__workflows__pre-commit.yml,complex,unpinned,no-expr
2,9,0,1,0,94,1,low,1,6,3,0.0,2.0,1,1,0,0,not set,4,0,1,0,0,0,deploy-release,1,facebookresearch/fairscale::.github/workflows/release.yml,facebookresearch/fairscale,.github/workflows/release.yml,facebookresearch_fairscale__.github__workflows__release.yml,medium,unpinned,expr-no-taint
1,12,1,0,0,81,2,medium,0,2,1,0.0,0.2,0,0,0,0,not set,0,0,0,1,0,0,build,1,facebookresearch/fairseq::.github/workflows/build.yml,facebookresearch/fairseq,.github/workflows/build.yml,facebookresearch_fairseq__.github__workflows__build.yml,complex,unpinned,no-expr
1,2,0,0,0,14,1,medium,0,2,1,0.0,2.0,0,0,0,1,granular,0,0,0,0,0,0,dependency-management,1,facebookresearch/fairseq::.github/workflows/depreview.yml,facebookresearch/fairseq,.github/workflows/depreview.yml,facebookresearch_fairseq__.github__workflows__depreview.yml,simple,unpinned,no-expr
4,19,1,1,0,161,1,low,1,11,3,0.0,1.375,1,1,0,0,not set,4,0,1,0,0,0,deploy-release,1,facebookresearch/fairseq::.github/workflows/release.yml,facebookresearch/fairseq,.github/workflows/release.yml,facebookresearch_fairseq__.github__workflows__release.yml,complex,unpinned,expr-no-taint
2,2,0,0,0,38,2,high,0,1,1,0.0,1.0,0,1,0,1,not set,2,1,1,1,0,0,other,1,facebookresearch/faiss::.github/workflows/autoclose.yml,facebookresearch/faiss,.github/workflows/autoclose.yml,facebookresearch_faiss__.github__workflows__autoclose.yml,medium,unpinned,expr-no-taint
15,30,0,1,1,188,1,low,0,14,1,0.0,9.0,0,0,0,0,not set,0,0,0,0,0,0,build,1,facebookresearch/faiss::.github/workflows/build-pull-request.yml,facebookresearch/faiss,.github/workflows/build-pull-request.yml,facebookresearch_faiss__.github__workflows__build-pull-request.yml,complex,unpinned,no-expr
6,12,0,0,0,106,1,low,0,6,1,0.0,12.0,0,0,0,0,not set,6,0,1,0,0,0,deploy-release,1,facebookresearch/faiss::.github/workflows/build-release.yml,facebookresearch/faiss,.github/workflows/build-release.yml,facebookresearch_faiss__.github__workflows__build-release.yml,complex,unpinned,no-expr
2,0,0,0,1,17,3,medium,0,0,0,0.0,0.0,0,0,0,0,not set,1,0,0,1,0,0,build,1,facebookresearch/faiss::.github/workflows/build.yml,facebookresearch/faiss,.github/workflows/build.yml,facebookresearch_faiss__.github__workflows__build.yml,medium,no-third-party,no-expr
2,16,0,0,0,132,1,low,0,4,1,0.0,0.6,0,1,0,0,not set,0,0,1,1,0,0,ci-test,1,facebookresearch/faiss::.github/workflows/index-io-backward-compatibility.yml,facebookresearch/faiss,.github/workflows/index-io-backward-compatibility.yml,facebookresearch_faiss__.github__workflows__index-io-backward-compatibility.yml,complex,unpinned,expr-no-taint
7,13,0,0,0,112,1,low,0,6,1,0.0,12.0,0,1,0,0,not set,6,1,1,1,0,0,other,1,facebookresearch/faiss::.github/workflows/nightly.yml,facebookresearch/faiss,.github/workflows/nightly.yml,facebookresearch_faiss__.github__workflows__nightly.yml,complex,unpinned,expr-no-taint
1,6,0,0,0,44,2,medium,0,2,1,0.0,0.5,0,0,0,0,not set,0,0,0,0,0,0,deploy-release,1,facebookresearch/faiss::.github/workflows/publish-docs.yml,facebookresearch/faiss,.github/workflows/publish-docs.yml,facebookresearch_faiss__.github__workflows__publish-docs.yml,medium,unpinned,no-expr
1,1,0,0,0,33,1,low,1,0,0,0.0,0.0,0,1,0,1,not set,0,1,1,0,0,0,build,1,facebookresearch/faiss::.github/workflows/retry_build.yml,facebookresearch/faiss,.github/workflows/retry_build.yml,facebookresearch_faiss__.github__workflows__retry_build.yml,simple,no-third-party,expr-no-taint
1,5,0,0,0,40,1,low,0,2,1,0.0,0.6667,0,0,0,0,not set,0,0,0,0,0,0,other,1,facebookresearch/faiss::.github/workflows/update-doxygen.yml,facebookresearch/faiss,.github/workflows/update-doxygen.yml,facebookresearch_faiss__.github__workflows__update-doxygen.yml,medium,unpinned,no-expr
1,9,1,0,0,61,2,medium,0,3,3,0.0,0.5,1,0,0,0,not set,1,1,0,1,0,0,ci-test,1,facebookresearch/flow_matching::.github/workflows/ci.yaml,facebookresearch/flow_matching,.github/workflows/ci.yaml,facebookresearch_flow_matching__.github__workflows__ci.yaml,complex,unpinned,no-expr
1,4,0,0,0,26,1,low,0,2,2,0.0,1.0,1,0,0,0,not set,0,0,0,0,0,0,other,1,facebookresearch/flow_matching::.github/workflows/notebooks.yaml,facebookresearch/flow_matching,.github/workflows/notebooks.yaml,facebookresearch_flow_matching__.github__workflows__notebooks.yaml,medium,unpinned,no-expr
1,4,1,0,0,32,2,medium,0,2,1,0.0,1.0,0,0,0,0,not set,0,0,0,0,0,0,ci-test,1,facebookresearch/fvcore::.github/workflows/workflow.yml,facebookresearch/fvcore,.github/workflows/workflow.yml,facebookresearch_fvcore__.github__workflows__workflow.yml,complex,unpinned,no-expr
1,6,0,0,0,47,1,low,0,3,3,0.0,5.0,1,0,0,1,not set,0,0,0,0,0,0,deploy-release,1,facebookresearch/habitat-lab::.github/workflows/deploy_pypi.yml,facebookresearch/habitat-lab,.github/workflows/deploy_pypi.yml,facebookresearch_habitat-lab__.github__workflows__deploy_pypi.yml,medium,unpinned,no-expr
3,29,0,0,0,241,3,medium,0,8,2,0.0,0.5263,1,0,0,0,not set,1,0,1,0,0,0,ci-test,1,facebookresearch/habitat-lab::.github/workflows/install_and_test.yml,facebookresearch/habitat-lab,.github/workflows/install_and_test.yml,facebookresearch_habitat-lab__.github__workflows__install_and_test.yml,complex,unpinned,no-expr
6,42,0,0,0,483,3,medium,0,11,3,0.0,0.68,1,1,0,0,not set,7,0,1,0,0,0,ci-test,1,facebookresearch/habitat-sim::.github/workflows/install_and_test.yml,facebookresearch/habitat-sim,.github/workflows/install_and_test.yml,facebookresearch_habitat-sim__.github__workflows__install_and_test.yml,complex,unpinned,expr-no-taint
1,4,1,0,0,44,3,medium,0,4,2,0.0,4.0,0,0,0,1,not set,0,0,0,1,0,0,security-scan,1,facebookresearch/hydra::.github/workflows/codeql.yml,facebookresearch/hydra,.github/workflows/codeql.yml,facebookresearch_hydra__.github__workflows__codeql.yml,complex,unpinned,no-expr
5,15,1,0,0,112,2,medium,0,5,1,0.0,2.0,0,1,0,0,not set,0,0,0,0,0,0,ci-test,1,facebookresearch/hydra::.github/workflows/core_tests.yml,facebookresearch/hydra,.github/workflows/core_tests.yml,facebookresearch_hydra__.github__workflows__core_tests.yml,complex,unpinned,expr-no-taint
1,2,0,0,0,39,2,medium,0,1,1,0.0,1.0,0,0,0,0,not set,1,0,1,0,0,0,deploy-release,1,facebookresearch/hydra::.github/workflows/deploy_website.yml,facebookresearch/hydra,.github/workflows/deploy_website.yml,facebookresearch_hydra__.github__workflows__deploy_website.yml,simple,unpinned,no-expr
2,9,0,1,0,72,1,low,0,6,2,0.0,2.0,1,0,0,1,not set,0,0,0,0,0,0,deploy-release,1,facebookresearch/hydra::.github/workflows/publish-test.yml,facebookresearch/hydra,.github/workflows/publish-test.yml,facebookresearch_hydra__.github__workflows__publish-test.yml,medium,unpinned,no-expr
2,9,0,1,0,71,1,low,0,6,2,0.0,2.0,1,0,0,1,not set,0,0,0,0,0,0,deploy-release,1,facebookresearch/hydra::.github/workflows/publish.yml,facebookresearch/hydra,.github/workflows/publish.yml,facebookresearch_hydra__.github__workflows__publish.yml,medium,unpinned,no-expr
1,8,1,0,0,88,2,medium,0,4,2,0.0,1.0,1,1,0,0,not set,0,0,0,1,0,0,ci-test,1,facebookresearch/mmf::.github/workflows/cpu_test.yaml,facebookresearch/mmf,.github/workflows/cpu_test.yaml,facebookresearch_mmf__.github__workflows__cpu_test.yaml,complex,unpinned,expr-no-taint
1,7,0,0,0,77,1,low,0,5,3,0.0,2.5,1,0,0,0,not set,1,1,0,1,0,0,deploy-release,1,facebookresearch/mmf::.github/workflows/deploy_website.yaml,facebookresearch/mmf,.github/workflows/deploy_website.yaml,facebookresearch_mmf__.github__workflows__deploy_website.yaml,medium,unpinned,no-expr
1,5,1,0,0,57,2,medium,0,2,2,0.0,0.6667,1,0,0,0,not set,0,0,0,1,0,0,code-quality,1,facebookresearch/mmf::.github/workflows/linter_test.yaml,facebookresearch/mmf,.github/workflows/linter_test.yaml,facebookresearch_mmf__.github__workflows__linter_test.yaml,complex,unpinned,no-expr
3,22,0,0,0,123,2,medium,0,9,2,0.0,1.2,1,0,0,1,not set,1,1,0,1,0,0,other,1,facebookresearch/nevergrad::.github/workflows/every_commit.yml,facebookresearch/nevergrad,.github/workflows/every_commit.yml,facebookresearch_nevergrad__.github__workflows__every_commit.yml,complex,unpinned,no-expr
1,4,0,0,0,19,1,low,0,2,1,0.0,3.0,0,0,0,0,not set,0,0,0,0,0,0,other,1,facebookresearch/nevergrad::.github/workflows/main.yml,facebookresearch/nevergrad,.github/workflows/main.yml,facebookresearch_nevergrad__.github__workflows__main.yml,medium,unpinned,no-expr
1,7,0,0,0,44,1,low,0,2,1,0.0,0.75,0,0,0,0,not set,1,0,1,0,0,0,deploy-release,1,facebookresearch/nevergrad::.github/workflows/version.yml,facebookresearch/nevergrad,.github/workflows/version.yml,facebookresearch_nevergrad__.github__workflows__version.yml,medium,unpinned,no-expr
1,11,0,0,0,83,2,medium,0,2,1,0.0,0.2222,0,0,0,0,not set,0,0,0,1,0,0,code-quality,1,facebookresearch/omnilingual-asr::.github/workflows/lint_and_test.yaml,facebookresearch/omnilingual-asr,.github/workflows/lint_and_test.yaml,facebookresearch_omnilingual-asr__.github__workflows__lint_and_test.yaml,complex,unpinned,no-expr
1,2,0,0,0,23,2,medium,0,1,1,0.0,1.0,0,0,0,0,not set,0,0,1,0,0,0,build,1,facebookresearch/pytorch3d::.github/workflows/build.yml,facebookresearch/pytorch3d,.github/workflows/build.yml,facebookresearch_pytorch3d__.github__workflows__build.yml,simple,unpinned,no-expr
1,6,0,0,0,44,2,medium,0,3,2,0.0,1.0,1,0,0,0,not set,0,0,0,1,0,0,ci-test,1,facebookresearch/sam-audio::.github/workflows/ci.yaml,facebookresearch/sam-audio,.github/workflows/ci.yaml,facebookresearch_sam-audio__.github__workflows__ci.yaml,medium,unpinned,no-expr
1,2,0,0,0,18,1,medium,0,1,1,0.0,1.0,1,0,0,0,not set,0,0,0,0,0,0,code-quality,1,facebookresearch/sam3::.github/workflows/format.yml,facebookresearch/sam3,.github/workflows/format.yml,facebookresearch_sam3__.github__workflows__format.yml,simple,unpinned,no-expr
1,5,0,0,0,29,1,low,0,2,1,0.0,0.6667,0,0,0,0,not set,0,0,0,0,0,0,ci-test,1,facebookresearch/vjepa2::.github/workflows/base_tests.yaml,facebookresearch/vjepa2,.github/workflows/base_tests.yaml,facebookresearch_vjepa2__.github__workflows__base_tests.yaml,medium,unpinned,no-expr
1,7,0,0,0,48,2,medium,0,2,1,0.0,0.4,0,0,0,0,not set,0,0,0,1,0,0,code-quality,1,facebookresearch/vjepa2::.github/workflows/linters.yaml,facebookresearch/vjepa2,.github/workflows/linters.yaml,facebookresearch_vjepa2__.github__workflows__linters.yaml,medium,unpinned,no-expr
1,7,0,0,0,53,2,medium,0,4,2,0.0,1.3333,1,0,0,0,not set,1,1,0,1,0,0,deploy-release,1,facebookresearch/xformers::.github/workflows/gh-pages.yml,facebookresearch/xformers,.github/workflows/gh-pages.yml,facebookresearch_xformers__.github__workflows__gh-pages.yml,medium,unpinned,no-expr
1,13,1,0,0,102,3,medium,0,2,2,0.0,0.1818,1,1,0,0,not set,0,0,0,1,0,0,ci-test,1,facebookresearch/xformers::.github/workflows/gpu_test_gh.yml,facebookresearch/xformers,.github/workflows/gpu_test_gh.yml,facebookresearch_xformers__.github__workflows__gpu_test_gh.yml,complex,unpinned,expr-no-taint
1,0,0,0,1,9,2,medium,0,0,0,0.0,0.0,0,0,0,0,not set,0,0,0,0,0,0,code-quality,1,facebookresearch/xformers::.github/workflows/linters.yml,facebookresearch/xformers,.github/workflows/linters.yml,facebookresearch_xformers__.github__workflows__linters.yml,simple,no-third-party,no-expr
1,11,0,0,0,61,1,low,0,2,1,0.0,0.2222,0,1,0,0,not set,0,0,0,1,0,0,code-quality,1,facebookresearch/xformers::.github/workflows/linters_reusable.yml,facebookresearch/xformers,.github/workflows/linters_reusable.yml,facebookresearch_xformers__.github__workflows__linters_reusable.yml,complex,unpinned,expr-no-taint
2,1,1,1,1,46,3,medium,0,0,0,0.0,0.0,0,0,0,0,not set,0,0,0,1,0,0,build,1,facebookresearch/xformers::.github/workflows/rocm_build.yml,facebookresearch/xformers,.github/workflows/rocm_build.yml,facebookresearch_xformers__.github__workflows__rocm_build.yml,complex,no-third-party,no-expr
2,10,0,1,0,106,3,medium,0,2,1,0.0,0.25,0,0,0,0,not set,0,0,0,1,1,1,ci-test,1,facebookresearch/xformers::.github/workflows/rocm_ci.yml,facebookresearch/xformers,.github/workflows/rocm_ci.yml,facebookresearch_xformers__.github__workflows__rocm_ci.yml,complex,unpinned,no-expr
1,3,0,0,0,27,1,low,0,3,1,0.0,3.0,0,0,0,0,not set,1,0,0,1,0,0,deploy-release,1,facebookresearch/xformers::.github/workflows/rocm_docker.yml,facebookresearch/xformers,.github/workflows/rocm_docker.yml,facebookresearch_xformers__.github__workflows__rocm_docker.yml,simple,unpinned,no-expr
4,1,1,1,1,112,2,medium,0,0,0,0.0,0.0,0,0,0,0,not set,1,0,0,1,0,0,other,1,facebookresearch/xformers::.github/workflows/wheels.yml,facebookresearch/xformers,.github/workflows/wheels.yml,facebookresearch_xformers__.github__workflows__wheels.yml,complex,no-third-party,no-expr
1,15,0,0,0,135,1,low,0,2,1,0.0,0.25,0,1,0,0,not set,0,0,1,1,0,1,build,1,facebookresearch/xformers::.github/workflows/wheels_build.yml,facebookresearch/xformers,.github/workflows/wheels_build.yml,facebookresearch_xformers__.github__workflows__wheels_build.yml,complex,unpinned,expr-no-taint
1,11,0,0,0,101,1,low,0,2,1,0.0,0.2222,0,1,0,0,not set,1,0,1,1,0,0,other,1,facebookresearch/xformers::.github/workflows/wheels_upload_pip.yml,facebookresearch/xformers,.github/workflows/wheels_upload_pip.yml,facebookresearch_xformers__.github__workflows__wheels_upload_pip.yml,complex,unpinned,expr-no-taint
1,9,0,0,0,93,1,low,0,3,2,0.0,0.5,0,1,0,1,not set,0,0,0,1,0,0,other,1,facebookresearch/xformers::.github/workflows/wheels_upload_s3.yml,facebookresearch/xformers,.github/workflows/wheels_upload_s3.yml,facebookresearch_xformers__.github__workflows__wheels_upload_s3.yml,medium,unpinned,expr-no-taint
1,10,1,0,0,97,1,medium,0,1,1,0.0,0.25,0,0,0,0,not set,0,0,1,1,0,0,build,1,facebookresearch/xformers::.github/workflows/win-build.yml,facebookresearch/xformers,.github/workflows/win-build.yml,facebookresearch_xformers__.github__workflows__win-build.yml,complex,unpinned,no-expr
1,2,0,0,0,43,2,medium,0,1,1,0.0,1.0,0,0,0,0,not set,0,0,0,0,0,0,ci-test,1,google/A2UI::.github/workflows/check_private_index.yml,google/A2UI,.github/workflows/check_private_index.yml,google_A2UI__.github__workflows__check_private_index.yml,simple,unpinned,no-expr
1,10,0,0,0,95,2,medium,0,3,1,0.0,0.4286,0,0,0,1,not set,1,1,0,1,0,0,deploy-release,1,google/A2UI::.github/workflows/docs.yml,google/A2UI,.github/workflows/docs.yml,google_A2UI__.github__workflows__docs.yml,complex,unpinned,no-expr
1,8,0,0,0,65,2,medium,0,2,1,0.0,0.3333,0,0,0,0,not set,0,0,0,0,0,0,build,1,google/A2UI::.github/workflows/editor_build.yml,google/A2UI,.github/workflows/editor_build.yml,google_A2UI__.github__workflows__editor_build.yml,medium,unpinned,no-expr
1,8,0,0,0,66,2,medium,0,2,1,0.0,0.3333,0,0,0,0,not set,0,0,0,0,0,0,build,1,google/A2UI::.github/workflows/inspector_build.yml,google/A2UI,.github/workflows/inspector_build.yml,google_A2UI__.github__workflows__inspector_build.yml,medium,unpinned,no-expr
1,4,0,0,0,50,2,medium,0,2,1,0.0,1.0,0,0,0,0,not set,0,0,0,0,0,0,build,1,google/A2UI::.github/workflows/java_build_and_test.yml,google/A2UI,.github/workflows/java_build_and_test.yml,google_A2UI__.github__workflows__java_build_and_test.yml,medium,unpinned,no-expr
1,8,0,0,0,62,2,medium,0,2,1,0.0,0.3333,0,0,0,0,not set,0,0,0,0,0,0,build,1,google/A2UI::.github/workflows/lit_samples_build.yml,google/A2UI,.github/workflows/lit_samples_build.yml,google_A2UI__.github__workflows__lit_samples_build.yml,medium,unpinned,no-expr
1,13,0,0,0,80,2,medium,0,2,1,0.0,0.1818,0,0,0,0,not set,0,0,0,0,0,0,build,1,google/A2UI::.github/workflows/ng_build_and_test.yml,google/A2UI,.github/workflows/ng_build_and_test.yml,google_A2UI__.github__workflows__ng_build_and_test.yml,complex,unpinned,no-expr
1,7,0,0,0,61,2,medium,0,2,1,0.0,0.4,0,0,0,0,not set,0,0,0,0,0,0,build,1,google/A2UI::.github/workflows/python_a2ui_agent_build_and_test.yml,google/A2UI,.github/workflows/python_a2ui_agent_build_and_test.yml,google_A2UI__.github__workflows__python_a2ui_agent_build_and_test.yml,medium,unpinned,no-expr
1,8,0,0,0,68,2,medium,0,2,1,0.0,0.3333,0,0,0,0,not set,0,0,0,0,0,0,build,1,google/A2UI::.github/workflows/python_samples_build.yml,google/A2UI,.github/workflows/python_samples_build.yml,google_A2UI__.github__workflows__python_samples_build.yml,medium,unpinned,no-expr
1,7,0,0,0,60,2,medium,0,2,1,0.0,0.4,0,0,0,0,not set,0,0,0,0,0,0,build,1,google/A2UI::.github/workflows/web_build_and_test.yml,google/A2UI,.github/workflows/web_build_and_test.yml,google_A2UI__.github__workflows__web_build_and_test.yml,medium,unpinned,no-expr
1,4,0,0,0,21,1,low,0,3,2,0.0,3.0,1,0,0,0,not set,1,1,0,1,0,0,security-scan,1,google/OpenSK::.github/workflows/cargo_audit.yml,google/OpenSK,.github/workflows/cargo_audit.yml,google_OpenSK__.github__workflows__cargo_audit.yml,medium,unpinned,no-expr
1,9,0,0,0,40,1,medium,0,4,2,0.0,0.8,1,0,0,0,not set,0,0,0,0,0,0,other,1,google/OpenSK::.github/workflows/cargo_bloat.yml,google/OpenSK,.github/workflows/cargo_bloat.yml,google_OpenSK__.github__workflows__cargo_bloat.yml,medium,unpinned,no-expr
1,4,1,0,0,31,3,medium,0,2,1,0.0,1.0,0,0,0,1,not set,0,0,0,0,0,0,ci-test,1,google/OpenSK::.github/workflows/ci.yml,google/OpenSK,.github/workflows/ci.yml,google_OpenSK__.github__workflows__ci.yml,complex,unpinned,no-expr
1,3,0,0,0,28,1,low,0,3,2,0.0,3.0,1,0,0,0,not set,0,0,0,1,0,0,ci-test,1,google/OpenSK::.github/workflows/cifuzz.yml,google/OpenSK,.github/workflows/cifuzz.yml,google_OpenSK__.github__workflows__cifuzz.yml,simple,unpinned,no-expr
1,9,0,0,0,47,2,medium,0,4,3,0.0,0.8,1,0,0,0,not set,1,1,0,0,0,0,other,1,google/OpenSK::.github/workflows/coveralls.yml,google/OpenSK,.github/workflows/coveralls.yml,google_OpenSK__.github__workflows__coveralls.yml,medium,unpinned,no-expr
1,2,0,0,0,21,2,medium,0,2,2,0.0,2.0,1,0,0,0,not set,0,0,0,0,0,0,code-quality,1,google/OpenSK::.github/workflows/mdlint.yml,google/OpenSK,.github/workflows/mdlint.yml,google_OpenSK__.github__workflows__mdlint.yml,simple,unpinned,no-expr
1,9,1,0,0,43,2,medium,0,3,1,0.0,0.5,0,1,0,0,not set,0,0,0,1,0,0,ci-test,1,google/OpenSK::.github/workflows/reproducible.yml,google/OpenSK,.github/workflows/reproducible.yml,google_OpenSK__.github__workflows__reproducible.yml,complex,unpinned,expr-no-taint
2,12,1,0,0,69,1,low,0,7,3,0.0,1.4,1,1,0,0,not set,0,0,0,0,0,0,build,1,google/XNNPACK::.github/workflows/build-linux-windows.yml,google/XNNPACK,.github/workflows/build-linux-windows.yml,google_XNNPACK__.github__workflows__build-linux-windows.yml,complex,unpinned,expr-no-taint
18,96,1,0,0,749,1,low,0,36,4,0.0,0.6,1,1,1,0,not set,0,0,0,1,0,1,build,1,google/XNNPACK::.github/workflows/build.yml,google/XNNPACK,.github/workflows/build.yml,google_XNNPACK__.github__workflows__build.yml,complex,unpinned,taint
1,0,0,0,1,9,1,low,0,0,0,0.0,0.0,0,0,1,0,not set,0,0,0,1,0,0,ci-test,1,google/XNNPACK::.github/workflows/on-pr-approved.yml,google/XNNPACK,.github/workflows/on-pr-approved.yml,google_XNNPACK__.github__workflows__on-pr-approved.yml,simple,no-third-party,no-expr
1,0,0,0,1,14,2,low,0,0,0,0.0,0.0,0,0,0,0,not set,0,0,0,0,0,0,build,1,google/XNNPACK::.github/workflows/on-pr-merge-to-master.yml,google/XNNPACK,.github/workflows/on-pr-merge-to-master.yml,google_XNNPACK__.github__workflows__on-pr-merge-to-master.yml,simple,no-third-party,no-expr
1,0,0,0,1,11,2,low,0,0,0,0.0,0.0,0,0,0,0,not set,0,0,0,0,0,0,ci-test,1,google/XNNPACK::.github/workflows/on-push.yml,google/XNNPACK,.github/workflows/on-push.yml,google_XNNPACK__.github__workflows__on-push.yml,simple,no-third-party,no-expr
1,5,1,0,0,53,2,low,0,5,2,0.0,5.0,0,0,0,1,granular,1,1,0,0,0,0,deploy-release,1,google/XNNPACK::.github/workflows/publish-docker.yml,google/XNNPACK,.github/workflows/publish-docker.yml,google_XNNPACK__.github__workflows__publish-docker.yml,complex,unpinned,no-expr
2,6,1,1,1,111,1,low,0,1,1,0.0,0.2,0,1,0,0,not set,0,0,0,1,0,0,ci-test,1,google/XNNPACK::.github/workflows/sde-tests-linux-windows.yml,google/XNNPACK,.github/workflows/sde-tests-linux-windows.yml,google_XNNPACK__.github__workflows__sde-tests-linux-windows.yml,complex,unpinned,expr-no-taint
1,2,0,0,0,24,1,low,0,1,1,0.0,1.0,0,0,0,0,not set,1,0,0,0,0,0,other,1,google/accompanist::.github/workflows/automerger.yml,google/accompanist,.github/workflows/automerger.yml,google_accompanist__.github__workflows__automerger.yml,simple,unpinned,no-expr
3,29,1,1,0,204,3,medium,0,13,2,0.0,0.8125,1,1,1,0,not set,5,0,1,1,0,0,build,1,google/accompanist::.github/workflows/build-snapshot.yml,google/accompanist,.github/workflows/build-snapshot.yml,google_accompanist__.github__workflows__build-snapshot.yml,complex,unpinned,taint
3,28,1,1,0,203,2,medium,0,13,3,0.0,0.8667,1,1,1,0,not set,5,0,1,1,0,0,build,1,google/accompanist::.github/workflows/build.yml,google/accompanist,.github/workflows/build.yml,google_accompanist__.github__workflows__build.yml,complex,unpinned,taint
1,1,0,0,0,16,1,low,0,1,1,0.0,1.0,0,0,0,0,not set,0,0,0,0,0,0,other,1,google/accompanist::.github/workflows/issues-stale.yml,google/accompanist,.github/workflows/issues-stale.yml,google_accompanist__.github__workflows__issues-stale.yml,simple,unpinned,no-expr
1,9,0,0,0,50,2,low,0,5,3,0.0,1.25,1,0,0,0,not set,1,1,0,0,0,0,deploy-release,1,google/accompanist::.github/workflows/publish-docs.yml,google/accompanist,.github/workflows/publish-docs.yml,google_accompanist__.github__workflows__publish-docs.yml,medium,unpinned,no-expr
1,1,0,0,0,15,1,low,0,1,1,1.0,1.0,1,0,0,0,not set,1,1,1,0,0,0,deploy-release,1,google/accompanist::.github/workflows/update-release.yml,google/accompanist,.github/workflows/update-release.yml,google_accompanist__.github__workflows__update-release.yml,simple,pinned,no-expr
2,8,0,0,0,51,3,medium,0,3,2,1.0,1.6667,1,0,1,0,not set,0,0,0,0,0,0,other,1,google/adk-go::.github/workflows/go.yml,google/adk-go,.github/workflows/go.yml,google_adk-go__.github__workflows__go.yml,medium,pinned,no-expr
2,4,0,0,0,28,2,low,0,2,2,1.0,3.0,1,0,0,0,not set,0,0,0,0,0,0,other,1,google/adk-go::.github/workflows/nightly.yml,google/adk-go,.github/workflows/nightly.yml,google_adk-go__.github__workflows__nightly.yml,medium,pinned,no-expr
1,5,0,0,0,47,2,low,0,3,2,0.0,1.5,1,0,0,1,not set,3,0,1,0,0,0,deploy-release,1,google/adk-python::.github/workflows/analyze-releases-for-adk-docs-updates.yml,google/adk-python,.github/workflows/analyze-releases-for-adk-docs-updates.yml,google_adk-python__.github__workflows__analyze-releases-for-adk-docs-updates.yml,medium,unpinned,no-expr
1,4,0,0,0,113,1,medium,0,1,1,0.0,0.3333,0,0,0,0,not set,0,0,0,0,0,0,ci-test,1,google/adk-python::.github/workflows/check-file-contents.yml,google/adk-python,.github/workflows/check-file-contents.yml,google_adk-python__.github__workflows__check-file-contents.yml,medium,unpinned,no-expr
1,1,0,0,0,134,2,low,1,1,1,0.0,1.0,0,0,0,1,not set,1,0,0,0,0,0,other,1,google/adk-python::.github/workflows/copybara-pr-handler.yml,google/adk-python,.github/workflows/copybara-pr-handler.yml,google_adk-python__.github__workflows__copybara-pr-handler.yml,simple,unpinned,no-expr
1,5,0,0,0,54,2,high,0,3,2,0.0,1.5,0,1,1,0,not set,7,0,1,1,0,0,other,1,google/adk-python::.github/workflows/discussion_answering.yml,google/adk-python,.github/workflows/discussion_answering.yml,google_adk-python__.github__workflows__discussion_answering.yml,medium,unpinned,taint
1,4,0,0,0,69,1,medium,0,2,1,0.0,1.0,0,0,0,0,not set,0,0,0,0,0,0,ci-test,1,google/adk-python::.github/workflows/isort.yml,google/adk-python,.github/workflows/isort.yml,google_adk-python__.github__workflows__isort.yml,medium,unpinned,no-expr
1,6,1,0,0,74,2,medium,0,3,2,0.0,1.0,1,1,0,0,not set,0,0,0,0,0,0,ci-test,1,google/adk-python::.github/workflows/mypy-new-errors.yml,google/adk-python,.github/workflows/mypy-new-errors.yml,google_adk-python__.github__workflows__mypy-new-errors.yml,complex,unpinned,expr-no-taint
1,5,1,0,0,32,2,medium,0,3,2,0.0,1.5,1,0,0,0,not set,0,0,0,0,0,0,ci-test,1,google/adk-python::.github/workflows/mypy.yml,google/adk-python,.github/workflows/mypy.yml,google_adk-python__.github__workflows__mypy.yml,complex,unpinned,no-expr
1,4,0,0,0,45,2,high,1,2,1,0.0,1.0,0,0,0,1,not set,2,0,1,1,0,0,other,1,google/adk-python::.github/workflows/pr-triage.yml,google/adk-python,.github/workflows/pr-triage.yml,google_adk-python__.github__workflows__pr-triage.yml,medium,unpinned,no-expr
1,4,0,0,0,69,1,medium,0,2,1,0.0,1.0,0,0,0,0,not set,0,0,0,0,0,0,code-quality,1,google/adk-python::.github/workflows/pyink.yml,google/adk-python,.github/workflows/pyink.yml,google_adk-python__.github__workflows__pyink.yml,medium,unpinned,no-expr
1,5,1,0,0,53,2,medium,0,3,2,0.0,1.5,1,0,0,0,not set,0,0,0,0,0,0,ci-test,1,google/adk-python::.github/workflows/python-unit-tests.yml,google/adk-python,.github/workflows/python-unit-tests.yml,google_adk-python__.github__workflows__python-unit-tests.yml,complex,unpinned,no-expr
1,4,0,0,0,43,1,low,1,1,1,0.0,0.3333,0,0,0,1,granular,0,0,1,0,0,0,deploy-release,1,google/adk-python::.github/workflows/release-cherry-pick.yml,google/adk-python,.github/workflows/release-cherry-pick.yml,google_adk-python__.github__workflows__release-cherry-pick.yml,medium,unpinned,no-expr
1,4,0,0,0,46,1,low,1,1,1,0.0,0.3333,0,1,0,1,granular,0,1,1,0,0,0,deploy-release,1,google/adk-python::.github/workflows/release-cut.yml,google/adk-python,.github/workflows/release-cut.yml,google_adk-python__.github__workflows__release-cut.yml,medium,unpinned,expr-no-taint
1,7,0,0,0,85,1,medium,0,1,1,0.0,0.1667,0,1,0,1,granular,2,1,1,1,0,0,deploy-release,1,google/adk-python::.github/workflows/release-finalize.yml,google/adk-python,.github/workflows/release-finalize.yml,google_adk-python__.github__workflows__release-finalize.yml,medium,unpinned,expr-no-taint
1,3,0,0,0,41,1,low,0,2,2,0.0,2.0,1,1,0,1,granular,1,1,1,1,0,0,deploy-release,1,google/adk-python::.github/workflows/release-please.yml,google/adk-python,.github/workflows/release-please.yml,google_adk-python__.github__workflows__release-please.yml,simple,unpinned,expr-no-taint
1,8,0,0,0,60,1,low,0,3,2,0.0,0.6,1,0,0,1,granular,2,0,1,0,0,0,deploy-release,1,google/adk-python::.github/workflows/release-publish.yml,google/adk-python,.github/workflows/release-publish.yml,google_adk-python__.github__workflows__release-publish.yml,medium,unpinned,no-expr
1,4,0,0,0,58,2,low,0,2,1,0.0,1.0,0,0,0,1,not set,2,0,1,1,0,0,other,1,google/adk-python::.github/workflows/stale-bot.yml,google/adk-python,.github/workflows/stale-bot.yml,google_adk-python__.github__workflows__stale-bot.yml,medium,unpinned,no-expr
1,4,0,0,0,55,2,high,0,2,1,0.0,1.0,0,0,2,1,not set,2,0,1,1,0,0,other,1,google/adk-python::.github/workflows/triage.yml,google/adk-python,.github/workflows/triage.yml,google_adk-python__.github__workflows__triage.yml,medium,unpinned,taint
1,7,0,0,0,52,2,low,0,3,2,0.0,0.75,0,0,0,0,not set,6,0,1,1,0,0,documentation,1,google/adk-python::.github/workflows/upload-adk-docs-to-vertex-ai-search.yml,google/adk-python,.github/workflows/upload-adk-docs-to-vertex-ai-search.yml,google_adk-python__.github__workflows__upload-adk-docs-to-vertex-ai-search.yml,medium,unpinned,no-expr
2,9,0,0,0,213,2,medium,0,2,2,0.0,0.2857,0,1,1,1,granular,8,1,1,1,0,0,dependency-management,1,google/adk-samples::.github/workflows/dependabot-auto-merge.yml,google/adk-samples,.github/workflows/dependabot-auto-merge.yml,google_adk-samples__.github__workflows__dependabot-auto-merge.yml,medium,unpinned,taint
1,9,0,0,0,304,3,high,0,4,2,0.75,0.8,0,0,9,1,granular,8,1,1,1,0,0,other,1,google/adk-samples::.github/workflows/gemini-cli.yml,google/adk-samples,.github/workflows/gemini-cli.yml,google_adk-samples__.github__workflows__gemini-cli.yml,medium,pinned,taint
1,4,0,0,0,130,3,high,1,4,2,0.75,4.0,0,0,3,1,granular,4,1,1,1,0,0,other,1,google/adk-samples::.github/workflows/gemini-issue-automated-triage.yml,google/adk-samples,.github/workflows/gemini-issue-automated-triage.yml,google_adk-samples__.github__workflows__gemini-issue-automated-triage.yml,medium,pinned,taint
1,4,0,0,0,123,2,low,0,3,2,0.6667,3.0,0,0,0,1,granular,4,1,1,1,0,0,other,1,google/adk-samples::.github/workflows/gemini-issue-scheduled-triage.yml,google/adk-samples,.github/workflows/gemini-issue-scheduled-triage.yml,google_adk-samples__.github__workflows__gemini-issue-scheduled-triage.yml,medium,pinned,no-expr
1,7,0,0,0,460,5,high,1,4,2,0.75,1.3333,0,1,4,1,granular,8,1,1,1,0,0,other,1,google/adk-samples::.github/workflows/gemini-pr-review.yml,google/adk-samples,.github/workflows/gemini-pr-review.yml,google_adk-samples__.github__workflows__gemini-pr-review.yml,medium,pinned,taint
1,4,0,0,0,47,1,medium,0,3,3,0.0,3.0,1,0,0,1,granular,1,1,1,0,0,0,ci-test,1,google/adk-samples::.github/workflows/ruff-checks.yml,google/adk-samples,.github/workflows/ruff-checks.yml,google_adk-samples__.github__workflows__ruff-checks.yml,medium,unpinned,no-expr
2,6,1,1,0,157,1,medium,0,5,3,0.0,5.0,1,0,0,1,not set,0,0,1,1,0,0,ci-test,1,google/adk-samples::.github/workflows/test_templated_agent.yaml,google/adk-samples,.github/workflows/test_templated_agent.yaml,google_adk-samples__.github__workflows__test_templated_agent.yaml,complex,unpinned,no-expr
3,14,1,1,0,99,2,medium,0,10,2,1.0,2.5,1,0,0,1,not set,3,1,1,1,0,0,ci-test,1,google/auto::.github/workflows/ci.yml,google/auto,.github/workflows/ci.yml,google_auto__.github__workflows__ci.yml,complex,pinned,no-expr
8,41,1,0,0,235,4,medium,0,21,4,0.0,1.05,1,1,0,0,not set,0,0,1,1,0,0,ci-test,1,google/autocxx::.github/workflows/ci.yml,google/autocxx,.github/workflows/ci.yml,google_autocxx__.github__workflows__ci.yml,complex,unpinned,expr-no-taint
1,7,0,0,0,44,2,medium,0,3,2,0.0,0.75,1,0,0,1,granular,1,1,0,1,0,0,documentation,1,google/autocxx::.github/workflows/site.yml,google/autocxx,.github/workflows/site.yml,google_autocxx__.github__workflows__site.yml,medium,unpinned,no-expr
1,4,1,0,0,32,2,medium,0,2,1,0.0,1.0,0,0,0,0,not set,0,0,0,0,0,0,ci-test,1,google/automl::.github/workflows/python-app.yml,google/automl,.github/workflows/python-app.yml,google_automl__.github__workflows__python-app.yml,complex,unpinned,no-expr
1,4,1,0,0,40,2,medium,0,2,1,1.0,1.0,0,0,0,1,granular,0,0,0,0,0,0,other,1,google/benchmark::.github/workflows/bazel.yml,google/benchmark,.github/workflows/bazel.yml,google_benchmark__.github__workflows__bazel.yml,complex,pinned,no-expr
1,6,1,0,0,49,2,medium,0,2,2,1.0,0.5,1,1,0,0,not set,0,0,1,0,0,0,build,1,google/benchmark::.github/workflows/build-and-test-min-cmake.yml,google/benchmark,.github/workflows/build-and-test-min-cmake.yml,google_benchmark__.github__workflows__build-and-test-min-cmake.yml,complex,pinned,expr-no-taint
1,5,1,0,0,57,2,medium,0,1,1,1.0,0.25,0,1,0,1,granular,0,0,0,0,0,0,build,1,google/benchmark::.github/workflows/build-and-test-perfcounters.yml,google/benchmark,.github/workflows/build-and-test-perfcounters.yml,google_benchmark__.github__workflows__build-and-test-perfcounters.yml,complex,pinned,expr-no-taint
3,14,1,0,0,151,2,medium,0,6,4,1.0,0.75,1,1,0,0,not set,0,0,1,1,0,0,build,1,google/benchmark::.github/workflows/build-and-test.yml,google/benchmark,.github/workflows/build-and-test.yml,google_benchmark__.github__workflows__build-and-test.yml,complex,pinned,expr-no-taint
1,2,0,0,0,22,2,medium,0,2,2,1.0,2.0,1,0,0,1,granular,0,0,0,0,0,0,code-quality,1,google/benchmark::.github/workflows/clang-format-lint.yml,google/benchmark,.github/workflows/clang-format-lint.yml,google_benchmark__.github__workflows__clang-format-lint.yml,simple,pinned,no-expr
1,5,0,0,0,44,2,medium,0,1,1,1.0,0.25,0,1,0,1,granular,0,0,0,0,0,0,code-quality,1,google/benchmark::.github/workflows/clang-tidy-lint.yml,google/benchmark,.github/workflows/clang-tidy-lint.yml,google_benchmark__.github__workflows__clang-tidy-lint.yml,medium,pinned,expr-no-taint
1,4,0,0,0,34,2,medium,0,1,1,1.0,0.3333,0,0,0,1,granular,0,0,0,0,0,0,other,1,google/benchmark::.github/workflows/doxygen.yml,google/benchmark,.github/workflows/doxygen.yml,google_benchmark__.github__workflows__doxygen.yml,medium,pinned,no-expr
1,2,0,0,0,27,2,low,0,2,2,1.0,2.0,1,0,0,1,granular,0,0,0,0,0,0,other,1,google/benchmark::.github/workflows/ossf.yml,google/benchmark,.github/workflows/ossf.yml,google_benchmark__.github__workflows__ossf.yml,simple,pinned,no-expr
1,3,0,0,0,22,2,medium,0,2,2,1.0,2.0,1,0,0,0,not set,0,0,0,0,0,0,ci-test,1,google/benchmark::.github/workflows/pre-commit.yml,google/benchmark,.github/workflows/pre-commit.yml,google_benchmark__.github__workflows__pre-commit.yml,simple,pinned,no-expr
1,13,1,0,0,97,2,medium,0,2,2,1.0,0.1818,1,1,0,0,not set,0,0,0,1,0,0,other,1,google/benchmark::.github/workflows/sanitizer.yml,google/benchmark,.github/workflows/sanitizer.yml,google_benchmark__.github__workflows__sanitizer.yml,complex,pinned,expr-no-taint
1,4,1,0,0,36,2,medium,0,2,1,1.0,1.0,0,0,0,1,granular,0,0,0,0,0,0,ci-test,1,google/benchmark::.github/workflows/test_bindings.yml,google/benchmark,.github/workflows/test_bindings.yml,google_benchmark__.github__workflows__test_bindings.yml,complex,pinned,no-expr
3,12,1,1,0,84,2,low,0,10,3,1.0,5.0,1,0,0,1,not set,0,0,1,0,0,0,build,1,google/benchmark::.github/workflows/wheels.yml,google/benchmark,.github/workflows/wheels.yml,google_benchmark__.github__workflows__wheels.yml,complex,pinned,no-expr
1,10,1,0,0,78,2,medium,0,6,4,0.0,1.5,1,1,0,0,not set,1,0,1,1,0,0,build,1,google/bindiff::.github/workflows/cmake.yml,google/bindiff,.github/workflows/cmake.yml,google_bindiff__.github__workflows__cmake.yml,complex,unpinned,expr-no-taint
3,32,1,0,0,174,3,medium,0,14,2,0.0,0.7778,1,1,0,0,not set,0,0,1,1,0,0,build,1,google/bloaty::.github/workflows/build.yml,google/bloaty,.github/workflows/build.yml,google_bloaty__.github__workflows__build.yml,complex,unpinned,expr-no-taint
1,3,1,0,0,29,1,medium,0,3,2,0.0,3.0,1,0,0,0,not set,0,0,0,1,0,0,ci-test,1,google/bloaty::.github/workflows/cifuzz.yml,google/bloaty,.github/workflows/cifuzz.yml,google_bloaty__.github__workflows__cifuzz.yml,complex,unpinned,no-expr
1,3,0,0,0,64,2,low,0,1,1,0.0,0.5,0,1,0,1,not set,0,0,0,0,0,0,ci-test,1,google/boringssl::.github/workflows/branch-time.yml,google/boringssl,.github/workflows/branch-time.yml,google_boringssl__.github__workflows__branch-time.yml,simple,unpinned,expr-no-taint
1,4,1,0,0,28,2,medium,0,2,1,0.0,1.0,0,0,0,0,not set,0,0,0,0,0,0,ci-test,1,google/brax::.github/workflows/ci.yml,google/brax,.github/workflows/ci.yml,google_brax__.github__workflows__ci.yml,complex,unpinned,no-expr
1,5,0,0,0,46,2,low,0,3,1,0.0,1.5,0,0,0,1,not set,3,1,1,0,0,0,other,1,google/brax::.github/workflows/pypi.yml,google/brax,.github/workflows/pypi.yml,google_brax__.github__workflows__pypi.yml,medium,unpinned,no-expr
1,10,1,0,0,73,3,low,0,0,0,0.0,0.0,0,1,0,0,not set,0,0,1,0,0,0,build,1,google/breakpad::.github/workflows/build-test-ci.yml,google/breakpad,.github/workflows/build-test-ci.yml,google_breakpad__.github__workflows__build-test-ci.yml,complex,no-third-party,expr-no-taint
1,1,0,0,0,22,1,high,0,1,1,0.0,1.0,1,0,0,0,not set,0,0,0,0,0,0,other,1,google/breakpad::.github/workflows/close-pull-request.yml,google/breakpad,.github/workflows/close-pull-request.yml,google_breakpad__.github__workflows__close-pull-request.yml,simple,unpinned,no-expr
1,4,0,0,0,43,3,low,0,1,1,0.0,0.3333,1,1,0,0,not set,2,0,0,0,0,0,security-scan,1,google/breakpad::.github/workflows/coverity.yml,google/breakpad,.github/workflows/coverity.yml,google_breakpad__.github__workflows__coverity.yml,medium,unpinned,expr-no-taint
2,13,1,0,0,365,2,medium,0,4,2,1.0,0.4444,1,1,0,1,granular,0,0,1,1,0,0,build,1,google/brotli::.github/workflows/build_test.yml,google/brotli,.github/workflows/build_test.yml,google_brotli__.github__workflows__build_test.yml,complex,pinned,expr-no-taint
1,7,0,0,0,70,2,medium,0,4,3,1.0,1.3333,1,0,0,1,granular,0,0,1,0,0,0,build,1,google/brotli::.github/workflows/build_test_wasm.yml,google/brotli,.github/workflows/build_test_wasm.yml,google_brotli__.github__workflows__build_test_wasm.yml,medium,pinned,no-expr
1,8,1,0,0,83,3,medium,0,6,3,1.0,3.0,1,0,0,1,granular,0,0,0,1,0,0,security-scan,1,google/brotli::.github/workflows/codeql.yml,google/brotli,.github/workflows/codeql.yml,google_brotli__.github__workflows__codeql.yml,complex,pinned,no-expr
1,4,0,0,0,47,1,medium,0,4,3,1.0,4.0,1,0,0,1,granular,0,0,0,1,0,0,ci-test,1,google/brotli::.github/workflows/fuzz.yml,google/brotli,.github/workflows/fuzz.yml,google_brotli__.github__workflows__fuzz.yml,medium,pinned,no-expr
1,5,0,0,0,55,3,medium,0,2,2,1.0,0.6667,1,0,0,1,granular,0,0,0,0,0,0,code-quality,1,google/brotli::.github/workflows/lint.yml,google/brotli,.github/workflows/lint.yml,google_brotli__.github__workflows__lint.yml,medium,pinned,no-expr
4,25,1,1,0,245,3,medium,0,11,2,1.0,0.7857,1,1,0,1,granular,1,1,1,1,0,0,deploy-release,1,google/brotli::.github/workflows/release.yaml,google/brotli,.github/workflows/release.yaml,google_brotli__.github__workflows__release.yaml,complex,pinned,expr-no-taint
1,5,0,0,0,82,3,low,0,5,4,1.0,5.0,1,0,0,1,read-all,1,0,0,0,0,0,security-scan,1,google/brotli::.github/workflows/scorecard.yml,google/brotli,.github/workflows/scorecard.yml,google_brotli__.github__workflows__scorecard.yml,medium,pinned,no-expr
1,7,0,0,0,72,2,low,1,6,2,0.0,6.0,0,0,0,1,not set,1,1,0,0,0,0,deploy-release,1,google/cadvisor::.github/workflows/publish-container.yml,google/cadvisor,.github/workflows/publish-container.yml,google_cadvisor__.github__workflows__publish-container.yml,medium,unpinned,no-expr
2,12,1,1,0,112,2,low,1,7,3,0.0,1.4,1,1,0,1,not set,0,0,1,0,0,0,deploy-release,1,google/cadvisor::.github/workflows/release-binaries.yml,google/cadvisor,.github/workflows/release-binaries.yml,google_cadvisor__.github__workflows__release-binaries.yml,complex,unpinned,expr-no-taint
1,1,0,0,0,30,2,low,0,1,1,0.0,1.0,0,0,0,1,not set,0,0,0,0,0,0,other,1,google/cadvisor::.github/workflows/stale.yaml,google/cadvisor,.github/workflows/stale.yaml,google_cadvisor__.github__workflows__stale.yaml,simple,unpinned,no-expr
3,10,1,0,0,94,2,medium,0,6,1,0.0,1.5,0,1,0,0,not set,0,0,1,1,0,0,ci-test,1,google/cadvisor::.github/workflows/test.yml,google/cadvisor,.github/workflows/test.yml,google_cadvisor__.github__workflows__test.yml,complex,unpinned,expr-no-taint
1,0,0,0,1,20,1,low,0,0,0,0.0,0.0,0,0,0,1,granular,1,0,0,0,0,0,deploy-release,1,google/cel-spec::.github/workflows/publish_to_bcr.yml,google/cel-spec,.github/workflows/publish_to_bcr.yml,google_cel-spec__.github__workflows__publish_to_bcr.yml,simple,no-third-party,no-expr
1,6,1,0,0,32,2,medium,0,2,1,0.0,0.5,0,0,0,0,not set,1,0,1,0,0,0,ci-test,1,google/clasp::.github/workflows/ci.yaml,google/clasp,.github/workflows/ci.yaml,google_clasp__.github__workflows__ci.yaml,complex,unpinned,no-expr
1,5,0,0,0,20,1,low,0,3,1,0.0,1.5,0,0,0,0,not set,1,0,1,0,0,0,deploy-release,1,google/clasp::.github/workflows/release.yaml,google/clasp,.github/workflows/release.yaml,google_clasp__.github__workflows__release.yaml,medium,unpinned,no-expr
3,10,0,1,1,150,1,low,0,5,2,0.8,1.0,1,1,0,1,granular,9,1,1,1,0,0,deploy-release,1,google/closure-compiler::.github/workflows/release.yaml,google/closure-compiler,.github/workflows/release.yaml,google_closure-compiler__.github__workflows__release.yaml,complex,pinned,expr-no-taint
2,12,0,1,0,145,4,medium,0,9,2,1.0,3.0,1,1,0,1,granular,0,0,0,0,0,0,ci-test,1,google/closure-compiler::.github/workflows/run_tests.yaml,google/closure-compiler,.github/workflows/run_tests.yaml,google_closure-compiler__.github__workflows__run_tests.yaml,complex,pinned,expr-no-taint
1,2,0,0,0,74,4,medium,0,2,1,1.0,2.0,0,0,0,1,read-all,1,0,0,0,0,0,security-scan,1,google/closure-compiler::.github/workflows/scorecard.yml,google/closure-compiler,.github/workflows/scorecard.yml,google_closure-compiler__.github__workflows__scorecard.yml,simple,pinned,no-expr
1,4,1,0,0,68,2,medium,0,4,2,0.0,4.0,0,0,0,1,not set,0,0,0,0,0,0,security-scan,1,google/clusterfuzz::.github/workflows/codeql-analysis.yml,google/clusterfuzz,.github/workflows/codeql-analysis.yml,google_clusterfuzz__.github__workflows__codeql-analysis.yml,complex,unpinned,no-expr
1,5,0,0,0,42,1,medium,0,3,1,0.3333,1.5,0,0,0,1,read-all,0,0,0,0,0,0,ci-test,1,google/clusterfuzz::.github/workflows/kubernetes-e2e-tests.yaml,google/clusterfuzz,.github/workflows/kubernetes-e2e-tests.yaml,google_clusterfuzz__.github__workflows__kubernetes-e2e-tests.yaml,medium,unpinned,no-expr
1,5,0,0,0,49,1,low,0,3,2,1.0,1.5,1,0,0,1,read-all,1,0,0,0,0,0,deploy-release,1,google/clusterfuzz::.github/workflows/publish-to-pypi.yaml,google/clusterfuzz,.github/workflows/publish-to-pypi.yaml,google_clusterfuzz__.github__workflows__publish-to-pypi.yaml,medium,pinned,no-expr
1,1,0,0,0,36,1,low,0,1,1,1.0,1.0,0,0,0,1,read-all,0,0,0,0,0,0,other,1,google/clusterfuzz::.github/workflows/staleness.yml,google/clusterfuzz,.github/workflows/staleness.yml,google_clusterfuzz__.github__workflows__staleness.yml,simple,pinned,no-expr
1,4,0,0,0,36,1,medium,0,2,1,0.5,1.0,0,0,0,1,read-all,0,0,0,0,0,0,ci-test,1,google/clusterfuzz::.github/workflows/tests.yaml,google/clusterfuzz,.github/workflows/tests.yaml,google_clusterfuzz__.github__workflows__tests.yaml,medium,pinned,no-expr
6,34,1,1,0,200,3,medium,0,9,1,0.0,1.0,0,1,0,1,granular,0,0,1,1,0,0,build,1,google/comprehensive-rust::.github/workflows/build.yml,google/comprehensive-rust,.github/workflows/build.yml,google_comprehensive-rust__.github__workflows__build.yml,complex,unpinned,expr-no-taint
1,3,0,0,0,23,1,medium,0,1,1,0.0,0.5,0,0,0,1,granular,0,0,0,0,0,0,ci-test,1,google/comprehensive-rust::.github/workflows/check-msgid-changes.yml,google/comprehensive-rust,.github/workflows/check-msgid-changes.yml,google_comprehensive-rust__.github__workflows__check-msgid-changes.yml,simple,unpinned,no-expr
1,1,0,0,0,14,1,high,0,1,1,0.0,1.0,0,0,0,1,not set,0,0,0,0,0,0,other,1,google/comprehensive-rust::.github/workflows/labeler.yml,google/comprehensive-rust,.github/workflows/labeler.yml,google_comprehensive-rust__.github__workflows__labeler.yml,simple,unpinned,no-expr
3,9,0,0,0,57,2,medium,0,5,3,0.0,3.5,1,0,0,1,granular,0,0,0,0,0,0,code-quality,1,google/comprehensive-rust::.github/workflows/lint.yml,google/comprehensive-rust,.github/workflows/lint.yml,google_comprehensive-rust__.github__workflows__lint.yml,medium,unpinned,no-expr
1,12,0,0,0,82,2,low,0,4,1,0.0,1.4,0,1,0,1,granular,0,0,0,0,0,0,deploy-release,1,google/comprehensive-rust::.github/workflows/publish.yml,google/comprehensive-rust,.github/workflows/publish.yml,google_comprehensive-rust__.github__workflows__publish.yml,complex,unpinned,expr-no-taint
1,4,0,0,0,32,2,low,0,3,2,0.0,3.0,0,0,0,1,granular,3,0,0,0,0,0,deploy-release,1,google/copybara::.github/workflows/docker-deploy.yaml,google/copybara,.github/workflows/docker-deploy.yaml,google_copybara__.github__workflows__docker-deploy.yaml,medium,unpinned,no-expr
1,8,0,0,0,78,2,low,0,5,1,0.0,1.6667,0,1,0,1,granular,3,1,1,0,0,0,deploy-release,1,google/copybara::.github/workflows/release.yaml,google/copybara,.github/workflows/release.yaml,google_copybara__.github__workflows__release.yaml,medium,unpinned,expr-no-taint
1,3,0,0,0,20,3,medium,0,1,1,0.0,0.5,0,0,0,0,not set,0,0,0,0,0,0,other,1,google/cpu_features::.github/workflows/aarch64_linux_bazel.yml,google/cpu_features,.github/workflows/aarch64_linux_bazel.yml,google_cpu_features__.github__workflows__aarch64_linux_bazel.yml,simple,unpinned,no-expr
1,3,1,0,0,28,3,medium,0,1,1,0.0,0.5,0,0,0,0,not set,0,0,1,0,0,0,other,1,google/cpu_features::.github/workflows/aarch64_linux_cmake.yml,google/cpu_features,.github/workflows/aarch64_linux_cmake.yml,google_cpu_features__.github__workflows__aarch64_linux_cmake.yml,complex,unpinned,no-expr
1,4,1,0,0,21,2,medium,0,2,2,0.0,1.0,1,1,0,0,not set,0,0,0,0,0,0,other,1,google/cpu_features::.github/workflows/aarch64_linux_zig.yml,google/cpu_features,.github/workflows/aarch64_linux_zig.yml,google_cpu_features__.github__workflows__aarch64_linux_zig.yml,complex,unpinned,expr-no-taint
1,5,0,0,0,26,3,medium,0,2,2,0.0,0.6667,0,0,0,0,not set,0,0,0,0,0,0,other,1,google/cpu_features::.github/workflows/amd64_linux_bazel.yml,google/cpu_features,.github/workflows/amd64_linux_bazel.yml,google_cpu_features__.github__workflows__amd64_linux_bazel.yml,medium,unpinned,no-expr
1,9,0,0,0,31,3,medium,0,1,1,0.0,0.125,0,0,0,0,not set,0,0,0,0,0,0,other,1,google/cpu_features::.github/workflows/amd64_linux_cmake.yml,google/cpu_features,.github/workflows/amd64_linux_cmake.yml,google_cpu_features__.github__workflows__amd64_linux_cmake.yml,medium,unpinned,no-expr
1,4,1,0,0,21,2,medium,0,2,2,0.0,1.0,1,1,0,0,not set,0,0,0,0,0,0,other,1,google/cpu_features::.github/workflows/amd64_linux_zig.yml,google/cpu_features,.github/workflows/amd64_linux_zig.yml,google_cpu_features__.github__workflows__amd64_linux_zig.yml,complex,unpinned,expr-no-taint
1,5,0,0,0,36,3,medium,0,1,1,0.0,0.25,0,0,0,0,not set,0,0,0,0,0,0,other,1,google/cpu_features::.github/workflows/amd64_macos_bazel.yml,google/cpu_features,.github/workflows/amd64_macos_bazel.yml,google_cpu_features__.github__workflows__amd64_macos_bazel.yml,medium,unpinned,no-expr
2,12,0,0,0,44,3,medium,0,2,1,0.0,0.2,0,0,0,0,not set,0,0,0,0,0,0,other,1,google/cpu_features::.github/workflows/amd64_macos_cmake.yml,google/cpu_features,.github/workflows/amd64_macos_cmake.yml,google_cpu_features__.github__workflows__amd64_macos_cmake.yml,complex,unpinned,no-expr
1,4,1,0,0,20,2,medium,0,2,2,0.0,1.0,1,1,0,0,not set,0,0,0,0,0,0,other,1,google/cpu_features::.github/workflows/amd64_macos_zig.yml,google/cpu_features,.github/workflows/amd64_macos_zig.yml,google_cpu_features__.github__workflows__amd64_macos_zig.yml,complex,unpinned,expr-no-taint
1,4,0,0,0,33,3,medium,0,1,1,0.0,0.3333,0,0,0,0,not set,0,0,0,0,0,0,other,1,google/cpu_features::.github/workflows/amd64_windows_bazel.yml,google/cpu_features,.github/workflows/amd64_windows_bazel.yml,google_cpu_features__.github__workflows__amd64_windows_bazel.yml,medium,unpinned,no-expr
1,5,0,0,0,25,3,medium,0,1,1,0.0,0.25,0,0,0,0,not set,0,0,0,0,0,0,other,1,google/cpu_features::.github/workflows/amd64_windows_cmake.yml,google/cpu_features,.github/workflows/amd64_windows_cmake.yml,google_cpu_features__.github__workflows__amd64_windows_cmake.yml,medium,unpinned,no-expr
1,4,1,0,0,20,2,medium,0,2,2,0.0,1.0,1,1,0,0,not set,0,0,0,0,0,0,other,1,google/cpu_features::.github/workflows/amd64_windows_zig.yml,google/cpu_features,.github/workflows/amd64_windows_zig.yml,google_cpu_features__.github__workflows__amd64_windows_zig.yml,complex,unpinned,expr-no-taint
1,5,0,0,0,36,3,medium,0,1,1,0.0,0.25,0,0,0,0,not set,0,0,0,0,0,0,other,1,google/cpu_features::.github/workflows/arm64_macos_bazel.yml,google/cpu_features,.github/workflows/arm64_macos_bazel.yml,google_cpu_features__.github__workflows__arm64_macos_bazel.yml,medium,unpinned,no-expr
2,12,0,0,0,44,3,medium,0,2,1,0.0,0.2,0,0,0,0,not set,0,0,0,0,0,0,other,1,google/cpu_features::.github/workflows/arm64_macos_cmake.yml,google/cpu_features,.github/workflows/arm64_macos_cmake.yml,google_cpu_features__.github__workflows__arm64_macos_cmake.yml,complex,unpinned,no-expr
1,4,1,0,0,20,2,medium,0,2,2,0.0,1.0,1,1,0,0,not set,0,0,0,0,0,0,other,1,google/cpu_features::.github/workflows/arm64_macos_zig.yml,google/cpu_features,.github/workflows/arm64_macos_zig.yml,google_cpu_features__.github__workflows__arm64_macos_zig.yml,complex,unpinned,expr-no-taint
1,3,1,0,0,28,3,medium,0,1,1,0.0,0.5,0,0,0,0,not set,0,0,1,0,0,0,other,1,google/cpu_features::.github/workflows/arm_linux_cmake.yml,google/cpu_features,.github/workflows/arm_linux_cmake.yml,google_cpu_features__.github__workflows__arm_linux_cmake.yml,complex,unpinned,no-expr
1,7,0,0,0,24,2,medium,0,1,1,0.0,0.1667,0,0,0,0,not set,0,0,0,0,0,0,code-quality,1,google/cpu_features::.github/workflows/clang_format.yml,google/cpu_features,.github/workflows/clang_format.yml,google_cpu_features__.github__workflows__clang_format.yml,medium,unpinned,no-expr
1,3,1,0,0,30,3,medium,0,1,1,0.0,0.5,0,0,0,0,not set,0,0,1,0,0,0,other,1,google/cpu_features::.github/workflows/mips_linux_cmake.yml,google/cpu_features,.github/workflows/mips_linux_cmake.yml,google_cpu_features__.github__workflows__mips_linux_cmake.yml,complex,unpinned,no-expr
1,3,1,0,0,29,3,medium,0,1,1,0.0,0.5,0,0,0,0,not set,0,0,1,0,0,0,other,1,google/cpu_features::.github/workflows/power_linux_cmake.yml,google/cpu_features,.github/workflows/power_linux_cmake.yml,google_cpu_features__.github__workflows__power_linux_cmake.yml,complex,unpinned,no-expr
1,3,1,0,0,28,3,medium,0,1,1,0.0,0.5,0,0,0,0,not set,0,0,1,0,0,0,other,1,google/cpu_features::.github/workflows/riscv_linux_cmake.yml,google/cpu_features,.github/workflows/riscv_linux_cmake.yml,google_cpu_features__.github__workflows__riscv_linux_cmake.yml,complex,unpinned,no-expr
1,3,1,0,0,27,3,medium,0,1,1,0.0,0.5,0,0,0,0,not set,0,0,1,0,0,0,other,1,google/cpu_features::.github/workflows/s390x_linux_cmake.yml,google/cpu_features,.github/workflows/s390x_linux_cmake.yml,google_cpu_features__.github__workflows__s390x_linux_cmake.yml,complex,unpinned,no-expr
1,3,0,0,0,13,2,medium,0,2,2,0.0,2.0,1,0,0,0,not set,0,0,0,0,0,0,ci-test,1,google/cpu_features::.github/workflows/zig.yml,google/cpu_features,.github/workflows/zig.yml,google_cpu_features__.github__workflows__zig.yml,simple,unpinned,no-expr
12,30,1,1,0,196,2,medium,0,16,1,0.0,9.0,0,0,0,1,not set,2,1,1,1,0,0,ci-test,1,google/dagger::.github/workflows/ci.yml,google/dagger,.github/workflows/ci.yml,google_dagger__.github__workflows__ci.yml,complex,unpinned,no-expr
8,25,0,1,0,160,1,low,1,12,1,0.0,3.1667,0,1,0,1,not set,5,1,1,0,0,0,deploy-release,1,google/dagger::.github/workflows/release.yml,google/dagger,.github/workflows/release.yml,google_dagger__.github__workflows__release.yml,complex,unpinned,expr-no-taint
5,35,0,0,0,166,3,medium,0,11,1,0.0,0.4583,0,0,0,0,not set,0,0,0,0,0,0,ci-test,1,google/differential-privacy::.github/workflows/bazel.yml,google/differential-privacy,.github/workflows/bazel.yml,google_differential-privacy__.github__workflows__bazel.yml,complex,unpinned,no-expr
1,7,0,0,0,45,3,medium,0,2,1,0.0,0.4,0,0,0,0,not set,0,0,0,0,0,0,other,1,google/differential-privacy::.github/workflows/go.yml,google/differential-privacy,.github/workflows/go.yml,google_differential-privacy__.github__workflows__go.yml,medium,unpinned,no-expr
1,9,0,0,0,48,3,medium,0,3,1,0.0,0.5,0,0,0,0,not set,0,0,0,0,0,0,ci-test,1,google/differential-privacy::.github/workflows/maven.yml,google/differential-privacy,.github/workflows/maven.yml,google_differential-privacy__.github__workflows__maven.yml,medium,unpinned,no-expr
1,6,1,0,0,66,3,medium,0,3,1,0.0,1.0,0,1,1,1,granular,0,0,1,1,0,0,other,1,google/docsy::.github/workflows/smoke.yaml,google/docsy,.github/workflows/smoke.yaml,google_docsy__.github__workflows__smoke.yaml,complex,unpinned,taint
1,6,1,0,0,44,3,medium,0,3,1,0.0,1.0,0,0,0,1,granular,0,0,0,1,0,0,ci-test,1,google/docsy::.github/workflows/test.yaml,google/docsy,.github/workflows/test.yaml,google_docsy__.github__workflows__test.yaml,complex,unpinned,no-expr
2,9,1,0,0,334,3,medium,0,2,1,0.0,0.2857,0,1,0,0,not set,0,0,0,1,0,0,ci-test,1,google/draco::.github/workflows/ci.yml,google/draco,.github/workflows/ci.yml,google_draco__.github__workflows__ci.yml,complex,unpinned,expr-no-taint
1,9,0,0,0,239,3,high,0,4,2,0.75,0.8,0,0,9,1,granular,8,1,1,1,0,0,other,1,google/draco::.github/workflows/gemini-cli.yml,google/draco,.github/workflows/gemini-cli.yml,google_draco__.github__workflows__gemini-cli.yml,medium,pinned,taint
1,4,0,0,0,130,3,high,1,4,2,0.75,4.0,0,0,3,1,granular,4,1,1,1,0,0,other,1,google/draco::.github/workflows/gemini-issue-automated-triage.yml,google/draco,.github/workflows/gemini-issue-automated-triage.yml,google_draco__.github__workflows__gemini-issue-automated-triage.yml,medium,pinned,taint
1,4,0,0,0,123,2,low,0,3,2,0.6667,3.0,0,0,0,1,granular,4,1,1,1,0,0,other,1,google/draco::.github/workflows/gemini-issue-scheduled-triage.yml,google/draco,.github/workflows/gemini-issue-scheduled-triage.yml,google_draco__.github__workflows__gemini-issue-scheduled-triage.yml,medium,pinned,no-expr
1,6,0,0,0,456,5,high,1,4,2,0.75,2.0,0,0,4,1,granular,6,1,1,1,0,0,other,1,google/draco::.github/workflows/gemini-pr-review.yml,google/draco,.github/workflows/gemini-pr-review.yml,google_draco__.github__workflows__gemini-pr-review.yml,medium,pinned,taint
1,4,1,0,0,40,3,medium,0,2,1,0.0,1.0,0,0,0,0,not set,0,0,0,0,0,0,ci-test,1,google/earthengine-api::.github/workflows/ci-tests.yml,google/earthengine-api,.github/workflows/ci-tests.yml,google_earthengine-api__.github__workflows__ci-tests.yml,complex,unpinned,no-expr
1,8,0,0,0,48,2,low,0,3,2,0.0,0.6,1,0,0,0,not set,0,1,0,1,0,0,ci-test,1,google/earthengine-api::.github/workflows/ci-type-verification.yml,google/earthengine-api,.github/workflows/ci-type-verification.yml,google_earthengine-api__.github__workflows__ci-type-verification.yml,medium,unpinned,no-expr
2,7,0,1,0,50,2,low,0,5,2,0.0,2.5,0,0,0,1,not set,3,0,1,1,0,0,deploy-release,1,google/earthengine-api::.github/workflows/publish-to-npm.yml,google/earthengine-api,.github/workflows/publish-to-npm.yml,google_earthengine-api__.github__workflows__publish-to-npm.yml,medium,unpinned,no-expr
4,16,0,1,0,100,2,low,0,10,3,0.0,1.6667,1,0,0,1,not set,3,0,0,0,0,0,deploy-release,1,google/earthengine-api::.github/workflows/publish-to-pypi.yml,google/earthengine-api,.github/workflows/publish-to-pypi.yml,google_earthengine-api__.github__workflows__publish-to-pypi.yml,complex,unpinned,no-expr
3,19,1,1,0,158,2,medium,0,14,3,0.0,2.8,1,0,0,1,granular,3,1,1,1,0,0,ci-test,1,google/error-prone::.github/workflows/ci.yml,google/error-prone,.github/workflows/ci.yml,google_error-prone__.github__workflows__ci.yml,complex,unpinned,no-expr
1,8,0,0,0,79,1,low,1,5,2,0.0,1.6667,1,1,0,1,not set,6,1,1,0,0,0,deploy-release,1,google/error-prone::.github/workflows/release.yml,google/error-prone,.github/workflows/release.yml,google_error-prone__.github__workflows__release.yml,medium,unpinned,expr-no-taint
1,4,0,0,0,30,1,low,1,2,2,1.0,1.0,1,0,0,0,not set,2,1,1,0,0,0,deploy-release,1,google/filament::.github/workflows/cocopods-deploy.yml,google/filament,.github/workflows/cocopods-deploy.yml,google_filament__.github__workflows__cocopods-deploy.yml,medium,pinned,no-expr
1,4,0,0,0,33,1,low,1,2,1,0.0,1.0,0,0,0,0,not set,1,0,1,0,0,0,deploy-release,1,google/filament::.github/workflows/npm-deploy.yml,google/filament,.github/workflows/npm-deploy.yml,google_filament__.github__workflows__npm-deploy.yml,medium,unpinned,no-expr
3,16,0,0,0,124,1,low,0,4,1,0.0,1.6667,0,1,0,0,not set,3,0,1,1,0,0,other,1,google/filament::.github/workflows/postsubmit-main.yml,google/filament,.github/workflows/postsubmit-main.yml,google_filament__.github__workflows__postsubmit-main.yml,complex,unpinned,expr-no-taint
6,25,0,0,0,115,1,low,0,11,1,0.0,2.5714,0,0,0,0,not set,0,0,0,0,0,0,ci-test,1,google/filament::.github/workflows/postsubmit.yml,google/filament,.github/workflows/postsubmit.yml,google_filament__.github__workflows__postsubmit.yml,complex,unpinned,no-expr
11,48,0,0,0,243,2,medium,0,13,1,0.0,1.2857,0,1,0,0,not set,0,0,1,1,0,0,ci-test,1,google/filament::.github/workflows/presubmit.yml,google/filament,.github/workflows/presubmit.yml,google_filament__.github__workflows__presubmit.yml,complex,unpinned,expr-no-taint
6,32,0,0,0,259,2,low,1,13,1,0.0,1.4615,0,0,0,1,granular,2,0,1,1,0,0,deploy-release,1,google/filament::.github/workflows/release.yml,google/filament,.github/workflows/release.yml,google_filament__.github__workflows__release.yml,complex,unpinned,no-expr
1,2,0,0,0,27,1,medium,0,1,1,1.0,2.0,1,0,0,0,not set,2,1,0,0,0,0,deploy-release,1,google/filament::.github/workflows/verify-release-notes.yml,google/filament,.github/workflows/verify-release-notes.yml,google_filament__.github__workflows__verify-release-notes.yml,simple,pinned,no-expr
30,142,1,1,1,643,4,medium,0,53,9,0.0,0.5955,1,1,0,1,read-all,0,0,1,1,0,0,build,1,google/flatbuffers::.github/workflows/build.yml,google/flatbuffers,.github/workflows/build.yml,google_flatbuffers__.github__workflows__build.yml,complex,unpinned,expr-no-taint
1,8,0,0,0,36,2,low,0,3,1,0.0,0.6,0,0,0,1,granular,0,0,0,0,0,0,documentation,1,google/flatbuffers::.github/workflows/docs.yml,google/flatbuffers,.github/workflows/docs.yml,google_flatbuffers__.github__workflows__docs.yml,medium,unpinned,no-expr
1,1,0,0,0,24,1,high,0,1,1,0.0,1.0,0,0,0,1,read-all,1,1,0,0,0,0,other,1,google/flatbuffers::.github/workflows/label.yml,google/flatbuffers,.github/workflows/label.yml,google_flatbuffers__.github__workflows__label.yml,simple,unpinned,no-expr
1,3,0,0,0,34,1,medium,0,3,2,0.0,3.0,1,0,0,1,read-all,0,0,0,1,0,0,other,1,google/flatbuffers::.github/workflows/main.yml,google/flatbuffers,.github/workflows/main.yml,google_flatbuffers__.github__workflows__main.yml,simple,unpinned,no-expr
6,23,0,0,0,152,2,low,0,14,3,0.0,1.5556,1,1,0,1,read-all,13,0,1,0,0,0,deploy-release,1,google/flatbuffers::.github/workflows/release.yml,google/flatbuffers,.github/workflows/release.yml,google_flatbuffers__.github__workflows__release.yml,complex,unpinned,expr-no-taint
1,1,0,0,0,37,2,low,0,1,1,0.0,1.0,0,0,0,1,granular,1,1,0,0,0,0,other,1,google/flatbuffers::.github/workflows/stale.yml,google/flatbuffers,.github/workflows/stale.yml,google_flatbuffers__.github__workflows__stale.yml,simple,unpinned,no-expr
3,10,0,1,0,69,1,low,0,6,4,1.0,1.5,1,0,0,1,not set,1,0,0,1,0,0,deploy-release,1,google/flax::.github/workflows/flax_publish.yml,google/flax,.github/workflows/flax_publish.yml,google_flax__.github__workflows__flax_publish.yml,complex,pinned,no-expr
5,23,1,1,0,194,2,medium,0,12,3,1.0,1.0909,1,1,0,0,not set,2,1,1,1,0,0,ci-test,1,google/flax::.github/workflows/flax_test.yml,google/flax,.github/workflows/flax_test.yml,google_flax__.github__workflows__flax_test.yml,complex,pinned,expr-no-taint
3,14,1,1,0,94,2,low,0,9,2,1.0,1.8,1,0,0,1,not set,1,0,1,1,0,0,deploy-release,1,google/flax::.github/workflows/flaxlib_publish.yml,google/flax,.github/workflows/flaxlib_publish.yml,google_flax__.github__workflows__flaxlib_publish.yml,complex,pinned,no-expr
1,7,1,0,0,52,3,medium,0,4,3,1.0,1.3333,1,0,0,1,not set,1,1,0,1,0,0,ci-test,1,google/flax::.github/workflows/jax_nightly.yml,google/flax,.github/workflows/jax_nightly.yml,google_flax__.github__workflows__jax_nightly.yml,complex,pinned,no-expr
1,5,0,0,0,35,2,medium,0,2,1,0.0,0.6667,0,0,0,0,not set,0,0,0,0,0,0,ci-test,1,google/fonts::.github/workflows/ci.yaml,google/fonts,.github/workflows/ci.yaml,google_fonts__.github__workflows__ci.yaml,medium,unpinned,no-expr
1,4,0,0,0,27,1,medium,0,2,1,0.0,1.0,0,0,0,0,not set,0,1,1,0,0,0,ci-test,1,google/fonts::.github/workflows/designers.yaml,google/fonts,.github/workflows/designers.yaml,google_fonts__.github__workflows__designers.yaml,medium,unpinned,no-expr
1,4,0,0,0,27,3,medium,0,2,1,0.0,1.0,0,0,0,0,not set,0,0,0,0,0,0,ci-test,1,google/fonts::.github/workflows/font_tags.yaml,google/fonts,.github/workflows/font_tags.yaml,google_fonts__.github__workflows__font_tags.yaml,medium,unpinned,no-expr
1,8,0,0,0,41,2,low,0,3,3,0.0,0.6,1,0,0,1,not set,2,0,1,0,0,0,other,1,google/fonts::.github/workflows/fontspectorall.yaml,google/fonts,.github/workflows/fontspectorall.yaml,google_fonts__.github__workflows__fontspectorall.yaml,medium,unpinned,no-expr
1,4,0,0,0,22,1,medium,0,2,1,0.0,1.0,0,0,0,0,not set,0,0,0,0,0,0,ci-test,1,google/fonts::.github/workflows/pushlists.yaml,google/fonts,.github/workflows/pushlists.yaml,google_fonts__.github__workflows__pushlists.yaml,medium,unpinned,no-expr
2,16,0,1,0,114,3,medium,0,5,1,0.0,0.4545,0,1,0,1,not set,8,0,1,1,0,0,other,1,google/fonts::.github/workflows/report.yaml,google/fonts,.github/workflows/report.yaml,google_fonts__.github__workflows__report.yaml,complex,unpinned,expr-no-taint
1,4,0,0,0,72,3,low,0,4,3,0.75,4.0,1,0,0,1,read-all,1,0,0,0,0,0,security-scan,1,google/fonts::.github/workflows/scorecard.yml,google/fonts,.github/workflows/scorecard.yml,google_fonts__.github__workflows__scorecard.yml,medium,pinned,no-expr
4,26,1,1,0,166,1,medium,0,18,6,0.0,2.25,1,1,0,1,not set,3,1,1,1,0,0,ci-test,1,google/fonts::.github/workflows/test.yaml,google/fonts,.github/workflows/test.yaml,google_fonts__.github__workflows__test.yaml,complex,unpinned,expr-no-taint
1,7,0,0,0,53,1,low,0,2,1,0.0,0.4,0,0,0,1,granular,3,1,1,0,0,0,other,1,google/fonts::.github/workflows/update_sandbox.yaml,google/fonts,.github/workflows/update_sandbox.yaml,google_fonts__.github__workflows__update_sandbox.yaml,medium,unpinned,no-expr
2,10,1,0,0,80,3,medium,0,7,4,0.5714,2.3333,1,1,0,0,not set,0,0,0,0,0,0,build,1,google/gemma.cpp::.github/workflows/build.yml,google/gemma.cpp,.github/workflows/build.yml,google_gemma.cpp__.github__workflows__build.yml,complex,pinned,expr-no-taint
1,1,0,0,0,15,1,high,0,1,1,0.0,1.0,0,0,0,1,not set,0,0,0,1,0,0,other,1,google/generative-ai-docs::.github/workflows/labeler.yml,google/generative-ai-docs,.github/workflows/labeler.yml,google_generative-ai-docs__.github__workflows__labeler.yml,simple,unpinned,no-expr
2,13,0,0,0,137,2,medium,0,5,2,0.0,0.625,1,1,0,0,not set,0,0,0,1,0,0,other,1,google/generative-ai-docs::.github/workflows/notebooks.yml,google/generative-ai-docs,.github/workflows/notebooks.yml,google_generative-ai-docs__.github__workflows__notebooks.yml,complex,unpinned,expr-no-taint
1,1,0,0,0,18,1,high,0,1,1,0.0,1.0,1,0,0,1,not set,0,0,0,0,0,0,other,1,google/generative-ai-docs::.github/workflows/remove-issue-labels.yml,google/generative-ai-docs,.github/workflows/remove-issue-labels.yml,google_generative-ai-docs__.github__workflows__remove-issue-labels.yml,simple,unpinned,no-expr
1,1,0,0,0,18,1,high,0,1,1,0.0,1.0,1,0,0,1,not set,0,0,0,0,0,0,other,1,google/generative-ai-docs::.github/workflows/remove-pr-labels.yml,google/generative-ai-docs,.github/workflows/remove-pr-labels.yml,google_generative-ai-docs__.github__workflows__remove-pr-labels.yml,simple,unpinned,no-expr
1,1,0,0,0,48,1,low,0,1,1,0.0,1.0,0,0,0,1,not set,1,1,0,0,0,0,other,1,google/generative-ai-docs::.github/workflows/stale.yml,google/generative-ai-docs,.github/workflows/stale.yml,google_generative-ai-docs__.github__workflows__stale.yml,simple,unpinned,no-expr
1,6,0,0,0,37,2,medium,0,2,1,0.0,0.5,0,0,0,0,not set,0,0,0,0,0,0,other,1,google/gnostic::.github/workflows/go.yml,google/gnostic,.github/workflows/go.yml,google_gnostic__.github__workflows__go.yml,medium,unpinned,no-expr
1,4,1,0,0,51,2,medium,0,2,1,0.0,1.0,0,0,0,0,not set,0,0,0,1,0,0,ci-test,1,google/go-cloud::.github/workflows/tests.yml,google/go-cloud,.github/workflows/tests.yml,google_go-cloud__.github__workflows__tests.yml,complex,unpinned,no-expr
1,4,1,0,0,23,2,medium,0,2,1,1.0,1.0,0,0,0,1,granular,0,0,0,1,0,0,ci-test,1,google/go-cmp::.github/workflows/test.yml,google/go-cmp,.github/workflows/test.yml,google_go-cmp__.github__workflows__test.yml,complex,pinned,no-expr
1,4,0,0,0,30,3,medium,0,4,2,0.0,4.0,0,0,0,1,granular,0,0,0,0,0,0,other,1,google/go-containerregistry::.github/workflows/analyze.yaml,google/go-containerregistry,.github/workflows/analyze.yaml,google_go-containerregistry__.github__workflows__analyze.yaml,medium,unpinned,no-expr
1,2,1,0,0,33,1,medium,0,2,2,0.0,2.0,1,0,0,0,not set,0,0,0,0,0,0,other,1,google/go-containerregistry::.github/workflows/boilerplate.yaml,google/go-containerregistry,.github/workflows/boilerplate.yaml,google_go-containerregistry__.github__workflows__boilerplate.yaml,complex,unpinned,no-expr
1,3,0,0,0,21,1,medium,0,2,1,0.0,2.0,0,0,0,0,not set,0,0,0,0,0,0,build,1,google/go-containerregistry::.github/workflows/build.yaml,google/go-containerregistry,.github/workflows/build.yaml,google_go-containerregistry__.github__workflows__build.yaml,simple,unpinned,no-expr
1,4,0,0,0,34,2,low,0,3,2,0.0,3.0,1,0,0,1,granular,0,0,0,1,0,0,dependency-management,1,google/go-containerregistry::.github/workflows/bump-deps.yaml,google/go-containerregistry,.github/workflows/bump-deps.yaml,google_go-containerregistry__.github__workflows__bump-deps.yaml,medium,unpinned,no-expr
1,2,0,0,0,15,1,medium,0,2,2,0.0,2.0,1,0,0,0,not set,0,0,0,0,0,0,other,1,google/go-containerregistry::.github/workflows/donotsubmit.yaml,google/go-containerregistry,.github/workflows/donotsubmit.yaml,google_go-containerregistry__.github__workflows__donotsubmit.yaml,simple,unpinned,no-expr
1,4,1,0,0,94,1,medium,0,2,1,0.0,1.0,0,1,0,0,not set,0,0,0,0,0,0,ci-test,1,google/go-containerregistry::.github/workflows/e2e.yaml,google/go-containerregistry,.github/workflows/e2e.yaml,google_go-containerregistry__.github__workflows__e2e.yaml,complex,unpinned,expr-no-taint
2,12,0,0,0,91,1,high,0,6,2,0.0,1.0,0,1,0,1,granular,0,0,0,0,0,0,ci-test,1,google/go-containerregistry::.github/workflows/ecr-auth.yaml,google/go-containerregistry,.github/workflows/ecr-auth.yaml,google_go-containerregistry__.github__workflows__ecr-auth.yaml,complex,unpinned,expr-no-taint
1,5,0,0,0,46,2,high,0,2,1,0.0,0.6667,0,1,0,1,granular,0,1,1,0,0,0,ci-test,1,google/go-containerregistry::.github/workflows/ghcr-auth.yaml,google/go-containerregistry,.github/workflows/ghcr-auth.yaml,google_go-containerregistry__.github__workflows__ghcr-auth.yaml,medium,unpinned,expr-no-taint
1,3,0,0,0,33,2,medium,0,2,1,0.0,2.0,0,0,0,0,not set,0,0,0,0,0,0,other,1,google/go-containerregistry::.github/workflows/presubmit.yaml,google/go-containerregistry,.github/workflows/presubmit.yaml,google_go-containerregistry__.github__workflows__presubmit.yaml,simple,unpinned,no-expr
3,8,0,1,1,79,1,low,0,4,3,0.0,1.0,1,0,0,1,not set,2,1,1,0,0,0,deploy-release,1,google/go-containerregistry::.github/workflows/release.yml,google/go-containerregistry,.github/workflows/release.yml,google_go-containerregistry__.github__workflows__release.yml,medium,unpinned,no-expr
1,1,0,0,0,30,1,low,0,1,1,0.0,1.0,0,0,0,0,not set,1,1,0,0,0,0,other,1,google/go-containerregistry::.github/workflows/stale.yaml,google/go-containerregistry,.github/workflows/stale.yaml,google_go-containerregistry__.github__workflows__stale.yaml,simple,unpinned,no-expr
2,10,0,0,0,52,1,medium,0,10,5,0.0,10.0,1,0,0,0,not set,2,0,0,1,0,0,code-quality,1,google/go-containerregistry::.github/workflows/style.yaml,google/go-containerregistry,.github/workflows/style.yaml,google_go-containerregistry__.github__workflows__style.yaml,complex,unpinned,no-expr
1,4,0,0,0,21,2,medium,0,3,2,0.0,3.0,0,0,0,0,not set,0,0,0,0,0,0,ci-test,1,google/go-containerregistry::.github/workflows/test.yaml,google/go-containerregistry,.github/workflows/test.yaml,google_go-containerregistry__.github__workflows__test.yaml,medium,unpinned,no-expr
1,3,0,0,0,19,2,medium,0,2,1,1.0,2.0,0,0,0,1,granular,0,1,1,0,0,0,code-quality,1,google/go-github::.github/workflows/linter.yml,google/go-github,.github/workflows/linter.yml,google_go-github__.github__workflows__linter.yml,simple,pinned,no-expr
1,5,1,0,0,67,2,medium,0,3,2,1.0,1.5,0,1,0,1,granular,0,0,0,1,0,0,ci-test,1,google/go-github::.github/workflows/tests.yml,google/go-github,.github/workflows/tests.yml,google_go-github__.github__workflows__tests.yml,complex,pinned,expr-no-taint
1,2,0,0,0,17,2,medium,0,2,2,1.0,2.0,1,0,2,0,not set,0,0,0,0,0,0,code-quality,1,google/go-querystring::.github/workflows/linter.yml,google/go-querystring,.github/workflows/linter.yml,google_go-querystring__.github__workflows__linter.yml,simple,pinned,no-expr
1,4,1,0,0,39,2,medium,0,3,2,1.0,3.0,0,0,2,0,not set,0,0,0,1,0,0,ci-test,1,google/go-querystring::.github/workflows/tests.yml,google/go-querystring,.github/workflows/tests.yml,google_go-querystring__.github__workflows__tests.yml,complex,pinned,no-expr
3,14,1,1,0,130,2,medium,0,9,4,0.0,1.8,1,0,0,0,not set,3,1,1,1,0,0,ci-test,1,google/google-java-format::.github/workflows/ci.yml,google/google-java-format,.github/workflows/ci.yml,google_google-java-format__.github__workflows__ci.yml,complex,unpinned,no-expr
2,13,1,1,0,124,1,low,1,5,3,0.0,0.625,1,1,0,1,not set,8,1,1,0,0,0,code-quality,1,google/google-java-format::.github/workflows/release.yml,google/google-java-format,.github/workflows/release.yml,google_google-java-format__.github__workflows__release.yml,complex,unpinned,expr-no-taint
1,4,1,0,0,34,2,medium,0,2,1,0.0,1.0,0,0,0,0,not set,0,0,0,1,0,0,ci-test,1,google/gops::.github/workflows/test.yml,google/gops,.github/workflows/test.yml,google_gops__.github__workflows__test.yml,complex,unpinned,no-expr
8,42,0,1,0,268,2,medium,0,25,3,0.0,1.4706,1,1,0,1,not set,1,1,0,1,0,0,build,1,google/grr::.github/workflows/build.yml,google/grr,.github/workflows/build.yml,google_grr__.github__workflows__build.yml,complex,unpinned,expr-no-taint
9,28,0,1,0,229,1,low,0,27,2,0.0,27.0,1,0,0,1,not set,0,0,0,0,0,0,deploy-release,1,google/grr::.github/workflows/publish-pypi.yml,google/grr,.github/workflows/publish-pypi.yml,google_grr__.github__workflows__publish-pypi.yml,complex,unpinned,no-expr
4,13,1,0,0,117,2,medium,0,8,2,1.0,1.6,1,1,0,1,granular,1,1,0,0,0,0,build,1,google/gson::.github/workflows/build.yml,google/gson,.github/workflows/build.yml,google_gson__.github__workflows__build.yml,complex,pinned,expr-no-taint
1,3,0,0,0,38,2,medium,0,2,1,1.0,2.0,0,0,0,1,granular,0,0,0,0,0,0,ci-test,1,google/gson::.github/workflows/check-android-compatibility.yml,google/gson,.github/workflows/check-android-compatibility.yml,google_gson__.github__workflows__check-android-compatibility.yml,simple,pinned,no-expr
1,6,0,0,0,67,1,medium,0,4,1,1.0,2.0,0,0,0,1,granular,0,0,0,1,0,0,ci-test,1,google/gson::.github/workflows/check-api-compatibility.yml,google/gson,.github/workflows/check-api-compatibility.yml,google_gson__.github__workflows__check-api-compatibility.yml,medium,pinned,no-expr
1,4,0,0,0,39,1,medium,0,4,3,0.5,4.0,1,0,0,1,empty,0,0,0,1,0,0,ci-test,1,google/gson::.github/workflows/cifuzz.yml,google/gson,.github/workflows/cifuzz.yml,google_gson__.github__workflows__cifuzz.yml,medium,pinned,no-expr
1,5,1,0,0,70,3,medium,0,4,2,1.0,4.0,0,0,0,1,granular,0,0,0,1,0,0,security-scan,1,google/gson::.github/workflows/codeql-analysis.yml,google/gson,.github/workflows/codeql-analysis.yml,google_gson__.github__workflows__codeql-analysis.yml,complex,pinned,no-expr
1,4,0,0,0,78,3,low,0,4,3,1.0,4.0,1,0,0,1,read-all,1,0,0,1,0,0,security-scan,1,google/gson::.github/workflows/scorecard.yml,google/gson,.github/workflows/scorecard.yml,google_gson__.github__workflows__scorecard.yml,medium,pinned,no-expr
5,23,1,0,0,61,2,medium,0,11,2,0.4545,0.9167,0,0,0,0,not set,0,0,0,0,0,0,ci-test,1,google/gts::.github/workflows/ci.yaml,google/gts,.github/workflows/ci.yaml,google_gts__.github__workflows__ci.yaml,complex,unpinned,no-expr
1,4,0,0,0,17,1,low,0,2,1,0.5,1.0,0,0,0,0,not set,1,0,1,0,0,0,deploy-release,1,google/gts::.github/workflows/release.yaml,google/gts,.github/workflows/release.yaml,google_gts__.github__workflows__release.yaml,medium,pinned,no-expr
3,14,1,1,0,120,2,medium,0,8,3,1.0,1.3333,1,1,0,1,granular,3,1,1,1,0,0,ci-test,1,google/guava::.github/workflows/ci.yml,google/guava,.github/workflows/ci.yml,google_guava__.github__workflows__ci.yml,complex,pinned,expr-no-taint
1,4,0,0,0,72,3,low,0,4,3,1.0,4.0,1,0,0,1,read-all,1,0,0,0,0,0,security-scan,1,google/guava::.github/workflows/scorecard.yml,google/guava,.github/workflows/scorecard.yml,google_guava__.github__workflows__scorecard.yml,medium,pinned,no-expr
5,10,1,1,0,94,2,medium,0,5,1,1.0,10.0,0,0,0,0,not set,3,0,1,1,0,0,ci-test,1,google/guice::.github/workflows/ci.yml,google/guice,.github/workflows/ci.yml,google_guice__.github__workflows__ci.yml,complex,pinned,no-expr
1,4,0,0,0,34,1,low,0,2,1,0.0,1.0,0,0,0,0,not set,0,0,0,0,0,0,build,1,google/gvisor::.github/workflows/build.yml,google/gvisor,.github/workflows/build.yml,google_gvisor__.github__workflows__build.yml,medium,unpinned,no-expr
1,5,1,0,0,77,1,low,0,5,2,0.0,5.0,0,0,0,1,not set,0,0,0,1,0,0,security-scan,1,google/gvisor::.github/workflows/codeql.yml,google/gvisor,.github/workflows/codeql.yml,google_gvisor__.github__workflows__codeql.yml,complex,unpinned,no-expr
1,10,0,0,0,70,2,medium,0,3,1,0.0,0.4286,0,1,0,1,not set,5,1,0,1,0,0,other,1,google/gvisor::.github/workflows/go.yml,google/gvisor,.github/workflows/go.yml,google_gvisor__.github__workflows__go.yml,complex,unpinned,expr-no-taint
1,2,0,0,0,20,1,low,0,1,1,0.0,1.0,0,0,0,1,not set,1,1,1,1,0,0,other,1,google/gvisor::.github/workflows/issue_reviver.yml,google/gvisor,.github/workflows/issue_reviver.yml,google_gvisor__.github__workflows__issue_reviver.yml,simple,unpinned,no-expr
1,1,0,0,0,13,1,medium,0,1,1,0.0,1.0,0,0,0,0,not set,1,1,0,1,0,0,other,1,google/gvisor::.github/workflows/labeler.yml,google/gvisor,.github/workflows/labeler.yml,google_gvisor__.github__workflows__labeler.yml,simple,unpinned,no-expr
1,1,0,0,0,30,1,low,0,1,1,0.0,1.0,0,0,0,0,not set,1,1,0,0,0,0,other,1,google/gvisor::.github/workflows/stale.yml,google/gvisor,.github/workflows/stale.yml,google_gvisor__.github__workflows__stale.yml,simple,unpinned,no-expr
3,13,1,0,0,290,2,medium,0,8,3,1.0,1.6,1,1,0,1,read-all,0,0,0,0,0,0,build,1,google/highway::.github/workflows/build_test.yml,google/highway,.github/workflows/build_test.yml,google_highway__.github__workflows__build_test.yml,complex,pinned,expr-no-taint
1,2,0,0,0,31,1,low,0,0,0,0.0,0.0,0,0,0,1,granular,2,1,1,0,0,1,documentation,1,google/highway::.github/workflows/docs_pages_workflow.yml,google/highway,.github/workflows/docs_pages_workflow.yml,google_highway__.github__workflows__docs_pages_workflow.yml,simple,no-third-party,no-expr
5,31,1,0,0,244,2,medium,0,10,3,0.8,0.4762,1,1,0,1,read-all,0,1,1,0,0,0,build,1,google/highway::.github/workflows/meson_build_test.yml,google/highway,.github/workflows/meson_build_test.yml,google_highway__.github__workflows__meson_build_test.yml,complex,pinned,expr-no-taint
3,11,1,0,0,125,2,medium,0,6,3,0.6667,1.2,1,1,0,1,granular,0,1,0,0,0,0,other,1,google/highway::.github/workflows/multiarch.yml,google/highway,.github/workflows/multiarch.yml,google_highway__.github__workflows__multiarch.yml,complex,pinned,expr-no-taint
1,4,0,0,0,32,3,medium,0,1,1,0.0,0.3333,0,0,0,0,not set,0,0,0,0,0,0,ci-test,1,google/j2objc::.github/workflows/main.yml,google/j2objc,.github/workflows/main.yml,google_j2objc__.github__workflows__main.yml,medium,unpinned,no-expr
3,14,1,1,0,108,2,medium,0,10,2,1.0,2.5,1,0,0,1,not set,3,1,1,1,0,0,ci-test,1,google/jimfs::.github/workflows/ci.yml,google/jimfs,.github/workflows/ci.yml,google_jimfs__.github__workflows__ci.yml,complex,pinned,no-expr
7,21,1,0,0,135,3,medium,0,8,1,0.0,0.6154,0,1,0,1,granular,0,0,1,1,0,0,build,1,google/jsonnet::.github/workflows/build_and_test.yml,google/jsonnet,.github/workflows/build_and_test.yml,google_jsonnet__.github__workflows__build_and_test.yml,complex,unpinned,expr-no-taint
4,20,0,1,0,248,3,medium,1,13,2,0.0769,1.8571,1,0,0,1,granular,0,0,1,1,0,0,documentation,1,google/jsonnet::.github/workflows/doc_update.yml,google/jsonnet,.github/workflows/doc_update.yml,google_jsonnet__.github__workflows__doc_update.yml,complex,unpinned,no-expr
3,12,1,1,0,105,1,low,1,9,2,0.2222,3.0,1,0,0,1,not set,0,0,0,1,0,0,deploy-release,1,google/jsonnet::.github/workflows/publish-python.yml,google/jsonnet,.github/workflows/publish-python.yml,google_jsonnet__.github__workflows__publish-python.yml,complex,unpinned,no-expr
1,3,0,0,0,45,1,low,1,2,2,0.5,2.0,1,0,0,1,not set,0,0,0,0,0,0,deploy-release,1,google/jsonnet::.github/workflows/release.yml,google/jsonnet,.github/workflows/release.yml,google_jsonnet__.github__workflows__release.yml,simple,pinned,no-expr
1,10,0,0,0,108,1,low,0,5,1,0.0,1.0,0,0,0,1,not set,0,0,0,1,0,0,other,1,google/ksp::.github/workflows/auto-merge.yml,google/ksp,.github/workflows/auto-merge.yml,google_ksp__.github__workflows__auto-merge.yml,complex,unpinned,no-expr
1,9,1,0,0,100,3,medium,0,6,2,0.0,2.0,1,0,0,0,not set,0,0,0,1,0,0,ci-test,1,google/ksp::.github/workflows/main.yml,google/ksp,.github/workflows/main.yml,google_ksp__.github__workflows__main.yml,complex,unpinned,no-expr
1,7,0,0,0,57,1,low,0,5,1,0.0,2.5,0,0,0,1,not set,1,1,1,0,0,0,deploy-release,1,google/ksp::.github/workflows/release.yml,google/ksp,.github/workflows/release.yml,google_ksp__.github__workflows__release.yml,medium,unpinned,no-expr
1,1,0,0,0,166,3,low,1,1,1,0.0,1.0,0,0,0,1,granular,0,0,0,0,0,0,other,1,google/langextract::.github/workflows/auto-update-pr.yaml,google/langextract,.github/workflows/auto-update-pr.yaml,google_langextract__.github__workflows__auto-update-pr.yaml,simple,unpinned,no-expr
1,1,0,0,0,100,2,high,0,1,1,0.0,1.0,0,0,0,1,granular,1,1,0,1,0,0,ci-test,1,google/langextract::.github/workflows/check-infrastructure-changes.yml,google/langextract,.github/workflows/check-infrastructure-changes.yml,google_langextract__.github__workflows__check-infrastructure-changes.yml,simple,unpinned,no-expr
1,1,0,0,0,188,1,high,0,1,1,0.0,1.0,0,0,0,1,granular,1,1,0,1,0,0,ci-test,1,google/langextract::.github/workflows/check-linked-issue.yml,google/langextract,.github/workflows/check-linked-issue.yml,google_langextract__.github__workflows__check-linked-issue.yml,simple,unpinned,no-expr
1,2,0,0,0,130,2,high,1,2,1,0.0,2.0,0,0,0,1,granular,0,0,1,1,0,0,ci-test,1,google/langextract::.github/workflows/check-pr-size.yml,google/langextract,.github/workflows/check-pr-size.yml,google_langextract__.github__workflows__check-pr-size.yml,simple,unpinned,no-expr
1,3,0,0,0,87,1,medium,0,2,1,0.0,2.0,0,0,0,1,granular,0,0,0,1,0,0,ci-test,1,google/langextract::.github/workflows/check-pr-up-to-date.yaml,google/langextract,.github/workflows/check-pr-up-to-date.yaml,google_langextract__.github__workflows__check-pr-up-to-date.yaml,simple,unpinned,no-expr
6,42,1,1,0,431,4,high,0,20,2,0.0,0.9091,1,1,1,1,granular,10,0,1,1,0,0,ci-test,1,google/langextract::.github/workflows/ci.yaml,google/langextract,.github/workflows/ci.yaml,google_langextract__.github__workflows__ci.yaml,complex,unpinned,taint
1,6,0,0,0,55,1,low,0,3,2,0.0,1.0,1,0,0,1,granular,0,0,0,0,0,0,deploy-release,1,google/langextract::.github/workflows/publish.yml,google/langextract,.github/workflows/publish.yml,google_langextract__.github__workflows__publish.yml,medium,unpinned,no-expr
1,5,0,0,0,157,1,low,1,5,1,0.0,5.0,0,0,0,1,granular,0,0,0,1,0,0,ci-test,1,google/langextract::.github/workflows/revalidate-pr.yml,google/langextract,.github/workflows/revalidate-pr.yml,google_langextract__.github__workflows__revalidate-pr.yml,medium,unpinned,no-expr
1,3,0,0,0,44,1,medium,0,2,1,0.0,2.0,0,0,0,1,granular,0,0,0,0,0,0,ci-test,1,google/langextract::.github/workflows/validate-community-providers.yaml,google/langextract,.github/workflows/validate-community-providers.yaml,google_langextract__.github__workflows__validate-community-providers.yaml,simple,unpinned,no-expr
1,3,0,0,0,128,2,high,0,1,1,0.0,0.5,0,1,1,1,granular,1,1,1,1,0,0,ci-test,1,google/langextract::.github/workflows/validate_pr_template.yaml,google/langextract,.github/workflows/validate_pr_template.yaml,google_langextract__.github__workflows__validate_pr_template.yaml,simple,unpinned,taint
1,5,0,0,0,55,1,low,0,2,1,0.0,0.6667,0,0,0,1,not set,2,0,1,1,0,0,deploy-release,1,google/langextract::.github/workflows/zenodo-publish.yml,google/langextract,.github/workflows/zenodo-publish.yml,google_langextract__.github__workflows__zenodo-publish.yml,medium,unpinned,no-expr
1,6,1,0,0,83,3,medium,0,6,4,1.0,6.0,1,0,0,1,granular,0,0,0,0,0,0,security-scan,1,google/libphonenumber::.github/workflows/codeql.yml,google/libphonenumber,.github/workflows/codeql.yml,google_libphonenumber__.github__workflows__codeql.yml,complex,pinned,no-expr
1,6,0,0,0,41,1,medium,0,2,2,1.0,0.5,1,0,0,1,granular,0,0,0,0,0,0,ci-test,1,google/libphonenumber::.github/workflows/cpp-unit-test.yml,google/libphonenumber,.github/workflows/cpp-unit-test.yml,google_libphonenumber__.github__workflows__cpp-unit-test.yml,medium,pinned,no-expr
1,3,0,0,0,27,1,medium,0,3,2,1.0,3.0,1,0,0,1,granular,0,0,0,0,0,0,dependency-management,1,google/libphonenumber::.github/workflows/dependency-review.yml,google/libphonenumber,.github/workflows/dependency-review.yml,google_libphonenumber__.github__workflows__dependency-review.yml,simple,pinned,no-expr
2,9,0,0,0,50,1,medium,0,5,2,1.0,1.25,1,0,0,1,granular,0,0,0,0,0,0,ci-test,1,google/libphonenumber::.github/workflows/java-unit-test.yml,google/libphonenumber,.github/workflows/java-unit-test.yml,google_libphonenumber__.github__workflows__java-unit-test.yml,medium,pinned,no-expr
2,0,0,0,1,54,3,medium,0,0,0,0.0,0.0,0,0,0,1,granular,0,0,0,1,0,0,security-scan,1,google/libphonenumber::.github/workflows/osv-scanner-unified.yml,google/libphonenumber,.github/workflows/osv-scanner-unified.yml,google_libphonenumber__.github__workflows__osv-scanner-unified.yml,medium,no-third-party,no-expr
1,5,0,0,0,76,3,low,0,5,4,1.0,5.0,1,0,0,1,read-all,1,0,0,0,0,0,security-scan,1,google/libphonenumber::.github/workflows/scorecards.yml,google/libphonenumber,.github/workflows/scorecards.yml,google_libphonenumber__.github__workflows__scorecards.yml,medium,pinned,no-expr
1,2,0,0,0,24,2,low,0,1,1,1.0,1.0,0,0,0,1,granular,0,1,1,0,0,0,deploy-release,1,google/magika::.github/workflows/cli-latest.yml,google/magika,.github/workflows/cli-latest.yml,google_magika__.github__workflows__cli-latest.yml,simple,pinned,no-expr
6,31,1,1,1,318,2,medium,0,17,1,0.0,1.2143,0,1,0,1,granular,5,1,1,1,0,1,deploy-release,1,google/magika::.github/workflows/cli-release.yml,google/magika,.github/workflows/cli-release.yml,google_magika__.github__workflows__cli-release.yml,complex,unpinned,expr-no-taint
1,4,1,0,0,86,3,medium,0,4,2,1.0,4.0,0,0,0,1,granular,0,0,0,0,0,0,security-scan,1,google/magika::.github/workflows/codeql.yml,google/magika,.github/workflows/codeql.yml,google_magika__.github__workflows__codeql.yml,complex,pinned,no-expr
1,3,0,0,0,34,4,medium,0,1,1,1.0,0.5,0,0,0,1,granular,0,0,0,0,0,0,documentation,1,google/magika::.github/workflows/docs-check.yml,google/magika,.github/workflows/docs-check.yml,google_magika__.github__workflows__docs-check.yml,simple,pinned,no-expr
1,1,0,0,0,20,1,high,0,1,1,1.0,1.0,0,0,0,1,granular,1,1,0,0,0,0,other,1,google/magika::.github/workflows/github-issue-labeler.yml,google/magika,.github/workflows/github-issue-labeler.yml,google_magika__.github__workflows__github-issue-labeler.yml,simple,pinned,no-expr
1,7,0,0,0,54,2,low,0,5,1,1.0,2.5,0,0,0,1,granular,0,0,0,0,0,0,deploy-release,1,google/magika::.github/workflows/github-pages.yml,google/magika,.github/workflows/github-pages.yml,google_magika__.github__workflows__github-pages.yml,medium,pinned,no-expr
1,2,0,0,0,24,3,medium,0,1,1,1.0,1.0,0,0,0,1,granular,0,0,0,0,0,0,build,1,google/magika::.github/workflows/go-test.yml,google/magika,.github/workflows/go-test.yml,google_magika__.github__workflows__go-test.yml,simple,pinned,no-expr
1,12,0,0,0,69,3,medium,0,2,1,1.0,0.2,0,0,0,0,not set,0,0,0,0,0,0,ci-test,1,google/magika::.github/workflows/js-check-import-scenarios.yml,google/magika,.github/workflows/js-check-import-scenarios.yml,google_magika__.github__workflows__js-check-import-scenarios.yml,complex,pinned,no-expr
1,3,0,0,0,39,2,low,0,1,1,1.0,0.5,0,0,0,1,granular,0,0,0,0,0,0,documentation,1,google/magika::.github/workflows/js-docs-builder.yml,google/magika,.github/workflows/js-docs-builder.yml,google_magika__.github__workflows__js-docs-builder.yml,simple,pinned,no-expr
1,5,0,0,0,32,1,low,0,2,1,0.5,0.6667,0,0,0,1,granular,1,0,1,0,0,0,deploy-release,1,google/magika::.github/workflows/js-publish.yml,google/magika,.github/workflows/js-publish.yml,google_magika__.github__workflows__js-publish.yml,medium,pinned,no-expr
1,5,1,0,0,35,3,medium,0,2,1,1.0,0.6667,0,0,0,1,granular,0,0,0,0,0,0,ci-test,1,google/magika::.github/workflows/js-test.yml,google/magika,.github/workflows/js-test.yml,google_magika__.github__workflows__js-test.yml,complex,pinned,no-expr
8,59,1,1,0,437,5,medium,0,24,3,0.25,0.6857,1,1,0,1,granular,0,0,1,1,0,0,deploy-release,1,google/magika::.github/workflows/python-build-and-release-package.yml,google/magika,.github/workflows/python-build-and-release-package.yml,google_magika__.github__workflows__python-build-and-release-package.yml,complex,unpinned,expr-no-taint
1,8,1,0,0,48,3,medium,0,2,1,1.0,0.3333,0,1,0,1,granular,0,0,0,0,0,0,deploy-release,1,google/magika::.github/workflows/python-test-published-package.yml,google/magika,.github/workflows/python-test-published-package.yml,google_magika__.github__workflows__python-test-published-package.yml,complex,pinned,expr-no-taint
1,8,1,0,0,48,3,medium,0,2,1,1.0,0.3333,0,1,0,1,granular,0,0,0,0,0,0,deploy-release,1,google/magika::.github/workflows/python-test-published-rc-package.yml,google/magika,.github/workflows/python-test-published-rc-package.yml,google_magika__.github__workflows__python-test-published-rc-package.yml,complex,pinned,expr-no-taint
2,17,1,0,0,96,3,medium,0,3,1,1.0,0.2143,0,1,0,1,granular,0,0,0,0,0,0,ci-test,1,google/magika::.github/workflows/python-test-suite.yml,google/magika,.github/workflows/python-test-suite.yml,google_magika__.github__workflows__python-test-suite.yml,complex,pinned,expr-no-taint
3,9,1,0,0,48,3,medium,0,3,1,1.0,0.5,0,1,0,1,granular,0,0,0,0,0,0,ci-test,1,google/magika::.github/workflows/rust-test.yml,google/magika,.github/workflows/rust-test.yml,google_magika__.github__workflows__rust-test.yml,complex,pinned,expr-no-taint
1,4,0,0,0,70,4,low,0,4,3,1.0,4.0,1,0,0,1,read-all,1,0,0,0,0,0,security-scan,1,google/magika::.github/workflows/scorecard.yml,google/magika,.github/workflows/scorecard.yml,google_magika__.github__workflows__scorecard.yml,medium,pinned,no-expr
1,8,1,0,0,46,3,medium,0,2,1,1.0,0.3333,0,0,0,1,granular,0,0,0,0,0,0,ci-test,1,google/magika::.github/workflows/website-test.yml,google/magika,.github/workflows/website-test.yml,google_magika__.github__workflows__website-test.yml,complex,pinned,no-expr
1,6,0,0,0,37,2,low,0,2,1,0.0,0.5,0,0,0,1,not set,0,0,0,0,0,0,other,1,google/material-design-icons::.github/workflows/main.yml,google/material-design-icons,.github/workflows/main.yml,google_material-design-icons__.github__workflows__main.yml,medium,unpinned,no-expr
1,6,0,0,0,41,1,low,0,3,2,0.0,1.0,1,0,0,1,granular,1,1,0,0,0,0,deploy-release,1,google/model-viewer::.github/workflows/deploy-documentation.yml,google/model-viewer,.github/workflows/deploy-documentation.yml,google_model-viewer__.github__workflows__deploy-documentation.yml,medium,unpinned,no-expr
1,5,0,0,0,30,1,medium,0,3,2,0.0,1.5,1,0,0,0,not set,0,0,0,0,0,0,ci-test,1,google/model-viewer::.github/workflows/fidelity-tests.yml,google/model-viewer,.github/workflows/fidelity-tests.yml,google_model-viewer__.github__workflows__fidelity-tests.yml,medium,unpinned,no-expr
1,6,0,0,0,31,1,medium,0,2,1,0.0,0.5,0,0,0,0,not set,0,0,0,0,0,0,ci-test,1,google/model-viewer::.github/workflows/unit-tests.yml,google/model-viewer,.github/workflows/unit-tests.yml,google_model-viewer__.github__workflows__unit-tests.yml,medium,unpinned,no-expr
2,10,0,0,0,83,1,low,0,5,1,0.0,1.0,0,0,1,1,granular,0,0,0,0,0,0,ci-test,1,google/mozc::.github/workflows/android.yaml,google/mozc,.github/workflows/android.yaml,google_mozc__.github__workflows__android.yaml,complex,unpinned,no-expr
1,2,0,0,0,33,1,low,0,1,1,0.0,1.0,0,0,1,1,granular,0,0,0,0,0,0,code-quality,1,google/mozc::.github/workflows/lint.yaml,google/mozc,.github/workflows/lint.yaml,google_mozc__.github__workflows__lint.yaml,simple,unpinned,no-expr
2,7,0,0,0,71,1,low,0,3,1,0.0,0.75,0,0,1,1,granular,0,0,0,0,0,0,ci-test,1,google/mozc::.github/workflows/linux.yaml,google/mozc,.github/workflows/linux.yaml,google_mozc__.github__workflows__linux.yaml,medium,unpinned,no-expr
5,25,0,0,0,196,1,low,0,13,1,0.0,1.0833,0,0,1,1,granular,0,0,0,0,0,0,ci-test,1,google/mozc::.github/workflows/macos.yaml,google/mozc,.github/workflows/macos.yaml,google_mozc__.github__workflows__macos.yaml,complex,unpinned,no-expr
4,21,0,0,0,181,1,low,0,10,1,0.0,0.9091,0,0,1,1,granular,0,0,0,0,0,0,ci-test,1,google/mozc::.github/workflows/windows.yaml,google/mozc,.github/workflows/windows.yaml,google_mozc__.github__workflows__windows.yaml,complex,unpinned,no-expr
1,2,0,0,0,49,3,high,0,2,2,0.0,2.0,1,0,0,1,not set,0,1,0,1,0,0,other,1,google/mtail::.github/workflows/auto-review.yml,google/mtail,.github/workflows/auto-review.yml,google_mtail__.github__workflows__auto-review.yml,simple,unpinned,no-expr
3,3,0,1,0,61,1,high,0,2,2,0.5,2.0,1,0,0,1,not set,2,1,1,1,0,0,dependency-management,1,google/mtail::.github/workflows/automerge.yml,google/mtail,.github/workflows/automerge.yml,google_mtail__.github__workflows__automerge.yml,medium,pinned,no-expr
1,5,0,0,0,38,2,medium,0,4,2,0.0,4.0,1,0,0,1,not set,1,1,1,1,0,0,other,1,google/mtail::.github/workflows/benchmark.yml,google/mtail,.github/workflows/benchmark.yml,google_mtail__.github__workflows__benchmark.yml,medium,unpinned,no-expr
1,3,1,0,0,51,1,medium,0,2,2,0.0,2.0,1,0,0,1,not set,1,1,0,0,0,0,ci-test,1,google/mtail::.github/workflows/ci-done.yml,google/mtail,.github/workflows/ci-done.yml,google_mtail__.github__workflows__ci-done.yml,complex,unpinned,no-expr
4,17,1,0,0,106,3,medium,0,11,4,0.0,1.8333,1,1,0,1,granular,0,0,0,1,0,1,ci-test,1,google/mtail::.github/workflows/ci.yml,google/mtail,.github/workflows/ci.yml,google_mtail__.github__workflows__ci.yml,complex,unpinned,expr-no-taint
1,4,1,0,0,71,3,medium,0,4,2,0.0,4.0,0,0,0,1,granular,0,0,0,0,0,0,security-scan,1,google/mtail::.github/workflows/codeql-analysis.yml,google/mtail,.github/workflows/codeql-analysis.yml,google_mtail__.github__workflows__codeql-analysis.yml,complex,unpinned,no-expr
1,2,0,0,0,33,2,medium,0,2,2,0.0,2.0,1,0,0,1,not set,0,0,0,0,0,0,code-quality,1,google/mtail::.github/workflows/golangci-lint.yml,google/mtail,.github/workflows/golangci-lint.yml,google_mtail__.github__workflows__golangci-lint.yml,simple,unpinned,no-expr
1,3,0,0,0,34,1,medium,0,3,2,0.0,3.0,1,0,0,1,granular,0,0,0,1,0,0,other,1,google/mtail::.github/workflows/oss-fuzz.yml,google/mtail,.github/workflows/oss-fuzz.yml,google_mtail__.github__workflows__oss-fuzz.yml,simple,unpinned,no-expr
5,14,1,1,1,150,3,medium,0,7,5,0.0,1.0,1,0,0,1,not set,5,1,1,1,0,0,deploy-release,1,google/mtail::.github/workflows/release.yml,google/mtail,.github/workflows/release.yml,google_mtail__.github__workflows__release.yml,complex,unpinned,no-expr
1,1,0,0,0,17,1,low,0,1,1,0.0,1.0,0,0,0,1,not set,0,0,0,0,0,0,build,1,google/mtail::.github/workflows/remove-old-package-versions.yml,google/mtail,.github/workflows/remove-old-package-versions.yml,google_mtail__.github__workflows__remove-old-package-versions.yml,simple,unpinned,no-expr
1,1,0,0,0,19,1,low,0,1,1,0.0,1.0,0,0,0,1,granular,1,1,0,0,0,0,other,1,google/mtail::.github/workflows/stale.yml,google/mtail,.github/workflows/stale.yml,google_mtail__.github__workflows__stale.yml,simple,unpinned,no-expr
1,2,0,0,0,21,3,medium,0,2,2,0.0,2.0,1,0,0,0,not set,1,1,0,0,0,0,deploy-release,1,google/mtail::.github/workflows/tag-new-release.yml,google/mtail,.github/workflows/tag-new-release.yml,google_mtail__.github__workflows__tag-new-release.yml,simple,unpinned,no-expr
2,6,0,1,0,66,2,medium,0,2,1,0.0,0.5,0,1,0,0,not set,1,1,0,1,0,0,other,1,google/nsjail::.github/workflows/dockerpush.yml,google/nsjail,.github/workflows/dockerpush.yml,google_nsjail__.github__workflows__dockerpush.yml,medium,unpinned,expr-no-taint
1,6,0,0,0,46,2,medium,0,5,3,0.0,5.0,1,0,0,1,granular,0,0,0,0,0,0,build,1,google/oboe::.github/workflows/build-ci.yml,google/oboe,.github/workflows/build-ci.yml,google_oboe__.github__workflows__build-ci.yml,medium,unpinned,no-expr
1,3,0,0,0,27,1,low,0,3,3,0.0,3.0,1,0,0,1,granular,1,1,0,0,0,0,documentation,1,google/oboe::.github/workflows/update-docs.yml,google/oboe,.github/workflows/update-docs.yml,google_oboe__.github__workflows__update-docs.yml,simple,unpinned,no-expr
11,37,1,0,0,176,3,medium,0,22,4,0.0,1.4667,1,0,0,0,not set,0,0,0,0,0,0,ci-test,1,google/open-location-code::.github/workflows/main.yml,google/open-location-code,.github/workflows/main.yml,google_open-location-code__.github__workflows__main.yml,complex,unpinned,no-expr
1,5,1,0,0,28,1,low,0,1,1,0.0,0.25,0,1,0,0,not set,0,0,0,0,0,0,other,1,google/or-tools::.github/workflows/aarch64_toolchain.yml,google/or-tools,.github/workflows/aarch64_toolchain.yml,google_or-tools__.github__workflows__aarch64_toolchain.yml,complex,unpinned,expr-no-taint
2,14,1,0,0,107,3,medium,0,2,1,0.0,0.1667,0,1,0,0,not set,0,0,0,0,0,0,other,1,google/or-tools::.github/workflows/amd64_cmake_glop_cpp.yml,google/or-tools,.github/workflows/amd64_cmake_glop_cpp.yml,google_or-tools__.github__workflows__amd64_cmake_glop_cpp.yml,complex,unpinned,expr-no-taint
1,6,1,0,0,45,2,low,0,1,1,0.0,0.2,0,1,0,0,not set,0,0,0,0,0,0,other,1,google/or-tools::.github/workflows/amd64_docker_bazel.yml,google/or-tools,.github/workflows/amd64_docker_bazel.yml,google_or-tools__.github__workflows__amd64_docker_bazel.yml,complex,unpinned,expr-no-taint
1,10,1,0,0,44,2,low,0,1,1,0.0,0.1111,0,1,0,0,not set,0,0,0,0,0,0,other,1,google/or-tools::.github/workflows/amd64_docker_cmake.yml,google/or-tools,.github/workflows/amd64_docker_cmake.yml,google_or-tools__.github__workflows__amd64_docker_cmake.yml,complex,unpinned,expr-no-taint
2,5,1,1,0,50,1,low,0,2,1,0.0,0.6667,0,1,0,0,not set,0,0,0,0,0,0,other,1,google/or-tools::.github/workflows/amd64_freebsd_cmake.yml,google/or-tools,.github/workflows/amd64_freebsd_cmake.yml,google_or-tools__.github__workflows__amd64_freebsd_cmake.yml,complex,unpinned,expr-no-taint
2,14,1,1,0,87,2,low,0,5,1,0.0,0.5556,0,1,0,0,not set,0,0,1,1,0,0,other,1,google/or-tools::.github/workflows/amd64_linux_bazel.yml,google/or-tools,.github/workflows/amd64_linux_bazel.yml,google_or-tools__.github__workflows__amd64_linux_bazel.yml,complex,unpinned,expr-no-taint
2,20,0,1,0,135,2,low,0,9,1,0.0,0.8182,0,0,0,0,not set,0,0,1,1,0,0,other,1,google/or-tools::.github/workflows/amd64_linux_cmake_coinor_off.yml,google/or-tools,.github/workflows/amd64_linux_cmake_coinor_off.yml,google_or-tools__.github__workflows__amd64_linux_cmake_coinor_off.yml,complex,unpinned,no-expr
2,15,1,1,0,125,2,low,0,8,1,0.0,1.1429,0,1,0,0,not set,0,0,1,1,0,0,other,1,google/or-tools::.github/workflows/amd64_linux_cmake_cpp.yml,google/or-tools,.github/workflows/amd64_linux_cmake_cpp.yml,google_or-tools__.github__workflows__amd64_linux_cmake_cpp.yml,complex,unpinned,expr-no-taint
2,17,1,1,0,133,2,low,0,9,1,0.0,1.125,0,1,0,0,not set,0,0,1,1,0,0,other,1,google/or-tools::.github/workflows/amd64_linux_cmake_dotnet.yml,google/or-tools,.github/workflows/amd64_linux_cmake_dotnet.yml,google_or-tools__.github__workflows__amd64_linux_cmake_dotnet.yml,complex,unpinned,expr-no-taint
2,20,0,1,0,135,2,low,0,9,1,0.0,0.8182,0,0,0,0,not set,0,0,1,1,0,0,other,1,google/or-tools::.github/workflows/amd64_linux_cmake_glpk_on.yml,google/or-tools,.github/workflows/amd64_linux_cmake_glpk_on.yml,google_or-tools__.github__workflows__amd64_linux_cmake_glpk_on.yml,complex,unpinned,no-expr
2,16,0,1,0,121,2,low,0,8,1,0.0,1.0,0,0,0,0,not set,0,0,1,1,0,0,other,1,google/or-tools::.github/workflows/amd64_linux_cmake_java.yml,google/or-tools,.github/workflows/amd64_linux_cmake_java.yml,google_or-tools__.github__workflows__amd64_linux_cmake_java.yml,complex,unpinned,no-expr
2,17,1,1,0,136,2,low,0,9,1,0.0,1.125,0,0,0,0,not set,0,0,1,1,0,0,other,1,google/or-tools::.github/workflows/amd64_linux_cmake_python.yml,google/or-tools,.github/workflows/amd64_linux_cmake_python.yml,google_or-tools__.github__workflows__amd64_linux_cmake_python.yml,complex,unpinned,no-expr
2,20,0,1,0,135,2,low,0,9,1,0.0,0.8182,0,0,0,0,not set,0,0,1,1,0,0,ci-test,1,google/or-tools::.github/workflows/amd64_linux_cmake_scip_off.yml,google/or-tools,.github/workflows/amd64_linux_cmake_scip_off.yml,google_or-tools__.github__workflows__amd64_linux_cmake_scip_off.yml,complex,unpinned,no-expr
1,10,1,0,0,48,2,low,0,1,1,0.0,0.1111,0,1,0,0,not set,0,0,0,0,0,0,dependency-management,1,google/or-tools::.github/workflows/amd64_linux_cmake_system_deps.yml,google/or-tools,.github/workflows/amd64_linux_cmake_system_deps.yml,google_or-tools__.github__workflows__amd64_linux_cmake_system_deps.yml,complex,unpinned,expr-no-taint
2,13,1,1,0,81,2,low,0,6,1,0.0,0.8571,0,1,0,0,not set,0,0,1,1,0,0,other,1,google/or-tools::.github/workflows/amd64_macos_bazel.yml,google/or-tools,.github/workflows/amd64_macos_bazel.yml,google_or-tools__.github__workflows__amd64_macos_bazel.yml,complex,unpinned,expr-no-taint
2,15,1,1,0,122,2,low,0,8,1,0.0,1.1429,0,1,0,0,not set,0,0,1,1,0,0,other,1,google/or-tools::.github/workflows/amd64_macos_cmake_cpp.yml,google/or-tools,.github/workflows/amd64_macos_cmake_cpp.yml,google_or-tools__.github__workflows__amd64_macos_cmake_cpp.yml,complex,unpinned,expr-no-taint
2,17,1,1,0,131,2,low,0,9,1,0.0,1.125,0,1,0,0,not set,0,0,1,1,0,0,other,1,google/or-tools::.github/workflows/amd64_macos_cmake_dotnet.yml,google/or-tools,.github/workflows/amd64_macos_cmake_dotnet.yml,google_or-tools__.github__workflows__amd64_macos_cmake_dotnet.yml,complex,unpinned,expr-no-taint
2,16,1,1,0,127,2,low,0,8,1,0.0,1.0,0,1,0,0,not set,0,0,1,1,0,0,other,1,google/or-tools::.github/workflows/amd64_macos_cmake_java.yml,google/or-tools,.github/workflows/amd64_macos_cmake_java.yml,google_or-tools__.github__workflows__amd64_macos_cmake_java.yml,complex,unpinned,expr-no-taint
2,17,1,1,0,141,2,low,0,9,1,0.0,1.125,0,1,0,0,not set,0,0,1,1,0,0,other,1,google/or-tools::.github/workflows/amd64_macos_cmake_python.yml,google/or-tools,.github/workflows/amd64_macos_cmake_python.yml,google_or-tools__.github__workflows__amd64_macos_cmake_python.yml,complex,unpinned,expr-no-taint
1,6,0,0,0,28,1,low,0,1,1,0.0,0.2,0,0,0,0,not set,0,0,0,0,0,0,other,1,google/or-tools::.github/workflows/amd64_web.yml,google/or-tools,.github/workflows/amd64_web.yml,google_or-tools__.github__workflows__amd64_web.yml,medium,unpinned,no-expr
2,13,1,1,0,76,2,low,0,6,1,0.0,0.8571,0,1,0,0,not set,0,0,1,1,0,0,other,1,google/or-tools::.github/workflows/amd64_windows_bazel.yml,google/or-tools,.github/workflows/amd64_windows_bazel.yml,google_or-tools__.github__workflows__amd64_windows_bazel.yml,complex,unpinned,expr-no-taint
2,9,1,1,0,82,2,low,0,4,1,0.0,0.8,0,1,0,0,not set,0,0,1,0,0,0,other,1,google/or-tools::.github/workflows/amd64_windows_cmake_cpp.yml,google/or-tools,.github/workflows/amd64_windows_cmake_cpp.yml,google_or-tools__.github__workflows__amd64_windows_cmake_cpp.yml,complex,unpinned,expr-no-taint
2,11,1,1,0,87,2,low,0,5,1,0.0,0.8333,0,1,0,0,not set,0,0,1,0,0,0,other,1,google/or-tools::.github/workflows/amd64_windows_cmake_dotnet.yml,google/or-tools,.github/workflows/amd64_windows_cmake_dotnet.yml,google_or-tools__.github__workflows__amd64_windows_cmake_dotnet.yml,complex,unpinned,expr-no-taint
2,11,1,1,0,106,2,low,0,5,1,0.0,0.8333,0,1,0,0,not set,0,0,1,0,0,0,other,1,google/or-tools::.github/workflows/amd64_windows_cmake_java.yml,google/or-tools,.github/workflows/amd64_windows_cmake_java.yml,google_or-tools__.github__workflows__amd64_windows_cmake_java.yml,complex,unpinned,expr-no-taint
2,12,1,1,0,98,2,low,0,5,1,0.0,0.7143,0,1,0,0,not set,0,0,1,0,0,0,other,1,google/or-tools::.github/workflows/amd64_windows_cmake_python.yml,google/or-tools,.github/workflows/amd64_windows_cmake_python.yml,google_or-tools__.github__workflows__amd64_windows_cmake_python.yml,complex,unpinned,expr-no-taint
2,13,1,1,0,81,2,low,0,6,1,0.0,0.8571,0,1,0,0,not set,0,0,1,1,0,0,other,1,google/or-tools::.github/workflows/arm64_macos_bazel.yml,google/or-tools,.github/workflows/arm64_macos_bazel.yml,google_or-tools__.github__workflows__arm64_macos_bazel.yml,complex,unpinned,expr-no-taint
2,15,1,1,0,122,2,low,0,8,1,0.0,1.1429,0,1,0,0,not set,0,0,1,1,0,0,other,1,google/or-tools::.github/workflows/arm64_macos_cmake_cpp.yml,google/or-tools,.github/workflows/arm64_macos_cmake_cpp.yml,google_or-tools__.github__workflows__arm64_macos_cmake_cpp.yml,complex,unpinned,expr-no-taint
2,17,1,1,0,131,2,low,0,9,1,0.0,1.125,0,1,0,0,not set,0,0,1,1,0,0,other,1,google/or-tools::.github/workflows/arm64_macos_cmake_dotnet.yml,google/or-tools,.github/workflows/arm64_macos_cmake_dotnet.yml,google_or-tools__.github__workflows__arm64_macos_cmake_dotnet.yml,complex,unpinned,expr-no-taint
2,16,1,1,0,127,2,low,0,8,1,0.0,1.0,0,1,0,0,not set,0,0,1,1,0,0,other,1,google/or-tools::.github/workflows/arm64_macos_cmake_java.yml,google/or-tools,.github/workflows/arm64_macos_cmake_java.yml,google_or-tools__.github__workflows__arm64_macos_cmake_java.yml,complex,unpinned,expr-no-taint
2,17,1,1,0,141,2,low,0,9,1,0.0,1.125,0,1,0,0,not set,0,0,1,1,0,0,other,1,google/or-tools::.github/workflows/arm64_macos_cmake_python.yml,google/or-tools,.github/workflows/arm64_macos_cmake_python.yml,google_or-tools__.github__workflows__arm64_macos_cmake_python.yml,complex,unpinned,expr-no-taint
1,7,0,0,0,33,2,low,0,1,1,0.0,0.1667,0,0,0,0,not set,0,0,0,0,0,0,code-quality,1,google/or-tools::.github/workflows/check_format.yml,google/or-tools,.github/workflows/check_format.yml,google_or-tools__.github__workflows__check_format.yml,medium,unpinned,no-expr
1,5,1,0,0,28,1,low,0,1,1,0.0,0.25,0,1,0,0,not set,0,0,0,0,0,0,other,1,google/or-tools::.github/workflows/mips_toolchain.yml,google/or-tools,.github/workflows/mips_toolchain.yml,google_or-tools__.github__workflows__mips_toolchain.yml,complex,unpinned,expr-no-taint
1,5,1,0,0,28,1,low,0,1,1,0.0,0.25,0,1,0,0,not set,0,0,0,0,0,0,other,1,google/or-tools::.github/workflows/powerpc_toolchain.yml,google/or-tools,.github/workflows/powerpc_toolchain.yml,google_or-tools__.github__workflows__powerpc_toolchain.yml,complex,unpinned,expr-no-taint
3,18,1,0,0,127,1,medium,0,9,3,0.0,1.0,1,1,0,0,not set,0,0,0,1,0,0,other,1,google/or-tools::.github/workflows/presubmit.yml,google/or-tools,.github/workflows/presubmit.yml,google_or-tools__.github__workflows__presubmit.yml,complex,unpinned,expr-no-taint
1,2,1,0,0,49,1,medium,0,2,1,0.0,2.0,1,0,0,1,read-all,4,1,0,0,0,0,other,1,google/oss-fuzz::.github/workflows/cflite_pr.yml,google/oss-fuzz,.github/workflows/cflite_pr.yml,google_oss-fuzz__.github__workflows__cflite_pr.yml,complex,unpinned,no-expr
1,5,0,0,0,63,1,medium,0,2,1,0.0,0.6667,0,0,0,0,not set,0,0,1,1,0,0,ci-test,1,google/oss-fuzz::.github/workflows/check_base_os.yml,google/oss-fuzz,.github/workflows/check_base_os.yml,google_oss-fuzz__.github__workflows__check_base_os.yml,medium,unpinned,no-expr
1,4,0,0,0,55,2,medium,0,4,2,0.0,4.0,0,0,0,1,not set,0,0,0,0,0,0,security-scan,1,google/oss-fuzz::.github/workflows/codeql-analysis.yml,google/oss-fuzz,.github/workflows/codeql-analysis.yml,google_oss-fuzz__.github__workflows__codeql-analysis.yml,medium,unpinned,no-expr
1,5,0,0,0,38,1,medium,0,2,1,0.0,0.6667,0,0,0,1,granular,0,0,0,0,0,0,build,1,google/oss-fuzz::.github/workflows/index_build_tests.yml,google/oss-fuzz,.github/workflows/index_build_tests.yml,google_oss-fuzz__.github__workflows__index_build_tests.yml,medium,unpinned,no-expr
1,3,0,0,0,29,1,medium,0,1,1,0.0,0.5,0,0,0,1,granular,0,0,0,0,0,0,build,1,google/oss-fuzz::.github/workflows/indexer_build.yml,google/oss-fuzz,.github/workflows/indexer_build.yml,google_oss-fuzz__.github__workflows__indexer_build.yml,simple,unpinned,no-expr
1,8,0,0,0,53,1,medium,0,4,2,0.0,1.0,0,0,0,1,granular,0,0,0,0,0,0,ci-test,1,google/oss-fuzz::.github/workflows/infra_tests.yml,google/oss-fuzz,.github/workflows/infra_tests.yml,google_oss-fuzz__.github__workflows__infra_tests.yml,medium,unpinned,no-expr
1,8,0,0,0,70,1,high,0,5,1,0.0,1.6667,0,0,0,1,not set,2,1,1,1,0,0,other,1,google/oss-fuzz::.github/workflows/pr_helper.yml,google/oss-fuzz,.github/workflows/pr_helper.yml,google_oss-fuzz__.github__workflows__pr_helper.yml,medium,unpinned,no-expr
1,5,0,0,0,43,1,medium,0,2,1,0.0,0.6667,0,0,0,1,granular,0,0,0,0,0,0,ci-test,1,google/oss-fuzz::.github/workflows/presubmit.yml,google/oss-fuzz,.github/workflows/presubmit.yml,google_oss-fuzz__.github__workflows__presubmit.yml,medium,unpinned,no-expr
1,6,1,0,0,87,1,medium,0,2,1,0.0,0.5,0,0,0,1,granular,0,0,1,0,0,0,ci-test,1,google/oss-fuzz::.github/workflows/project_tests.yml,google/oss-fuzz,.github/workflows/project_tests.yml,google_oss-fuzz__.github__workflows__project_tests.yml,complex,unpinned,no-expr
1,2,0,0,0,103,1,medium,0,1,1,0.0,1.0,0,0,0,0,not set,0,0,1,0,0,0,ci-test,1,google/oss-fuzz::.github/workflows/ubuntu_version_sync.yml,google/oss-fuzz,.github/workflows/ubuntu_version_sync.yml,google_oss-fuzz__.github__workflows__ubuntu_version_sync.yml,simple,unpinned,no-expr
1,4,0,0,0,46,2,low,0,3,2,1.0,3.0,1,0,0,1,empty,1,0,0,0,0,0,other,1,google/osv-scanner::.github/workflows/cassettes.yml,google/osv-scanner,.github/workflows/cassettes.yml,google_osv-scanner__.github__workflows__cassettes.yml,medium,pinned,no-expr
8,25,1,1,0,187,3,medium,0,17,3,1.0,4.0,1,1,0,1,empty,1,0,0,0,0,0,ci-test,1,google/osv-scanner::.github/workflows/checks.yml,google/osv-scanner,.github/workflows/checks.yml,google_osv-scanner__.github__workflows__checks.yml,complex,pinned,expr-no-taint
1,5,1,0,0,76,2,medium,0,5,2,1.0,5.0,0,0,0,1,empty,0,0,0,0,0,0,security-scan,1,google/osv-scanner::.github/workflows/codeql-analysis.yml,google/osv-scanner,.github/workflows/codeql-analysis.yml,google_osv-scanner__.github__workflows__codeql-analysis.yml,complex,pinned,no-expr
1,5,0,0,0,50,2,low,0,3,2,1.0,1.5,1,0,0,1,empty,1,0,0,0,0,0,ci-test,1,google/osv-scanner::.github/workflows/dependencies.yml,google/osv-scanner,.github/workflows/dependencies.yml,google_osv-scanner__.github__workflows__dependencies.yml,medium,pinned,no-expr
1,6,0,0,0,52,2,low,0,6,3,1.0,6.0,1,0,0,1,empty,2,1,1,0,0,0,deploy-release,1,google/osv-scanner::.github/workflows/goreleaser-nightly.yml,google/osv-scanner,.github/workflows/goreleaser-nightly.yml,google_osv-scanner__.github__workflows__goreleaser-nightly.yml,medium,pinned,no-expr
2,8,0,1,1,80,1,low,0,6,3,1.0,3.0,1,0,0,1,empty,2,1,1,0,0,0,deploy-release,1,google/osv-scanner::.github/workflows/goreleaser.yml,google/osv-scanner,.github/workflows/goreleaser.yml,google_osv-scanner__.github__workflows__goreleaser.yml,medium,pinned,no-expr
1,2,0,0,0,28,3,medium,0,2,2,1.0,2.0,1,0,0,1,empty,0,0,0,0,0,0,ci-test,1,google/osv-scanner::.github/workflows/links.yml,google/osv-scanner,.github/workflows/links.yml,google_osv-scanner__.github__workflows__links.yml,simple,pinned,no-expr
1,1,0,0,0,56,1,low,0,0,0,0.0,0.0,0,0,0,1,granular,0,0,0,0,0,0,security-scan,1,google/osv-scanner::.github/workflows/osv-scanner-reusable-pr.yml,google/osv-scanner,.github/workflows/osv-scanner-reusable-pr.yml,google_osv-scanner__.github__workflows__osv-scanner-reusable-pr.yml,simple,no-third-party,no-expr
1,1,0,0,0,61,1,low,0,0,0,0.0,0.0,0,0,0,1,granular,0,0,0,0,0,0,security-scan,1,google/osv-scanner::.github/workflows/osv-scanner-reusable.yml,google/osv-scanner,.github/workflows/osv-scanner-reusable.yml,google_osv-scanner__.github__workflows__osv-scanner-reusable.yml,simple,no-third-party,no-expr
2,0,0,0,1,55,3,medium,0,0,0,0.0,0.0,0,0,0,1,empty,0,0,0,1,0,0,security-scan,1,google/osv-scanner::.github/workflows/osv-scanner-unified-action.yml,google/osv-scanner,.github/workflows/osv-scanner-unified-action.yml,google_osv-scanner__.github__workflows__osv-scanner-unified-action.yml,medium,no-third-party,no-expr
9,22,1,1,1,173,1,low,1,14,2,1.0,3.4,1,0,0,1,empty,1,0,1,0,0,0,deploy-release,1,google/osv-scanner::.github/workflows/prerelease-check.yml,google/osv-scanner,.github/workflows/prerelease-check.yml,google_osv-scanner__.github__workflows__prerelease-check.yml,complex,pinned,no-expr
1,3,0,0,0,32,2,medium,0,2,1,1.0,2.0,0,0,0,1,empty,0,0,0,0,0,0,dependency-management,1,google/osv-scanner::.github/workflows/renovate-validator.yml,google/osv-scanner,.github/workflows/renovate-validator.yml,google_osv-scanner__.github__workflows__renovate-validator.yml,simple,pinned,no-expr
1,4,0,0,0,73,3,low,0,4,3,1.0,4.0,1,0,0,1,empty,1,0,0,0,0,0,security-scan,1,google/osv-scanner::.github/workflows/scorecards.yml,google/osv-scanner,.github/workflows/scorecards.yml,google_osv-scanner__.github__workflows__scorecards.yml,medium,pinned,no-expr
1,4,0,0,0,46,2,low,0,3,2,1.0,3.0,1,0,0,1,empty,1,0,0,0,0,0,other,1,google/osv-scanner::.github/workflows/snapshots.yml,google/osv-scanner,.github/workflows/snapshots.yml,google_osv-scanner__.github__workflows__snapshots.yml,medium,pinned,no-expr
1,1,0,0,0,38,1,low,0,1,1,1.0,1.0,0,0,0,1,read-all,0,0,0,0,0,0,other,1,google/osv-scanner::.github/workflows/staleness.yml,google/osv-scanner,.github/workflows/staleness.yml,google_osv-scanner__.github__workflows__staleness.yml,simple,pinned,no-expr
1,1,0,0,0,34,1,medium,0,1,1,1.0,1.0,1,0,0,1,granular,1,1,1,0,0,0,other,1,google/osv-scanner::.github/workflows/title.yml,google/osv-scanner,.github/workflows/title.yml,google_osv-scanner__.github__workflows__title.yml,simple,pinned,no-expr
1,4,1,0,0,71,2,medium,0,4,2,1.0,4.0,0,0,0,1,empty,0,0,0,0,0,0,security-scan,1,google/osv.dev::.github/workflows/codeql-analysis.yml,google/osv.dev,.github/workflows/codeql-analysis.yml,google_osv.dev__.github__workflows__codeql-analysis.yml,complex,pinned,no-expr
1,1,0,0,0,24,1,high,0,0,0,0.0,0.0,0,0,0,1,empty,1,1,1,1,0,0,ci-test,1,google/osv.dev::.github/workflows/issue-signposting.yml,google/osv.dev,.github/workflows/issue-signposting.yml,google_osv.dev__.github__workflows__issue-signposting.yml,simple,no-third-party,no-expr
1,2,0,0,0,28,3,medium,0,2,2,1.0,2.0,1,0,0,1,empty,0,0,0,0,0,0,ci-test,1,google/osv.dev::.github/workflows/links.yml,google/osv.dev,.github/workflows/links.yml,google_osv.dev__.github__workflows__links.yml,simple,pinned,no-expr
2,9,0,0,0,61,2,medium,0,5,2,1.0,1.25,0,0,0,1,granular,0,0,0,0,0,0,code-quality,1,google/osv.dev::.github/workflows/lint.yaml,google/osv.dev,.github/workflows/lint.yaml,google_osv.dev__.github__workflows__lint.yaml,medium,pinned,no-expr
2,0,0,0,1,49,3,medium,0,0,0,0.0,0.0,0,0,0,1,granular,0,0,0,1,0,0,security-scan,1,google/osv.dev::.github/workflows/osv-scanner-unified.yml,google/osv.dev,.github/workflows/osv-scanner-unified.yml,google_osv.dev__.github__workflows__osv-scanner-unified.yml,medium,no-third-party,no-expr
1,1,0,0,0,36,1,high,0,1,1,1.0,1.0,1,0,0,1,granular,1,1,1,0,0,0,code-quality,1,google/osv.dev::.github/workflows/pr-check.yml,google/osv.dev,.github/workflows/pr-check.yml,google_osv.dev__.github__workflows__pr-check.yml,simple,pinned,no-expr
1,5,0,0,0,50,1,low,0,3,2,1.0,1.5,1,0,0,1,read-all,1,0,0,0,0,0,deploy-release,1,google/osv.dev::.github/workflows/publish-to-pypi.yaml,google/osv.dev,.github/workflows/publish-to-pypi.yaml,google_osv.dev__.github__workflows__publish-to-pypi.yaml,medium,pinned,no-expr
1,3,0,0,0,28,2,medium,0,2,1,1.0,2.0,0,0,0,1,empty,0,0,0,0,0,0,dependency-management,1,google/osv.dev::.github/workflows/renovate-validator.yml,google/osv.dev,.github/workflows/renovate-validator.yml,google_osv.dev__.github__workflows__renovate-validator.yml,simple,pinned,no-expr
1,4,0,0,0,55,3,low,0,4,3,1.0,4.0,1,0,0,1,empty,1,0,0,0,0,0,security-scan,1,google/osv.dev::.github/workflows/scorecards.yml,google/osv.dev,.github/workflows/scorecards.yml,google_osv.dev__.github__workflows__scorecards.yml,medium,pinned,no-expr
1,4,0,0,0,46,2,low,0,3,2,1.0,3.0,1,0,0,1,empty,1,0,0,0,0,0,other,1,google/osv.dev::.github/workflows/snapshots.yml,google/osv.dev,.github/workflows/snapshots.yml,google_osv.dev__.github__workflows__snapshots.yml,medium,pinned,no-expr
1,1,0,0,0,39,1,low,0,1,1,1.0,1.0,0,0,0,1,empty,0,0,0,0,0,0,other,1,google/osv.dev::.github/workflows/staleness.yml,google/osv.dev,.github/workflows/staleness.yml,google_osv.dev__.github__workflows__staleness.yml,simple,pinned,no-expr
9,5,0,1,1,195,2,medium,0,1,1,0.0,0.25,0,1,1,1,granular,0,1,1,1,0,0,ci-test,1,google/perfetto::.github/workflows/analyze.yml,google/perfetto,.github/workflows/analyze.yml,google_perfetto__.github__workflows__analyze.yml,complex,unpinned,taint
1,12,0,0,0,83,1,low,0,1,1,0.0,0.7143,0,1,0,0,not set,0,0,0,1,1,0,ci-test,1,google/perfetto::.github/workflows/android-tests.yml,google/perfetto,.github/workflows/android-tests.yml,google_perfetto__.github__workflows__android-tests.yml,complex,unpinned,expr-no-taint
1,7,0,0,0,82,1,low,0,1,1,0.0,1.3333,0,0,0,0,not set,0,0,1,1,1,0,ci-test,1,google/perfetto::.github/workflows/bazel-tests.yml,google/perfetto,.github/workflows/bazel-tests.yml,google_perfetto__.github__workflows__bazel-tests.yml,medium,unpinned,no-expr
1,1,0,0,0,98,1,medium,0,1,1,0.0,1.0,0,0,1,1,granular,0,0,0,1,0,0,other,1,google/perfetto::.github/workflows/chromium-copybara-import.yml,google/perfetto,.github/workflows/chromium-copybara-import.yml,google_perfetto__.github__workflows__chromium-copybara-import.yml,simple,unpinned,no-expr
1,9,0,0,0,73,1,low,0,1,1,0.0,1.25,0,1,0,0,not set,0,0,0,1,1,0,ci-test,1,google/perfetto::.github/workflows/fuzzer-tests.yml,google/perfetto,.github/workflows/fuzzer-tests.yml,google_perfetto__.github__workflows__fuzzer-tests.yml,medium,unpinned,expr-no-taint
1,18,1,0,0,174,1,low,0,1,1,0.0,0.3846,0,1,0,0,not set,0,0,1,1,1,0,ci-test,1,google/perfetto::.github/workflows/linux-tests.yml,google/perfetto,.github/workflows/linux-tests.yml,google_perfetto__.github__workflows__linux-tests.yml,complex,unpinned,expr-no-taint
1,6,0,0,0,64,1,low,0,1,1,0.0,0.2,0,0,0,1,granular,0,1,1,0,0,0,other,1,google/perfetto::.github/workflows/merge-canary-to-stable.yml,google/perfetto,.github/workflows/merge-canary-to-stable.yml,google_perfetto__.github__workflows__merge-canary-to-stable.yml,medium,unpinned,no-expr
1,6,0,0,0,64,1,low,0,1,1,0.0,0.2,0,0,0,1,granular,0,1,1,0,0,0,other,1,google/perfetto::.github/workflows/merge-main-to-canary.yml,google/perfetto,.github/workflows/merge-main-to-canary.yml,google_perfetto__.github__workflows__merge-main-to-canary.yml,medium,unpinned,no-expr
1,1,0,0,0,39,1,medium,0,0,0,0.0,0.0,0,1,0,0,not set,0,0,0,1,0,0,ci-test,1,google/perfetto::.github/workflows/pr-branch-check.yml,google/perfetto,.github/workflows/pr-branch-check.yml,google_perfetto__.github__workflows__pr-branch-check.yml,simple,no-third-party,expr-no-taint
1,7,0,0,0,70,1,low,0,1,1,0.0,0.4,0,1,0,0,not set,0,0,0,1,1,0,ci-test,1,google/perfetto::.github/workflows/repo-checks.yml,google/perfetto,.github/workflows/repo-checks.yml,google_perfetto__.github__workflows__repo-checks.yml,medium,unpinned,expr-no-taint
1,2,0,0,0,106,1,high,0,0,0,0.0,0.0,0,1,0,1,granular,2,1,0,1,0,0,other,1,google/perfetto::.github/workflows/require-two-reviewers-for-fork-prs.yml,google/perfetto,.github/workflows/require-two-reviewers-for-fork-prs.yml,google_perfetto__.github__workflows__require-two-reviewers-for-fork-prs.yml,simple,no-third-party,expr-no-taint
1,10,0,0,0,91,1,low,0,1,1,0.0,0.25,0,1,0,1,granular,0,0,1,1,1,0,ci-test,1,google/perfetto::.github/workflows/rust-sdk-tests.yml,google/perfetto,.github/workflows/rust-sdk-tests.yml,google_perfetto__.github__workflows__rust-sdk-tests.yml,complex,unpinned,expr-no-taint
1,7,0,0,0,94,2,low,0,2,2,0.0,0.75,1,0,0,1,granular,0,1,1,1,1,0,other,1,google/perfetto::.github/workflows/sync-protos.yml,google/perfetto,.github/workflows/sync-protos.yml,google_perfetto__.github__workflows__sync-protos.yml,medium,unpinned,no-expr
1,15,0,0,0,177,1,low,0,2,1,0.0,0.6667,0,1,0,1,granular,0,0,1,1,1,0,ci-test,1,google/perfetto::.github/workflows/ui-tests.yml,google/perfetto,.github/workflows/ui-tests.yml,google_perfetto__.github__workflows__ui-tests.yml,complex,unpinned,expr-no-taint
1,5,0,0,0,73,2,low,0,3,2,0.0,1.5,1,0,0,1,granular,0,0,0,1,0,0,other,1,google/perfetto::.github/workflows/update-codeowners.yml,google/perfetto,.github/workflows/update-codeowners.yml,google_perfetto__.github__workflows__update-codeowners.yml,medium,unpinned,no-expr
4,24,1,1,0,262,3,medium,0,13,5,1.0,1.1818,1,1,0,0,not set,2,0,1,1,0,0,ci-test,1,google/pprof::.github/workflows/ci.yaml,google/pprof,.github/workflows/ci.yaml,google_pprof__.github__workflows__ci.yaml,complex,pinned,expr-no-taint
1,3,1,0,0,38,2,medium,0,2,1,0.0,2.0,0,0,0,0,not set,0,0,1,0,0,0,build,1,google/python-fire::.github/workflows/build.yml,google/python-fire,.github/workflows/build.yml,google_python-fire__.github__workflows__build.yml,complex,unpinned,no-expr
3,10,1,1,0,85,3,medium,0,7,2,0.0,2.3333,0,1,0,0,not set,0,0,0,1,0,0,build,1,google/pytype::.github/workflows/build.yml,google/pytype,.github/workflows/build.yml,google_pytype__.github__workflows__build.yml,complex,unpinned,expr-no-taint
2,14,1,0,0,88,3,medium,0,5,2,0.0,0.5556,1,1,0,0,not set,0,0,0,1,0,0,ci-test,1,google/pytype::.github/workflows/ci.yml,google/pytype,.github/workflows/ci.yml,google_pytype__.github__workflows__ci.yml,complex,unpinned,expr-no-taint
1,5,1,0,0,34,2,medium,0,3,2,0.0,1.5,1,0,0,1,granular,0,0,0,0,0,0,ci-test,1,google/re2::.github/workflows/ci-bazel.yml,google/re2,.github/workflows/ci-bazel.yml,google_re2__.github__workflows__ci-bazel.yml,complex,unpinned,no-expr
3,9,1,0,0,58,2,medium,0,3,1,0.0,0.5,0,1,0,1,granular,0,0,0,0,0,0,ci-test,1,google/re2::.github/workflows/ci-cmake.yml,google/re2,.github/workflows/ci-cmake.yml,google_re2__.github__workflows__ci-cmake.yml,complex,unpinned,expr-no-taint
3,10,1,0,0,79,2,medium,0,3,1,0.0,0.4286,0,1,0,1,granular,0,0,1,0,0,0,ci-test,1,google/re2::.github/workflows/ci.yml,google/re2,.github/workflows/ci.yml,google_re2__.github__workflows__ci.yml,complex,unpinned,expr-no-taint
2,6,0,1,0,41,1,low,0,5,2,0.0,5.0,1,0,0,1,granular,1,1,1,0,0,1,documentation,1,google/re2::.github/workflows/pages.yml,google/re2,.github/workflows/pages.yml,google_re2__.github__workflows__pages.yml,medium,unpinned,no-expr
4,32,1,1,0,258,1,low,1,15,3,0.0,0.8824,1,1,0,1,granular,3,1,1,1,0,1,other,1,google/re2::.github/workflows/python.yml,google/re2,.github/workflows/python.yml,google_re2__.github__workflows__python.yml,complex,unpinned,expr-no-taint
1,0,0,0,1,42,2,low,1,0,0,0.0,0.0,0,0,0,1,not set,1,0,0,0,0,0,deploy-release,1,google/re2::.github/workflows/release-bazel.yml,google/re2,.github/workflows/release-bazel.yml,google_re2__.github__workflows__release-bazel.yml,simple,no-third-party,no-expr
2,4,0,1,1,50,1,low,0,2,2,0.0,1.0,1,0,0,1,granular,2,1,1,0,0,0,deploy-release,1,google/re2::.github/workflows/release.yml,google/re2,.github/workflows/release.yml,google_re2__.github__workflows__release.yml,medium,unpinned,no-expr
1,5,0,0,0,39,2,medium,0,2,1,0.0,0.6667,0,0,0,1,granular,0,0,0,0,0,0,other,1,google/recaptcha::.github/workflows/php.yml,google/recaptcha,.github/workflows/php.yml,google_recaptcha__.github__workflows__php.yml,medium,unpinned,no-expr
2,9,1,0,0,86,4,medium,0,4,3,1.0,0.8,1,0,1,1,read-all,0,0,0,1,0,0,build,1,google/s2geometry::.github/workflows/build.yml,google/s2geometry,.github/workflows/build.yml,google_s2geometry__.github__workflows__build.yml,complex,pinned,no-expr
2,11,1,1,0,206,2,low,1,4,2,0.0,0.5714,0,1,0,1,not set,2,1,1,1,0,0,security-scan,1,google/security-research::.github/workflows/kernel-codeql-release.yaml,google/security-research,.github/workflows/kernel-codeql-release.yaml,google_security-research__.github__workflows__kernel-codeql-release.yaml,complex,unpinned,expr-no-taint
2,8,1,1,1,76,2,low,0,3,2,0.0,0.6,0,1,0,1,empty,1,0,0,1,0,0,deploy-release,1,google/security-research::.github/workflows/kernelctf-auto-releaser.yaml,google/security-research,.github/workflows/kernelctf-auto-releaser.yaml,google_security-research__.github__workflows__kernelctf-auto-releaser.yaml,complex,unpinned,expr-no-taint
2,14,0,1,0,180,2,low,1,6,2,0.0,0.75,0,1,0,1,empty,1,0,0,1,0,0,deploy-release,1,google/security-research::.github/workflows/kernelctf-release-build.yaml,google/security-research,.github/workflows/kernelctf-release-build.yaml,google_security-research__.github__workflows__kernelctf-release-build.yaml,complex,unpinned,expr-no-taint
5,48,1,1,0,490,3,high,1,16,2,0.0,0.5,0,1,0,1,empty,1,0,1,1,0,0,ci-test,1,google/security-research::.github/workflows/kernelctf-submission-verification.yaml,google/security-research,.github/workflows/kernelctf-submission-verification.yaml,google_security-research__.github__workflows__kernelctf-submission-verification.yaml,complex,unpinned,expr-no-taint
2,3,1,1,1,49,1,low,1,3,2,0.0,3.0,0,0,0,1,empty,1,0,0,1,0,0,ci-test,1,google/security-research::.github/workflows/kernelctf-verify-all.yaml,google/security-research,.github/workflows/kernelctf-verify-all.yaml,google_security-research__.github__workflows__kernelctf-verify-all.yaml,complex,unpinned,no-expr
1,4,0,0,0,39,2,low,0,1,1,0.0,0.3333,0,0,0,1,not set,0,0,0,0,0,0,other,1,google/security-research::.github/workflows/v8ctf-challenge-updater.yaml,google/security-research,.github/workflows/v8ctf-challenge-updater.yaml,google_security-research__.github__workflows__v8ctf-challenge-updater.yaml,medium,unpinned,no-expr
1,6,1,0,0,35,2,medium,0,2,1,0.0,0.5,0,0,0,0,not set,0,0,0,0,0,0,build,1,google/seesaw::.github/workflows/ci.yaml,google/seesaw,.github/workflows/ci.yaml,google_seesaw__.github__workflows__ci.yaml,complex,unpinned,no-expr
1,3,0,0,0,30,1,medium,0,3,2,0.0,3.0,1,0,0,1,granular,0,0,0,1,0,0,ci-test,1,google/sentencepiece::.github/workflows/cifuzz.yml,google/sentencepiece,.github/workflows/cifuzz.yml,google_sentencepiece__.github__workflows__cifuzz.yml,simple,unpinned,no-expr
1,8,1,0,0,90,4,medium,0,3,2,0.6667,0.6,1,1,0,1,granular,1,1,0,1,0,0,build,1,google/sentencepiece::.github/workflows/cmake.yml,google/sentencepiece,.github/workflows/cmake.yml,google_sentencepiece__.github__workflows__cmake.yml,complex,pinned,expr-no-taint
1,4,1,0,0,49,4,medium,0,1,1,1.0,0.3333,0,1,0,1,granular,0,0,0,1,0,0,build,1,google/sentencepiece::.github/workflows/cross_build.yml,google/sentencepiece,.github/workflows/cross_build.yml,google_sentencepiece__.github__workflows__cross_build.yml,complex,pinned,expr-no-taint
4,24,1,1,1,200,4,medium,0,8,3,0.875,0.5,1,1,0,1,granular,1,1,1,1,0,0,build,1,google/sentencepiece::.github/workflows/wheel.yml,google/sentencepiece,.github/workflows/wheel.yml,google_sentencepiece__.github__workflows__wheel.yml,complex,pinned,expr-no-taint
1,7,0,0,0,66,2,low,0,1,1,0.0,0.1667,0,0,0,1,granular,0,1,1,1,0,0,ci-test,1,google/shaderc::.github/workflows/autoroll.yml,google/shaderc,.github/workflows/autoroll.yml,google_shaderc__.github__workflows__autoroll.yml,medium,unpinned,no-expr
1,8,1,0,0,135,2,medium,0,1,1,0.0,0.1429,0,1,0,1,granular,0,0,1,1,0,0,build,1,google/snappy::.github/workflows/build.yml,google/snappy,.github/workflows/build.yml,google_snappy__.github__workflows__build.yml,complex,unpinned,expr-no-taint
1,4,0,0,0,43,2,medium,0,1,1,0.0,0.3333,0,0,0,0,not set,0,0,0,0,0,0,ci-test,1,google/snappy::.github/workflows/riscv64-qemu-test.yaml,google/snappy,.github/workflows/riscv64-qemu-test.yaml,google_snappy__.github__workflows__riscv64-qemu-test.yaml,medium,unpinned,no-expr
1,3,1,0,0,19,2,medium,0,2,1,0.0,2.0,0,0,0,0,not set,0,0,0,0,0,0,ci-test,1,google/starlark-go::.github/workflows/tests.yml,google/starlark-go,.github/workflows/tests.yml,google_starlark-go__.github__workflows__tests.yml,complex,unpinned,no-expr
8,27,1,0,0,229,2,medium,0,18,2,1.0,2.0,0,1,0,1,granular,2,0,1,0,0,1,ci-test,1,google/syzkaller::.github/workflows/ci.yml,google/syzkaller,.github/workflows/ci.yml,google_syzkaller__.github__workflows__ci.yml,complex,pinned,expr-no-taint
1,2,0,0,0,19,1,medium,0,2,1,1.0,2.0,0,0,0,1,granular,0,0,0,0,0,0,dependency-management,1,google/syzkaller::.github/workflows/depsreview.yaml,google/syzkaller,.github/workflows/depsreview.yaml,google_syzkaller__.github__workflows__depsreview.yaml,simple,pinned,no-expr
1,6,0,0,0,477,3,high,1,4,2,0.75,2.0,0,0,5,1,granular,8,1,1,1,0,0,other,1,google/syzkaller::.github/workflows/gemini-pr-review.yml,google/syzkaller,.github/workflows/gemini-pr-review.yml,google_syzkaller__.github__workflows__gemini-pr-review.yml,medium,pinned,taint
1,4,0,0,0,34,1,medium,0,4,3,0.0,4.0,1,0,0,0,not set,0,0,0,1,0,0,other,1,google/syzkaller::.github/workflows/oss-fuzz.yml,google/syzkaller,.github/workflows/oss-fuzz.yml,google_syzkaller__.github__workflows__oss-fuzz.yml,medium,unpinned,no-expr
3,9,0,0,0,44,2,medium,0,3,1,0.0,0.5,0,0,0,0,not set,0,0,0,0,0,0,ci-test,1,google/tamperchrome::.github/workflows/ci.yml,google/tamperchrome,.github/workflows/ci.yml,google_tamperchrome__.github__workflows__ci.yml,medium,unpinned,no-expr
1,4,1,0,0,67,3,medium,0,4,2,0.0,4.0,0,0,0,0,not set,0,0,0,0,0,0,security-scan,1,google/tamperchrome::.github/workflows/codeql-analysis.yml,google/tamperchrome,.github/workflows/codeql-analysis.yml,google_tamperchrome__.github__workflows__codeql-analysis.yml,complex,unpinned,no-expr
2,6,0,0,0,39,2,low,0,4,3,0.0,2.0,1,0,0,0,not set,0,0,0,0,0,0,ci-test,1,google/tamperchrome::.github/workflows/post-commit.yml,google/tamperchrome,.github/workflows/post-commit.yml,google_tamperchrome__.github__workflows__post-commit.yml,medium,unpinned,no-expr
1,7,0,0,0,67,1,low,1,3,1,0.0,0.75,0,0,0,0,not set,2,1,1,0,0,0,deploy-release,1,google/tamperchrome::.github/workflows/release.yml,google/tamperchrome,.github/workflows/release.yml,google_tamperchrome__.github__workflows__release.yml,medium,unpinned,no-expr
6,17,1,1,0,120,3,medium,0,10,2,0.0,1.4286,1,1,0,0,not set,0,0,0,1,0,0,other,1,google/tarpc::.github/workflows/main.yml,google/tarpc,.github/workflows/main.yml,google_tarpc__.github__workflows__main.yml,complex,unpinned,expr-no-taint
1,3,0,0,0,14,1,medium,0,3,3,0.0,3.0,1,0,0,0,not set,0,1,0,0,0,0,other,1,google/tarpc::.github/workflows/pr_review.yml,google/tarpc,.github/workflows/pr_review.yml,google_tarpc__.github__workflows__pr_review.yml,simple,unpinned,no-expr
1,6,0,0,0,51,2,low,0,2,1,0.5,0.5,0,1,0,0,not set,1,0,0,0,0,0,deploy-release,1,google/timesketch::.github/workflows/build_frontend-ng.yml,google/timesketch,.github/workflows/build_frontend-ng.yml,google_timesketch__.github__workflows__build_frontend-ng.yml,medium,pinned,expr-no-taint
1,6,0,0,0,51,2,low,0,2,1,0.5,0.5,0,1,0,0,not set,1,0,0,0,0,0,deploy-release,1,google/timesketch::.github/workflows/build_frontend-v3.yml,google/timesketch,.github/workflows/build_frontend-v3.yml,google_timesketch__.github__workflows__build_frontend-v3.yml,medium,pinned,expr-no-taint
1,5,0,0,0,34,2,low,0,3,2,0.3333,1.5,1,0,0,0,not set,2,1,0,0,0,0,deploy-release,1,google/timesketch::.github/workflows/documentation.yml,google/timesketch,.github/workflows/documentation.yml,google_timesketch__.github__workflows__documentation.yml,medium,unpinned,no-expr
2,8,1,0,0,51,1,medium,0,4,2,0.5,1.0,1,0,0,0,not set,0,0,0,1,0,0,ci-test,1,google/timesketch::.github/workflows/e2e-tests.yml,google/timesketch,.github/workflows/e2e-tests.yml,google_timesketch__.github__workflows__e2e-tests.yml,complex,pinned,no-expr
3,12,1,0,0,74,1,medium,0,8,2,0.375,2.0,1,0,0,0,not set,0,0,0,0,0,0,code-quality,1,google/timesketch::.github/workflows/linters.yml,google/timesketch,.github/workflows/linters.yml,google_timesketch__.github__workflows__linters.yml,complex,unpinned,no-expr
2,11,1,0,0,77,1,medium,0,6,1,0.3333,1.2,0,0,0,0,not set,0,0,0,0,0,0,ci-test,1,google/timesketch::.github/workflows/unit-tests.yml,google/timesketch,.github/workflows/unit-tests.yml,google_timesketch__.github__workflows__unit-tests.yml,complex,unpinned,no-expr
1,4,1,0,0,77,3,medium,0,4,2,1.0,4.0,0,0,0,1,granular,0,0,0,0,0,0,security-scan,1,google/trillian::.github/workflows/codeql.yml,google/trillian,.github/workflows/codeql.yml,google_trillian__.github__workflows__codeql.yml,complex,pinned,no-expr
1,3,0,0,0,23,2,medium,0,3,2,1.0,3.0,1,0,0,1,granular,0,0,0,0,0,0,code-quality,1,google/trillian::.github/workflows/golangci-lint.yml,google/trillian,.github/workflows/golangci-lint.yml,google_trillian__.github__workflows__golangci-lint.yml,simple,pinned,no-expr
1,1,0,0,0,23,2,medium,0,1,1,1.0,1.0,1,0,0,1,granular,0,0,0,0,0,0,ci-test,1,google/trillian::.github/workflows/govulncheck.yml,google/trillian,.github/workflows/govulncheck.yml,google_trillian__.github__workflows__govulncheck.yml,simple,pinned,no-expr
1,4,0,0,0,72,3,low,0,4,3,1.0,4.0,1,0,0,1,read-all,1,0,0,0,0,0,security-scan,1,google/trillian::.github/workflows/scorecard.yml,google/trillian,.github/workflows/scorecard.yml,google_trillian__.github__workflows__scorecard.yml,medium,pinned,no-expr
3,13,0,0,0,80,3,medium,0,8,3,1.0,1.6,1,0,0,1,granular,0,0,0,0,0,0,ci-test,1,google/trillian::.github/workflows/test_crdb.yaml,google/trillian,.github/workflows/test_crdb.yaml,google_trillian__.github__workflows__test_crdb.yaml,complex,pinned,no-expr
2,8,0,0,0,71,3,medium,0,5,2,1.0,1.6667,1,0,0,1,granular,0,0,0,0,0,1,ci-test,1,google/trillian::.github/workflows/test_pgdb.yaml,google/trillian,.github/workflows/test_pgdb.yaml,google_trillian__.github__workflows__test_pgdb.yaml,medium,pinned,no-expr
3,12,1,1,0,84,2,medium,0,7,2,1.0,1.4,1,0,0,1,not set,3,1,1,1,0,0,ci-test,1,google/truth::.github/workflows/ci.yml,google/truth,.github/workflows/ci.yml,google_truth__.github__workflows__ci.yml,complex,pinned,no-expr
1,2,0,0,0,30,2,medium,0,2,2,0.0,2.0,0,0,0,1,not set,0,0,0,0,0,0,build,1,google/tsunami-security-scanner::.github/workflows/core-build.yml,google/tsunami-security-scanner,.github/workflows/core-build.yml,google_tsunami-security-scanner__.github__workflows__core-build.yml,simple,unpinned,no-expr
1,5,0,0,0,55,2,low,0,5,2,0.0,5.0,0,0,0,1,not set,1,1,0,0,0,0,other,1,google/tsunami-security-scanner::.github/workflows/core-push.yml,google/tsunami-security-scanner,.github/workflows/core-push.yml,google_tsunami-security-scanner__.github__workflows__core-push.yml,medium,unpinned,no-expr
1,5,0,0,0,54,2,low,0,5,2,0.0,5.0,0,0,0,1,not set,1,1,0,0,0,0,other,1,google/tsunami-security-scanner::.github/workflows/devel-push.yml,google/tsunami-security-scanner,.github/workflows/devel-push.yml,google_tsunami-security-scanner__.github__workflows__devel-push.yml,medium,unpinned,no-expr
1,5,0,0,0,54,2,low,0,5,2,0.0,5.0,0,0,0,1,not set,1,1,0,0,0,0,other,1,google/tsunami-security-scanner::.github/workflows/full-push.yml,google/tsunami-security-scanner,.github/workflows/full-push.yml,google_tsunami-security-scanner__.github__workflows__full-push.yml,medium,unpinned,no-expr
4,1,0,1,1,72,3,medium,0,1,1,1.0,1.0,1,0,0,1,granular,4,1,0,1,0,0,build,1,google/tunix::.github/workflows/build_and_test_tunix.yml,google/tunix,.github/workflows/build_and_test_tunix.yml,google_tunix__.github__workflows__build_and_test_tunix.yml,complex,pinned,no-expr
3,1,0,1,1,59,2,low,0,1,1,1.0,1.0,1,0,0,1,granular,2,1,0,1,0,0,build,1,google/tunix::.github/workflows/build_and_test_tunix_nightly_regression.yml,google/tunix,.github/workflows/build_and_test_tunix_nightly_regression.yml,google_tunix__.github__workflows__build_and_test_tunix_nightly_regression.yml,medium,pinned,no-expr
1,4,0,0,0,32,2,medium,0,2,1,1.0,1.0,0,0,0,1,granular,0,0,0,0,0,0,documentation,1,google/tunix::.github/workflows/build_docs.yml,google/tunix,.github/workflows/build_docs.yml,google_tunix__.github__workflows__build_docs.yml,medium,pinned,no-expr
1,5,0,0,0,44,1,low,0,3,1,0.6667,1.5,0,0,0,1,granular,0,0,0,0,0,0,build,1,google/tunix::.github/workflows/build_package.yml,google/tunix,.github/workflows/build_package.yml,google_tunix__.github__workflows__build_package.yml,medium,pinned,no-expr
1,8,0,0,0,69,1,low,0,3,1,0.3333,0.6,0,0,0,1,granular,0,0,0,0,0,0,build,1,google/tunix::.github/workflows/cpu-tests.yml,google/tunix,.github/workflows/cpu-tests.yml,google_tunix__.github__workflows__cpu-tests.yml,medium,unpinned,no-expr
1,2,0,0,0,25,2,high,0,2,1,0.0,2.0,0,0,0,1,granular,0,0,0,0,0,0,other,1,google/tunix::.github/workflows/issue-auto-assign.yaml,google/tunix,.github/workflows/issue-auto-assign.yaml,google_tunix__.github__workflows__issue-auto-assign.yaml,simple,unpinned,no-expr
3,12,0,1,0,95,1,low,0,8,2,0.375,2.0,1,0,0,1,granular,0,0,0,0,0,0,deploy-release,1,google/tunix::.github/workflows/pypi_release.yml,google/tunix,.github/workflows/pypi_release.yml,google_tunix__.github__workflows__pypi_release.yml,complex,unpinned,no-expr
1,7,0,0,0,223,1,low,0,2,1,0.0,0.4,0,0,0,0,not set,3,0,1,0,0,1,other,1,google/tunix::.github/workflows/tpu-nightly-regression.yml,google/tunix,.github/workflows/tpu-nightly-regression.yml,google_tunix__.github__workflows__tpu-nightly-regression.yml,medium,unpinned,no-expr
2,20,0,0,0,250,1,low,0,4,1,0.0,0.25,0,0,0,0,not set,11,0,1,1,0,1,ci-test,1,google/tunix::.github/workflows/tpu-tests.yml,google/tunix,.github/workflows/tpu-tests.yml,google_tunix__.github__workflows__tpu-tests.yml,complex,unpinned,no-expr
1,4,1,0,0,67,4,medium,0,4,2,0.0,4.0,0,0,0,1,not set,0,0,0,0,0,0,security-scan,1,google/wireit::.github/workflows/codeql.yml,google/wireit,.github/workflows/codeql.yml,google_wireit__.github__workflows__codeql.yml,complex,unpinned,no-expr
1,2,0,0,0,20,2,medium,0,2,1,0.0,2.0,0,0,0,1,granular,0,0,0,0,0,0,dependency-management,1,google/wireit::.github/workflows/dependency-review.yml,google/wireit,.github/workflows/dependency-review.yml,google_wireit__.github__workflows__dependency-review.yml,simple,unpinned,no-expr
1,5,0,0,0,19,3,medium,0,2,1,0.0,0.6667,0,0,0,0,not set,0,0,0,0,0,0,code-quality,1,google/wireit::.github/workflows/lint.yml,google/wireit,.github/workflows/lint.yml,google_wireit__.github__workflows__lint.yml,medium,unpinned,no-expr
1,5,1,0,0,40,2,low,0,3,2,0.0,1.5,1,0,0,0,not set,0,0,0,0,0,0,ci-test,1,google/wireit::.github/workflows/test-real-github-actions-cache-service.yml,google/wireit,.github/workflows/test-real-github-actions-cache-service.yml,google_wireit__.github__workflows__test-real-github-actions-cache-service.yml,complex,unpinned,no-expr
1,7,1,0,0,97,3,medium,0,3,2,0.0,0.75,1,0,0,0,not set,0,0,0,1,0,0,ci-test,1,google/wireit::.github/workflows/tests.yml,google/wireit,.github/workflows/tests.yml,google_wireit__.github__workflows__tests.yml,complex,unpinned,no-expr
1,3,0,0,0,23,1,medium,0,3,2,0.0,3.0,1,0,0,0,not set,0,0,0,1,0,0,ci-test,1,google/wuffs::.github/workflows/fuzz.yml,google/wuffs,.github/workflows/fuzz.yml,google_wuffs__.github__workflows__fuzz.yml,simple,unpinned,no-expr
1,5,1,0,0,37,2,medium,0,2,1,1.0,0.6667,0,0,0,0,not set,0,0,0,0,0,0,ci-test,1,google/yapf::.github/workflows/ci.yml,google/yapf,.github/workflows/ci.yml,google_yapf__.github__workflows__ci.yml,complex,pinned,no-expr
1,6,0,0,0,63,2,low,0,3,2,1.0,1.0,1,1,0,1,granular,0,0,0,1,0,0,other,1,google/yapf::.github/workflows/pre-commit-autoupdate.yml,google/yapf,.github/workflows/pre-commit-autoupdate.yml,google_yapf__.github__workflows__pre-commit-autoupdate.yml,medium,pinned,expr-no-taint
1,4,0,0,0,37,4,medium,0,3,2,1.0,3.0,1,0,0,1,granular,0,0,0,0,0,0,other,1,google/yapf::.github/workflows/pre-commit.yml,google/yapf,.github/workflows/pre-commit.yml,google_yapf__.github__workflows__pre-commit.yml,medium,pinned,no-expr
1,3,0,0,0,72,1,low,1,2,2,1.0,2.0,1,0,0,1,empty,1,0,1,0,0,0,other,1,google/zerocopy::.github/workflows/backport-pr.yml,google/zerocopy,.github/workflows/backport-pr.yml,google_zerocopy__.github__workflows__backport-pr.yml,simple,pinned,no-expr
18,74,1,1,0,994,2,medium,0,27,6,1.0,1.0556,1,0,0,1,granular,1,0,1,1,0,0,build,1,google/zerocopy::.github/workflows/ci.yml,google/zerocopy,.github/workflows/ci.yml,google_zerocopy__.github__workflows__ci.yml,complex,pinned,no-expr
1,3,0,0,0,43,1,medium,0,3,2,1.0,3.0,1,0,0,1,empty,0,0,0,0,0,0,dependency-management,1,google/zerocopy::.github/workflows/dependency-review.yml,google/zerocopy,.github/workflows/dependency-review.yml,google_zerocopy__.github__workflows__dependency-review.yml,simple,pinned,no-expr
2,9,0,1,0,121,1,low,0,6,2,1.0,2.0,1,0,0,1,empty,0,0,0,0,0,0,deploy-release,1,google/zerocopy::.github/workflows/docs.yml,google/zerocopy,.github/workflows/docs.yml,google_zerocopy__.github__workflows__docs.yml,medium,pinned,no-expr
1,4,0,0,0,62,1,low,1,2,2,1.0,1.0,1,0,0,1,empty,2,1,1,1,0,0,deploy-release,1,google/zerocopy::.github/workflows/release-crate-version.yml,google/zerocopy,.github/workflows/release-crate-version.yml,google_zerocopy__.github__workflows__release-crate-version.yml,medium,pinned,no-expr
2,11,1,0,0,191,2,low,0,6,3,1.0,1.2,1,0,0,1,empty,4,1,1,1,0,0,other,1,google/zerocopy::.github/workflows/roll-pinned-toolchain-versions.yml,google/zerocopy,.github/workflows/roll-pinned-toolchain-versions.yml,google_zerocopy__.github__workflows__roll-pinned-toolchain-versions.yml,complex,pinned,no-expr
1,4,0,0,0,77,3,low,0,4,3,1.0,4.0,1,0,0,1,empty,1,0,0,0,0,0,security-scan,1,google/zerocopy::.github/workflows/scorecard.yml,google/zerocopy,.github/workflows/scorecard.yml,google_zerocopy__.github__workflows__scorecard.yml,medium,pinned,no-expr
1,4,1,0,0,61,3,medium,0,3,2,0.0,3.0,0,0,0,1,empty,0,0,0,1,0,0,security-scan,1,google/zx::.github/workflows/codeql.yml,google/zx,.github/workflows/codeql.yml,google_zx__.github__workflows__codeql.yml,complex,unpinned,no-expr
5,24,0,1,0,190,1,low,0,16,2,0.1875,2.0,0,1,0,1,empty,3,1,1,0,0,0,deploy-release,1,google/zx::.github/workflows/dev-publish.yml,google/zx,.github/workflows/dev-publish.yml,google_zx__.github__workflows__dev-publish.yml,complex,unpinned,expr-no-taint
1,7,0,0,0,55,2,low,0,4,1,0.0,1.3333,0,0,0,1,empty,0,0,0,0,0,0,deploy-release,1,google/zx::.github/workflows/docs.yml,google/zx,.github/workflows/docs.yml,google_zx__.github__workflows__docs.yml,medium,unpinned,no-expr
2,10,0,1,0,57,1,low,0,6,1,0.0,1.5,0,0,0,1,empty,0,0,0,0,0,0,deploy-release,1,google/zx::.github/workflows/jsr-publish.yml,google/zx,.github/workflows/jsr-publish.yml,google_zx__.github__workflows__jsr-publish.yml,complex,unpinned,no-expr
2,0,0,0,1,50,4,medium,0,0,0,0.0,0.0,0,0,0,1,empty,0,0,0,1,0,0,security-scan,1,google/zx::.github/workflows/osv.yml,google/zx,.github/workflows/osv.yml,google_zx__.github__workflows__osv.yml,medium,no-third-party,no-expr
5,25,0,1,0,184,2,low,0,16,2,0.1875,1.7778,0,1,0,1,empty,3,1,1,1,0,0,deploy-release,1,google/zx::.github/workflows/publish.yml,google/zx,.github/workflows/publish.yml,google_zx__.github__workflows__publish.yml,complex,unpinned,expr-no-taint
10,58,1,1,0,297,3,medium,0,29,4,0.1034,1.0,1,1,0,1,granular,1,1,1,1,0,0,ci-test,1,google/zx::.github/workflows/test.yml,google/zx,.github/workflows/test.yml,google_zx__.github__workflows__test.yml,complex,unpinned,expr-no-taint
1,3,0,0,0,30,2,medium,0,2,2,0.5,2.0,1,0,0,1,empty,0,0,0,0,0,0,other,1,google/zx::.github/workflows/zizmor.yml,google/zx,.github/workflows/zizmor.yml,google_zx__.github__workflows__zizmor.yml,simple,pinned,no-expr
1,4,1,0,0,102,3,medium,0,3,2,0.0,3.0,0,0,0,1,not set,0,0,0,1,0,0,security-scan,1,microsoft/AI-For-Beginners::.github/workflows/codeql.yml,microsoft/AI-For-Beginners,.github/workflows/codeql.yml,microsoft_AI-For-Beginners__.github__workflows__codeql.yml,complex,unpinned,no-expr
1,4,0,0,0,73,3,low,0,4,3,1.0,4.0,1,0,0,1,read-all,1,0,0,0,0,0,security-scan,1,microsoft/AI-For-Beginners::.github/workflows/scorecard.yml,microsoft/AI-For-Beginners,.github/workflows/scorecard.yml,microsoft_AI-For-Beginners__.github__workflows__scorecard.yml,medium,pinned,no-expr
1,2,0,0,0,14,2,medium,0,2,2,0.0,2.0,1,0,0,0,not set,0,0,0,0,0,0,code-quality,1,microsoft/AirSim::.github/workflows/clang_format.yml,microsoft/AirSim,.github/workflows/clang_format.yml,microsoft_AirSim__.github__workflows__clang_format.yml,simple,unpinned,no-expr
1,6,0,0,0,47,3,medium,0,3,2,0.0,1.0,1,0,0,0,not set,1,1,0,1,0,0,deploy-release,1,microsoft/AirSim::.github/workflows/test_docs.yml,microsoft/AirSim,.github/workflows/test_docs.yml,microsoft_AirSim__.github__workflows__test_docs.yml,medium,unpinned,no-expr
1,3,1,0,0,21,3,medium,0,1,1,0.0,0.5,0,0,0,0,not set,0,0,0,0,0,0,build,1,microsoft/AirSim::.github/workflows/test_macos.yml,microsoft/AirSim,.github/workflows/test_macos.yml,microsoft_AirSim__.github__workflows__test_macos.yml,complex,unpinned,no-expr
1,7,1,0,0,51,3,medium,0,1,1,0.0,0.1667,0,0,0,0,not set,0,0,0,1,0,0,build,1,microsoft/AirSim::.github/workflows/test_ubuntu.yml,microsoft/AirSim,.github/workflows/test_ubuntu.yml,microsoft_AirSim__.github__workflows__test_ubuntu.yml,complex,unpinned,no-expr
1,4,0,0,0,25,3,medium,0,2,2,0.0,1.0,1,0,0,0,not set,0,0,0,0,0,0,build,1,microsoft/AirSim::.github/workflows/test_windows.yml,microsoft/AirSim,.github/workflows/test_windows.yml,microsoft_AirSim__.github__workflows__test_windows.yml,medium,unpinned,no-expr
1,2,0,0,0,41,3,medium,0,1,1,1.0,1.0,0,0,0,1,not set,0,0,0,0,0,0,other,1,microsoft/CsWin32::.github/workflows/copilot-setup-steps.yml,microsoft/CsWin32,.github/workflows/copilot-setup-steps.yml,microsoft_CsWin32__.github__workflows__copilot-setup-steps.yml,simple,pinned,no-expr
1,5,0,0,0,43,1,low,0,3,1,1.0,1.5,0,0,0,1,not set,0,0,0,0,0,0,documentation,1,microsoft/CsWin32::.github/workflows/docs.yml,microsoft/CsWin32,.github/workflows/docs.yml,microsoft_CsWin32__.github__workflows__docs.yml,medium,pinned,no-expr
1,4,0,0,0,30,3,medium,0,2,2,1.0,1.0,1,0,0,0,not set,0,0,0,1,0,0,documentation,1,microsoft/CsWin32::.github/workflows/docs_validate.yml,microsoft/CsWin32,.github/workflows/docs_validate.yml,microsoft_CsWin32__.github__workflows__docs_validate.yml,medium,pinned,no-expr
1,3,0,0,0,98,2,low,0,1,1,1.0,0.5,0,0,0,1,not set,0,1,1,1,0,0,other,1,microsoft/CsWin32::.github/workflows/libtemplate-update.yml,microsoft/CsWin32,.github/workflows/libtemplate-update.yml,microsoft_CsWin32__.github__workflows__libtemplate-update.yml,simple,pinned,no-expr
1,7,1,0,0,74,2,medium,0,5,3,0.0,2.5,1,0,0,1,granular,0,0,1,1,0,0,build,1,microsoft/Detours::.github/workflows/main.yml,microsoft/Detours,.github/workflows/main.yml,microsoft_Detours__.github__workflows__main.yml,complex,unpinned,no-expr
2,17,0,0,0,162,2,high,0,11,5,0.4545,1.8333,1,1,1,1,not set,3,1,1,1,0,0,code-quality,1,microsoft/DirectXShaderCompiler::.github/workflows/clang-format-checker.yml,microsoft/DirectXShaderCompiler,.github/workflows/clang-format-checker.yml,microsoft_DirectXShaderCompiler__.github__workflows__clang-format-checker.yml,complex,unpinned,taint
2,10,0,1,0,63,2,low,0,4,1,0.0,0.6667,0,1,0,1,granular,0,0,0,1,0,0,deploy-release,1,microsoft/DirectXShaderCompiler::.github/workflows/coverage-gh-pages.yml,microsoft/DirectXShaderCompiler,.github/workflows/coverage-gh-pages.yml,microsoft_DirectXShaderCompiler__.github__workflows__coverage-gh-pages.yml,complex,unpinned,expr-no-taint
1,2,0,0,0,18,1,high,0,2,2,0.0,2.0,1,0,0,0,not set,1,1,0,0,0,0,ci-test,1,microsoft/DirectXShaderCompiler::.github/workflows/pr-description-checker.yml,microsoft/DirectXShaderCompiler,.github/workflows/pr-description-checker.yml,microsoft_DirectXShaderCompiler__.github__workflows__pr-description-checker.yml,simple,unpinned,no-expr
1,8,1,0,0,75,2,medium,0,2,2,1.0,0.3333,1,1,0,1,granular,0,0,0,0,0,0,other,1,microsoft/DirectXTK::.github/workflows/arm64.yml,microsoft/DirectXTK,.github/workflows/arm64.yml,microsoft_DirectXTK__.github__workflows__arm64.yml,complex,pinned,expr-no-taint
1,7,1,0,0,75,2,medium,0,3,2,1.0,0.75,1,1,0,1,granular,0,0,0,0,0,0,other,1,microsoft/DirectXTK::.github/workflows/arm64bvt.yml,microsoft/DirectXTK,.github/workflows/arm64bvt.yml,microsoft_DirectXTK__.github__workflows__arm64bvt.yml,complex,pinned,expr-no-taint
1,7,1,0,0,78,2,medium,0,3,2,1.0,0.75,1,1,0,1,granular,0,0,0,0,0,0,other,1,microsoft/DirectXTK::.github/workflows/bvt.yml,microsoft/DirectXTK,.github/workflows/bvt.yml,microsoft_DirectXTK__.github__workflows__bvt.yml,complex,pinned,expr-no-taint
2,17,1,0,0,144,2,medium,0,5,2,1.0,0.4167,1,1,0,1,granular,0,0,0,0,0,0,other,1,microsoft/DirectXTK::.github/workflows/clangcl.yml,microsoft/DirectXTK,.github/workflows/clangcl.yml,microsoft_DirectXTK__.github__workflows__clangcl.yml,complex,pinned,expr-no-taint
1,8,1,0,0,89,3,medium,0,4,3,1.0,1.0,1,0,0,1,granular,0,0,0,1,0,0,security-scan,1,microsoft/DirectXTK::.github/workflows/codeql.yml,microsoft/DirectXTK,.github/workflows/codeql.yml,microsoft_DirectXTK__.github__workflows__codeql.yml,complex,pinned,no-expr
1,2,0,0,0,48,1,medium,0,2,2,1.0,2.0,1,0,0,1,empty,1,1,1,0,0,0,code-quality,1,microsoft/DirectXTK::.github/workflows/lint.yml,microsoft/DirectXTK,.github/workflows/lint.yml,microsoft_DirectXTK__.github__workflows__lint.yml,simple,pinned,no-expr
1,11,1,0,0,115,2,medium,0,2,2,1.0,0.2222,1,1,0,1,granular,0,0,0,0,0,0,other,1,microsoft/DirectXTK::.github/workflows/main.yml,microsoft/DirectXTK,.github/workflows/main.yml,microsoft_DirectXTK__.github__workflows__main.yml,complex,pinned,expr-no-taint
2,10,1,0,0,106,2,medium,0,4,2,1.0,0.6667,0,1,0,1,granular,0,0,0,1,0,0,build,1,microsoft/DirectXTK::.github/workflows/msbuild.yml,microsoft/DirectXTK,.github/workflows/msbuild.yml,microsoft_DirectXTK__.github__workflows__msbuild.yml,complex,pinned,expr-no-taint
1,6,0,0,0,79,3,medium,0,4,4,1.0,2.0,1,0,0,1,granular,0,0,1,0,0,0,other,1,microsoft/DirectXTK::.github/workflows/msvc.yml,microsoft/DirectXTK,.github/workflows/msvc.yml,microsoft_DirectXTK__.github__workflows__msvc.yml,medium,pinned,no-expr
2,20,1,0,0,190,2,medium,0,6,2,1.0,0.4286,1,1,0,1,granular,0,0,0,1,0,0,ci-test,1,microsoft/DirectXTK::.github/workflows/test.yml,microsoft/DirectXTK,.github/workflows/test.yml,microsoft_DirectXTK__.github__workflows__test.yml,complex,pinned,expr-no-taint
1,8,1,0,0,94,2,medium,0,2,2,1.0,0.3333,1,1,0,1,granular,0,0,0,0,0,0,other,1,microsoft/DirectXTK::.github/workflows/uwp.yml,microsoft/DirectXTK,.github/workflows/uwp.yml,microsoft_DirectXTK__.github__workflows__uwp.yml,complex,pinned,expr-no-taint
1,8,1,0,0,208,3,medium,0,3,3,1.0,0.6,1,1,0,1,granular,0,0,1,0,0,0,other,1,microsoft/DirectXTK::.github/workflows/vcpkg.yml,microsoft/DirectXTK,.github/workflows/vcpkg.yml,microsoft_DirectXTK__.github__workflows__vcpkg.yml,complex,pinned,expr-no-taint
2,22,1,0,0,182,2,medium,0,4,2,1.0,0.2222,1,1,0,1,granular,0,0,0,1,0,0,other,1,microsoft/DirectXTK::.github/workflows/win10.yml,microsoft/DirectXTK,.github/workflows/win10.yml,microsoft_DirectXTK__.github__workflows__win10.yml,complex,pinned,expr-no-taint
1,8,1,0,0,77,2,medium,0,2,2,1.0,0.3333,1,1,0,1,granular,0,0,0,0,0,0,other,1,microsoft/DirectXTex::.github/workflows/arm64.yml,microsoft/DirectXTex,.github/workflows/arm64.yml,microsoft_DirectXTex__.github__workflows__arm64.yml,complex,pinned,expr-no-taint
1,10,1,0,0,108,3,medium,0,4,3,1.0,0.6667,1,1,0,1,granular,0,0,1,0,0,0,other,1,microsoft/DirectXTex::.github/workflows/arm64bvt.yml,microsoft/DirectXTex,.github/workflows/arm64bvt.yml,microsoft_DirectXTex__.github__workflows__arm64bvt.yml,complex,pinned,expr-no-taint
1,10,1,0,0,134,3,medium,0,4,3,1.0,0.6667,1,1,0,1,granular,0,0,1,0,0,0,other,1,microsoft/DirectXTex::.github/workflows/bvt.yml,microsoft/DirectXTex,.github/workflows/bvt.yml,microsoft_DirectXTex__.github__workflows__bvt.yml,complex,pinned,expr-no-taint
2,20,1,0,0,206,2,medium,0,6,3,1.0,0.4286,1,1,0,1,granular,0,0,1,0,0,0,other,1,microsoft/DirectXTex::.github/workflows/clangcl.yml,microsoft/DirectXTex,.github/workflows/clangcl.yml,microsoft_DirectXTex__.github__workflows__clangcl.yml,complex,pinned,expr-no-taint
1,7,0,0,0,78,3,medium,0,4,3,1.0,1.3333,1,0,0,1,granular,0,0,0,0,0,0,security-scan,1,microsoft/DirectXTex::.github/workflows/codeql.yml,microsoft/DirectXTex,.github/workflows/codeql.yml,microsoft_DirectXTex__.github__workflows__codeql.yml,medium,pinned,no-expr
1,2,0,0,0,46,1,medium,0,2,2,1.0,2.0,1,0,0,1,empty,1,1,1,0,0,0,code-quality,1,microsoft/DirectXTex::.github/workflows/lint.yml,microsoft/DirectXTex,.github/workflows/lint.yml,microsoft_DirectXTex__.github__workflows__lint.yml,simple,pinned,no-expr
2,22,1,0,0,190,2,medium,0,4,2,1.0,0.2222,1,1,0,1,granular,0,0,0,1,0,0,other,1,microsoft/DirectXTex::.github/workflows/main.yml,microsoft/DirectXTex,.github/workflows/main.yml,microsoft_DirectXTex__.github__workflows__main.yml,complex,pinned,expr-no-taint
2,10,1,0,0,106,2,medium,0,4,2,1.0,0.6667,0,1,0,1,granular,0,0,0,1,0,0,build,1,microsoft/DirectXTex::.github/workflows/msbuild.yml,microsoft/DirectXTex,.github/workflows/msbuild.yml,microsoft_DirectXTex__.github__workflows__msbuild.yml,complex,pinned,expr-no-taint
1,7,0,0,0,88,3,medium,0,4,4,1.0,1.3333,1,0,0,1,granular,0,0,1,0,0,0,other,1,microsoft/DirectXTex::.github/workflows/msvc.yml,microsoft/DirectXTex,.github/workflows/msvc.yml,microsoft_DirectXTex__.github__workflows__msvc.yml,medium,pinned,no-expr
2,21,1,0,0,238,3,medium,0,7,3,1.0,0.5,1,1,0,1,granular,0,0,1,0,0,0,ci-test,1,microsoft/DirectXTex::.github/workflows/test.yml,microsoft/DirectXTex,.github/workflows/test.yml,microsoft_DirectXTex__.github__workflows__test.yml,complex,pinned,expr-no-taint
1,8,1,0,0,96,2,medium,0,2,2,1.0,0.3333,1,1,0,1,granular,0,0,0,0,0,0,other,1,microsoft/DirectXTex::.github/workflows/uwp.yml,microsoft/DirectXTex,.github/workflows/uwp.yml,microsoft_DirectXTex__.github__workflows__uwp.yml,complex,pinned,expr-no-taint
1,8,1,0,0,162,3,medium,0,3,3,1.0,0.6,1,1,0,1,granular,0,0,1,0,0,0,other,1,microsoft/DirectXTex::.github/workflows/vcpkg.yml,microsoft/DirectXTex,.github/workflows/vcpkg.yml,microsoft_DirectXTex__.github__workflows__vcpkg.yml,complex,pinned,expr-no-taint
1,9,1,0,0,111,3,medium,0,3,3,1.0,0.5,1,1,0,1,granular,0,0,1,0,0,0,other,1,microsoft/DirectXTex::.github/workflows/wsl.yml,microsoft/DirectXTex,.github/workflows/wsl.yml,microsoft_DirectXTex__.github__workflows__wsl.yml,complex,pinned,expr-no-taint
1,6,1,0,0,43,1,low,0,2,1,0.0,0.5,0,0,0,0,not set,2,0,1,0,0,0,other,1,microsoft/FLAML::.github/workflows/CD.yml,microsoft/FLAML,.github/workflows/CD.yml,microsoft_FLAML__.github__workflows__CD.yml,complex,unpinned,no-expr
2,13,0,0,0,101,4,medium,0,7,2,0.0,1.1667,1,0,0,1,granular,1,1,0,1,0,0,deploy-release,1,microsoft/FLAML::.github/workflows/deploy-website.yml,microsoft/FLAML,.github/workflows/deploy-website.yml,microsoft_FLAML__.github__workflows__deploy-website.yml,complex,unpinned,no-expr
1,9,1,0,0,79,1,low,0,3,2,0.0,0.5,0,0,0,1,empty,9,0,1,1,0,0,other,1,microsoft/FLAML::.github/workflows/openai.yml,microsoft/FLAML,.github/workflows/openai.yml,microsoft_FLAML__.github__workflows__openai.yml,complex,unpinned,no-expr
1,5,0,0,0,25,1,medium,0,4,2,0.0,4.0,1,0,0,1,empty,0,0,0,0,0,0,code-quality,1,microsoft/FLAML::.github/workflows/pre-commit.yml,microsoft/FLAML,.github/workflows/pre-commit.yml,microsoft_FLAML__.github__workflows__pre-commit.yml,medium,unpinned,no-expr
1,16,1,0,0,141,4,medium,0,3,2,0.0,0.2308,0,1,1,1,granular,0,0,0,1,0,0,build,1,microsoft/FLAML::.github/workflows/python-package.yml,microsoft/FLAML,.github/workflows/python-package.yml,microsoft_FLAML__.github__workflows__python-package.yml,complex,unpinned,taint
1,4,0,0,0,79,2,low,0,4,2,0.75,4.0,0,0,0,1,empty,0,0,0,0,0,0,other,1,microsoft/FluidFramework::.github/workflows/agentics-maintenance.yml,microsoft/FluidFramework,.github/workflows/agentics-maintenance.yml,microsoft_FluidFramework__.github__workflows__agentics-maintenance.yml,medium,pinned,no-expr
1,6,0,0,0,67,1,medium,0,5,3,1.0,5.0,1,0,0,1,granular,0,0,0,1,0,0,other,1,microsoft/FluidFramework::.github/workflows/changeset-reporter.yml,microsoft/FluidFramework,.github/workflows/changeset-reporter.yml,microsoft_FluidFramework__.github__workflows__changeset-reporter.yml,medium,pinned,no-expr
6,66,0,1,0,1120,2,low,0,40,2,1.0,1.5385,0,1,2,1,empty,34,1,1,1,0,0,other,1,microsoft/FluidFramework::.github/workflows/code-simplifier.lock.yml,microsoft/FluidFramework,.github/workflows/code-simplifier.lock.yml,microsoft_FluidFramework__.github__workflows__code-simplifier.lock.yml,complex,pinned,taint
5,60,0,1,0,1060,2,low,0,35,2,1.0,1.4,0,1,2,1,empty,34,1,1,1,0,0,other,1,microsoft/FluidFramework::.github/workflows/duplicate-code-detector.lock.yml,microsoft/FluidFramework,.github/workflows/duplicate-code-detector.lock.yml,microsoft_FluidFramework__.github__workflows__duplicate-code-detector.lock.yml,complex,pinned,taint
1,3,0,0,0,38,1,medium,0,2,2,1.0,2.0,1,0,0,1,granular,0,0,0,0,0,0,ci-test,1,microsoft/FluidFramework::.github/workflows/linkcheck-reporter.yml,microsoft/FluidFramework,.github/workflows/linkcheck-reporter.yml,microsoft_FluidFramework__.github__workflows__linkcheck-reporter.yml,simple,pinned,no-expr
1,2,0,0,0,41,1,medium,0,2,2,1.0,2.0,1,0,0,1,granular,0,0,0,0,0,0,other,1,microsoft/FluidFramework::.github/workflows/pr-changeset-review.yml,microsoft/FluidFramework,.github/workflows/pr-changeset-review.yml,microsoft_FluidFramework__.github__workflows__pr-changeset-review.yml,simple,pinned,no-expr
2,15,0,0,0,110,1,medium,0,5,2,1.0,0.5,1,1,0,1,granular,0,0,0,1,0,0,ci-test,1,microsoft/FluidFramework::.github/workflows/pr-check-changeset.yml,microsoft/FluidFramework,.github/workflows/pr-check-changeset.yml,microsoft_FluidFramework__.github__workflows__pr-check-changeset.yml,complex,pinned,expr-no-taint
3,3,0,0,0,53,1,high,0,3,2,1.0,3.0,1,0,1,1,granular,0,1,1,1,0,0,other,1,microsoft/FluidFramework::.github/workflows/pr-labeler.yml,microsoft/FluidFramework,.github/workflows/pr-labeler.yml,microsoft_FluidFramework__.github__workflows__pr-labeler.yml,medium,pinned,taint
1,2,0,0,0,36,1,high,0,2,2,1.0,2.0,1,0,0,1,granular,0,0,0,0,0,0,deploy-release,1,microsoft/FluidFramework::.github/workflows/pr-release-branch-warning.yml,microsoft/FluidFramework,.github/workflows/pr-release-branch-warning.yml,microsoft_FluidFramework__.github__workflows__pr-release-branch-warning.yml,simple,pinned,no-expr
2,3,0,0,0,48,1,medium,0,3,3,1.0,3.0,1,0,0,1,granular,1,1,0,0,0,0,other,1,microsoft/FluidFramework::.github/workflows/pr-validation.yml,microsoft/FluidFramework,.github/workflows/pr-validation.yml,microsoft_FluidFramework__.github__workflows__pr-validation.yml,medium,pinned,no-expr
1,18,0,0,0,182,2,low,1,8,3,1.0,0.8,1,1,0,1,granular,0,0,1,1,0,0,deploy-release,1,microsoft/FluidFramework::.github/workflows/push-tag-create-release.yml,microsoft/FluidFramework,.github/workflows/push-tag-create-release.yml,microsoft_FluidFramework__.github__workflows__push-tag-create-release.yml,complex,pinned,expr-no-taint
2,16,0,1,0,187,2,medium,1,8,4,1.0,1.0,1,1,0,1,granular,5,1,1,1,0,0,deploy-release,1,microsoft/FluidFramework::.github/workflows/release-approval.yml,microsoft/FluidFramework,.github/workflows/release-approval.yml,microsoft_FluidFramework__.github__workflows__release-approval.yml,complex,pinned,expr-no-taint
2,7,0,1,0,87,2,medium,0,1,1,1.0,0.1667,0,1,0,1,granular,0,0,0,1,0,0,deploy-release,1,microsoft/FluidFramework::.github/workflows/release-branches.yml,microsoft/FluidFramework,.github/workflows/release-branches.yml,microsoft_FluidFramework__.github__workflows__release-branches.yml,medium,pinned,expr-no-taint
1,12,0,0,0,121,2,low,0,7,5,1.0,1.4,1,1,0,1,granular,1,1,1,0,0,0,deploy-release,1,microsoft/FluidFramework::.github/workflows/release-notes-issue.yml,microsoft/FluidFramework,.github/workflows/release-notes-issue.yml,microsoft_FluidFramework__.github__workflows__release-notes-issue.yml,complex,pinned,expr-no-taint
1,2,0,0,0,35,1,low,1,2,2,1.0,2.0,1,0,0,1,granular,0,1,0,0,0,0,other,1,microsoft/FluidFramework::.github/workflows/stale-branches.yml,microsoft/FluidFramework,.github/workflows/stale-branches.yml,microsoft_FluidFramework__.github__workflows__stale-branches.yml,simple,pinned,no-expr
4,26,0,1,0,167,1,medium,0,16,2,1.0,1.6,1,1,0,1,granular,0,0,0,0,0,0,other,1,microsoft/FluidFramework::.github/workflows/website-validation.yml,microsoft/FluidFramework,.github/workflows/website-validation.yml,microsoft_FluidFramework__.github__workflows__website-validation.yml,complex,pinned,expr-no-taint
1,9,0,0,0,59,2,medium,0,2,1,0.0,0.2857,0,0,0,0,not set,0,0,0,0,0,0,ci-test,1,microsoft/GSL::.github/workflows/android.yml,microsoft/GSL,.github/workflows/android.yml,microsoft_GSL__.github__workflows__android.yml,medium,unpinned,no-expr
1,5,1,0,0,25,2,medium,0,2,2,0.0,0.6667,1,0,0,0,not set,0,0,0,0,0,0,build,1,microsoft/GSL::.github/workflows/cmake_find_package.yml,microsoft/GSL,.github/workflows/cmake_find_package.yml,microsoft_GSL__.github__workflows__cmake_find_package.yml,complex,unpinned,no-expr
4,10,1,0,0,100,2,medium,0,5,2,0.0,9.0,0,1,0,0,not set,0,0,0,0,0,0,build,1,microsoft/GSL::.github/workflows/compilers.yml,microsoft/GSL,.github/workflows/compilers.yml,microsoft_GSL__.github__workflows__compilers.yml,complex,unpinned,expr-no-taint
1,4,0,0,0,22,1,low,0,1,1,0.0,0.3333,0,0,0,1,not set,0,0,0,0,0,0,other,1,microsoft/GSL::.github/workflows/copilot-setup-steps.yml,microsoft/GSL,.github/workflows/copilot-setup-steps.yml,microsoft_GSL__.github__workflows__copilot-setup-steps.yml,medium,unpinned,no-expr
1,6,0,0,0,53,2,medium,0,1,1,0.0,0.2,0,0,0,0,not set,0,0,0,0,0,0,ci-test,1,microsoft/GSL::.github/workflows/ios.yml,microsoft/GSL,.github/workflows/ios.yml,microsoft_GSL__.github__workflows__ios.yml,medium,unpinned,no-expr
1,5,1,0,0,52,1,medium,0,2,1,0.0,0.6667,0,1,0,0,not set,0,0,0,1,0,0,build,1,microsoft/Generative-AI-for-beginners-dotnet::.github/workflows/build-validation.yml,microsoft/Generative-AI-for-beginners-dotnet,.github/workflows/build-validation.yml,microsoft_Generative-AI-for-beginners-dotnet__.github__workflows__build-validation.yml,complex,unpinned,expr-no-taint
1,2,0,0,0,26,1,low,0,2,1,0.0,2.0,0,0,0,1,not set,0,0,0,0,0,0,other,1,microsoft/Generative-AI-for-beginners-dotnet::.github/workflows/copilot-setup-steps.yml,microsoft/Generative-AI-for-beginners-dotnet,.github/workflows/copilot-setup-steps.yml,microsoft_Generative-AI-for-beginners-dotnet__.github__workflows__copilot-setup-steps.yml,simple,unpinned,no-expr
1,1,0,0,0,26,3,high,0,1,1,0.0,1.0,1,0,0,1,not set,1,1,0,1,0,0,other,1,microsoft/Generative-AI-for-beginners-dotnet::.github/workflows/profanity-filter.yml,microsoft/Generative-AI-for-beginners-dotnet,.github/workflows/profanity-filter.yml,microsoft_Generative-AI-for-beginners-dotnet__.github__workflows__profanity-filter.yml,simple,unpinned,no-expr
1,2,0,0,0,28,2,medium,0,1,1,0.0,1.0,0,0,0,1,granular,0,0,0,0,0,0,ci-test,1,microsoft/Generative-AI-for-beginners-dotnet::.github/workflows/squad-ci.yml,microsoft/Generative-AI-for-beginners-dotnet,.github/workflows/squad-ci.yml,microsoft_Generative-AI-for-beginners-dotnet__.github__workflows__squad-ci.yml,simple,unpinned,no-expr
1,2,0,0,0,27,2,low,0,1,1,0.0,1.0,0,0,0,1,granular,0,0,0,0,0,0,deploy-release,1,microsoft/Generative-AI-for-beginners-dotnet::.github/workflows/squad-docs.yml,microsoft/Generative-AI-for-beginners-dotnet,.github/workflows/squad-docs.yml,microsoft_Generative-AI-for-beginners-dotnet__.github__workflows__squad-docs.yml,simple,unpinned,no-expr
1,3,0,0,0,315,4,high,0,3,1,0.0,3.0,0,0,0,1,granular,2,1,0,1,0,0,other,1,microsoft/Generative-AI-for-beginners-dotnet::.github/workflows/squad-heartbeat.yml,microsoft/Generative-AI-for-beginners-dotnet,.github/workflows/squad-heartbeat.yml,microsoft_Generative-AI-for-beginners-dotnet__.github__workflows__squad-heartbeat.yml,simple,unpinned,no-expr
1,3,0,0,0,34,1,low,0,1,1,0.0,0.5,0,0,0,1,granular,1,1,1,0,0,0,deploy-release,1,microsoft/Generative-AI-for-beginners-dotnet::.github/workflows/squad-insider-release.yml,microsoft/Generative-AI-for-beginners-dotnet,.github/workflows/squad-insider-release.yml,microsoft_Generative-AI-for-beginners-dotnet__.github__workflows__squad-insider-release.yml,simple,unpinned,no-expr
1,3,0,0,0,161,1,high,0,3,1,0.0,3.0,0,0,0,1,granular,1,0,0,1,0,0,other,1,microsoft/Generative-AI-for-beginners-dotnet::.github/workflows/squad-issue-assign.yml,microsoft/Generative-AI-for-beginners-dotnet,.github/workflows/squad-issue-assign.yml,microsoft_Generative-AI-for-beginners-dotnet__.github__workflows__squad-issue-assign.yml,simple,unpinned,no-expr
1,2,0,0,0,181,1,high,0,2,1,0.0,2.0,0,0,0,1,granular,0,0,0,0,0,0,other,1,microsoft/Generative-AI-for-beginners-dotnet::.github/workflows/squad-label-enforce.yml,microsoft/Generative-AI-for-beginners-dotnet,.github/workflows/squad-label-enforce.yml,microsoft_Generative-AI-for-beginners-dotnet__.github__workflows__squad-label-enforce.yml,simple,unpinned,no-expr
1,2,0,0,0,129,2,medium,0,2,1,0.0,2.0,0,0,0,1,granular,0,0,0,0,0,0,other,1,microsoft/Generative-AI-for-beginners-dotnet::.github/workflows/squad-main-guard.yml,microsoft/Generative-AI-for-beginners-dotnet,.github/workflows/squad-main-guard.yml,microsoft_Generative-AI-for-beginners-dotnet__.github__workflows__squad-main-guard.yml,simple,unpinned,no-expr
1,3,0,0,0,30,1,low,0,1,1,0.0,0.5,0,0,0,1,granular,0,0,0,0,0,0,other,1,microsoft/Generative-AI-for-beginners-dotnet::.github/workflows/squad-preview.yml,microsoft/Generative-AI-for-beginners-dotnet,.github/workflows/squad-preview.yml,microsoft_Generative-AI-for-beginners-dotnet__.github__workflows__squad-preview.yml,simple,unpinned,no-expr
2,13,0,1,0,121,1,low,1,2,1,0.0,0.1818,0,0,0,1,granular,2,1,0,1,0,0,other,1,microsoft/Generative-AI-for-beginners-dotnet::.github/workflows/squad-promote.yml,microsoft/Generative-AI-for-beginners-dotnet,.github/workflows/squad-promote.yml,microsoft_Generative-AI-for-beginners-dotnet__.github__workflows__squad-promote.yml,complex,unpinned,no-expr
1,3,0,0,0,34,1,low,0,1,1,0.0,0.5,0,0,0,1,granular,1,1,1,0,0,0,deploy-release,1,microsoft/Generative-AI-for-beginners-dotnet::.github/workflows/squad-release.yml,microsoft/Generative-AI-for-beginners-dotnet,.github/workflows/squad-release.yml,microsoft_Generative-AI-for-beginners-dotnet__.github__workflows__squad-release.yml,simple,unpinned,no-expr
1,2,0,0,0,260,1,high,0,2,1,0.0,2.0,0,0,0,1,granular,0,0,0,1,0,0,other,1,microsoft/Generative-AI-for-beginners-dotnet::.github/workflows/squad-triage.yml,microsoft/Generative-AI-for-beginners-dotnet,.github/workflows/squad-triage.yml,microsoft_Generative-AI-for-beginners-dotnet__.github__workflows__squad-triage.yml,simple,unpinned,no-expr
1,1,0,0,0,19,1,low,0,1,1,0.0,1.0,0,0,0,0,not set,0,0,0,0,0,0,other,1,microsoft/Generative-AI-for-beginners-dotnet::.github/workflows/stale-bot.yml,microsoft/Generative-AI-for-beginners-dotnet,.github/workflows/stale-bot.yml,microsoft_Generative-AI-for-beginners-dotnet__.github__workflows__stale-bot.yml,simple,unpinned,no-expr
1,2,0,0,0,169,2,low,0,2,1,0.0,2.0,0,0,0,1,granular,0,0,0,0,0,0,other,1,microsoft/Generative-AI-for-beginners-dotnet::.github/workflows/sync-squad-labels.yml,microsoft/Generative-AI-for-beginners-dotnet,.github/workflows/sync-squad-labels.yml,microsoft_Generative-AI-for-beginners-dotnet__.github__workflows__sync-squad-labels.yml,simple,unpinned,no-expr
1,2,0,0,0,34,1,high,0,2,2,0.0,2.0,1,0,0,1,granular,1,1,0,0,0,0,other,1,microsoft/Generative-AI-for-beginners-dotnet::.github/workflows/welcome-issue.yml,microsoft/Generative-AI-for-beginners-dotnet,.github/workflows/welcome-issue.yml,microsoft_Generative-AI-for-beginners-dotnet__.github__workflows__welcome-issue.yml,simple,unpinned,no-expr
1,2,0,0,0,34,1,high,0,2,2,0.0,2.0,1,0,0,1,granular,1,1,0,0,0,0,other,1,microsoft/Generative-AI-for-beginners-dotnet::.github/workflows/welcome-pr.yml,microsoft/Generative-AI-for-beginners-dotnet,.github/workflows/welcome-pr.yml,microsoft_Generative-AI-for-beginners-dotnet__.github__workflows__welcome-pr.yml,simple,unpinned,no-expr
1,5,1,0,0,46,1,low,0,3,2,0.0,1.5,1,0,0,1,empty,0,0,0,0,0,0,deploy-release,1,microsoft/LLMLingua::.github/workflows/release.yml,microsoft/LLMLingua,.github/workflows/release.yml,microsoft_LLMLingua__.github__workflows__release.yml,complex,unpinned,no-expr
1,5,1,0,0,47,2,medium,0,2,1,0.0,0.6667,0,0,0,1,empty,1,0,1,0,0,0,ci-test,1,microsoft/LLMLingua::.github/workflows/unittest.yml,microsoft/LLMLingua,.github/workflows/unittest.yml,microsoft_LLMLingua__.github__workflows__unittest.yml,complex,unpinned,no-expr
2,5,0,1,0,71,2,medium,0,3,2,0.0,1.5,1,1,0,0,not set,0,0,1,1,0,0,build,1,microsoft/LightGBM::.github/workflows/build.yml,microsoft/LightGBM,.github/workflows/build.yml,microsoft_LightGBM__.github__workflows__build.yml,medium,unpinned,expr-no-taint
2,6,1,1,0,148,2,medium,0,2,2,0.0,0.5,1,1,0,0,not set,0,0,1,1,0,1,other,1,microsoft/LightGBM::.github/workflows/cpp.yml,microsoft/LightGBM,.github/workflows/cpp.yml,microsoft_LightGBM__.github__workflows__cpp.yml,complex,unpinned,expr-no-taint
2,4,1,1,0,99,3,medium,0,2,2,0.0,1.0,1,1,0,0,not set,0,0,0,1,0,1,other,1,microsoft/LightGBM::.github/workflows/cuda.yml,microsoft/LightGBM,.github/workflows/cuda.yml,microsoft_LightGBM__.github__workflows__cuda.yml,complex,unpinned,expr-no-taint
1,1,0,0,0,53,2,low,0,1,1,0.0,1.0,1,0,0,1,granular,0,1,0,0,0,0,other,1,microsoft/LightGBM::.github/workflows/lock.yml,microsoft/LightGBM,.github/workflows/lock.yml,microsoft_LightGBM__.github__workflows__lock.yml,simple,unpinned,no-expr
1,3,0,0,0,43,2,low,0,2,2,0.0,2.0,1,0,0,0,not set,0,0,0,0,0,0,ci-test,1,microsoft/LightGBM::.github/workflows/lychee.yml,microsoft/LightGBM,.github/workflows/lychee.yml,microsoft_LightGBM__.github__workflows__lychee.yml,simple,unpinned,no-expr
1,1,0,0,0,32,2,high,0,1,1,0.0,1.0,1,0,0,1,granular,0,1,0,0,0,0,other,1,microsoft/LightGBM::.github/workflows/no_response.yml,microsoft/LightGBM,.github/workflows/no_response.yml,microsoft_LightGBM__.github__workflows__no_response.yml,simple,unpinned,no-expr
1,2,0,0,0,30,1,medium,0,1,1,0.0,1.0,0,1,0,0,not set,0,1,1,0,0,0,ci-test,1,microsoft/LightGBM::.github/workflows/optional_checks.yml,microsoft/LightGBM,.github/workflows/optional_checks.yml,microsoft_LightGBM__.github__workflows__optional_checks.yml,simple,unpinned,expr-no-taint
6,24,1,1,0,487,2,medium,0,11,3,0.0,0.8462,1,1,0,0,not set,0,0,1,1,0,1,build,1,microsoft/LightGBM::.github/workflows/python_package.yml,microsoft/LightGBM,.github/workflows/python_package.yml,microsoft_LightGBM__.github__workflows__python_package.yml,complex,unpinned,expr-no-taint
1,5,0,0,0,61,1,low,1,1,1,0.0,0.25,0,0,0,1,granular,0,1,0,0,0,1,other,1,microsoft/LightGBM::.github/workflows/r_configure.yml,microsoft/LightGBM,.github/workflows/r_configure.yml,microsoft_LightGBM__.github__workflows__r_configure.yml,medium,unpinned,no-expr
4,18,1,1,0,364,2,medium,0,8,3,0.0,0.8,1,1,0,0,not set,0,0,1,1,0,1,build,1,microsoft/LightGBM::.github/workflows/r_package.yml,microsoft/LightGBM,.github/workflows/r_package.yml,microsoft_LightGBM__.github__workflows__r_package.yml,complex,unpinned,expr-no-taint
1,7,0,0,0,98,1,low,1,1,1,0.0,0.1667,0,1,0,1,granular,0,1,1,1,0,1,ci-test,1,microsoft/LightGBM::.github/workflows/r_valgrind.yml,microsoft/LightGBM,.github/workflows/r_valgrind.yml,microsoft_LightGBM__.github__workflows__r_valgrind.yml,medium,unpinned,expr-no-taint
1,1,0,0,0,23,1,low,0,1,1,0.0,1.0,1,0,0,1,granular,0,1,1,0,0,0,deploy-release,1,microsoft/LightGBM::.github/workflows/release_drafter.yml,microsoft/LightGBM,.github/workflows/release_drafter.yml,microsoft_LightGBM__.github__workflows__release_drafter.yml,simple,unpinned,no-expr
4,9,0,1,0,107,2,medium,0,4,2,0.0,0.8,1,0,0,0,not set,0,0,0,1,0,1,other,1,microsoft/LightGBM::.github/workflows/static_analysis.yml,microsoft/LightGBM,.github/workflows/static_analysis.yml,microsoft_LightGBM__.github__workflows__static_analysis.yml,complex,unpinned,no-expr
2,5,1,1,0,95,2,medium,0,3,2,0.0,1.5,1,1,0,0,not set,0,0,1,1,0,1,other,1,microsoft/LightGBM::.github/workflows/swig.yml,microsoft/LightGBM,.github/workflows/swig.yml,microsoft_LightGBM__.github__workflows__swig.yml,complex,unpinned,expr-no-taint
2,3,0,1,1,66,2,low,0,1,1,0.0,0.5,0,0,0,1,not set,0,0,0,0,0,0,deploy-release,1,microsoft/ML-For-Beginners::.github/workflows/generator-generic-ossf-slsa3-publish.yml,microsoft/ML-For-Beginners,.github/workflows/generator-generic-ossf-slsa3-publish.yml,microsoft_ML-For-Beginners__.github__workflows__generator-generic-ossf-slsa3-publish.yml,medium,unpinned,no-expr
1,1,0,0,0,13,1,high,0,1,1,0.0,1.0,1,0,0,0,not set,1,1,0,0,0,0,other,1,microsoft/ML-For-Beginners::.github/workflows/lock.yml,microsoft/ML-For-Beginners,.github/workflows/lock.yml,microsoft_ML-For-Beginners__.github__workflows__lock.yml,simple,unpinned,no-expr
1,1,0,0,0,27,1,low,0,1,1,0.0,1.0,0,0,0,1,not set,1,1,0,0,0,0,other,1,microsoft/ML-For-Beginners::.github/workflows/stale.yml,microsoft/ML-For-Beginners,.github/workflows/stale.yml,microsoft_ML-For-Beginners__.github__workflows__stale.yml,simple,unpinned,no-expr
1,4,1,0,0,98,3,medium,0,3,2,0.0,3.0,0,0,0,1,not set,0,0,0,1,0,0,security-scan,1,microsoft/Mastering-GitHub-Copilot-for-Paired-Programming::.github/workflows/codeql.yml,microsoft/Mastering-GitHub-Copilot-for-Paired-Programming,.github/workflows/codeql.yml,microsoft_Mastering-GitHub-Copilot-for-Paired-Programming__.github__workflows__codeql.yml,complex,unpinned,no-expr
1,5,0,0,0,35,1,low,0,3,2,0.0,1.5,1,0,0,1,granular,1,1,0,0,0,0,ci-test,1,microsoft/Microsoft.IO.RecyclableMemoryStream::.github/workflows/benchmark.yml,microsoft/Microsoft.IO.RecyclableMemoryStream,.github/workflows/benchmark.yml,microsoft_Microsoft.IO.RecyclableMemoryStream__.github__workflows__benchmark.yml,medium,unpinned,no-expr
1,8,0,0,0,73,3,medium,0,4,1,0.0,1.0,0,1,0,0,not set,0,0,0,0,0,0,ci-test,1,microsoft/Microsoft.IO.RecyclableMemoryStream::.github/workflows/ci-cd.yml,microsoft/Microsoft.IO.RecyclableMemoryStream,.github/workflows/ci-cd.yml,microsoft_Microsoft.IO.RecyclableMemoryStream__.github__workflows__ci-cd.yml,medium,unpinned,expr-no-taint
1,5,0,0,0,37,3,medium,0,5,2,0.0,5.0,0,0,0,1,not set,0,0,0,0,0,0,security-scan,1,microsoft/Microsoft.IO.RecyclableMemoryStream::.github/workflows/codeql-analysis.yml,microsoft/Microsoft.IO.RecyclableMemoryStream,.github/workflows/codeql-analysis.yml,microsoft_Microsoft.IO.RecyclableMemoryStream__.github__workflows__codeql-analysis.yml,medium,unpinned,no-expr
1,3,0,0,0,37,1,low,0,1,1,0.0,0.5,0,0,0,0,not set,2,0,1,1,0,0,ci-test,1,microsoft/Microsoft365DSC::.github/workflows/AzureCloud - Full-Circle - EXO.yml,microsoft/Microsoft365DSC,.github/workflows/AzureCloud - Full-Circle - EXO.yml,microsoft_Microsoft365DSC__.github__workflows__AzureCloud - Full-Circle - EXO.yml,simple,unpinned,no-expr
1,3,0,0,0,36,1,low,0,1,1,0.0,0.5,0,0,0,0,not set,2,0,1,1,0,0,ci-test,1,microsoft/Microsoft365DSC::.github/workflows/AzureCloud - Full-Circle - O365.yml,microsoft/Microsoft365DSC,.github/workflows/AzureCloud - Full-Circle - O365.yml,microsoft_Microsoft365DSC__.github__workflows__AzureCloud - Full-Circle - O365.yml,simple,unpinned,no-expr
1,3,0,0,0,37,1,low,0,1,1,0.0,0.5,0,0,0,0,not set,2,0,1,1,0,0,ci-test,1,microsoft/Microsoft365DSC::.github/workflows/AzureCloud - Full-Circle - OD.yml,microsoft/Microsoft365DSC,.github/workflows/AzureCloud - Full-Circle - OD.yml,microsoft_Microsoft365DSC__.github__workflows__AzureCloud - Full-Circle - OD.yml,simple,unpinned,no-expr
1,3,0,0,0,36,1,low,0,1,1,0.0,0.5,0,0,0,0,not set,2,0,1,1,0,0,ci-test,1,microsoft/Microsoft365DSC::.github/workflows/AzureCloud - Full-Circle - PP.yml,microsoft/Microsoft365DSC,.github/workflows/AzureCloud - Full-Circle - PP.yml,microsoft_Microsoft365DSC__.github__workflows__AzureCloud - Full-Circle - PP.yml,simple,unpinned,no-expr
1,3,0,0,0,37,1,low,0,1,1,0.0,0.5,0,0,0,0,not set,2,0,1,1,0,0,ci-test,1,microsoft/Microsoft365DSC::.github/workflows/AzureCloud - Full-Circle - SC.yml,microsoft/Microsoft365DSC,.github/workflows/AzureCloud - Full-Circle - SC.yml,microsoft_Microsoft365DSC__.github__workflows__AzureCloud - Full-Circle - SC.yml,simple,unpinned,no-expr
1,3,0,0,0,36,1,low,0,1,1,0.0,0.5,0,0,0,0,not set,2,0,1,1,0,0,ci-test,1,microsoft/Microsoft365DSC::.github/workflows/AzureCloud - Full-Circle - SPO.yml,microsoft/Microsoft365DSC,.github/workflows/AzureCloud - Full-Circle - SPO.yml,microsoft_Microsoft365DSC__.github__workflows__AzureCloud - Full-Circle - SPO.yml,simple,unpinned,no-expr
1,3,0,0,0,36,1,low,0,1,1,0.0,0.5,0,0,0,0,not set,2,0,1,1,0,0,ci-test,1,microsoft/Microsoft365DSC::.github/workflows/AzureCloud - Full-Circle - TEAMS.yml,microsoft/Microsoft365DSC,.github/workflows/AzureCloud - Full-Circle - TEAMS.yml,microsoft_Microsoft365DSC__.github__workflows__AzureCloud - Full-Circle - TEAMS.yml,simple,unpinned,no-expr
1,5,0,0,0,68,1,low,0,2,2,0.0,0.6667,0,0,0,0,not set,1,0,0,1,0,0,other,1,microsoft/Microsoft365DSC::.github/workflows/CodeCoverage.yml,microsoft/Microsoft365DSC,.github/workflows/CodeCoverage.yml,microsoft_Microsoft365DSC__.github__workflows__CodeCoverage.yml,medium,unpinned,no-expr
1,5,0,0,0,50,1,low,0,1,1,0.0,0.25,0,0,0,1,not set,0,0,0,1,0,0,other,1,microsoft/Microsoft365DSC::.github/workflows/Describe Resources Schemas.yml,microsoft/Microsoft365DSC,.github/workflows/Describe Resources Schemas.yml,microsoft_Microsoft365DSC__.github__workflows__Describe Resources Schemas.yml,medium,unpinned,no-expr
1,3,0,0,0,28,1,medium,0,2,1,0.0,2.0,0,0,0,0,not set,0,0,0,1,0,0,other,1,microsoft/Microsoft365DSC::.github/workflows/Generate Wiki.yml,microsoft/Microsoft365DSC,.github/workflows/Generate Wiki.yml,microsoft_Microsoft365DSC__.github__workflows__Generate Wiki.yml,simple,unpinned,no-expr
1,7,0,0,0,51,1,low,0,1,1,0.0,0.1667,0,1,0,1,not set,3,0,0,1,1,0,other,1,microsoft/Microsoft365DSC::.github/workflows/Global - Integration - AAD.yml,microsoft/Microsoft365DSC,.github/workflows/Global - Integration - AAD.yml,microsoft_Microsoft365DSC__.github__workflows__Global - Integration - AAD.yml,medium,unpinned,expr-no-taint
1,7,0,0,0,51,1,low,0,1,1,0.0,0.1667,0,1,0,1,not set,3,0,0,1,0,0,other,1,microsoft/Microsoft365DSC::.github/workflows/Global - Integration - EXO.yml,microsoft/Microsoft365DSC,.github/workflows/Global - Integration - EXO.yml,microsoft_Microsoft365DSC__.github__workflows__Global - Integration - EXO.yml,medium,unpinned,expr-no-taint
1,7,0,0,0,51,1,low,0,1,1,0.0,0.1667,0,1,0,1,not set,3,0,0,1,0,0,other,1,microsoft/Microsoft365DSC::.github/workflows/Global - Integration - INTUNE.yml,microsoft/Microsoft365DSC,.github/workflows/Global - Integration - INTUNE.yml,microsoft_Microsoft365DSC__.github__workflows__Global - Integration - INTUNE.yml,medium,unpinned,expr-no-taint
2,9,0,1,0,73,1,low,0,6,1,0.0,2.0,0,0,0,1,granular,0,0,0,1,0,0,deploy-release,1,microsoft/Microsoft365DSC::.github/workflows/PublishGitHubPages.yml,microsoft/Microsoft365DSC,.github/workflows/PublishGitHubPages.yml,microsoft_Microsoft365DSC__.github__workflows__PublishGitHubPages.yml,medium,unpinned,no-expr
1,3,0,0,0,41,1,low,0,1,1,0.0,0.5,0,0,0,0,not set,1,0,1,1,0,0,deploy-release,1,microsoft/Microsoft365DSC::.github/workflows/PublishToGallery.yml,microsoft/Microsoft365DSC,.github/workflows/PublishToGallery.yml,microsoft_Microsoft365DSC__.github__workflows__PublishToGallery.yml,simple,unpinned,no-expr
1,5,0,0,0,75,2,medium,0,1,1,0.0,0.25,0,1,0,1,not set,0,1,1,1,0,0,other,1,microsoft/Microsoft365DSC::.github/workflows/SchemaDefinition.yml,microsoft/Microsoft365DSC,.github/workflows/SchemaDefinition.yml,microsoft_Microsoft365DSC__.github__workflows__SchemaDefinition.yml,medium,unpinned,expr-no-taint
2,6,0,0,0,91,2,medium,0,2,1,0.0,0.5,0,0,0,1,not set,0,0,0,1,0,0,ci-test,1,microsoft/Microsoft365DSC::.github/workflows/Unit Tests.yml,microsoft/Microsoft365DSC,.github/workflows/Unit Tests.yml,microsoft_Microsoft365DSC__.github__workflows__Unit Tests.yml,medium,unpinned,no-expr
1,2,0,0,0,34,2,medium,0,1,1,0.0,1.0,0,0,0,1,not set,0,0,0,1,0,0,ci-test,1,microsoft/Microsoft365DSC::.github/workflows/Validation Checks.yml,microsoft/Microsoft365DSC,.github/workflows/Validation Checks.yml,microsoft_Microsoft365DSC__.github__workflows__Validation Checks.yml,simple,unpinned,no-expr
2,8,0,1,0,58,1,low,0,5,2,0.0,1.6667,0,0,0,0,not set,4,1,1,1,0,0,deploy-release,1,microsoft/Microsoft365DSC::.github/workflows/website-deploy-preview.yml,microsoft/Microsoft365DSC,.github/workflows/website-deploy-preview.yml,microsoft_Microsoft365DSC__.github__workflows__website-deploy-preview.yml,medium,unpinned,no-expr
2,8,0,1,0,58,1,low,0,5,2,0.0,1.6667,0,0,0,0,not set,4,1,1,1,0,0,deploy-release,1,microsoft/Microsoft365DSC::.github/workflows/website-deploy-prod.yml,microsoft/Microsoft365DSC,.github/workflows/website-deploy-prod.yml,microsoft_Microsoft365DSC__.github__workflows__website-deploy-prod.yml,medium,unpinned,no-expr
1,5,1,0,0,90,3,medium,0,5,3,0.0,5.0,1,0,0,1,not set,0,1,1,0,0,0,security-scan,1,microsoft/Olive::.github/workflows/codeql.yml,microsoft/Olive,.github/workflows/codeql.yml,microsoft_Olive__.github__workflows__codeql.yml,complex,unpinned,no-expr
1,3,0,0,0,45,3,medium,0,2,1,0.0,2.0,0,0,0,0,not set,0,0,0,0,0,0,documentation,1,microsoft/Olive::.github/workflows/docs.yml,microsoft/Olive,.github/workflows/docs.yml,microsoft_Olive__.github__workflows__docs.yml,simple,unpinned,no-expr
2,9,0,0,0,77,2,medium,0,6,3,0.0,2.0,1,0,0,1,not set,2,0,0,1,0,0,code-quality,1,microsoft/Olive::.github/workflows/lint.yml,microsoft/Olive,.github/workflows/lint.yml,microsoft_Olive__.github__workflows__lint.yml,medium,unpinned,no-expr
1,1,0,0,0,18,1,high,0,1,1,0.0,1.0,1,0,0,1,granular,0,0,0,1,0,0,other,1,microsoft/PTVS::.github/workflows/auto-label.yml,microsoft/PTVS,.github/workflows/auto-label.yml,microsoft_PTVS__.github__workflows__auto-label.yml,simple,unpinned,no-expr
1,7,0,0,0,79,1,high,0,5,2,0.0,2.5,1,0,0,1,granular,4,1,1,1,0,0,other,1,microsoft/PTVS::.github/workflows/issues.yml,microsoft/PTVS,.github/workflows/issues.yml,microsoft_PTVS__.github__workflows__issues.yml,medium,unpinned,no-expr
1,1,0,0,0,25,1,low,0,1,1,0.0,1.0,0,0,0,1,not set,1,1,0,0,0,0,other,1,microsoft/PTVS::.github/workflows/stale.yml,microsoft/PTVS,.github/workflows/stale.yml,microsoft_PTVS__.github__workflows__stale.yml,simple,unpinned,no-expr
1,1,0,0,0,19,1,high,0,1,1,0.0,1.0,1,0,0,1,granular,1,1,0,0,0,0,other,1,microsoft/PowerToys::.github/workflows/automatic-issue-deduplication.yml,microsoft/PowerToys,.github/workflows/automatic-issue-deduplication.yml,microsoft_PowerToys__.github__workflows__automatic-issue-deduplication.yml,simple,unpinned,no-expr
1,2,0,0,0,26,1,medium,0,2,1,0.0,2.0,0,0,0,1,granular,0,0,0,0,0,0,dependency-management,1,microsoft/PowerToys::.github/workflows/dependency-review.yml,microsoft/PowerToys,.github/workflows/dependency-review.yml,microsoft_PowerToys__.github__workflows__dependency-review.yml,simple,unpinned,no-expr
1,2,1,0,0,38,1,low,1,2,2,0.0,2.0,1,0,0,1,granular,1,1,0,0,0,0,other,1,microsoft/PowerToys::.github/workflows/manual-batch-issue-deduplication.yml,microsoft/PowerToys,.github/workflows/manual-batch-issue-deduplication.yml,microsoft_PowerToys__.github__workflows__manual-batch-issue-deduplication.yml,complex,unpinned,no-expr
1,10,0,0,0,89,2,low,0,4,3,0.0,0.6667,0,1,0,1,granular,10,0,0,1,0,0,deploy-release,1,microsoft/PowerToys::.github/workflows/msstore-submissions.yml,microsoft/PowerToys,.github/workflows/msstore-submissions.yml,microsoft_PowerToys__.github__workflows__msstore-submissions.yml,complex,unpinned,expr-no-taint
1,1,0,0,0,38,2,low,0,0,0,0.0,0.0,0,1,0,0,not set,1,0,1,1,0,0,deploy-release,1,microsoft/PowerToys::.github/workflows/package-submissions.yml,microsoft/PowerToys,.github/workflows/package-submissions.yml,microsoft_PowerToys__.github__workflows__package-submissions.yml,simple,no-third-party,expr-no-taint
4,4,0,1,0,200,3,high,0,4,1,1.0,4.0,1,0,2,1,not set,1,0,0,1,0,0,ci-test,1,microsoft/PowerToys::.github/workflows/spelling2.yml,microsoft/PowerToys,.github/workflows/spelling2.yml,microsoft_PowerToys__.github__workflows__spelling2.yml,complex,pinned,no-expr
1,4,0,0,0,73,3,low,0,4,3,0.75,4.0,1,0,0,1,read-all,1,0,0,0,0,0,security-scan,1,microsoft/ProcDump-for-Linux::.github/workflows/scorecard.yml,microsoft/ProcDump-for-Linux,.github/workflows/scorecard.yml,microsoft_ProcDump-for-Linux__.github__workflows__scorecard.yml,medium,pinned,no-expr
1,4,0,0,0,73,3,low,0,4,3,0.75,4.0,1,0,0,1,read-all,1,0,0,0,0,0,security-scan,1,microsoft/ProcMon-for-Linux::.github/workflows/scorecard.yml,microsoft/ProcMon-for-Linux,.github/workflows/scorecard.yml,microsoft_ProcMon-for-Linux__.github__workflows__scorecard.yml,medium,pinned,no-expr
2,10,1,1,0,69,2,medium,0,4,1,0.0,0.6667,0,0,2,1,not set,0,0,0,1,0,0,ci-test,1,microsoft/RD-Agent::.github/workflows/ci.yml,microsoft/RD-Agent,.github/workflows/ci.yml,microsoft_RD-Agent__.github__workflows__ci.yml,complex,unpinned,no-expr
1,4,0,0,0,35,1,medium,0,2,1,0.0,1.0,0,0,1,0,not set,0,0,1,0,0,0,code-quality,1,microsoft/RD-Agent::.github/workflows/pr.yml,microsoft/RD-Agent,.github/workflows/pr.yml,microsoft_RD-Agent__.github__workflows__pr.yml,medium,unpinned,taint
1,1,0,0,0,17,1,high,0,1,1,0.0,1.0,1,0,0,1,granular,0,0,0,0,0,0,documentation,1,microsoft/RD-Agent::.github/workflows/readthedocs-preview.yml,microsoft/RD-Agent,.github/workflows/readthedocs-preview.yml,microsoft_RD-Agent__.github__workflows__readthedocs-preview.yml,simple,unpinned,no-expr
1,7,0,0,0,48,1,low,0,3,2,0.0,0.75,1,0,0,1,granular,2,0,1,1,0,0,deploy-release,1,microsoft/RD-Agent::.github/workflows/release.yml,microsoft/RD-Agent,.github/workflows/release.yml,microsoft_RD-Agent__.github__workflows__release.yml,medium,unpinned,no-expr
1,5,1,0,0,76,3,medium,0,5,2,0.0,5.0,0,0,0,0,not set,0,0,0,0,0,0,security-scan,1,microsoft/RulesEngine::.github/workflows/codeql-analysis.yml,microsoft/RulesEngine,.github/workflows/codeql-analysis.yml,microsoft_RulesEngine__.github__workflows__codeql-analysis.yml,complex,unpinned,no-expr
1,8,0,0,0,44,2,medium,0,3,2,0.0,0.6,1,0,0,0,not set,1,1,0,1,0,0,build,1,microsoft/RulesEngine::.github/workflows/dotnetcore-build.yml,microsoft/RulesEngine,.github/workflows/dotnetcore-build.yml,microsoft_RulesEngine__.github__workflows__dotnetcore-build.yml,medium,unpinned,no-expr
1,6,0,0,0,39,2,low,0,2,1,0.0,0.5,0,1,0,1,granular,0,1,0,1,0,0,other,1,microsoft/STL::.github/workflows/update-status-chart.yml,microsoft/STL,.github/workflows/update-status-chart.yml,microsoft_STL__.github__workflows__update-status-chart.yml,medium,unpinned,expr-no-taint
1,4,1,0,0,96,3,medium,0,3,2,0.0,3.0,0,0,0,1,not set,0,0,0,1,0,0,security-scan,1,microsoft/SandDance::.github/workflows/codeql.yml,microsoft/SandDance,.github/workflows/codeql.yml,microsoft_SandDance__.github__workflows__codeql.yml,complex,unpinned,no-expr
1,6,0,0,0,104,1,low,0,4,3,0.0,2.0,1,0,0,1,not set,13,0,1,0,0,0,other,1,microsoft/Security-101::.github/workflows/co-op-translator.yml,microsoft/Security-101,.github/workflows/co-op-translator.yml,microsoft_Security-101__.github__workflows__co-op-translator.yml,medium,unpinned,no-expr
2,6,0,1,0,62,1,low,0,5,1,0.0,5.0,0,0,0,1,not set,0,0,0,0,0,0,deploy-release,1,microsoft/Security-101::.github/workflows/deploy.yaml,microsoft/Security-101,.github/workflows/deploy.yaml,microsoft_Security-101__.github__workflows__deploy.yaml,medium,unpinned,no-expr
2,5,0,1,0,51,2,low,0,5,1,0.0,5.0,0,0,0,1,granular,0,0,0,0,0,0,deploy-release,1,microsoft/Security-101::.github/workflows/jekyll-gh-pages.yml,microsoft/Security-101,.github/workflows/jekyll-gh-pages.yml,microsoft_Security-101__.github__workflows__jekyll-gh-pages.yml,medium,unpinned,no-expr
1,1,0,0,0,21,1,high,0,1,1,0.0,1.0,1,0,0,1,granular,0,0,0,0,0,0,other,1,microsoft/SynapseML::.github/workflows/acknowledge-new-issues.yml,microsoft/SynapseML,.github/workflows/acknowledge-new-issues.yml,microsoft_SynapseML__.github__workflows__acknowledge-new-issues.yml,simple,unpinned,no-expr
1,1,0,0,0,38,1,high,0,1,1,0.0,1.0,1,0,0,1,granular,0,0,0,0,0,0,other,1,microsoft/SynapseML::.github/workflows/acknowledge-new-prs.yml,microsoft/SynapseML,.github/workflows/acknowledge-new-prs.yml,microsoft_SynapseML__.github__workflows__acknowledge-new-prs.yml,simple,unpinned,no-expr
1,1,0,0,0,17,1,high,0,1,1,1.0,1.0,1,0,0,1,not set,1,1,0,0,0,0,other,1,microsoft/SynapseML::.github/workflows/add-triage-label.yml,microsoft/SynapseML,.github/workflows/add-triage-label.yml,microsoft_SynapseML__.github__workflows__add-triage-label.yml,simple,pinned,no-expr
1,1,0,0,0,23,1,high,0,1,1,0.0,1.0,1,0,0,0,not set,3,0,1,0,0,0,other,1,microsoft/SynapseML::.github/workflows/ado-integration.yml,microsoft/SynapseML,.github/workflows/ado-integration.yml,microsoft_SynapseML__.github__workflows__ado-integration.yml,simple,unpinned,no-expr
1,1,0,0,0,23,1,high,0,1,1,0.0,1.0,1,0,0,0,not set,3,0,1,0,0,0,other,1,microsoft/SynapseML::.github/workflows/ado-pr-to-workitem.yml,microsoft/SynapseML,.github/workflows/ado-pr-to-workitem.yml,microsoft_SynapseML__.github__workflows__ado-pr-to-workitem.yml,simple,unpinned,no-expr
1,3,0,0,0,38,3,medium,0,2,2,0.0,2.0,1,0,0,0,not set,0,0,0,0,0,0,ci-test,1,microsoft/SynapseML::.github/workflows/check-dead-links.yml,microsoft/SynapseML,.github/workflows/check-dead-links.yml,microsoft_SynapseML__.github__workflows__check-dead-links.yml,simple,unpinned,no-expr
1,1,0,0,0,18,1,high,0,1,1,0.0,1.0,1,0,0,1,granular,1,1,1,0,0,0,ci-test,1,microsoft/SynapseML::.github/workflows/check-semantic-prs.yaml,microsoft/SynapseML,.github/workflows/check-semantic-prs.yaml,microsoft_SynapseML__.github__workflows__check-semantic-prs.yaml,simple,unpinned,no-expr
1,4,1,0,0,78,3,medium,0,4,2,0.0,4.0,0,0,0,1,not set,0,0,0,0,0,0,security-scan,1,microsoft/SynapseML::.github/workflows/codeql.yml,microsoft/SynapseML,.github/workflows/codeql.yml,microsoft_SynapseML__.github__workflows__codeql.yml,complex,unpinned,no-expr
1,2,0,0,0,23,1,medium,0,2,1,0.0,2.0,0,0,0,1,granular,0,0,0,0,0,0,dependency-management,1,microsoft/SynapseML::.github/workflows/dependency-review.yml,microsoft/SynapseML,.github/workflows/dependency-review.yml,microsoft_SynapseML__.github__workflows__dependency-review.yml,simple,unpinned,no-expr
2,8,0,0,0,53,1,medium,0,4,1,0.0,1.0,0,0,0,0,not set,0,0,0,0,0,0,other,1,microsoft/SynapseML::.github/workflows/pr-validation.yml,microsoft/SynapseML,.github/workflows/pr-validation.yml,microsoft_SynapseML__.github__workflows__pr-validation.yml,medium,unpinned,no-expr
1,1,0,0,0,24,1,high,0,1,1,0.0,1.0,1,0,0,0,not set,1,1,1,1,0,0,other,1,microsoft/SynapseML::.github/workflows/remove-awaiting-response-label.yml,microsoft/SynapseML,.github/workflows/remove-awaiting-response-label.yml,microsoft_SynapseML__.github__workflows__remove-awaiting-response-label.yml,simple,unpinned,no-expr
1,1,0,0,0,18,1,low,0,1,1,0.0,1.0,1,0,0,0,not set,1,1,0,0,0,0,other,1,microsoft/SynapseML::.github/workflows/remove-old-issues.yml,microsoft/SynapseML,.github/workflows/remove-old-issues.yml,microsoft_SynapseML__.github__workflows__remove-old-issues.yml,simple,unpinned,no-expr
1,1,0,0,0,26,1,high,0,0,0,0.0,0.0,0,1,0,1,not set,1,1,0,1,0,0,other,1,microsoft/SynapseML::.github/workflows/reopen-issue-on-comment.yml,microsoft/SynapseML,.github/workflows/reopen-issue-on-comment.yml,microsoft_SynapseML__.github__workflows__reopen-issue-on-comment.yml,simple,no-third-party,expr-no-taint
1,4,0,0,0,72,3,low,0,4,3,0.75,4.0,1,0,0,1,read-all,1,0,0,0,0,0,security-scan,1,microsoft/SynapseML::.github/workflows/scorecards.yml,microsoft/SynapseML,.github/workflows/scorecards.yml,microsoft_SynapseML__.github__workflows__scorecards.yml,medium,pinned,no-expr
2,10,0,1,0,89,3,medium,0,7,1,1.0,2.3333,0,0,0,1,granular,0,0,0,1,0,0,deploy-release,1,microsoft/SynapseML::.github/workflows/website-deploy.yml,microsoft/SynapseML,.github/workflows/website-deploy.yml,microsoft_SynapseML__.github__workflows__website-deploy.yml,complex,pinned,no-expr
1,4,0,0,0,73,3,low,0,4,3,0.75,4.0,1,0,0,1,read-all,1,0,0,0,0,0,security-scan,1,microsoft/SysmonForLinux::.github/workflows/scorecard.yml,microsoft/SysmonForLinux,.github/workflows/scorecard.yml,microsoft_SysmonForLinux__.github__workflows__scorecard.yml,medium,pinned,no-expr
1,4,1,0,0,100,3,medium,0,3,2,0.0,3.0,0,0,0,1,not set,0,0,0,1,0,0,security-scan,1,microsoft/TRELLIS::.github/workflows/codeql.yml,microsoft/TRELLIS,.github/workflows/codeql.yml,microsoft_TRELLIS__.github__workflows__codeql.yml,complex,unpinned,no-expr
1,2,0,0,0,52,3,medium,0,2,2,0.5,2.0,1,0,0,1,not set,1,1,0,0,0,0,other,1,microsoft/TinyTroupe::.github/workflows/bandit.yml,microsoft/TinyTroupe,.github/workflows/bandit.yml,microsoft_TinyTroupe__.github__workflows__bandit.yml,simple,pinned,no-expr
1,4,1,0,0,92,3,medium,0,3,2,0.0,3.0,0,0,0,1,not set,0,0,0,1,0,0,security-scan,1,microsoft/TinyTroupe::.github/workflows/codeql.yml,microsoft/TinyTroupe,.github/workflows/codeql.yml,microsoft_TinyTroupe__.github__workflows__codeql.yml,complex,unpinned,no-expr
1,4,1,0,0,41,2,medium,0,2,1,0.0,1.0,0,0,0,1,granular,0,0,0,0,0,0,ci-test,1,microsoft/TypeChat::.github/workflows/ci.js.yml,microsoft/TypeChat,.github/workflows/ci.js.yml,microsoft_TypeChat__.github__workflows__ci.js.yml,complex,unpinned,no-expr
1,8,1,0,0,69,2,medium,0,4,2,0.0,1.0,1,0,0,0,not set,0,0,0,0,0,0,ci-test,1,microsoft/TypeChat::.github/workflows/ci.python.yml,microsoft/TypeChat,.github/workflows/ci.python.yml,microsoft_TypeChat__.github__workflows__ci.python.yml,complex,unpinned,no-expr
1,5,0,0,0,37,1,low,0,4,1,0.0,4.0,0,0,0,1,granular,0,0,0,0,0,0,deploy-release,1,microsoft/TypeChat::.github/workflows/github-pages.yml,microsoft/TypeChat,.github/workflows/github-pages.yml,microsoft_TypeChat__.github__workflows__github-pages.yml,medium,unpinned,no-expr
1,3,0,0,0,40,1,low,0,2,1,1.0,2.0,0,0,0,1,granular,1,0,0,0,0,0,code-quality,1,microsoft/TypeScript::.github/workflows/accept-baselines-fix-lints.yaml,microsoft/TypeScript,.github/workflows/accept-baselines-fix-lints.yaml,microsoft_TypeScript__.github__workflows__accept-baselines-fix-lints.yaml,simple,pinned,no-expr
13,70,1,1,0,438,3,medium,0,29,2,1.0,0.7073,0,0,0,1,granular,0,0,1,1,1,0,ci-test,1,microsoft/TypeScript::.github/workflows/ci.yml,microsoft/TypeScript,.github/workflows/ci.yml,microsoft_TypeScript__.github__workflows__ci.yml,complex,pinned,no-expr
1,1,0,0,0,51,2,low,0,0,0,0.0,0.0,0,0,0,1,granular,1,0,1,1,0,0,other,1,microsoft/TypeScript::.github/workflows/close-issues.yml,microsoft/TypeScript,.github/workflows/close-issues.yml,microsoft_TypeScript__.github__workflows__close-issues.yml,simple,no-third-party,no-expr
1,4,0,0,0,73,3,medium,0,4,2,1.0,4.0,0,0,0,1,granular,0,0,0,1,0,0,security-scan,1,microsoft/TypeScript::.github/workflows/codeql.yml,microsoft/TypeScript,.github/workflows/codeql.yml,microsoft_TypeScript__.github__workflows__codeql.yml,medium,pinned,no-expr
1,4,0,0,0,22,1,low,0,2,1,1.0,1.0,0,0,0,1,not set,0,0,0,0,0,0,other,1,microsoft/TypeScript::.github/workflows/copilot-setup-steps.yml,microsoft/TypeScript,.github/workflows/copilot-setup-steps.yml,microsoft_TypeScript__.github__workflows__copilot-setup-steps.yml,medium,pinned,no-expr
1,3,0,0,0,189,1,low,1,3,2,0.6667,3.0,0,0,0,1,granular,3,0,1,1,0,0,other,1,microsoft/TypeScript::.github/workflows/create-cherry-pick-pr.yml,microsoft/TypeScript,.github/workflows/create-cherry-pick-pr.yml,microsoft_TypeScript__.github__workflows__create-cherry-pick-pr.yml,simple,pinned,no-expr
2,8,0,1,0,65,2,low,0,4,1,1.0,1.0,0,0,0,1,granular,1,0,1,1,0,0,deploy-release,1,microsoft/TypeScript::.github/workflows/insiders.yaml,microsoft/TypeScript,.github/workflows/insiders.yaml,microsoft_TypeScript__.github__workflows__insiders.yaml,medium,pinned,no-expr
1,5,0,0,0,51,1,low,1,2,1,1.0,0.6667,0,0,0,1,granular,1,0,1,0,0,0,other,1,microsoft/TypeScript::.github/workflows/lkg.yml,microsoft/TypeScript,.github/workflows/lkg.yml,microsoft_TypeScript__.github__workflows__lkg.yml,medium,pinned,no-expr
1,5,0,0,0,99,1,low,1,3,2,0.6667,1.5,0,0,0,1,granular,2,0,1,1,0,0,deploy-release,1,microsoft/TypeScript::.github/workflows/new-release-branch.yaml,microsoft/TypeScript,.github/workflows/new-release-branch.yaml,microsoft_TypeScript__.github__workflows__new-release-branch.yaml,medium,pinned,no-expr
2,8,0,1,0,65,2,low,0,4,1,1.0,1.0,0,0,0,1,granular,1,0,1,1,0,0,deploy-release,1,microsoft/TypeScript::.github/workflows/nightly.yaml,microsoft/TypeScript,.github/workflows/nightly.yaml,microsoft_TypeScript__.github__workflows__nightly.yaml,medium,pinned,no-expr
1,5,0,0,0,138,1,high,0,0,0,0.0,0.0,0,0,0,1,granular,2,0,1,1,0,0,ci-test,1,microsoft/TypeScript::.github/workflows/pr-modified-files.yml,microsoft/TypeScript,.github/workflows/pr-modified-files.yml,microsoft_TypeScript__.github__workflows__pr-modified-files.yml,medium,no-third-party,no-expr
1,8,0,0,0,50,1,low,0,3,1,1.0,0.6,0,0,0,1,granular,0,0,0,0,0,0,deploy-release,1,microsoft/TypeScript::.github/workflows/release-branch-artifact.yaml,microsoft/TypeScript,.github/workflows/release-branch-artifact.yaml,microsoft_TypeScript__.github__workflows__release-branch-artifact.yaml,medium,pinned,no-expr
1,4,0,0,0,60,3,low,0,4,3,1.0,4.0,1,0,0,1,read-all,0,0,0,0,0,0,security-scan,1,microsoft/TypeScript::.github/workflows/scorecard.yml,microsoft/TypeScript,.github/workflows/scorecard.yml,microsoft_TypeScript__.github__workflows__scorecard.yml,medium,pinned,no-expr
1,5,0,0,0,102,1,low,1,3,2,0.6667,1.5,0,0,0,1,granular,2,0,1,1,0,0,other,1,microsoft/TypeScript::.github/workflows/set-version.yaml,microsoft/TypeScript,.github/workflows/set-version.yaml,microsoft_TypeScript__.github__workflows__set-version.yaml,medium,pinned,no-expr
1,4,0,0,0,76,1,low,1,3,2,0.6667,3.0,0,0,0,1,granular,2,0,0,1,0,0,other,1,microsoft/TypeScript::.github/workflows/sync-branch.yaml,microsoft/TypeScript,.github/workflows/sync-branch.yaml,microsoft_TypeScript__.github__workflows__sync-branch.yaml,medium,pinned,no-expr
1,3,0,0,0,30,1,low,0,1,1,1.0,0.5,0,0,0,1,granular,2,0,1,0,0,0,other,1,microsoft/TypeScript::.github/workflows/sync-wiki.yml,microsoft/TypeScript,.github/workflows/sync-wiki.yml,microsoft_TypeScript__.github__workflows__sync-wiki.yml,simple,pinned,no-expr
1,4,0,0,0,67,3,low,1,4,2,0.75,4.0,0,0,0,1,granular,1,0,0,1,0,0,other,1,microsoft/TypeScript::.github/workflows/twoslash-repros.yaml,microsoft/TypeScript,.github/workflows/twoslash-repros.yaml,microsoft_TypeScript__.github__workflows__twoslash-repros.yaml,medium,pinned,no-expr
1,4,0,0,0,52,2,low,0,2,1,1.0,1.0,0,0,0,1,granular,1,0,0,1,0,0,build,1,microsoft/TypeScript::.github/workflows/update-package-lock.yaml,microsoft/TypeScript,.github/workflows/update-package-lock.yaml,microsoft_TypeScript__.github__workflows__update-package-lock.yaml,medium,pinned,no-expr
3,19,1,1,0,120,1,medium,0,8,2,1.0,0.7273,1,0,0,0,not set,1,1,1,1,0,0,ci-test,1,microsoft/TypeScript-Website::.github/workflows/CI.yml,microsoft/TypeScript-Website,.github/workflows/CI.yml,microsoft_TypeScript-Website__.github__workflows__CI.yml,complex,pinned,no-expr
1,1,0,0,0,21,2,high,1,1,1,0.0,1.0,0,0,0,0,not set,1,0,0,1,0,0,other,1,microsoft/TypeScript-Website::.github/workflows/close-preview.yml,microsoft/TypeScript-Website,.github/workflows/close-preview.yml,microsoft_TypeScript-Website__.github__workflows__close-preview.yml,simple,unpinned,no-expr
1,4,0,0,0,71,3,medium,0,4,2,1.0,4.0,0,0,0,1,granular,0,0,0,1,0,0,security-scan,1,microsoft/TypeScript-Website::.github/workflows/codeql.yml,microsoft/TypeScript-Website,.github/workflows/codeql.yml,microsoft_TypeScript-Website__.github__workflows__codeql.yml,medium,pinned,no-expr
1,4,0,0,0,189,3,high,1,4,2,0.75,4.0,0,0,0,1,granular,4,1,1,1,0,0,deploy-release,1,microsoft/TypeScript-Website::.github/workflows/deploy-preview.yml,microsoft/TypeScript-Website,.github/workflows/deploy-preview.yml,microsoft_TypeScript-Website__.github__workflows__deploy-preview.yml,medium,pinned,no-expr
2,8,0,1,0,72,3,low,0,6,2,1.0,3.0,1,0,0,1,granular,0,0,0,1,0,0,deploy-release,1,microsoft/TypeScript-Website::.github/workflows/deploy-prod-static.yml,microsoft/TypeScript-Website,.github/workflows/deploy-prod-static.yml,microsoft_TypeScript-Website__.github__workflows__deploy-prod-static.yml,medium,pinned,no-expr
1,2,0,0,0,22,1,low,0,1,1,1.0,1.0,0,0,0,1,not set,0,0,0,1,0,0,other,1,microsoft/TypeScript-Website::.github/workflows/keepalive.yml,microsoft/TypeScript-Website,.github/workflows/keepalive.yml,microsoft_TypeScript-Website__.github__workflows__keepalive.yml,simple,pinned,no-expr
1,5,0,0,0,42,2,low,0,4,3,1.0,4.0,1,0,0,1,granular,3,0,1,1,0,0,deploy-release,1,microsoft/TypeScript-Website::.github/workflows/publish-packages.yml,microsoft/TypeScript-Website,.github/workflows/publish-packages.yml,microsoft_TypeScript-Website__.github__workflows__publish-packages.yml,medium,pinned,no-expr
1,4,0,0,0,35,1,low,0,2,1,0.0,1.0,0,0,0,1,not set,1,1,1,0,0,0,deploy-release,1,microsoft/UFO::.github/workflows/document_deploy.yml,microsoft/UFO,.github/workflows/document_deploy.yml,microsoft_UFO__.github__workflows__document_deploy.yml,medium,unpinned,no-expr
5,27,1,1,0,305,3,medium,1,15,2,0.0,1.25,0,1,0,1,granular,3,1,1,1,0,0,build,1,microsoft/VFSForGit::.github/workflows/build.yaml,microsoft/VFSForGit,.github/workflows/build.yaml,microsoft_VFSForGit__.github__workflows__build.yaml,complex,unpinned,expr-no-taint
1,1,0,0,0,22,1,low,0,0,0,0.0,0.0,0,1,0,0,not set,1,0,0,0,0,0,deploy-release,1,microsoft/VFSForGit::.github/workflows/release-winget.yaml,microsoft/VFSForGit,.github/workflows/release-winget.yaml,microsoft_VFSForGit__.github__workflows__release-winget.yaml,simple,no-third-party,expr-no-taint
1,6,0,0,0,49,3,medium,0,4,2,0.0,2.0,0,0,0,1,not set,0,0,0,0,0,0,security-scan,1,microsoft/WPF-Samples::.github/workflows/codeql.yml,microsoft/WPF-Samples,.github/workflows/codeql.yml,microsoft_WPF-Samples__.github__workflows__codeql.yml,medium,unpinned,no-expr
1,2,0,0,0,17,1,medium,0,1,1,0.0,1.0,0,0,0,0,not set,0,0,0,0,0,0,ci-test,1,microsoft/WSL::.github/workflows/distributions.yml,microsoft/WSL,.github/workflows/distributions.yml,microsoft_WSL__.github__workflows__distributions.yml,simple,unpinned,no-expr
1,5,0,0,0,35,2,low,0,3,1,0.0,1.5,0,0,0,1,not set,0,0,0,0,0,0,documentation,1,microsoft/WSL::.github/workflows/documentation.yml,microsoft/WSL,.github/workflows/documentation.yml,microsoft_WSL__.github__workflows__documentation.yml,medium,unpinned,no-expr
1,2,0,0,0,22,2,high,0,1,1,0.0,2.0,0,0,1,1,not set,1,1,0,0,0,0,other,1,microsoft/WSL::.github/workflows/issue_edited.yml,microsoft/WSL,.github/workflows/issue_edited.yml,microsoft_WSL__.github__workflows__issue_edited.yml,simple,unpinned,no-expr
1,3,0,0,0,28,1,medium,0,1,1,0.0,0.5,0,1,0,0,not set,0,0,0,0,0,0,ci-test,1,microsoft/WSL::.github/workflows/modern-distributions.yml,microsoft/WSL,.github/workflows/modern-distributions.yml,microsoft_WSL__.github__workflows__modern-distributions.yml,simple,unpinned,expr-no-taint
1,2,0,0,0,21,2,high,0,1,1,0.0,2.0,0,0,0,1,not set,1,1,0,0,0,0,other,1,microsoft/WSL::.github/workflows/new_issue.yml,microsoft/WSL,.github/workflows/new_issue.yml,microsoft_WSL__.github__workflows__new_issue.yml,simple,unpinned,no-expr
1,2,0,0,0,23,2,high,0,1,1,0.0,2.0,0,0,0,1,not set,1,1,0,1,0,0,other,1,microsoft/WSL::.github/workflows/new_issue_comment.yml,microsoft/WSL,.github/workflows/new_issue_comment.yml,microsoft_WSL__.github__workflows__new_issue_comment.yml,simple,unpinned,no-expr
1,1,0,0,0,30,1,low,0,0,0,0.0,0.0,0,1,0,0,not set,1,0,0,1,0,0,deploy-release,1,microsoft/WSL::.github/workflows/winget.yml,microsoft/WSL,.github/workflows/winget.yml,microsoft_WSL__.github__workflows__winget.yml,simple,no-third-party,expr-no-taint
2,3,0,0,0,38,1,low,0,3,2,0.0,3.0,0,0,0,0,not set,3,1,0,1,0,0,ci-test,1,microsoft/Web-Dev-For-Beginners::.github/workflows/azure-static-web-apps-ashy-river-0debb7803.yml,microsoft/Web-Dev-For-Beginners,.github/workflows/azure-static-web-apps-ashy-river-0debb7803.yml,microsoft_Web-Dev-For-Beginners__.github__workflows__azure-static-web-apps-ashy-river-0debb7803.yml,medium,unpinned,no-expr
5,58,0,1,0,1012,2,low,0,33,2,0.8485,1.32,0,1,2,1,empty,29,1,1,1,0,0,other,1,microsoft/Web-Dev-For-Beginners::.github/workflows/daily-repo-status.lock.yml,microsoft/Web-Dev-For-Beginners,.github/workflows/daily-repo-status.lock.yml,microsoft_Web-Dev-For-Beginners__.github__workflows__daily-repo-status.lock.yml,complex,pinned,taint
1,3,0,0,0,29,3,low,0,3,3,0.0,3.0,1,0,0,1,not set,0,0,0,1,0,0,other,1,microsoft/Web-Dev-For-Beginners::.github/workflows/links.yml,microsoft/Web-Dev-For-Beginners,.github/workflows/links.yml,microsoft_Web-Dev-For-Beginners__.github__workflows__links.yml,simple,unpinned,no-expr
1,1,0,0,0,13,1,high,0,1,1,0.0,1.0,1,0,0,0,not set,1,1,0,0,0,0,other,1,microsoft/Web-Dev-For-Beginners::.github/workflows/lock.yml,microsoft/Web-Dev-For-Beginners,.github/workflows/lock.yml,microsoft_Web-Dev-For-Beginners__.github__workflows__lock.yml,simple,unpinned,no-expr
1,1,0,0,0,28,1,low,0,1,1,0.0,1.0,0,0,0,1,not set,1,1,0,0,0,0,other,1,microsoft/Web-Dev-For-Beginners::.github/workflows/stale.yml,microsoft/Web-Dev-For-Beginners,.github/workflows/stale.yml,microsoft_Web-Dev-For-Beginners__.github__workflows__stale.yml,simple,unpinned,no-expr
1,7,1,0,0,77,3,medium,0,4,3,0.0,1.3333,1,1,0,1,not set,0,0,1,1,0,0,security-scan,1,microsoft/Windows-driver-samples::.github/workflows/Code-Scanning.yml,microsoft/Windows-driver-samples,.github/workflows/Code-Scanning.yml,microsoft_Windows-driver-samples__.github__workflows__Code-Scanning.yml,complex,unpinned,expr-no-taint
1,1,0,0,0,16,1,low,0,1,1,0.0,1.0,0,0,0,1,not set,1,1,0,0,0,0,other,1,microsoft/Windows-driver-samples::.github/workflows/StaleIssues.yml,microsoft/Windows-driver-samples,.github/workflows/StaleIssues.yml,microsoft_Windows-driver-samples__.github__workflows__StaleIssues.yml,simple,unpinned,no-expr
1,5,0,0,0,50,1,medium,0,2,1,0.0,0.6667,0,0,0,0,not set,0,0,0,0,0,0,ci-test,1,microsoft/Windows-driver-samples::.github/workflows/check-sample-issue-template.yml,microsoft/Windows-driver-samples,.github/workflows/check-sample-issue-template.yml,microsoft_Windows-driver-samples__.github__workflows__check-sample-issue-template.yml,medium,unpinned,no-expr
2,9,1,1,0,73,1,medium,0,6,2,0.0,2.0,1,1,0,0,not set,0,0,1,1,0,0,build,1,microsoft/Windows-driver-samples::.github/workflows/ci-pr.yml,microsoft/Windows-driver-samples,.github/workflows/ci-pr.yml,microsoft_Windows-driver-samples__.github__workflows__ci-pr.yml,complex,unpinned,expr-no-taint
2,8,1,1,0,68,2,low,0,5,1,0.0,1.6667,0,0,0,0,not set,0,0,1,1,0,0,build,1,microsoft/Windows-driver-samples::.github/workflows/ci.yml,microsoft/Windows-driver-samples,.github/workflows/ci.yml,microsoft_Windows-driver-samples__.github__workflows__ci.yml,complex,unpinned,no-expr
1,4,0,0,0,80,1,high,0,2,1,0.0,1.0,0,1,1,0,not set,1,1,1,1,0,0,other,1,microsoft/Windows-driver-samples::.github/workflows/tag-codeowner-on-issue.yml,microsoft/Windows-driver-samples,.github/workflows/tag-codeowner-on-issue.yml,microsoft_Windows-driver-samples__.github__workflows__tag-codeowner-on-issue.yml,medium,unpinned,taint
1,7,0,0,0,37,1,medium,0,3,3,0.0,0.75,1,0,0,0,not set,0,0,0,0,0,0,build,1,microsoft/WindowsAppSDK::.github/workflows/build.yml,microsoft/WindowsAppSDK,.github/workflows/build.yml,microsoft_WindowsAppSDK__.github__workflows__build.yml,medium,unpinned,no-expr
1,4,1,0,0,69,3,low,0,4,2,0.0,4.0,0,0,0,1,not set,0,0,0,0,0,0,security-scan,1,microsoft/agent-framework::.github/workflows/codeql-analysis.yml,microsoft/agent-framework,.github/workflows/codeql-analysis.yml,microsoft_agent-framework__.github__workflows__codeql-analysis.yml,complex,unpinned,no-expr
3,24,1,1,0,282,5,medium,0,9,4,0.0,0.7143,1,1,0,1,granular,4,0,1,1,0,0,build,1,microsoft/agent-framework::.github/workflows/dotnet-build-and-test.yml,microsoft/agent-framework,.github/workflows/dotnet-build-and-test.yml,microsoft_agent-framework__.github__workflows__dotnet-build-and-test.yml,complex,unpinned,expr-no-taint
1,6,1,0,0,96,2,medium,0,2,2,0.0,0.5,1,1,0,0,not set,0,0,0,1,0,0,code-quality,1,microsoft/agent-framework::.github/workflows/dotnet-format.yml,microsoft/agent-framework,.github/workflows/dotnet-format.yml,microsoft_agent-framework__.github__workflows__dotnet-format.yml,complex,unpinned,expr-no-taint
1,7,1,0,0,102,1,low,0,3,2,0.0,1.3333,0,1,0,1,granular,5,0,1,1,0,0,ci-test,1,microsoft/agent-framework::.github/workflows/dotnet-integration-tests.yml,microsoft/agent-framework,.github/workflows/dotnet-integration-tests.yml,microsoft_agent-framework__.github__workflows__dotnet-integration-tests.yml,complex,unpinned,expr-no-taint
3,2,0,1,1,134,1,low,1,0,0,0.0,0.0,0,0,0,1,granular,2,1,1,1,0,0,ci-test,1,microsoft/agent-framework::.github/workflows/integration-tests-manual.yml,microsoft/agent-framework,.github/workflows/integration-tests-manual.yml,microsoft_agent-framework__.github__workflows__integration-tests-manual.yml,medium,no-third-party,no-expr
1,1,0,0,0,112,1,high,0,1,1,0.0,1.0,0,0,0,1,not set,2,0,1,1,0,0,other,1,microsoft/agent-framework::.github/workflows/label-issues.yml,microsoft/agent-framework,.github/workflows/label-issues.yml,microsoft_agent-framework__.github__workflows__label-issues.yml,simple,unpinned,no-expr
1,1,0,0,0,21,1,high,0,1,1,0.0,1.0,0,0,0,1,not set,1,0,0,0,0,0,other,1,microsoft/agent-framework::.github/workflows/label-pr.yml,microsoft/agent-framework,.github/workflows/label-pr.yml,microsoft_agent-framework__.github__workflows__label-pr.yml,simple,unpinned,no-expr
1,1,0,0,0,72,2,high,0,1,1,0.0,1.0,0,0,0,1,not set,1,1,0,0,0,0,other,1,microsoft/agent-framework::.github/workflows/label-title-prefix.yml,microsoft/agent-framework,.github/workflows/label-title-prefix.yml,microsoft_agent-framework__.github__workflows__label-title-prefix.yml,simple,unpinned,no-expr
1,2,0,0,0,33,3,medium,0,2,2,0.0,2.0,1,0,0,1,granular,0,0,0,0,0,0,ci-test,1,microsoft/agent-framework::.github/workflows/markdown-link-check.yml,microsoft/agent-framework,.github/workflows/markdown-link-check.yml,microsoft_agent-framework__.github__workflows__markdown-link-check.yml,simple,unpinned,no-expr
1,1,0,0,0,32,2,medium,0,1,1,0.0,1.0,1,0,0,1,not set,1,1,0,1,0,0,other,1,microsoft/agent-framework::.github/workflows/merge-gatekeeper.yml,microsoft/agent-framework,.github/workflows/merge-gatekeeper.yml,microsoft_agent-framework__.github__workflows__merge-gatekeeper.yml,simple,unpinned,no-expr
4,15,1,0,0,143,3,medium,0,6,2,0.0,2.0,1,0,0,0,not set,0,0,1,1,0,0,code-quality,1,microsoft/agent-framework::.github/workflows/python-code-quality.yml,microsoft/agent-framework,.github/workflows/python-code-quality.yml,microsoft_agent-framework__.github__workflows__python-code-quality.yml,complex,unpinned,no-expr
1,4,0,0,0,39,2,low,0,2,2,0.0,1.0,1,0,0,1,granular,0,0,0,1,0,0,documentation,1,microsoft/agent-framework::.github/workflows/python-docs.yml,microsoft/agent-framework,.github/workflows/python-docs.yml,microsoft_agent-framework__.github__workflows__python-docs.yml,medium,unpinned,no-expr
7,24,0,1,0,273,1,low,0,11,2,0.0,3.0,0,0,0,1,granular,13,0,1,1,0,0,ci-test,1,microsoft/agent-framework::.github/workflows/python-integration-tests.yml,microsoft/agent-framework,.github/workflows/python-integration-tests.yml,microsoft_agent-framework__.github__workflows__python-integration-tests.yml,complex,unpinned,no-expr
2,12,1,1,0,99,4,medium,0,4,3,0.0,0.7143,1,0,0,1,not set,0,0,1,1,0,0,ci-test,1,microsoft/agent-framework::.github/workflows/python-lab-tests.yml,microsoft/agent-framework,.github/workflows/python-lab-tests.yml,microsoft_agent-framework__.github__workflows__python-lab-tests.yml,complex,unpinned,no-expr
8,37,0,1,0,418,4,medium,0,19,4,0.0,2.3636,1,0,0,1,granular,13,0,1,1,0,0,ci-test,1,microsoft/agent-framework::.github/workflows/python-merge-tests.yml,microsoft/agent-framework,.github/workflows/python-merge-tests.yml,microsoft_agent-framework__.github__workflows__python-merge-tests.yml,complex,unpinned,no-expr
1,6,0,0,0,62,1,low,0,2,2,0.0,1.0,1,1,0,1,granular,0,0,0,1,0,0,deploy-release,1,microsoft/agent-framework::.github/workflows/python-release.yml,microsoft/agent-framework,.github/workflows/python-release.yml,microsoft_agent-framework__.github__workflows__python-release.yml,medium,unpinned,expr-no-taint
7,28,0,0,0,302,2,low,0,14,1,0.0,3.0,0,0,0,1,granular,32,0,1,1,0,0,other,1,microsoft/agent-framework::.github/workflows/python-sample-validation.yml,microsoft/agent-framework,.github/workflows/python-sample-validation.yml,microsoft_agent-framework__.github__workflows__python-sample-validation.yml,complex,unpinned,no-expr
1,5,0,0,0,59,1,medium,0,3,2,0.0,1.5,1,0,0,1,granular,2,0,0,1,0,0,ci-test,1,microsoft/agent-framework::.github/workflows/python-test-coverage-report.yml,microsoft/agent-framework,.github/workflows/python-test-coverage-report.yml,microsoft_agent-framework__.github__workflows__python-test-coverage-report.yml,medium,unpinned,no-expr
1,6,0,0,0,53,1,medium,0,2,1,0.0,1.0,0,1,0,0,not set,0,0,0,0,0,0,ci-test,1,microsoft/agent-framework::.github/workflows/python-test-coverage.yml,microsoft/agent-framework,.github/workflows/python-test-coverage.yml,microsoft_agent-framework__.github__workflows__python-test-coverage.yml,medium,unpinned,expr-no-taint
1,4,1,0,0,54,1,medium,0,2,2,0.0,3.0,1,0,0,1,not set,0,0,1,1,0,0,ci-test,1,microsoft/agent-framework::.github/workflows/python-tests.yml,microsoft/agent-framework,.github/workflows/python-tests.yml,microsoft_agent-framework__.github__workflows__python-tests.yml,complex,unpinned,no-expr
1,2,0,0,0,32,1,high,0,2,2,0.0,2.0,1,0,0,1,granular,1,0,0,1,0,0,other,1,microsoft/agent-lightning::.github/workflows/backport.yml,microsoft/agent-lightning,.github/workflows/backport.yml,microsoft_agent-lightning__.github__workflows__backport.yml,simple,unpinned,no-expr
1,2,0,0,0,29,2,medium,0,2,1,0.0,2.0,0,0,1,1,granular,1,1,0,1,0,0,other,1,microsoft/agent-lightning::.github/workflows/badge-apo.yml,microsoft/agent-lightning,.github/workflows/badge-apo.yml,microsoft_agent-lightning__.github__workflows__badge-apo.yml,simple,unpinned,no-expr
1,2,0,0,0,29,2,medium,0,2,1,0.0,2.0,0,0,1,1,granular,1,1,0,1,0,0,other,1,microsoft/agent-lightning::.github/workflows/badge-azure.yml,microsoft/agent-lightning,.github/workflows/badge-azure.yml,microsoft_agent-lightning__.github__workflows__badge-azure.yml,simple,unpinned,no-expr
1,2,0,0,0,29,2,medium,0,2,1,0.0,2.0,0,0,1,1,granular,1,1,0,1,0,0,other,1,microsoft/agent-lightning::.github/workflows/badge-calc-x.yml,microsoft/agent-lightning,.github/workflows/badge-calc-x.yml,microsoft_agent-lightning__.github__workflows__badge-calc-x.yml,simple,unpinned,no-expr
1,2,0,0,0,29,2,medium,0,2,1,0.0,2.0,0,0,1,1,granular,1,1,0,1,0,0,other,1,microsoft/agent-lightning::.github/workflows/badge-chartqa.yml,microsoft/agent-lightning,.github/workflows/badge-chartqa.yml,microsoft_agent-lightning__.github__workflows__badge-chartqa.yml,simple,unpinned,no-expr
1,2,0,0,0,29,2,medium,0,2,1,0.0,2.0,0,0,1,1,granular,1,1,0,1,0,0,other,1,microsoft/agent-lightning::.github/workflows/badge-claude-code.yml,microsoft/agent-lightning,.github/workflows/badge-claude-code.yml,microsoft_agent-lightning__.github__workflows__badge-claude-code.yml,simple,unpinned,no-expr
1,2,0,0,0,29,2,medium,0,2,1,0.0,2.0,0,0,1,1,granular,1,1,0,1,0,0,other,1,microsoft/agent-lightning::.github/workflows/badge-compat.yml,microsoft/agent-lightning,.github/workflows/badge-compat.yml,microsoft_agent-lightning__.github__workflows__badge-compat.yml,simple,unpinned,no-expr
1,2,0,0,0,45,2,medium,0,2,1,0.0,2.0,0,0,1,1,granular,1,1,0,1,0,0,other,1,microsoft/agent-lightning::.github/workflows/badge-examples.yml,microsoft/agent-lightning,.github/workflows/badge-examples.yml,microsoft_agent-lightning__.github__workflows__badge-examples.yml,simple,unpinned,no-expr
1,2,0,0,0,41,2,medium,0,2,1,0.0,2.0,0,0,1,1,granular,1,1,0,1,0,0,ci-test,1,microsoft/agent-lightning::.github/workflows/badge-latest.yml,microsoft/agent-lightning,.github/workflows/badge-latest.yml,microsoft_agent-lightning__.github__workflows__badge-latest.yml,simple,unpinned,no-expr
1,2,0,0,0,29,2,medium,0,2,1,0.0,2.0,0,0,1,1,granular,1,1,0,1,0,0,other,1,microsoft/agent-lightning::.github/workflows/badge-rag.yml,microsoft/agent-lightning,.github/workflows/badge-rag.yml,microsoft_agent-lightning__.github__workflows__badge-rag.yml,simple,unpinned,no-expr
1,2,0,0,0,29,2,medium,0,2,1,0.0,2.0,0,0,1,1,granular,1,1,0,1,0,0,other,1,microsoft/agent-lightning::.github/workflows/badge-spider.yml,microsoft/agent-lightning,.github/workflows/badge-spider.yml,microsoft_agent-lightning__.github__workflows__badge-spider.yml,simple,unpinned,no-expr
1,2,0,0,0,29,2,medium,0,2,1,0.0,2.0,0,0,1,1,granular,1,1,0,1,0,0,other,1,microsoft/agent-lightning::.github/workflows/badge-tinker.yml,microsoft/agent-lightning,.github/workflows/badge-tinker.yml,microsoft_agent-lightning__.github__workflows__badge-tinker.yml,simple,unpinned,no-expr
1,2,0,0,0,31,2,medium,0,2,1,0.0,2.0,0,0,1,1,granular,1,1,0,1,0,0,ci-test,1,microsoft/agent-lightning::.github/workflows/badge-unit.yml,microsoft/agent-lightning,.github/workflows/badge-unit.yml,microsoft_agent-lightning__.github__workflows__badge-unit.yml,simple,unpinned,no-expr
1,2,0,0,0,29,2,medium,0,2,1,0.0,2.0,0,0,1,1,granular,1,1,0,1,0,0,other,1,microsoft/agent-lightning::.github/workflows/badge-unsloth.yml,microsoft/agent-lightning,.github/workflows/badge-unsloth.yml,microsoft_agent-lightning__.github__workflows__badge-unsloth.yml,simple,unpinned,no-expr
2,26,1,0,0,441,2,low,0,6,2,0.0,0.3,1,1,0,1,granular,0,0,1,1,0,0,other,1,microsoft/agent-lightning::.github/workflows/benchmark.yml,microsoft/agent-lightning,.github/workflows/benchmark.yml,microsoft_agent-lightning__.github__workflows__benchmark.yml,complex,unpinned,expr-no-taint
1,4,0,0,0,33,3,low,0,3,2,0.0,3.0,1,0,0,1,granular,1,0,0,0,0,0,other,1,microsoft/agent-lightning::.github/workflows/dashboard.yml,microsoft/agent-lightning,.github/workflows/dashboard.yml,microsoft_agent-lightning__.github__workflows__dashboard.yml,medium,unpinned,no-expr
1,8,0,0,0,64,2,low,0,3,2,0.0,0.6,1,1,0,1,granular,0,0,0,1,0,0,deploy-release,1,microsoft/agent-lightning::.github/workflows/docs.yml,microsoft/agent-lightning,.github/workflows/docs.yml,microsoft_agent-lightning__.github__workflows__docs.yml,medium,unpinned,expr-no-taint
1,11,1,0,0,116,3,low,0,3,2,0.0,0.375,1,1,4,1,granular,2,0,1,1,0,0,other,1,microsoft/agent-lightning::.github/workflows/examples-apo.yml,microsoft/agent-lightning,.github/workflows/examples-apo.yml,microsoft_agent-lightning__.github__workflows__examples-apo.yml,complex,unpinned,taint
1,10,1,0,0,98,3,low,0,3,2,0.0,0.4286,1,0,4,1,granular,7,0,1,1,1,0,other,1,microsoft/agent-lightning::.github/workflows/examples-azure.yml,microsoft/agent-lightning,.github/workflows/examples-azure.yml,microsoft_agent-lightning__.github__workflows__examples-azure.yml,complex,unpinned,taint
2,45,1,0,0,438,3,low,0,6,2,0.0,0.1538,1,1,5,1,granular,40,0,1,1,1,0,other,1,microsoft/agent-lightning::.github/workflows/examples-calc-x.yml,microsoft/agent-lightning,.github/workflows/examples-calc-x.yml,microsoft_agent-lightning__.github__workflows__examples-calc-x.yml,complex,unpinned,taint
1,16,1,0,0,168,3,low,0,3,2,0.0,0.2308,1,1,4,1,granular,6,0,1,1,1,0,other,1,microsoft/agent-lightning::.github/workflows/examples-chartqa.yml,microsoft/agent-lightning,.github/workflows/examples-chartqa.yml,microsoft_agent-lightning__.github__workflows__examples-chartqa.yml,complex,unpinned,taint
1,15,1,0,0,151,3,low,0,5,2,0.0,0.5,1,0,4,1,granular,2,0,1,1,1,0,other,1,microsoft/agent-lightning::.github/workflows/examples-claude-code.yml,microsoft/agent-lightning,.github/workflows/examples-claude-code.yml,microsoft_agent-lightning__.github__workflows__examples-claude-code.yml,complex,unpinned,taint
1,15,1,0,0,151,3,low,0,3,2,0.0,0.25,1,1,4,1,granular,6,0,1,1,1,0,other,1,microsoft/agent-lightning::.github/workflows/examples-compat.yml,microsoft/agent-lightning,.github/workflows/examples-compat.yml,microsoft_agent-lightning__.github__workflows__examples-compat.yml,complex,unpinned,taint
1,17,1,0,0,179,3,low,0,3,2,0.0,0.2143,1,1,4,1,granular,6,0,1,1,1,0,other,1,microsoft/agent-lightning::.github/workflows/examples-rag.yml,microsoft/agent-lightning,.github/workflows/examples-rag.yml,microsoft_agent-lightning__.github__workflows__examples-rag.yml,complex,unpinned,taint
1,14,1,0,0,126,3,low,0,3,2,0.0,0.2727,1,1,4,1,granular,6,0,1,1,1,0,other,1,microsoft/agent-lightning::.github/workflows/examples-spider.yml,microsoft/agent-lightning,.github/workflows/examples-spider.yml,microsoft_agent-lightning__.github__workflows__examples-spider.yml,complex,unpinned,taint
1,14,1,0,0,170,3,low,0,3,2,0.0,0.2727,1,0,4,1,granular,15,0,1,1,1,0,other,1,microsoft/agent-lightning::.github/workflows/examples-tinker.yml,microsoft/agent-lightning,.github/workflows/examples-tinker.yml,microsoft_agent-lightning__.github__workflows__examples-tinker.yml,complex,unpinned,taint
1,11,1,0,0,129,3,low,0,3,2,0.0,0.375,1,0,4,1,granular,4,0,1,1,1,0,other,1,microsoft/agent-lightning::.github/workflows/examples-unsloth.yml,microsoft/agent-lightning,.github/workflows/examples-unsloth.yml,microsoft_agent-lightning__.github__workflows__examples-unsloth.yml,complex,unpinned,taint
2,5,0,1,0,309,1,high,0,5,1,0.0,5.0,0,0,1,1,granular,0,0,1,1,0,0,other,1,microsoft/agent-lightning::.github/workflows/issue-comment.yml,microsoft/agent-lightning,.github/workflows/issue-comment.yml,microsoft_agent-lightning__.github__workflows__issue-comment.yml,medium,unpinned,taint
1,2,0,0,0,18,1,low,0,1,1,0.0,1.0,0,0,0,1,granular,0,0,0,0,0,0,other,1,microsoft/agent-lightning::.github/workflows/playground.yml,microsoft/agent-lightning,.github/workflows/playground.yml,microsoft_agent-lightning__.github__workflows__playground.yml,simple,unpinned,no-expr
1,11,0,0,0,59,2,low,0,5,3,0.0,0.8333,1,1,0,1,not set,0,0,0,0,0,0,build,1,microsoft/agent-lightning::.github/workflows/pypi-nightly.yml,microsoft/agent-lightning,.github/workflows/pypi-nightly.yml,microsoft_agent-lightning__.github__workflows__pypi-nightly.yml,complex,unpinned,expr-no-taint
2,14,0,1,0,81,2,low,0,6,3,0.0,0.75,1,1,0,1,not set,0,0,0,0,0,0,deploy-release,1,microsoft/agent-lightning::.github/workflows/pypi-release.yml,microsoft/agent-lightning,.github/workflows/pypi-release.yml,microsoft_agent-lightning__.github__workflows__pypi-release.yml,complex,unpinned,expr-no-taint
2,37,1,0,0,363,3,low,0,7,2,0.0,0.2333,1,1,5,1,granular,4,0,1,1,1,0,ci-test,1,microsoft/agent-lightning::.github/workflows/tests-full.yml,microsoft/agent-lightning,.github/workflows/tests-full.yml,microsoft_agent-lightning__.github__workflows__tests-full.yml,complex,unpinned,taint
5,44,1,0,0,238,4,medium,0,16,3,0.0,0.5714,1,1,0,1,granular,0,0,0,1,0,0,ci-test,1,microsoft/agent-lightning::.github/workflows/tests.yml,microsoft/agent-lightning,.github/workflows/tests.yml,microsoft_agent-lightning__.github__workflows__tests.yml,complex,unpinned,expr-no-taint
1,2,0,0,0,34,1,high,0,2,2,0.0,2.0,1,0,0,1,granular,1,1,0,0,0,0,other,1,microsoft/ai-agents-for-beginners::.github/workflows/welcome-issue.yml,microsoft/ai-agents-for-beginners,.github/workflows/welcome-issue.yml,microsoft_ai-agents-for-beginners__.github__workflows__welcome-issue.yml,simple,unpinned,no-expr
1,2,0,0,0,34,1,high,0,2,2,0.0,2.0,1,0,0,1,granular,1,1,0,0,0,0,other,1,microsoft/ai-agents-for-beginners::.github/workflows/welcome-pr.yml,microsoft/ai-agents-for-beginners,.github/workflows/welcome-pr.yml,microsoft_ai-agents-for-beginners__.github__workflows__welcome-pr.yml,simple,unpinned,no-expr
14,78,1,1,0,358,2,medium,0,47,4,0.0,1.5161,1,1,0,0,not set,1,0,0,1,0,0,ci-test,1,microsoft/autogen::.github/workflows/checks.yml,microsoft/autogen,.github/workflows/checks.yml,microsoft_autogen__.github__workflows__checks.yml,complex,unpinned,expr-no-taint
1,12,1,0,0,124,3,medium,0,7,3,0.0,1.4,1,1,0,1,not set,0,0,0,1,0,0,security-scan,1,microsoft/autogen::.github/workflows/codeql.yml,microsoft/autogen,.github/workflows/codeql.yml,microsoft_autogen__.github__workflows__codeql.yml,complex,unpinned,expr-no-taint
6,34,1,1,0,433,3,medium,0,21,2,0.0,1.6154,1,1,0,1,granular,0,0,1,1,0,0,documentation,1,microsoft/autogen::.github/workflows/docs.yml,microsoft/autogen,.github/workflows/docs.yml,microsoft_autogen__.github__workflows__docs.yml,complex,unpinned,expr-no-taint
6,60,1,1,0,347,4,medium,0,28,4,0.0,0.875,1,1,1,1,granular,10,1,1,1,0,0,build,1,microsoft/autogen::.github/workflows/dotnet-build.yml,microsoft/autogen,.github/workflows/dotnet-build.yml,microsoft_autogen__.github__workflows__dotnet-build.yml,complex,unpinned,taint
1,11,0,0,0,77,2,low,0,3,1,0.0,0.375,0,1,1,1,granular,5,0,1,0,0,0,deploy-release,1,microsoft/autogen::.github/workflows/dotnet-release.yml,microsoft/autogen,.github/workflows/dotnet-release.yml,microsoft_autogen__.github__workflows__dotnet-release.yml,complex,unpinned,taint
1,7,1,0,0,54,1,low,1,4,2,0.0,1.3333,1,1,0,0,not set,0,0,0,0,0,0,other,1,microsoft/autogen::.github/workflows/integration.yml,microsoft/autogen,.github/workflows/integration.yml,microsoft_autogen__.github__workflows__integration.yml,complex,unpinned,expr-no-taint
1,1,0,0,0,18,1,high,0,0,0,0.0,0.0,0,0,0,1,not set,1,1,1,1,0,0,other,1,microsoft/autogen::.github/workflows/issue-user-responded.yml,microsoft/autogen,.github/workflows/issue-user-responded.yml,microsoft_autogen__.github__workflows__issue-user-responded.yml,simple,no-third-party,no-expr
1,2,0,0,0,15,1,medium,0,1,1,0.0,1.0,0,0,0,1,empty,0,0,0,0,0,0,ci-test,1,microsoft/autogen::.github/workflows/lfs-check.yml,microsoft/autogen,.github/workflows/lfs-check.yml,microsoft_autogen__.github__workflows__lfs-check.yml,simple,unpinned,no-expr
1,7,0,0,0,94,2,medium,0,3,2,0.0,0.75,0,0,0,0,not set,3,0,0,0,0,1,ci-test,1,microsoft/autogen::.github/workflows/pytest-mem0.yml,microsoft/autogen,.github/workflows/pytest-mem0.yml,microsoft_autogen__.github__workflows__pytest-mem0.yml,medium,unpinned,no-expr
1,6,0,0,0,67,2,medium,0,3,2,0.0,1.0,0,0,0,0,not set,0,0,0,0,0,1,ci-test,1,microsoft/autogen::.github/workflows/pytest-redis-memory.yml,microsoft/autogen,.github/workflows/pytest-redis-memory.yml,microsoft_autogen__.github__workflows__pytest-redis-memory.yml,medium,unpinned,no-expr
1,3,1,0,0,36,2,low,1,2,2,0.0,2.0,1,0,0,1,empty,0,0,0,0,0,0,build,1,microsoft/autogen::.github/workflows/python-package-0.2.yml,microsoft/autogen,.github/workflows/python-package-0.2.yml,microsoft_autogen__.github__workflows__python-package-0.2.yml,complex,unpinned,no-expr
1,5,0,0,0,44,1,low,1,3,3,0.0,1.5,1,1,0,1,not set,0,0,0,0,0,0,deploy-release,1,microsoft/autogen::.github/workflows/single-python-package.yml,microsoft/autogen,.github/workflows/single-python-package.yml,microsoft_autogen__.github__workflows__single-python-package.yml,medium,unpinned,expr-no-taint
1,1,0,0,0,21,1,high,0,1,1,0.0,1.0,0,0,0,1,not set,1,0,0,0,0,0,other,1,microsoft/azure-pipelines-tasks::.github/workflows/autoAssignABTT.yml,microsoft/azure-pipelines-tasks,.github/workflows/autoAssignABTT.yml,microsoft_azure-pipelines-tasks__.github__workflows__autoAssignABTT.yml,simple,unpinned,no-expr
1,1,0,0,0,22,1,high,0,1,1,0.0,1.0,0,0,0,1,not set,1,0,0,0,0,0,other,1,microsoft/azure-pipelines-tasks::.github/workflows/autoAssignRM.yml,microsoft/azure-pipelines-tasks,.github/workflows/autoAssignRM.yml,microsoft_azure-pipelines-tasks__.github__workflows__autoAssignRM.yml,simple,unpinned,no-expr
1,5,0,0,0,31,1,high,0,3,2,0.0,1.5,1,0,0,1,not set,3,1,1,0,0,0,other,1,microsoft/azure-pipelines-tasks::.github/workflows/blank.yml,microsoft/azure-pipelines-tasks,.github/workflows/blank.yml,microsoft_azure-pipelines-tasks__.github__workflows__blank.yml,medium,unpinned,no-expr
1,2,0,0,0,60,1,low,1,1,1,0.0,1.0,0,0,0,0,not set,0,0,1,0,0,0,other,1,microsoft/azure-pipelines-tasks::.github/workflows/branch-cleanup-preview.yml,microsoft/azure-pipelines-tasks,.github/workflows/branch-cleanup-preview.yml,microsoft_azure-pipelines-tasks__.github__workflows__branch-cleanup-preview.yml,simple,unpinned,no-expr
1,1,0,0,0,26,1,medium,0,1,1,0.0,1.0,0,0,0,1,not set,1,1,0,1,0,0,other,1,microsoft/azure-pipelines-tasks::.github/workflows/localization-automerge.yml,microsoft/azure-pipelines-tasks,.github/workflows/localization-automerge.yml,microsoft_azure-pipelines-tasks__.github__workflows__localization-automerge.yml,simple,unpinned,no-expr
2,2,0,0,0,42,1,low,0,2,1,0.0,2.0,0,0,0,1,not set,2,1,0,0,0,0,other,1,microsoft/azure-pipelines-tasks::.github/workflows/stale.yml,microsoft/azure-pipelines-tasks,.github/workflows/stale.yml,microsoft_azure-pipelines-tasks__.github__workflows__stale.yml,medium,unpinned,no-expr
1,2,0,0,0,20,2,low,0,1,1,0.0,1.0,0,1,0,0,not set,0,1,0,0,0,0,other,1,microsoft/azure-pipelines-tasks::.github/workflows/trackNodeMigration.yml,microsoft/azure-pipelines-tasks,.github/workflows/trackNodeMigration.yml,microsoft_azure-pipelines-tasks__.github__workflows__trackNodeMigration.yml,simple,unpinned,expr-no-taint
1,3,0,0,0,22,1,low,0,1,1,0.0,2.0,0,0,0,0,not set,1,0,0,1,0,0,other,1,microsoft/azuredatastudio::.github/workflows/bad-tag.yml,microsoft/azuredatastudio,.github/workflows/bad-tag.yml,microsoft_azuredatastudio__.github__workflows__bad-tag.yml,simple,unpinned,no-expr
2,28,0,0,0,194,2,medium,0,10,1,0.0,0.5556,0,0,0,0,not set,3,1,1,1,0,0,ci-test,1,microsoft/azuredatastudio::.github/workflows/basic.yml,microsoft/azuredatastudio,.github/workflows/basic.yml,microsoft_azuredatastudio__.github__workflows__basic.yml,complex,unpinned,no-expr
4,51,0,0,0,307,3,medium,0,20,2,0.0,0.6452,1,0,0,0,not set,5,1,1,1,0,0,ci-test,1,microsoft/azuredatastudio::.github/workflows/ci.yml,microsoft/azuredatastudio,.github/workflows/ci.yml,microsoft_azuredatastudio__.github__workflows__ci.yml,complex,unpinned,no-expr
1,4,1,0,0,96,4,medium,0,3,2,0.0,3.0,0,0,0,1,not set,0,0,0,1,0,0,security-scan,1,microsoft/azuredatastudio::.github/workflows/codeql.yml,microsoft/azuredatastudio,.github/workflows/codeql.yml,microsoft_azuredatastudio__.github__workflows__codeql.yml,complex,unpinned,no-expr
1,2,0,0,0,17,1,high,0,2,2,0.0,2.0,1,0,0,1,not set,1,1,0,0,0,0,other,1,microsoft/azuredatastudio::.github/workflows/on-label.yml,microsoft/azuredatastudio,.github/workflows/on-label.yml,microsoft_azuredatastudio__.github__workflows__on-label.yml,simple,unpinned,no-expr
1,3,0,0,0,25,1,medium,0,1,1,0.0,2.0,0,0,0,1,granular,0,0,0,0,0,0,other,1,microsoft/azuredatastudio::.github/workflows/on-pr-open.yml,microsoft/azuredatastudio,.github/workflows/on-pr-open.yml,microsoft_azuredatastudio__.github__workflows__on-pr-open.yml,simple,unpinned,no-expr
1,3,0,0,0,19,1,medium,0,2,1,0.0,2.0,0,0,0,0,not set,1,0,1,0,0,0,other,1,microsoft/azuredatastudio::.github/workflows/telemetry.yml,microsoft/azuredatastudio,.github/workflows/telemetry.yml,microsoft_azuredatastudio__.github__workflows__telemetry.yml,simple,unpinned,no-expr
1,3,0,0,0,43,2,medium,0,1,1,0.0,0.5,0,1,0,0,not set,0,0,0,0,0,0,dependency-management,1,microsoft/azurelinux::.github/workflows/check-circular-deps.yml,microsoft/azurelinux,.github/workflows/check-circular-deps.yml,microsoft_azurelinux__.github__workflows__check-circular-deps.yml,simple,unpinned,expr-no-taint
1,4,0,0,0,54,2,medium,0,1,1,0.0,0.3333,0,1,0,0,not set,0,0,0,1,0,0,ci-test,1,microsoft/azurelinux::.github/workflows/check-clean-stage.yml,microsoft/azurelinux,.github/workflows/check-clean-stage.yml,microsoft_azurelinux__.github__workflows__check-clean-stage.yml,medium,unpinned,expr-no-taint
1,5,0,0,0,39,2,medium,0,2,1,0.0,0.6667,0,0,0,0,not set,0,0,0,0,0,0,ci-test,1,microsoft/azurelinux::.github/workflows/check-entangled-specs.yml,microsoft/azurelinux,.github/workflows/check-entangled-specs.yml,microsoft_azurelinux__.github__workflows__check-entangled-specs.yml,medium,unpinned,no-expr
1,5,0,0,0,140,2,medium,0,1,1,0.0,0.25,0,1,0,0,not set,0,0,0,1,0,0,ci-test,1,microsoft/azurelinux::.github/workflows/check-files.yml,microsoft/azurelinux,.github/workflows/check-files.yml,microsoft_azurelinux__.github__workflows__check-files.yml,medium,unpinned,expr-no-taint
1,4,0,0,0,39,2,medium,0,2,1,0.0,1.0,0,0,0,0,not set,0,0,0,0,0,0,ci-test,1,microsoft/azurelinux::.github/workflows/check-license-map.yml,microsoft/azurelinux,.github/workflows/check-license-map.yml,microsoft_azurelinux__.github__workflows__check-license-map.yml,medium,unpinned,no-expr
1,4,0,0,0,47,2,medium,0,1,1,0.0,0.3333,0,0,0,0,not set,0,0,0,1,0,0,ci-test,1,microsoft/azurelinux::.github/workflows/check-manifests.yml,microsoft/azurelinux,.github/workflows/check-manifests.yml,microsoft_azurelinux__.github__workflows__check-manifests.yml,medium,unpinned,no-expr
1,5,1,0,0,165,2,medium,0,1,1,0.0,0.6667,0,1,0,0,not set,0,0,0,1,0,0,build,1,microsoft/azurelinux::.github/workflows/check-package-builds.yml,microsoft/azurelinux,.github/workflows/check-package-builds.yml,microsoft_azurelinux__.github__workflows__check-package-builds.yml,complex,unpinned,expr-no-taint
1,7,0,0,0,56,2,medium,0,1,1,0.0,0.1667,0,1,0,0,not set,0,0,0,1,0,0,build,1,microsoft/azurelinux::.github/workflows/check-package-cgmanifest.yml,microsoft/azurelinux,.github/workflows/check-package-cgmanifest.yml,microsoft_azurelinux__.github__workflows__check-package-cgmanifest.yml,medium,unpinned,expr-no-taint
1,5,0,0,0,89,2,medium,0,1,1,0.0,0.25,0,1,0,0,not set,0,0,0,1,0,0,build,1,microsoft/azurelinux::.github/workflows/check-package-update-gate.yml,microsoft/azurelinux,.github/workflows/check-package-update-gate.yml,microsoft_azurelinux__.github__workflows__check-package-update-gate.yml,medium,unpinned,expr-no-taint
1,8,1,0,0,102,2,medium,0,2,1,0.0,0.3333,0,1,0,0,not set,0,0,0,1,0,0,ci-test,1,microsoft/azurelinux::.github/workflows/check-source-signatures.yml,microsoft/azurelinux,.github/workflows/check-source-signatures.yml,microsoft_azurelinux__.github__workflows__check-source-signatures.yml,complex,unpinned,expr-no-taint
1,9,0,0,0,64,2,medium,0,3,1,0.0,0.5,0,1,0,0,not set,0,0,0,1,0,0,ci-test,1,microsoft/azurelinux::.github/workflows/check-spec.yml,microsoft/azurelinux,.github/workflows/check-spec.yml,microsoft_azurelinux__.github__workflows__check-spec.yml,medium,unpinned,expr-no-taint
1,4,1,0,0,48,2,medium,0,2,1,0.0,1.0,0,1,0,0,not set,0,0,0,0,0,0,ci-test,1,microsoft/azurelinux::.github/workflows/check-srpm-duplicates.yml,microsoft/azurelinux,.github/workflows/check-srpm-duplicates.yml,microsoft_azurelinux__.github__workflows__check-srpm-duplicates.yml,complex,unpinned,expr-no-taint
1,4,0,0,0,33,2,medium,0,2,1,0.0,1.0,0,0,0,0,not set,0,0,0,0,0,0,ci-test,1,microsoft/azurelinux::.github/workflows/check-static-glibc.yml,microsoft/azurelinux,.github/workflows/check-static-glibc.yml,microsoft_azurelinux__.github__workflows__check-static-glibc.yml,medium,unpinned,no-expr
1,11,0,0,0,97,2,medium,0,3,1,0.0,0.375,0,0,0,0,not set,0,0,0,0,0,0,ci-test,1,microsoft/azurelinux::.github/workflows/go-test-coverage.yml,microsoft/azurelinux,.github/workflows/go-test-coverage.yml,microsoft_azurelinux__.github__workflows__go-test-coverage.yml,complex,unpinned,no-expr
1,11,0,0,0,103,2,medium,0,5,1,0.0,0.8333,0,1,0,0,not set,0,0,0,1,0,0,code-quality,1,microsoft/azurelinux::.github/workflows/lint-specs.yml,microsoft/azurelinux,.github/workflows/lint-specs.yml,microsoft_azurelinux__.github__workflows__lint-specs.yml,complex,unpinned,expr-no-taint
1,4,0,0,0,65,2,medium,0,1,1,0.0,0.3333,0,1,0,0,not set,0,0,0,1,0,0,ci-test,1,microsoft/azurelinux::.github/workflows/merge-conflict-check.yml,microsoft/azurelinux,.github/workflows/merge-conflict-check.yml,microsoft_azurelinux__.github__workflows__merge-conflict-check.yml,medium,unpinned,expr-no-taint
2,8,0,0,0,106,2,low,0,4,1,0.0,1.0,0,0,0,0,not set,0,0,0,0,0,0,ci-test,1,microsoft/azurelinux::.github/workflows/quickstart_2.0.yml,microsoft/azurelinux,.github/workflows/quickstart_2.0.yml,microsoft_azurelinux__.github__workflows__quickstart_2.0.yml,medium,unpinned,no-expr
1,0,0,0,1,52,1,high,0,0,0,0.0,0.0,0,0,0,1,empty,2,0,0,1,0,0,other,1,microsoft/azurelinux::.github/workflows/spec-review-stub.yml,microsoft/azurelinux,.github/workflows/spec-review-stub.yml,microsoft_azurelinux__.github__workflows__spec-review-stub.yml,simple,no-third-party,no-expr
1,4,0,0,0,29,2,medium,0,2,1,0.0,1.0,0,0,0,0,not set,0,0,0,0,0,0,ci-test,1,microsoft/azurelinux::.github/workflows/verify-osguard-imageconfigs.yml,microsoft/azurelinux,.github/workflows/verify-osguard-imageconfigs.yml,microsoft_azurelinux__.github__workflows__verify-osguard-imageconfigs.yml,medium,unpinned,no-expr
4,23,1,1,0,169,3,medium,0,11,4,0.0,0.9167,1,1,0,0,not set,0,0,1,0,0,0,ci-test,1,microsoft/calculator::.github/workflows/action-ci.yml,microsoft/calculator,.github/workflows/action-ci.yml,microsoft_calculator__.github__workflows__action-ci.yml,complex,unpinned,expr-no-taint
1,3,1,0,0,42,2,medium,0,3,2,0.0,3.0,0,0,0,1,not set,0,0,0,0,0,0,security-scan,1,microsoft/call-center-ai::.github/workflows/codeql.yml,microsoft/call-center-ai,.github/workflows/codeql.yml,microsoft_call-center-ai__.github__workflows__codeql.yml,complex,unpinned,no-expr
7,26,1,1,0,298,2,medium,0,20,5,0.0,3.3333,1,1,2,1,not set,5,1,1,1,0,1,other,1,microsoft/call-center-ai::.github/workflows/pipeline.yaml,microsoft/call-center-ai,.github/workflows/pipeline.yaml,microsoft_call-center-ai__.github__workflows__pipeline.yaml,complex,unpinned,taint
2,18,0,1,0,79,1,low,0,4,1,0.0,0.2857,0,1,0,1,granular,4,1,1,1,0,0,deploy-release,1,microsoft/clarity::.github/workflows/npm-publish.yml,microsoft/clarity,.github/workflows/npm-publish.yml,microsoft_clarity__.github__workflows__npm-publish.yml,complex,unpinned,expr-no-taint
1,6,0,0,0,20,1,medium,0,2,1,0.0,0.5,0,0,0,1,granular,0,0,0,0,0,0,ci-test,1,microsoft/clarity::.github/workflows/pr-check.yml,microsoft/clarity,.github/workflows/pr-check.yml,microsoft_clarity__.github__workflows__pr-check.yml,medium,unpinned,no-expr
1,3,0,0,0,59,2,medium,0,3,2,0.0,3.0,1,0,0,1,not set,2,1,1,1,0,0,code-quality,1,microsoft/code-with-engineering-playbook::.github/workflows/mega-linter.yml,microsoft/code-with-engineering-playbook,.github/workflows/mega-linter.yml,microsoft_code-with-engineering-playbook__.github__workflows__mega-linter.yml,simple,unpinned,no-expr
1,5,0,0,0,38,1,low,0,3,2,0.0,1.5,1,0,0,1,not set,1,1,0,0,0,0,deploy-release,1,microsoft/code-with-engineering-playbook::.github/workflows/mkdocs.yml,microsoft/code-with-engineering-playbook,.github/workflows/mkdocs.yml,microsoft_code-with-engineering-playbook__.github__workflows__mkdocs.yml,medium,unpinned,no-expr
1,4,0,0,0,22,1,low,0,2,1,0.0,1.0,0,0,0,0,not set,1,0,1,0,0,0,deploy-release,1,microsoft/codetour::.github/workflows/release.yml,microsoft/codetour,.github/workflows/release.yml,microsoft_codetour__.github__workflows__release.yml,medium,unpinned,no-expr
1,8,0,0,0,62,2,medium,0,4,1,0.0,1.0,0,0,1,0,not set,0,0,0,0,0,0,build,1,microsoft/data-formulator::.github/workflows/python-build.yml,microsoft/data-formulator,.github/workflows/python-build.yml,microsoft_data-formulator__.github__workflows__python-build.yml,medium,unpinned,no-expr
1,1,0,0,0,39,1,high,0,1,1,0.0,1.0,0,0,0,1,granular,1,1,0,1,0,0,other,1,microsoft/debugpy::.github/workflows/auto-label.yml,microsoft/debugpy,.github/workflows/auto-label.yml,microsoft_debugpy__.github__workflows__auto-label.yml,simple,unpinned,no-expr
1,4,0,0,0,33,3,medium,0,4,2,0.0,4.0,0,0,0,1,granular,0,0,0,0,0,0,security-scan,1,microsoft/debugpy::.github/workflows/codeql.yml,microsoft/debugpy,.github/workflows/codeql.yml,microsoft_debugpy__.github__workflows__codeql.yml,medium,unpinned,no-expr
1,7,0,0,0,79,1,high,0,5,2,0.0,2.5,1,0,0,1,granular,4,1,1,1,0,0,other,1,microsoft/debugpy::.github/workflows/round-robin.yml,microsoft/debugpy,.github/workflows/round-robin.yml,microsoft_debugpy__.github__workflows__round-robin.yml,medium,unpinned,no-expr
1,1,0,0,0,34,1,low,0,1,1,0.0,1.0,0,0,0,1,not set,1,1,0,0,0,0,other,1,microsoft/debugpy::.github/workflows/stale.yml,microsoft/debugpy,.github/workflows/stale.yml,microsoft_debugpy__.github__workflows__stale.yml,simple,unpinned,no-expr
1,0,0,0,1,22,1,high,0,0,0,0.0,0.0,0,0,0,1,granular,0,0,0,0,0,0,ci-test,1,microsoft/ebpf-for-windows::.github/workflows/check-pr-fork.yml,microsoft/ebpf-for-windows,.github/workflows/check-pr-fork.yml,microsoft_ebpf-for-windows__.github__workflows__check-pr-fork.yml,simple,no-third-party,no-expr
1,0,0,0,1,22,1,medium,0,0,0,0.0,0.0,0,0,0,1,granular,0,0,0,0,0,0,ci-test,1,microsoft/ebpf-for-windows::.github/workflows/check-pr-local.yml,microsoft/ebpf-for-windows,.github/workflows/check-pr-local.yml,microsoft_ebpf-for-windows__.github__workflows__check-pr-local.yml,simple,no-third-party,no-expr
2,4,0,1,0,132,1,low,0,1,1,0.0,0.3333,0,1,0,0,not set,1,1,1,1,0,0,ci-test,1,microsoft/ebpf-for-windows::.github/workflows/check-pr.yml,microsoft/ebpf-for-windows,.github/workflows/check-pr.yml,microsoft_ebpf-for-windows__.github__workflows__check-pr.yml,medium,unpinned,expr-no-taint
1,5,0,0,0,93,2,low,0,3,2,1.0,1.5,1,0,0,1,granular,0,0,1,1,0,0,ci-test,1,microsoft/ebpf-for-windows::.github/workflows/check_wdk.yml,microsoft/ebpf-for-windows,.github/workflows/check_wdk.yml,microsoft_ebpf-for-windows__.github__workflows__check_wdk.yml,medium,pinned,no-expr
44,2,1,1,1,726,5,medium,0,1,1,1.0,1.0,0,0,0,1,granular,7,0,0,1,0,0,ci-test,1,microsoft/ebpf-for-windows::.github/workflows/cicd.yml,microsoft/ebpf-for-windows,.github/workflows/cicd.yml,microsoft_ebpf-for-windows__.github__workflows__cicd.yml,complex,pinned,no-expr
1,0,0,0,1,41,2,low,0,0,0,0.0,0.0,0,0,0,1,granular,0,0,0,1,0,0,security-scan,1,microsoft/ebpf-for-windows::.github/workflows/codeql.yml,microsoft/ebpf-for-windows,.github/workflows/codeql.yml,microsoft_ebpf-for-windows__.github__workflows__codeql.yml,simple,no-third-party,no-expr
1,3,0,0,0,31,1,medium,0,3,2,1.0,3.0,1,0,0,1,granular,0,0,0,0,0,0,dependency-management,1,microsoft/ebpf-for-windows::.github/workflows/dependency-review.yml,microsoft/ebpf-for-windows,.github/workflows/dependency-review.yml,microsoft_ebpf-for-windows__.github__workflows__dependency-review.yml,simple,pinned,no-expr
2,7,0,1,0,136,1,low,0,6,3,1.0,6.0,1,1,0,1,granular,2,1,1,1,0,0,ci-test,1,microsoft/ebpf-for-windows::.github/workflows/netperf.yml,microsoft/ebpf-for-windows,.github/workflows/netperf.yml,microsoft_ebpf-for-windows__.github__workflows__netperf.yml,medium,pinned,expr-no-taint
1,6,0,0,0,76,2,low,0,4,3,1.0,2.0,1,1,2,1,granular,1,1,0,0,0,0,other,1,microsoft/ebpf-for-windows::.github/workflows/nuget_update.yaml,microsoft/ebpf-for-windows,.github/workflows/nuget_update.yaml,microsoft_ebpf-for-windows__.github__workflows__nuget_update.yaml,medium,pinned,taint
1,8,1,0,0,86,1,low,0,6,4,1.0,3.0,1,1,1,1,granular,0,0,1,1,0,0,security-scan,1,microsoft/ebpf-for-windows::.github/workflows/ossar-scan.yml,microsoft/ebpf-for-windows,.github/workflows/ossar-scan.yml,microsoft_ebpf-for-windows__.github__workflows__ossar-scan.yml,complex,pinned,taint
2,0,0,1,1,46,1,low,0,0,0,0.0,0.0,0,0,0,1,granular,0,0,0,1,0,0,other,1,microsoft/ebpf-for-windows::.github/workflows/perf.yml,microsoft/ebpf-for-windows,.github/workflows/perf.yml,microsoft_ebpf-for-windows__.github__workflows__perf.yml,medium,no-third-party,no-expr
1,2,0,0,0,56,1,low,0,2,2,1.0,2.0,1,0,0,1,granular,0,0,0,0,0,0,deploy-release,1,microsoft/ebpf-for-windows::.github/workflows/release-scheduler.yml,microsoft/ebpf-for-windows,.github/workflows/release-scheduler.yml,microsoft_ebpf-for-windows__.github__workflows__release-scheduler.yml,simple,pinned,no-expr
1,39,1,0,0,385,1,low,0,17,6,1.0,0.7727,1,1,0,1,granular,0,0,1,1,0,0,build,1,microsoft/ebpf-for-windows::.github/workflows/reusable-build.yml,microsoft/ebpf-for-windows,.github/workflows/reusable-build.yml,microsoft_ebpf-for-windows__.github__workflows__reusable-build.yml,complex,pinned,expr-no-taint
2,56,1,1,0,571,1,low,0,22,5,1.0,0.6471,1,1,2,1,granular,0,0,1,1,0,0,ci-test,1,microsoft/ebpf-for-windows::.github/workflows/reusable-test.yml,microsoft/ebpf-for-windows,.github/workflows/reusable-test.yml,microsoft_ebpf-for-windows__.github__workflows__reusable-test.yml,complex,pinned,taint
1,5,0,0,0,85,3,medium,0,5,4,1.0,5.0,1,0,0,1,read-all,1,0,0,1,0,0,other,1,microsoft/ebpf-for-windows::.github/workflows/scorecards-analysis.yml,microsoft/ebpf-for-windows,.github/workflows/scorecards-analysis.yml,microsoft_ebpf-for-windows__.github__workflows__scorecards-analysis.yml,medium,pinned,no-expr
1,4,0,0,0,46,2,low,0,1,1,0.0,0.3333,0,1,0,0,not set,0,0,0,1,0,0,other,1,microsoft/ebpf-for-windows::.github/workflows/update-bpf-conformance-version.yml,microsoft/ebpf-for-windows,.github/workflows/update-bpf-conformance-version.yml,microsoft_ebpf-for-windows__.github__workflows__update-bpf-conformance-version.yml,medium,unpinned,expr-no-taint
1,5,0,0,0,60,1,low,0,2,2,1.0,0.6667,1,1,0,1,granular,1,1,0,0,0,0,documentation,1,microsoft/ebpf-for-windows::.github/workflows/update-docs.yml,microsoft/ebpf-for-windows,.github/workflows/update-docs.yml,microsoft_ebpf-for-windows__.github__workflows__update-docs.yml,medium,pinned,expr-no-taint
1,10,0,0,0,111,1,low,0,5,3,1.0,1.0,1,1,0,1,granular,3,0,0,0,0,0,ci-test,1,microsoft/ebpf-for-windows::.github/workflows/upload-perf-results.yml,microsoft/ebpf-for-windows,.github/workflows/upload-perf-results.yml,microsoft_ebpf-for-windows__.github__workflows__upload-perf-results.yml,complex,pinned,expr-no-taint
1,3,0,0,0,32,1,medium,0,2,2,1.0,2.0,1,0,0,1,granular,0,0,0,0,0,0,ci-test,1,microsoft/ebpf-for-windows::.github/workflows/validate-yaml.yml,microsoft/ebpf-for-windows,.github/workflows/validate-yaml.yml,microsoft_ebpf-for-windows__.github__workflows__validate-yaml.yml,simple,pinned,no-expr
1,7,1,0,0,48,2,medium,0,2,1,0.0,0.4,0,0,0,0,not set,0,0,0,1,0,0,ci-test,1,microsoft/edit::.github/workflows/ci.yml,microsoft/edit,.github/workflows/ci.yml,microsoft_edit__.github__workflows__ci.yml,complex,unpinned,no-expr
1,1,0,0,0,35,1,low,0,0,0,0.0,0.0,0,1,0,0,not set,1,0,1,1,0,0,deploy-release,1,microsoft/edit::.github/workflows/winget.yml,microsoft/edit,.github/workflows/winget.yml,microsoft_edit__.github__workflows__winget.yml,simple,no-third-party,expr-no-taint
1,8,1,0,0,62,1,low,0,4,2,0.0,1.0,1,1,0,1,granular,1,0,0,0,0,0,deploy-release,1,microsoft/fast::.github/workflows/cd-gh-pages.yml,microsoft/fast,.github/workflows/cd-gh-pages.yml,microsoft_fast__.github__workflows__cd-gh-pages.yml,complex,unpinned,expr-no-taint
1,9,1,0,0,68,4,medium,0,2,1,0.0,0.2857,0,0,0,0,not set,0,0,0,1,0,0,ci-test,1,microsoft/fast::.github/workflows/ci-validate-platforms.yml,microsoft/fast,.github/workflows/ci-validate-platforms.yml,microsoft_fast__.github__workflows__ci-validate-platforms.yml,complex,unpinned,no-expr
1,9,0,0,0,58,3,medium,0,2,1,0.0,0.2857,0,0,0,0,not set,0,0,0,0,0,0,ci-test,1,microsoft/fast::.github/workflows/ci-validate-pr.yml,microsoft/fast,.github/workflows/ci-validate-pr.yml,microsoft_fast__.github__workflows__ci-validate-pr.yml,medium,unpinned,no-expr
1,2,0,0,0,31,2,low,0,2,2,0.5,2.0,0,0,0,1,granular,2,1,0,1,0,0,deploy-release,1,microsoft/fluentui::.github/workflows/azure-static-web-apps-deploy.yml,microsoft/fluentui,.github/workflows/azure-static-web-apps-deploy.yml,microsoft_fluentui__.github__workflows__azure-static-web-apps-deploy.yml,simple,pinned,no-expr
1,7,0,0,0,57,1,low,0,3,2,0.3333,0.75,0,1,0,1,not set,7,0,1,1,0,0,other,1,microsoft/fluentui::.github/workflows/bundle-size-base.yml,microsoft/fluentui,.github/workflows/bundle-size-base.yml,microsoft_fluentui__.github__workflows__bundle-size-base.yml,medium,unpinned,expr-no-taint
1,3,0,0,0,33,1,medium,0,2,2,0.5,2.0,1,0,0,1,not set,1,1,0,1,0,0,other,1,microsoft/fluentui::.github/workflows/bundle-size-comment.yml,microsoft/fluentui,.github/workflows/bundle-size-comment.yml,microsoft_fluentui__.github__workflows__bundle-size-comment.yml,simple,pinned,no-expr
1,9,0,0,0,60,1,medium,0,4,2,0.25,0.8,1,1,0,1,not set,0,0,0,1,0,0,other,1,microsoft/fluentui::.github/workflows/bundle-size.yml,microsoft/fluentui,.github/workflows/bundle-size.yml,microsoft_fluentui__.github__workflows__bundle-size.yml,medium,unpinned,expr-no-taint
3,12,0,0,0,91,1,medium,0,9,2,0.1111,3.0,1,0,0,0,not set,0,0,0,1,0,0,build,1,microsoft/fluentui::.github/workflows/check-packages.yml,microsoft/fluentui,.github/workflows/check-packages.yml,microsoft_fluentui__.github__workflows__check-packages.yml,complex,unpinned,no-expr
1,16,1,0,0,50,2,medium,0,2,1,0.0,0.1429,0,0,0,0,not set,0,0,0,1,0,0,ci-test,1,microsoft/fluentui::.github/workflows/check-tooling.yml,microsoft/fluentui,.github/workflows/check-tooling.yml,microsoft_fluentui__.github__workflows__check-tooling.yml,complex,unpinned,no-expr
1,3,0,0,0,32,1,low,0,2,1,0.0,2.0,0,0,0,1,not set,0,0,0,0,0,0,other,1,microsoft/fluentui::.github/workflows/copilot-setup-steps.yml,microsoft/fluentui,.github/workflows/copilot-setup-steps.yml,microsoft_fluentui__.github__workflows__copilot-setup-steps.yml,simple,unpinned,no-expr
1,2,0,0,0,52,1,low,1,0,0,0.0,0.0,0,1,0,1,not set,1,1,1,0,0,0,other,1,microsoft/fluentui::.github/workflows/create-experimental-branch.yml,microsoft/fluentui,.github/workflows/create-experimental-branch.yml,microsoft_fluentui__.github__workflows__create-experimental-branch.yml,simple,no-third-party,expr-no-taint
2,10,0,1,0,82,2,low,0,5,2,0.2,1.0,1,0,0,1,not set,0,0,0,1,0,0,deploy-release,1,microsoft/fluentui::.github/workflows/docsite-publish-ghpages.yml,microsoft/fluentui,.github/workflows/docsite-publish-ghpages.yml,microsoft_fluentui__.github__workflows__docsite-publish-ghpages.yml,complex,unpinned,no-expr
1,2,0,0,0,21,1,high,0,2,1,0.0,2.0,0,0,0,1,not set,0,0,0,0,0,0,other,1,microsoft/fluentui::.github/workflows/issues.yml,microsoft/fluentui,.github/workflows/issues.yml,microsoft_fluentui__.github__workflows__issues.yml,simple,unpinned,no-expr
1,1,0,0,0,19,1,high,0,1,1,0.0,1.0,0,0,0,1,granular,1,1,0,1,0,0,other,1,microsoft/fluentui::.github/workflows/pr-housekeeping.yml,microsoft/fluentui,.github/workflows/pr-housekeeping.yml,microsoft_fluentui__.github__workflows__pr-housekeeping.yml,simple,unpinned,no-expr
1,6,0,0,0,139,1,medium,0,6,2,0.1667,6.0,0,0,0,1,not set,7,1,1,1,0,0,other,1,microsoft/fluentui::.github/workflows/pr-vrt-comment.yml,microsoft/fluentui,.github/workflows/pr-vrt-comment.yml,microsoft_fluentui__.github__workflows__pr-vrt-comment.yml,medium,unpinned,no-expr
1,10,0,0,0,78,1,medium,0,6,2,0.1667,1.5,1,1,0,1,granular,0,0,0,1,0,0,other,1,microsoft/fluentui::.github/workflows/pr-vrt.yml,microsoft/fluentui,.github/workflows/pr-vrt.yml,microsoft_fluentui__.github__workflows__pr-vrt.yml,complex,unpinned,expr-no-taint
2,10,0,1,0,107,1,medium,0,9,3,0.3333,9.0,1,1,0,1,not set,5,1,0,1,0,0,deploy-release,1,microsoft/fluentui::.github/workflows/pr-website-deploy-comment.yml,microsoft/fluentui,.github/workflows/pr-website-deploy-comment.yml,microsoft_fluentui__.github__workflows__pr-website-deploy-comment.yml,complex,unpinned,expr-no-taint
1,13,0,0,0,73,1,medium,0,5,2,0.2,0.625,1,1,0,1,not set,0,0,0,1,0,0,deploy-release,1,microsoft/fluentui::.github/workflows/pr-website-deploy.yml,microsoft/fluentui,.github/workflows/pr-website-deploy.yml,microsoft_fluentui__.github__workflows__pr-website-deploy.yml,complex,unpinned,expr-no-taint
3,29,0,0,0,178,2,medium,0,11,2,0.2727,0.6111,1,0,0,1,not set,0,0,1,1,0,0,ci-test,1,microsoft/fluentui::.github/workflows/pr.yml,microsoft/fluentui,.github/workflows/pr.yml,microsoft_fluentui__.github__workflows__pr.yml,complex,unpinned,no-expr
1,8,0,0,0,75,1,low,0,4,2,0.25,1.0,0,1,0,1,granular,5,1,1,1,0,0,other,1,microsoft/fluentui::.github/workflows/vrt-baseline.yml,microsoft/fluentui,.github/workflows/vrt-baseline.yml,microsoft_fluentui__.github__workflows__vrt-baseline.yml,medium,unpinned,expr-no-taint
1,11,0,0,0,148,3,medium,0,7,4,0.0,1.75,1,1,0,1,not set,0,0,0,1,0,0,build,1,microsoft/fluentui-blazor::.github/workflows/build-core-lib.yml,microsoft/fluentui-blazor,.github/workflows/build-core-lib.yml,microsoft_fluentui-blazor__.github__workflows__build-core-lib.yml,complex,unpinned,expr-no-taint
1,6,1,0,0,62,4,medium,0,4,2,0.0,2.0,0,0,0,1,not set,0,0,0,1,0,0,security-scan,1,microsoft/fluentui-blazor::.github/workflows/codeql-analysis.yml,microsoft/fluentui-blazor,.github/workflows/codeql-analysis.yml,microsoft_fluentui-blazor__.github__workflows__codeql-analysis.yml,complex,unpinned,no-expr
2,8,0,0,0,90,3,medium,0,5,2,0.0,1.6667,0,1,0,0,not set,3,1,0,1,0,0,deploy-release,1,microsoft/fluentui-blazor::.github/workflows/deploy_demo.yml,microsoft/fluentui-blazor,.github/workflows/deploy_demo.yml,microsoft_fluentui-blazor__.github__workflows__deploy_demo.yml,medium,unpinned,expr-no-taint
2,8,0,0,0,91,3,medium,0,5,2,0.0,1.6667,0,1,0,0,not set,3,1,0,1,0,0,deploy-release,1,microsoft/fluentui-blazor::.github/workflows/deploy_preview.yml,microsoft/fluentui-blazor,.github/workflows/deploy_preview.yml,microsoft_fluentui-blazor__.github__workflows__deploy_preview.yml,medium,unpinned,expr-no-taint
1,13,0,0,0,85,1,low,0,1,1,0.0,0.0833,0,0,0,0,not set,1,0,0,0,0,0,other,1,microsoft/fluentui-system-icons::.github/workflows/bump-version.yml,microsoft/fluentui-system-icons,.github/workflows/bump-version.yml,microsoft_fluentui-system-icons__.github__workflows__bump-version.yml,complex,unpinned,no-expr
1,8,0,0,0,61,1,low,0,3,1,0.0,0.6,0,1,0,1,not set,2,0,0,1,0,0,other,1,microsoft/fluentui-system-icons::.github/workflows/bundle-size.baseline.yml,microsoft/fluentui-system-icons,.github/workflows/bundle-size.baseline.yml,microsoft_fluentui-system-icons__.github__workflows__bundle-size.baseline.yml,medium,unpinned,expr-no-taint
1,2,0,0,0,20,1,low,0,1,1,0.0,1.0,0,0,0,0,not set,1,0,1,0,0,0,deploy-release,1,microsoft/fluentui-system-icons::.github/workflows/cocoapods-publish.yml,microsoft/fluentui-system-icons,.github/workflows/cocoapods-publish.yml,microsoft_fluentui-system-icons__.github__workflows__cocoapods-publish.yml,simple,unpinned,no-expr
1,3,0,0,0,32,1,low,0,2,1,0.0,2.0,0,0,0,1,not set,0,0,0,0,0,0,other,1,microsoft/fluentui-system-icons::.github/workflows/copilot-setup-steps.yml,microsoft/fluentui-system-icons,.github/workflows/copilot-setup-steps.yml,microsoft_fluentui-system-icons__.github__workflows__copilot-setup-steps.yml,simple,unpinned,no-expr
6,31,0,0,0,249,1,medium,0,13,2,0.0,0.7222,1,1,0,1,not set,0,0,0,1,0,0,other,1,microsoft/fluentui-system-icons::.github/workflows/pr.yml,microsoft/fluentui-system-icons,.github/workflows/pr.yml,microsoft_fluentui-system-icons__.github__workflows__pr.yml,complex,unpinned,expr-no-taint
1,10,0,0,0,120,1,low,1,2,1,0.0,0.25,0,1,0,1,not set,1,0,1,1,0,0,deploy-release,1,microsoft/fluentui-system-icons::.github/workflows/publish-prerelease.yml,microsoft/fluentui-system-icons,.github/workflows/publish-prerelease.yml,microsoft_fluentui-system-icons__.github__workflows__publish-prerelease.yml,complex,unpinned,expr-no-taint
1,38,0,0,0,407,1,low,1,10,3,0.0,0.3571,1,0,1,1,not set,24,0,1,1,0,0,deploy-release,1,microsoft/fluentui-system-icons::.github/workflows/publish.yml,microsoft/fluentui-system-icons,.github/workflows/publish.yml,microsoft_fluentui-system-icons__.github__workflows__publish.yml,complex,unpinned,taint
2,10,1,1,0,103,2,low,0,7,3,0.2857,2.3333,1,1,0,1,granular,1,1,0,1,0,0,ci-test,1,microsoft/garnet::.github/workflows/ci-bdnbenchmark.yml,microsoft/garnet,.github/workflows/ci-bdnbenchmark.yml,microsoft_garnet__.github__workflows__ci-bdnbenchmark.yml,complex,unpinned,expr-no-taint
7,34,1,1,0,282,3,medium,0,15,2,0.0667,0.7895,1,1,0,1,granular,0,0,0,1,0,0,ci-test,1,microsoft/garnet::.github/workflows/ci.yml,microsoft/garnet,.github/workflows/ci.yml,microsoft_garnet__.github__workflows__ci.yml,complex,unpinned,expr-no-taint
1,8,1,0,0,99,4,medium,0,4,2,0.0,1.0,0,0,0,1,not set,0,0,0,1,0,0,security-scan,1,microsoft/garnet::.github/workflows/codeql.yml,microsoft/garnet,.github/workflows/codeql.yml,microsoft_garnet__.github__workflows__codeql.yml,complex,unpinned,no-expr
1,14,0,0,0,136,3,medium,0,8,2,0.125,1.3333,1,1,0,1,granular,1,1,0,1,0,0,deploy-release,1,microsoft/garnet::.github/workflows/deploy-website.yml,microsoft/garnet,.github/workflows/deploy-website.yml,microsoft_garnet__.github__workflows__deploy-website.yml,complex,unpinned,expr-no-taint
1,6,1,0,0,81,3,medium,0,6,2,0.8333,6.0,0,0,0,1,not set,1,1,0,1,0,0,other,1,microsoft/garnet::.github/workflows/docker-linux.yml,microsoft/garnet,.github/workflows/docker-linux.yml,microsoft_garnet__.github__workflows__docker-linux.yml,complex,pinned,no-expr
1,5,0,0,0,62,3,medium,0,3,2,0.6667,1.5,0,1,0,1,granular,1,1,0,1,0,0,other,1,microsoft/garnet::.github/workflows/docker-windows.yml,microsoft/garnet,.github/workflows/docker-windows.yml,microsoft_garnet__.github__workflows__docker-windows.yml,medium,pinned,expr-no-taint
1,10,0,0,0,98,2,low,0,2,2,0.5,0.25,0,1,0,1,granular,2,1,1,0,0,0,other,1,microsoft/garnet::.github/workflows/helm-chart.yml,microsoft/garnet,.github/workflows/helm-chart.yml,microsoft_garnet__.github__workflows__helm-chart.yml,complex,pinned,expr-no-taint
1,3,0,0,0,36,2,low,1,1,1,0.0,2.0,0,0,0,1,granular,0,0,0,0,0,0,other,1,microsoft/garnet::.github/workflows/locker.yml,microsoft/garnet,.github/workflows/locker.yml,microsoft_garnet__.github__workflows__locker.yml,simple,unpinned,no-expr
2,30,1,1,0,290,2,low,0,10,1,0.0,0.5,0,1,0,1,granular,0,0,0,1,0,0,ci-test,1,microsoft/garnet::.github/workflows/nightly.yml,microsoft/garnet,.github/workflows/nightly.yml,microsoft_garnet__.github__workflows__nightly.yml,complex,unpinned,expr-no-taint
1,2,0,0,0,25,2,high,0,1,1,0.0,1.0,0,1,1,1,granular,0,0,0,0,0,0,other,1,microsoft/genaiscript::.github/workflows/ai-inference.yml,microsoft/genaiscript,.github/workflows/ai-inference.yml,microsoft_genaiscript__.github__workflows__ai-inference.yml,simple,unpinned,taint
1,6,0,0,0,43,3,medium,0,2,1,0.0,0.5,0,0,0,1,granular,2,0,1,0,0,0,ci-test,1,microsoft/genaiscript::.github/workflows/anthropic.yml,microsoft/genaiscript,.github/workflows/anthropic.yml,microsoft_genaiscript__.github__workflows__anthropic.yml,medium,unpinned,no-expr
1,5,0,0,0,38,3,medium,0,2,1,0.0,0.6667,0,0,0,1,granular,2,0,1,0,0,0,ci-test,1,microsoft/genaiscript::.github/workflows/azure.yml,microsoft/genaiscript,.github/workflows/azure.yml,microsoft_genaiscript__.github__workflows__azure.yml,medium,unpinned,no-expr
1,7,0,0,0,45,2,low,0,2,1,0.0,0.4,0,0,0,1,granular,3,1,1,0,0,0,build,1,microsoft/genaiscript::.github/workflows/build-genai-commit.yml,microsoft/genaiscript,.github/workflows/build-genai-commit.yml,microsoft_genaiscript__.github__workflows__build-genai-commit.yml,medium,unpinned,no-expr
1,6,0,0,0,28,2,low,0,2,1,0.0,0.5,0,0,0,0,not set,0,0,0,0,0,0,build,1,microsoft/genaiscript::.github/workflows/build-genai.yml,microsoft/genaiscript,.github/workflows/build-genai.yml,microsoft_genaiscript__.github__workflows__build-genai.yml,medium,unpinned,no-expr
1,13,1,0,0,46,3,medium,0,2,1,0.0,0.1818,0,0,0,1,granular,1,1,1,0,0,0,build,1,microsoft/genaiscript::.github/workflows/build.yml,microsoft/genaiscript,.github/workflows/build.yml,microsoft_genaiscript__.github__workflows__build.yml,complex,unpinned,no-expr
1,6,0,0,0,24,1,low,0,2,1,0.0,0.5,0,0,0,1,granular,0,0,0,0,0,0,ci-test,1,microsoft/genaiscript::.github/workflows/cli-test.yml,microsoft/genaiscript,.github/workflows/cli-test.yml,microsoft_genaiscript__.github__workflows__cli-test.yml,medium,unpinned,no-expr
1,9,0,0,0,38,2,low,0,3,2,0.0,0.5,1,0,0,1,granular,0,0,0,0,0,0,documentation,1,microsoft/genaiscript::.github/workflows/docs.yml,microsoft/genaiscript,.github/workflows/docs.yml,microsoft_genaiscript__.github__workflows__docs.yml,medium,unpinned,no-expr
1,6,0,0,0,29,1,low,0,3,2,0.0,1.0,0,0,0,1,granular,2,0,1,0,0,0,ci-test,1,microsoft/genaiscript::.github/workflows/genai-azure-service-principal.yml,microsoft/genaiscript,.github/workflows/genai-azure-service-principal.yml,microsoft_genaiscript__.github__workflows__genai-azure-service-principal.yml,medium,unpinned,no-expr
1,6,0,0,0,38,2,low,0,3,2,0.0,1.0,1,0,0,1,granular,1,1,1,0,0,0,other,1,microsoft/genaiscript::.github/workflows/genai-blog-post.yml,microsoft/genaiscript,.github/workflows/genai-blog-post.yml,microsoft_genaiscript__.github__workflows__genai-blog-post.yml,medium,unpinned,no-expr
1,13,0,0,0,90,1,high,0,5,1,0.0,0.625,0,1,3,1,granular,2,1,1,1,0,0,other,1,microsoft/genaiscript::.github/workflows/genai-commander.yml,microsoft/genaiscript,.github/workflows/genai-commander.yml,microsoft_genaiscript__.github__workflows__genai-commander.yml,complex,unpinned,taint
1,6,1,0,0,32,3,medium,0,2,1,0.0,0.5,0,0,0,1,granular,1,1,1,0,0,0,ci-test,1,microsoft/genaiscript::.github/workflows/genai-commit-tests.yml,microsoft/genaiscript,.github/workflows/genai-commit-tests.yml,microsoft_genaiscript__.github__workflows__genai-commit-tests.yml,complex,unpinned,no-expr
1,10,0,0,0,53,2,medium,0,4,2,0.0,0.6667,1,0,1,1,granular,1,1,1,1,0,0,documentation,1,microsoft/genaiscript::.github/workflows/genai-docs.yml,microsoft/genaiscript,.github/workflows/genai-docs.yml,microsoft_genaiscript__.github__workflows__genai-docs.yml,complex,unpinned,taint
1,6,0,0,0,39,2,low,0,3,2,0.0,1.0,1,0,0,1,granular,1,1,1,0,0,0,other,1,microsoft/genaiscript::.github/workflows/genai-iat.yml,microsoft/genaiscript,.github/workflows/genai-iat.yml,microsoft_genaiscript__.github__workflows__genai-iat.yml,medium,unpinned,no-expr
1,5,0,0,0,36,1,medium,0,2,1,0.0,0.6667,0,1,0,1,granular,1,1,1,1,0,0,other,1,microsoft/genaiscript::.github/workflows/genai-investigator.yml,microsoft/genaiscript,.github/workflows/genai-investigator.yml,microsoft_genaiscript__.github__workflows__genai-investigator.yml,medium,unpinned,expr-no-taint
1,5,0,0,0,31,1,high,0,2,1,0.0,0.6667,0,0,0,1,granular,1,1,1,0,0,0,other,1,microsoft/genaiscript::.github/workflows/genai-issue-bot.yml,microsoft/genaiscript,.github/workflows/genai-issue-bot.yml,microsoft_genaiscript__.github__workflows__genai-issue-bot.yml,medium,unpinned,no-expr
1,5,0,0,0,31,1,high,0,2,1,0.0,0.6667,0,0,0,1,granular,1,1,1,0,0,0,other,1,microsoft/genaiscript::.github/workflows/genai-issue-review.yml,microsoft/genaiscript,.github/workflows/genai-issue-review.yml,microsoft_genaiscript__.github__workflows__genai-issue-review.yml,medium,unpinned,no-expr
1,7,0,0,0,49,2,medium,0,3,1,0.0,0.75,0,0,0,1,not set,1,1,1,1,0,0,code-quality,1,microsoft/genaiscript::.github/workflows/genai-linters.yml,microsoft/genaiscript,.github/workflows/genai-linters.yml,microsoft_genaiscript__.github__workflows__genai-linters.yml,medium,unpinned,no-expr
1,6,0,0,0,35,1,medium,0,2,1,0.0,0.5,0,0,0,1,not set,1,1,1,0,0,0,other,1,microsoft/genaiscript::.github/workflows/genai-pr-commit-review.yml,microsoft/genaiscript,.github/workflows/genai-pr-commit-review.yml,microsoft_genaiscript__.github__workflows__genai-pr-commit-review.yml,medium,unpinned,no-expr
1,7,0,0,0,38,1,medium,0,3,1,0.0,0.75,0,0,0,1,not set,1,1,1,1,0,0,documentation,1,microsoft/genaiscript::.github/workflows/genai-pr-docs-commit-review.yml,microsoft/genaiscript,.github/workflows/genai-pr-docs-commit-review.yml,microsoft_genaiscript__.github__workflows__genai-pr-docs-commit-review.yml,medium,unpinned,no-expr
1,8,0,0,0,52,2,medium,0,3,1,0.0,0.6,0,0,0,1,not set,2,1,1,1,0,0,other,1,microsoft/genaiscript::.github/workflows/genai-pr-review.yml,microsoft/genaiscript,.github/workflows/genai-pr-review.yml,microsoft_genaiscript__.github__workflows__genai-pr-review.yml,medium,unpinned,no-expr
1,5,0,0,0,37,3,medium,0,2,1,0.0,0.6667,0,0,0,1,granular,1,0,1,0,0,0,ci-test,1,microsoft/genaiscript::.github/workflows/google.yml,microsoft/genaiscript,.github/workflows/google.yml,microsoft_genaiscript__.github__workflows__google.yml,medium,unpinned,no-expr
1,5,0,0,0,37,3,medium,0,2,1,0.0,0.6667,0,0,0,1,granular,1,0,1,0,0,0,ci-test,1,microsoft/genaiscript::.github/workflows/huggingface.yml,microsoft/genaiscript,.github/workflows/huggingface.yml,microsoft_genaiscript__.github__workflows__huggingface.yml,medium,unpinned,no-expr
1,2,0,0,0,18,1,low,0,1,1,0.0,1.0,0,0,0,0,not set,0,0,0,0,0,0,other,1,microsoft/genaiscript::.github/workflows/large_runs.yml,microsoft/genaiscript,.github/workflows/large_runs.yml,microsoft_genaiscript__.github__workflows__large_runs.yml,simple,unpinned,no-expr
1,6,0,0,0,34,2,low,0,3,2,0.0,1.0,1,0,0,1,granular,0,0,0,0,0,0,other,1,microsoft/genaiscript::.github/workflows/licenses.yml,microsoft/genaiscript,.github/workflows/licenses.yml,microsoft_genaiscript__.github__workflows__licenses.yml,medium,unpinned,no-expr
3,6,0,0,0,27,2,low,0,3,1,0.0,1.0,0,0,0,0,not set,0,0,0,0,0,0,ci-test,1,microsoft/genaiscript::.github/workflows/npm-check.yml,microsoft/genaiscript,.github/workflows/npm-check.yml,microsoft_genaiscript__.github__workflows__npm-check.yml,medium,unpinned,no-expr
1,10,0,0,0,57,3,medium,0,2,1,0.0,0.25,0,0,0,1,granular,0,0,1,0,0,0,ci-test,1,microsoft/genaiscript::.github/workflows/ollama.yml,microsoft/genaiscript,.github/workflows/ollama.yml,microsoft_genaiscript__.github__workflows__ollama.yml,complex,unpinned,no-expr
1,5,0,0,0,29,1,low,0,2,1,0.0,0.6667,0,0,0,1,granular,3,0,1,0,0,0,ci-test,1,microsoft/genaiscript::.github/workflows/openai.yml,microsoft/genaiscript,.github/workflows/openai.yml,microsoft_genaiscript__.github__workflows__openai.yml,medium,unpinned,no-expr
1,6,0,0,0,42,3,medium,0,2,1,0.0,0.5,0,0,0,1,granular,0,0,0,0,0,0,ci-test,1,microsoft/genaiscript::.github/workflows/playwright.yml,microsoft/genaiscript,.github/workflows/playwright.yml,microsoft_genaiscript__.github__workflows__playwright.yml,medium,unpinned,no-expr
1,1,0,0,0,17,1,high,0,1,1,0.0,1.0,1,0,0,1,granular,1,1,0,0,0,0,other,1,microsoft/generative-ai-for-beginners::.github/workflows/lock.yml,microsoft/generative-ai-for-beginners,.github/workflows/lock.yml,microsoft_generative-ai-for-beginners__.github__workflows__lock.yml,simple,unpinned,no-expr
1,1,0,0,0,30,1,low,0,1,1,0.0,1.0,0,0,0,1,granular,1,1,0,0,0,0,other,1,microsoft/generative-ai-for-beginners::.github/workflows/stale.yml,microsoft/generative-ai-for-beginners,.github/workflows/stale.yml,microsoft_generative-ai-for-beginners__.github__workflows__stale.yml,simple,unpinned,no-expr
5,10,0,1,0,107,1,high,0,10,2,0.0,10.0,1,0,0,1,granular,5,1,0,1,0,0,ci-test,1,microsoft/generative-ai-for-beginners::.github/workflows/validate-markdown.yml,microsoft/generative-ai-for-beginners,.github/workflows/validate-markdown.yml,microsoft_generative-ai-for-beginners__.github__workflows__validate-markdown.yml,complex,unpinned,no-expr
1,2,0,0,0,34,1,high,0,2,2,0.0,2.0,1,0,0,1,granular,1,1,0,0,0,0,other,1,microsoft/generative-ai-for-beginners::.github/workflows/welcome-issue.yml,microsoft/generative-ai-for-beginners,.github/workflows/welcome-issue.yml,microsoft_generative-ai-for-beginners__.github__workflows__welcome-issue.yml,simple,unpinned,no-expr
1,2,0,0,0,34,1,high,0,2,2,0.0,2.0,1,0,0,1,granular,1,1,0,0,0,0,other,1,microsoft/generative-ai-for-beginners::.github/workflows/welcome-pr.yml,microsoft/generative-ai-for-beginners,.github/workflows/welcome-pr.yml,microsoft_generative-ai-for-beginners__.github__workflows__welcome-pr.yml,simple,unpinned,no-expr
1,7,0,0,0,48,1,low,0,4,3,0.0,1.3333,1,0,0,1,granular,1,0,1,0,0,0,documentation,1,microsoft/graphrag::.github/workflows/gh-pages.yml,microsoft/graphrag,.github/workflows/gh-pages.yml,microsoft_graphrag__.github__workflows__gh-pages.yml,medium,unpinned,no-expr
1,1,0,0,0,29,1,low,0,1,1,0.0,1.0,0,0,0,1,granular,1,1,0,0,0,0,other,1,microsoft/graphrag::.github/workflows/issues-autoresolve.yml,microsoft/graphrag,.github/workflows/issues-autoresolve.yml,microsoft_graphrag__.github__workflows__issues-autoresolve.yml,simple,unpinned,no-expr
1,7,1,0,0,78,2,medium,0,4,3,0.0,1.3333,1,0,0,1,granular,0,0,0,1,0,0,build,1,microsoft/graphrag::.github/workflows/python-checks.yml,microsoft/graphrag,.github/workflows/python-checks.yml,microsoft_graphrag__.github__workflows__python-checks.yml,complex,unpinned,no-expr
1,9,1,0,0,95,2,medium,0,4,3,0.0,0.8,1,0,0,1,granular,0,0,0,1,0,0,ci-test,1,microsoft/graphrag::.github/workflows/python-integration-tests.yml,microsoft/graphrag,.github/workflows/python-integration-tests.yml,microsoft_graphrag__.github__workflows__python-integration-tests.yml,complex,unpinned,no-expr
1,6,1,0,0,75,2,medium,0,4,3,0.0,2.0,1,0,0,1,granular,2,0,1,1,0,0,ci-test,1,microsoft/graphrag::.github/workflows/python-notebook-tests.yml,microsoft/graphrag,.github/workflows/python-notebook-tests.yml,microsoft_graphrag__.github__workflows__python-notebook-tests.yml,complex,unpinned,no-expr
1,8,0,0,0,100,2,low,0,3,2,0.0,0.6,1,0,0,1,not set,0,0,0,1,0,0,deploy-release,1,microsoft/graphrag::.github/workflows/python-publish.yml,microsoft/graphrag,.github/workflows/python-publish.yml,microsoft_graphrag__.github__workflows__python-publish.yml,medium,unpinned,no-expr
1,9,1,0,0,96,2,medium,0,5,3,0.0,1.25,1,0,0,1,granular,4,0,1,1,0,0,ci-test,1,microsoft/graphrag::.github/workflows/python-smoke-tests.yml,microsoft/graphrag,.github/workflows/python-smoke-tests.yml,microsoft_graphrag__.github__workflows__python-smoke-tests.yml,complex,unpinned,no-expr
1,7,1,0,0,78,2,medium,0,4,3,0.0,1.3333,1,0,0,1,granular,0,0,0,1,0,0,ci-test,1,microsoft/graphrag::.github/workflows/python-unit-tests.yml,microsoft/graphrag,.github/workflows/python-unit-tests.yml,microsoft_graphrag__.github__workflows__python-unit-tests.yml,complex,unpinned,no-expr
1,2,0,0,0,21,1,medium,0,1,1,0.0,1.0,0,0,0,0,not set,0,0,0,1,0,0,ci-test,1,microsoft/graphrag::.github/workflows/semver.yml,microsoft/graphrag,.github/workflows/semver.yml,microsoft_graphrag__.github__workflows__semver.yml,simple,unpinned,no-expr
1,2,0,0,0,22,2,medium,0,1,1,0.0,1.0,0,0,0,0,not set,0,0,0,1,0,0,ci-test,1,microsoft/graphrag::.github/workflows/spellcheck.yml,microsoft/graphrag,.github/workflows/spellcheck.yml,microsoft_graphrag__.github__workflows__spellcheck.yml,simple,unpinned,no-expr
2,27,1,1,0,193,4,medium,0,7,3,0.0,0.35,1,1,0,1,read-all,1,0,0,1,0,0,build,1,microsoft/hummingbird::.github/workflows/pythonapp.yml,microsoft/hummingbird,.github/workflows/pythonapp.yml,microsoft_hummingbird__.github__workflows__pythonapp.yml,complex,unpinned,expr-no-taint
1,6,1,0,0,28,2,medium,0,2,1,0.0,0.5,0,0,0,0,not set,0,0,0,0,0,0,ci-test,1,microsoft/inshellisense::.github/workflows/ci.yml,microsoft/inshellisense,.github/workflows/ci.yml,microsoft_inshellisense__.github__workflows__ci.yml,complex,unpinned,no-expr
2,8,1,1,0,72,1,low,0,5,1,0.0,1.6667,0,0,0,1,granular,0,0,0,0,0,0,build,1,microsoft/inshellisense::.github/workflows/pkg.yml,microsoft/inshellisense,.github/workflows/pkg.yml,microsoft_inshellisense__.github__workflows__pkg.yml,complex,unpinned,no-expr
1,3,0,0,0,26,2,medium,0,2,1,0.0,2.0,0,0,0,0,not set,0,0,0,0,0,0,build,1,microsoft/kernel-memory::.github/workflows/build.yml,microsoft/kernel-memory,.github/workflows/build.yml,microsoft_kernel-memory__.github__workflows__build.yml,simple,unpinned,no-expr
1,4,0,0,0,37,2,medium,0,3,1,0.0,3.0,0,0,0,0,not set,0,0,0,1,0,0,ci-test,1,microsoft/kernel-memory::.github/workflows/coverage.yml,microsoft/kernel-memory,.github/workflows/coverage.yml,microsoft_kernel-memory__.github__workflows__coverage.yml,medium,unpinned,no-expr
1,2,0,0,0,32,1,medium,0,1,1,0.0,1.0,0,0,0,1,granular,2,1,1,1,0,0,dependency-management,1,microsoft/kiota::.github/workflows/auto-merge-dependabot.yml,microsoft/kiota,.github/workflows/auto-merge-dependabot.yml,microsoft_kiota__.github__workflows__auto-merge-dependabot.yml,simple,unpinned,no-expr
4,24,1,1,0,186,4,medium,0,8,2,0.0,0.5,1,1,0,1,granular,3,1,1,1,0,0,build,1,microsoft/kiota::.github/workflows/build-vscode-extension.yml,microsoft/kiota,.github/workflows/build-vscode-extension.yml,microsoft_kiota__.github__workflows__build-vscode-extension.yml,complex,unpinned,expr-no-taint
1,4,0,0,0,33,4,medium,0,3,1,0.0,3.0,0,0,0,1,granular,0,0,0,0,0,0,ci-test,1,microsoft/kiota::.github/workflows/check-translations.yml,microsoft/kiota,.github/workflows/check-translations.yml,microsoft_kiota__.github__workflows__check-translations.yml,medium,unpinned,no-expr
1,6,1,0,0,99,5,medium,0,4,2,0.0,2.0,0,0,0,1,granular,0,0,0,0,0,0,security-scan,1,microsoft/kiota::.github/workflows/codeql-analysis.yml,microsoft/kiota,.github/workflows/codeql-analysis.yml,microsoft_kiota__.github__workflows__codeql-analysis.yml,complex,unpinned,no-expr
1,1,0,0,0,36,4,medium,0,0,0,0.0,0.0,0,0,0,0,not set,0,0,0,0,0,0,security-scan,1,microsoft/kiota::.github/workflows/codeql-required-workaround.yml,microsoft/kiota,.github/workflows/codeql-required-workaround.yml,microsoft_kiota__.github__workflows__codeql-required-workaround.yml,simple,no-third-party,no-expr
1,1,0,0,0,35,4,medium,0,0,0,0.0,0.0,0,0,0,0,not set,0,0,0,0,0,0,other,1,microsoft/kiota::.github/workflows/dotnet-required-workaround.yml,microsoft/kiota,.github/workflows/dotnet-required-workaround.yml,microsoft_kiota__.github__workflows__dotnet-required-workaround.yml,simple,no-third-party,no-expr
2,18,1,0,0,102,4,medium,0,6,1,0.0,0.5,0,1,0,0,not set,0,0,0,1,0,0,other,1,microsoft/kiota::.github/workflows/dotnet.yml,microsoft/kiota,.github/workflows/dotnet.yml,microsoft_kiota__.github__workflows__dotnet.yml,complex,unpinned,expr-no-taint
5,22,1,1,0,150,4,medium,0,11,2,0.0,1.0,1,1,0,0,not set,0,0,0,1,0,0,ci-test,1,microsoft/kiota::.github/workflows/idempotency-tests.yml,microsoft/kiota,.github/workflows/idempotency-tests.yml,microsoft_kiota__.github__workflows__idempotency-tests.yml,complex,unpinned,expr-no-taint
5,32,1,1,0,213,4,medium,0,19,5,0.0,1.4615,1,1,0,0,not set,0,0,0,1,0,0,ci-test,1,microsoft/kiota::.github/workflows/integration-tests.yml,microsoft/kiota,.github/workflows/integration-tests.yml,microsoft_kiota__.github__workflows__integration-tests.yml,complex,unpinned,expr-no-taint
1,4,1,0,0,71,2,low,0,2,1,0.0,1.0,0,0,0,0,not set,0,0,0,0,0,0,ci-test,1,microsoft/kiota::.github/workflows/load-tests.yml,microsoft/kiota,.github/workflows/load-tests.yml,microsoft_kiota__.github__workflows__load-tests.yml,complex,unpinned,no-expr
1,7,0,0,0,150,3,high,0,1,1,0.0,0.1667,0,1,1,0,not set,2,0,1,1,0,0,other,1,microsoft/kiota::.github/workflows/project-auto-add.yml,microsoft/kiota,.github/workflows/project-auto-add.yml,microsoft_kiota__.github__workflows__project-auto-add.yml,medium,unpinned,taint
2,7,0,1,0,68,4,medium,0,4,1,0.0,1.3333,0,1,0,1,granular,4,1,1,1,0,0,other,1,microsoft/kiota::.github/workflows/sonarcloud.yml,microsoft/kiota,.github/workflows/sonarcloud.yml,microsoft_kiota__.github__workflows__sonarcloud.yml,medium,unpinned,expr-no-taint
6,57,0,0,0,325,4,medium,0,20,3,0.0,0.5405,1,0,0,1,granular,0,0,0,0,0,0,ci-test,1,microsoft/litebox::.github/workflows/ci.yml,microsoft/litebox,.github/workflows/ci.yml,microsoft_litebox__.github__workflows__ci.yml,complex,unpinned,no-expr
1,4,0,0,0,39,3,medium,0,1,1,0.0,0.3333,0,0,0,1,not set,0,0,0,0,0,0,other,1,microsoft/litebox::.github/workflows/copilot-setup-steps.yml,microsoft/litebox,.github/workflows/copilot-setup-steps.yml,microsoft_litebox__.github__workflows__copilot-setup-steps.yml,medium,unpinned,no-expr
1,8,0,0,0,94,3,medium,0,1,1,0.0,0.1429,0,1,0,1,granular,4,1,0,1,0,0,ci-test,1,microsoft/litebox::.github/workflows/semver-checks.yml,microsoft/litebox,.github/workflows/semver-checks.yml,microsoft_litebox__.github__workflows__semver-checks.yml,medium,unpinned,expr-no-taint
4,21,0,1,0,117,3,medium,0,13,2,0.0,1.625,1,0,0,1,granular,1,0,0,0,0,0,ci-test,1,microsoft/magentic-ui::.github/workflows/checks.yaml,microsoft/magentic-ui,.github/workflows/checks.yaml,microsoft_magentic-ui__.github__workflows__checks.yaml,complex,unpinned,no-expr
1,4,1,0,0,102,3,medium,0,3,2,0.0,3.0,0,0,0,1,not set,0,0,0,1,0,0,security-scan,1,microsoft/magentic-ui::.github/workflows/codeql.yml,microsoft/magentic-ui,.github/workflows/codeql.yml,microsoft_magentic-ui__.github__workflows__codeql.yml,complex,unpinned,no-expr
1,4,0,0,0,39,2,low,0,4,1,0.0,4.0,0,0,0,1,granular,0,0,0,0,0,0,deploy-release,1,microsoft/magentic-ui::.github/workflows/deploy-github-pages.yml,microsoft/magentic-ui,.github/workflows/deploy-github-pages.yml,microsoft_magentic-ui__.github__workflows__deploy-github-pages.yml,medium,unpinned,no-expr
1,6,1,0,0,60,1,low,1,3,2,0.0,1.0,0,1,0,1,not set,1,1,0,1,0,0,build,1,microsoft/magentic-ui::.github/workflows/docker-build-push.yml,microsoft/magentic-ui,.github/workflows/docker-build-push.yml,microsoft_magentic-ui__.github__workflows__docker-build-push.yml,complex,unpinned,expr-no-taint
1,4,0,0,0,20,1,medium,0,2,1,0.0,1.0,0,0,0,0,not set,0,0,0,0,0,0,other,1,microsoft/markitdown::.github/workflows/pre-commit.yml,microsoft/markitdown,.github/workflows/pre-commit.yml,microsoft_markitdown__.github__workflows__pre-commit.yml,medium,unpinned,no-expr
1,4,0,0,0,18,1,medium,0,2,1,0.0,1.0,0,0,0,0,not set,0,0,0,0,0,0,ci-test,1,microsoft/markitdown::.github/workflows/tests.yml,microsoft/markitdown,.github/workflows/tests.yml,microsoft_markitdown__.github__workflows__tests.yml,medium,unpinned,no-expr
1,1,0,0,0,50,1,high,0,1,1,0.0,1.0,0,0,1,1,granular,0,0,0,1,0,0,other,1,microsoft/mcp::.github/workflows/auto-milestone-bugbash.yml,microsoft/mcp,.github/workflows/auto-milestone-bugbash.yml,microsoft_mcp__.github__workflows__auto-milestone-bugbash.yml,simple,unpinned,no-expr
1,5,0,0,0,114,3,high,0,2,2,0.0,0.6667,0,1,0,1,empty,1,1,1,1,0,0,other,1,microsoft/mcp::.github/workflows/event-processor.yml,microsoft/mcp,.github/workflows/event-processor.yml,microsoft_mcp__.github__workflows__event-processor.yml,medium,unpinned,expr-no-taint
1,1,0,0,0,25,2,high,0,1,1,0.0,1.0,0,0,0,1,empty,1,1,0,0,0,0,ci-test,1,microsoft/mcp::.github/workflows/event.yml,microsoft/mcp,.github/workflows/event.yml,microsoft_mcp__.github__workflows__event.yml,simple,unpinned,no-expr
1,2,0,0,0,29,1,low,0,1,1,0.0,1.0,0,1,0,1,granular,1,1,0,1,0,0,other,1,microsoft/mcp::.github/workflows/post-apiview.yml,microsoft/mcp,.github/workflows/post-apiview.yml,microsoft_mcp__.github__workflows__post-apiview.yml,simple,unpinned,expr-no-taint
1,9,0,0,0,130,1,low,0,1,1,0.0,0.125,0,1,0,1,empty,7,1,1,1,0,0,other,1,microsoft/mcp::.github/workflows/scheduled-event-processor.yml,microsoft/mcp,.github/workflows/scheduled-event-processor.yml,microsoft_mcp__.github__workflows__scheduled-event-processor.yml,medium,unpinned,expr-no-taint
1,2,0,0,0,31,3,medium,0,1,1,0.0,1.0,0,0,0,0,not set,0,0,0,0,0,0,documentation,1,microsoft/microsoft-ui-xaml::.github/workflows/docs.yml,microsoft/microsoft-ui-xaml,.github/workflows/docs.yml,microsoft_microsoft-ui-xaml__.github__workflows__docs.yml,simple,unpinned,no-expr
2,3,0,1,0,38,1,high,0,2,2,0.0,2.0,1,0,2,1,not set,1,1,1,1,0,0,other,1,microsoft/microsoft-ui-xaml::.github/workflows/similar-issues-bot.yml,microsoft/microsoft-ui-xaml,.github/workflows/similar-issues-bot.yml,microsoft_microsoft-ui-xaml__.github__workflows__similar-issues-bot.yml,medium,unpinned,taint
1,17,0,0,0,109,2,medium,0,4,1,0.0,0.3077,0,0,0,0,not set,0,0,0,1,0,0,ci-test,1,microsoft/monaco-editor::.github/workflows/ci.yml,microsoft/monaco-editor,.github/workflows/ci.yml,microsoft_monaco-editor__.github__workflows__ci.yml,complex,unpinned,no-expr
1,12,0,0,0,72,2,low,0,6,1,0.0,1.0,0,0,0,1,granular,0,0,0,1,0,0,deploy-release,1,microsoft/monaco-editor::.github/workflows/website.yml,microsoft/monaco-editor,.github/workflows/website.yml,microsoft_monaco-editor__.github__workflows__website.yml,complex,unpinned,no-expr
1,0,1,0,1,33,3,medium,0,0,0,0.0,0.0,0,0,0,1,granular,0,0,0,0,0,0,build,1,microsoft/msquic::.github/workflows/build-darwin-framework.yml,microsoft/msquic,.github/workflows/build-darwin-framework.yml,microsoft_msquic__.github__workflows__build-darwin-framework.yml,complex,no-third-party,no-expr
4,15,1,1,1,149,1,low,0,12,1,1.0,4.0,0,1,0,1,granular,0,0,0,0,0,0,build,1,microsoft/msquic::.github/workflows/build-reuse-darwin-framework.yml,microsoft/msquic,.github/workflows/build-reuse-darwin-framework.yml,microsoft_msquic__.github__workflows__build-reuse-darwin-framework.yml,complex,pinned,expr-no-taint
1,7,0,0,0,128,1,low,0,2,1,1.0,0.4,0,1,0,1,granular,0,0,0,1,1,1,build,1,microsoft/msquic::.github/workflows/build-reuse-unix.yml,microsoft/msquic,.github/workflows/build-reuse-unix.yml,microsoft_msquic__.github__workflows__build-reuse-unix.yml,medium,pinned,expr-no-taint
1,10,0,0,0,123,1,low,0,4,3,1.0,0.6667,1,1,0,1,granular,0,0,0,1,0,0,build,1,microsoft/msquic::.github/workflows/build-reuse-win.yml,microsoft/msquic,.github/workflows/build-reuse-win.yml,microsoft_msquic__.github__workflows__build-reuse-win.yml,complex,pinned,expr-no-taint
1,9,0,0,0,98,1,low,0,3,2,1.0,0.5,0,1,0,1,granular,0,0,0,1,0,0,build,1,microsoft/msquic::.github/workflows/build-reuse-winkernel.yml,microsoft/msquic,.github/workflows/build-reuse-winkernel.yml,microsoft_msquic__.github__workflows__build-reuse-winkernel.yml,medium,pinned,expr-no-taint
8,7,1,1,1,285,3,medium,0,6,2,1.0,6.0,1,1,0,1,granular,0,0,0,1,0,0,build,1,microsoft/msquic::.github/workflows/build.yml,microsoft/msquic,.github/workflows/build.yml,microsoft_msquic__.github__workflows__build.yml,complex,pinned,expr-no-taint
2,22,1,0,0,159,3,medium,0,8,5,1.0,0.5714,1,1,0,1,granular,1,1,0,1,0,0,other,1,microsoft/msquic::.github/workflows/cargo.yml,microsoft/msquic,.github/workflows/cargo.yml,microsoft_msquic__.github__workflows__cargo.yml,complex,pinned,expr-no-taint
1,5,0,0,0,37,2,medium,0,2,1,1.0,0.6667,0,0,0,1,read-all,0,0,0,0,0,0,ci-test,1,microsoft/msquic::.github/workflows/check-clog.yml,microsoft/msquic,.github/workflows/check-clog.yml,microsoft_msquic__.github__workflows__check-clog.yml,medium,pinned,no-expr
1,5,0,0,0,37,2,medium,0,2,1,1.0,0.6667,0,0,0,1,read-all,0,0,0,0,0,0,ci-test,1,microsoft/msquic::.github/workflows/check-dotnet.yml,microsoft/msquic,.github/workflows/check-dotnet.yml,microsoft_msquic__.github__workflows__check-dotnet.yml,medium,pinned,no-expr
1,3,0,0,0,28,1,medium,0,3,2,1.0,3.0,1,0,0,1,granular,0,0,0,1,0,0,ci-test,1,microsoft/msquic::.github/workflows/cifuzz.yml,microsoft/msquic,.github/workflows/cifuzz.yml,microsoft_msquic__.github__workflows__cifuzz.yml,simple,pinned,no-expr
6,33,1,1,1,256,3,medium,0,19,3,1.0,1.3571,1,1,0,1,read-all,1,0,0,1,1,0,other,1,microsoft/msquic::.github/workflows/code-coverage.yml,microsoft/msquic,.github/workflows/code-coverage.yml,microsoft_msquic__.github__workflows__code-coverage.yml,complex,pinned,expr-no-taint
1,5,0,0,0,61,3,medium,0,3,2,1.0,1.5,0,0,0,1,read-all,0,0,0,0,0,0,security-scan,1,microsoft/msquic::.github/workflows/codeql-analysis.yml,microsoft/msquic,.github/workflows/codeql-analysis.yml,microsoft_msquic__.github__workflows__codeql-analysis.yml,medium,pinned,no-expr
1,4,1,0,0,71,2,medium,0,4,2,1.0,4.0,0,0,0,1,read-all,1,1,1,1,0,0,deploy-release,1,microsoft/msquic::.github/workflows/docker-publish-xcomp.yml,microsoft/msquic,.github/workflows/docker-publish-xcomp.yml,microsoft_msquic__.github__workflows__docker-publish-xcomp.yml,complex,pinned,no-expr
1,4,0,0,0,60,2,medium,0,4,2,1.0,4.0,0,0,0,1,read-all,1,1,1,1,0,0,deploy-release,1,microsoft/msquic::.github/workflows/docker-publish.yml,microsoft/msquic,.github/workflows/docker-publish.yml,microsoft_msquic__.github__workflows__docker-publish.yml,medium,pinned,no-expr
5,6,1,1,1,119,3,medium,0,4,2,1.0,2.0,1,1,0,1,read-all,0,0,0,1,0,0,ci-test,1,microsoft/msquic::.github/workflows/dotnet-test.yml,microsoft/msquic,.github/workflows/dotnet-test.yml,microsoft_msquic__.github__workflows__dotnet-test.yml,complex,pinned,expr-no-taint
1,1,0,0,0,33,1,low,1,0,0,0.0,0.0,0,1,0,1,read-all,2,0,0,0,0,0,other,1,microsoft/msquic::.github/workflows/netperf-kernel-bvt.yml,microsoft/msquic,.github/workflows/netperf-kernel-bvt.yml,microsoft_msquic__.github__workflows__netperf-kernel-bvt.yml,simple,no-third-party,expr-no-taint
1,1,0,0,0,64,3,medium,0,0,0,0.0,0.0,0,1,0,1,read-all,2,0,0,0,0,0,other,1,microsoft/msquic::.github/workflows/netperf.yml,microsoft/msquic,.github/workflows/netperf.yml,microsoft_msquic__.github__workflows__netperf.yml,simple,no-third-party,expr-no-taint
2,11,1,1,0,89,3,medium,0,7,2,1.0,1.75,0,1,0,1,read-all,0,0,0,0,0,0,build,1,microsoft/msquic::.github/workflows/package-alpine-linux.yml,microsoft/msquic,.github/workflows/package-alpine-linux.yml,microsoft_msquic__.github__workflows__package-alpine-linux.yml,complex,pinned,expr-no-taint
4,12,1,1,1,197,3,medium,0,8,3,1.0,2.0,1,1,0,1,read-all,0,0,0,1,0,0,build,1,microsoft/msquic::.github/workflows/package-linux.yml,microsoft/msquic,.github/workflows/package-linux.yml,microsoft_msquic__.github__workflows__package-linux.yml,complex,pinned,expr-no-taint
2,6,0,1,1,109,2,low,0,3,1,1.0,1.0,0,1,0,1,read-all,0,0,0,0,0,0,build,1,microsoft/msquic::.github/workflows/package-reuse-linux.yml,microsoft/msquic,.github/workflows/package-reuse-linux.yml,microsoft_msquic__.github__workflows__package-reuse-linux.yml,medium,pinned,expr-no-taint
2,11,1,0,0,79,2,medium,0,7,2,1.0,1.75,0,1,0,1,read-all,0,0,0,0,0,0,other,1,microsoft/msquic::.github/workflows/plugins.yml,microsoft/msquic,.github/workflows/plugins.yml,microsoft_msquic__.github__workflows__plugins.yml,complex,pinned,expr-no-taint
1,13,0,0,0,56,3,medium,0,2,1,1.0,0.1818,0,0,0,1,read-all,0,0,0,1,0,0,deploy-release,1,microsoft/msquic::.github/workflows/publish-docfx.yml,microsoft/msquic,.github/workflows/publish-docfx.yml,microsoft_msquic__.github__workflows__publish-docfx.yml,complex,pinned,no-expr
1,4,0,0,0,56,2,medium,0,4,3,1.0,4.0,1,0,0,1,read-all,1,0,0,0,0,0,security-scan,1,microsoft/msquic::.github/workflows/scorecards-analysis.yml,microsoft/msquic,.github/workflows/scorecards-analysis.yml,microsoft_msquic__.github__workflows__scorecards-analysis.yml,medium,pinned,no-expr
5,18,1,1,1,231,3,medium,1,9,2,1.0,1.0,1,1,0,1,read-all,0,0,0,1,1,0,other,1,microsoft/msquic::.github/workflows/stress.yml,microsoft/msquic,.github/workflows/stress.yml,microsoft_msquic__.github__workflows__stress.yml,complex,pinned,expr-no-taint
2,9,1,1,0,85,2,medium,0,4,4,1.0,0.8,1,1,0,1,read-all,0,0,0,1,0,0,ci-test,1,microsoft/msquic::.github/workflows/test-down-level.yml,microsoft/msquic,.github/workflows/test-down-level.yml,microsoft_msquic__.github__workflows__test-down-level.yml,complex,pinned,expr-no-taint
8,27,1,1,1,461,3,medium,1,15,2,1.0,1.25,1,1,0,1,granular,0,0,0,1,1,0,ci-test,1,microsoft/msquic::.github/workflows/test.yml,microsoft/msquic,.github/workflows/test.yml,microsoft_msquic__.github__workflows__test.yml,complex,pinned,expr-no-taint
6,22,1,1,1,659,1,low,0,9,3,1.0,0.6923,1,1,0,1,read-all,0,0,0,1,0,0,build,1,microsoft/msquic::.github/workflows/validate-linux-packages-reuse.yml,microsoft/msquic,.github/workflows/validate-linux-packages-reuse.yml,microsoft_msquic__.github__workflows__validate-linux-packages-reuse.yml,complex,pinned,expr-no-taint
1,0,0,0,1,54,1,low,1,0,0,0.0,0.0,0,0,0,1,read-all,0,0,0,0,0,0,build,1,microsoft/msquic::.github/workflows/validate-linux-packages.yml,microsoft/msquic,.github/workflows/validate-linux-packages.yml,microsoft_msquic__.github__workflows__validate-linux-packages.yml,simple,no-third-party,no-expr
3,15,1,1,0,133,1,low,0,9,1,1.0,1.5,0,1,0,1,read-all,0,0,0,1,0,0,other,1,microsoft/msquic::.github/workflows/wan-perf.yml,microsoft/msquic,.github/workflows/wan-perf.yml,microsoft_msquic__.github__workflows__wan-perf.yml,complex,pinned,expr-no-taint
3,19,0,0,0,252,3,medium,0,7,2,0.0,1.1111,0,1,0,1,granular,1,1,1,1,1,0,ci-test,1,microsoft/onnxruntime::.github/workflows/android.yml,microsoft/onnxruntime,.github/workflows/android.yml,microsoft_onnxruntime__.github__workflows__android.yml,complex,unpinned,expr-no-taint
1,2,0,0,0,24,2,low,0,2,2,0.0,2.0,1,0,0,0,not set,0,0,0,0,1,0,other,1,microsoft/onnxruntime::.github/workflows/cffconvert.yml,microsoft/onnxruntime,.github/workflows/cffconvert.yml,microsoft_onnxruntime__.github__workflows__cffconvert.yml,simple,unpinned,no-expr
1,6,1,0,0,79,4,medium,0,6,2,0.0,6.0,0,0,0,1,not set,0,0,0,1,1,0,security-scan,1,microsoft/onnxruntime::.github/workflows/codeql.yml,microsoft/onnxruntime,.github/workflows/codeql.yml,microsoft_onnxruntime__.github__workflows__codeql.yml,complex,unpinned,no-expr
1,2,0,0,0,26,3,medium,0,2,2,0.0,2.0,0,0,0,0,not set,0,0,0,0,1,0,ci-test,1,microsoft/onnxruntime::.github/workflows/gradle-wrapper-validation.yml,microsoft/onnxruntime,.github/workflows/gradle-wrapper-validation.yml,microsoft_onnxruntime__.github__workflows__gradle-wrapper-validation.yml,simple,unpinned,no-expr
1,4,0,0,0,65,3,medium,0,2,2,0.0,1.0,0,1,0,0,not set,0,0,1,0,0,0,ci-test,1,microsoft/onnxruntime::.github/workflows/ios.yml,microsoft/onnxruntime,.github/workflows/ios.yml,microsoft_onnxruntime__.github__workflows__ios.yml,medium,unpinned,expr-no-taint
1,1,0,0,0,23,1,high,0,1,1,0.0,1.0,0,0,0,1,granular,1,1,0,0,1,0,other,1,microsoft/onnxruntime::.github/workflows/labeler.yml,microsoft/onnxruntime,.github/workflows/labeler.yml,microsoft_onnxruntime__.github__workflows__labeler.yml,simple,unpinned,no-expr
3,17,0,0,0,117,3,medium,0,9,4,0.0,1.125,1,0,0,1,not set,3,0,0,1,1,0,code-quality,1,microsoft/onnxruntime::.github/workflows/lint.yml,microsoft/onnxruntime,.github/workflows/lint.yml,microsoft_onnxruntime__.github__workflows__lint.yml,complex,unpinned,no-expr
1,14,0,0,0,192,1,low,0,6,2,0.0,0.75,0,1,0,0,not set,0,0,1,1,1,0,build,1,microsoft/onnxruntime::.github/workflows/linux-wasm-ci-build-and-test-workflow.yml,microsoft/onnxruntime,.github/workflows/linux-wasm-ci-build-and-test-workflow.yml,microsoft_onnxruntime__.github__workflows__linux-wasm-ci-build-and-test-workflow.yml,complex,unpinned,expr-no-taint
6,0,0,0,1,130,3,medium,0,0,0,0.0,0.0,0,0,0,1,granular,6,1,0,0,0,0,ci-test,1,microsoft/onnxruntime::.github/workflows/linux_ci.yml,microsoft/onnxruntime,.github/workflows/linux_ci.yml,microsoft_onnxruntime__.github__workflows__linux_ci.yml,complex,no-third-party,no-expr
2,5,0,1,1,105,3,medium,0,4,2,0.0,4.0,0,1,0,1,granular,2,1,1,1,1,0,ci-test,1,microsoft/onnxruntime::.github/workflows/linux_cuda_ci.yml,microsoft/onnxruntime,.github/workflows/linux_cuda_ci.yml,microsoft_onnxruntime__.github__workflows__linux_cuda_ci.yml,medium,unpinned,expr-no-taint
10,51,0,1,0,622,3,medium,0,45,2,0.0,9.2,0,1,0,1,not set,6,1,1,0,1,0,build,1,microsoft/onnxruntime::.github/workflows/linux_minimal_build.yml,microsoft/onnxruntime,.github/workflows/linux_minimal_build.yml,microsoft_onnxruntime__.github__workflows__linux_minimal_build.yml,complex,unpinned,expr-no-taint
1,0,0,0,1,46,3,medium,0,0,0,0.0,0.0,0,0,0,1,granular,1,1,0,0,0,0,ci-test,1,microsoft/onnxruntime::.github/workflows/linux_openvino_ci.yml,microsoft/onnxruntime,.github/workflows/linux_openvino_ci.yml,microsoft_onnxruntime__.github__workflows__linux_openvino_ci.yml,simple,no-third-party,no-expr
2,5,0,1,1,107,3,medium,0,4,2,0.0,4.0,0,1,0,1,granular,2,1,1,1,1,0,ci-test,1,microsoft/onnxruntime::.github/workflows/linux_tensorrt_ci.yml,microsoft/onnxruntime,.github/workflows/linux_tensorrt_ci.yml,microsoft_onnxruntime__.github__workflows__linux_tensorrt_ci.yml,medium,unpinned,expr-no-taint
1,0,0,0,1,102,3,medium,0,0,0,0.0,0.0,0,0,0,1,granular,2,1,0,0,0,0,ci-test,1,microsoft/onnxruntime::.github/workflows/linux_webgpu.yml,microsoft/onnxruntime,.github/workflows/linux_webgpu.yml,microsoft_onnxruntime__.github__workflows__linux_webgpu.yml,simple,no-third-party,no-expr
6,9,1,0,1,178,3,medium,0,4,2,0.0,2.0,0,1,0,0,not set,0,0,1,0,0,0,ci-test,1,microsoft/onnxruntime::.github/workflows/mac.yml,microsoft/onnxruntime,.github/workflows/mac.yml,microsoft_onnxruntime__.github__workflows__mac.yml,complex,unpinned,expr-no-taint
1,9,1,0,0,138,1,low,0,3,2,0.0,0.8,0,1,0,0,not set,0,0,1,1,0,0,build,1,microsoft/onnxruntime::.github/workflows/macos-ci-build-and-test-workflow.yml,microsoft/onnxruntime,.github/workflows/macos-ci-build-and-test-workflow.yml,microsoft_onnxruntime__.github__workflows__macos-ci-build-and-test-workflow.yml,complex,unpinned,expr-no-taint
1,6,0,0,0,56,1,medium,0,4,3,0.0,2.0,1,0,0,1,granular,0,0,0,0,1,0,ci-test,1,microsoft/onnxruntime::.github/workflows/pr_checks.yml,microsoft/onnxruntime,.github/workflows/pr_checks.yml,microsoft_onnxruntime__.github__workflows__pr_checks.yml,medium,unpinned,no-expr
1,6,0,0,0,56,3,low,0,2,1,0.0,0.5,0,0,0,1,granular,0,0,0,0,1,0,deploy-release,1,microsoft/onnxruntime::.github/workflows/publish-c-apidocs.yml,microsoft/onnxruntime,.github/workflows/publish-c-apidocs.yml,microsoft_onnxruntime__.github__workflows__publish-c-apidocs.yml,medium,unpinned,no-expr
1,10,0,0,0,67,3,low,0,2,1,0.0,0.25,0,0,0,1,granular,0,0,0,0,1,0,deploy-release,1,microsoft/onnxruntime::.github/workflows/publish-csharp-apidocs.yml,microsoft/onnxruntime,.github/workflows/publish-csharp-apidocs.yml,microsoft_onnxruntime__.github__workflows__publish-csharp-apidocs.yml,complex,unpinned,no-expr
1,1,0,0,0,20,1,low,0,0,0,0.0,0.0,0,0,0,0,not set,0,0,0,0,1,0,deploy-release,1,microsoft/onnxruntime::.github/workflows/publish-gh-pages.yml,microsoft/onnxruntime,.github/workflows/publish-gh-pages.yml,microsoft_onnxruntime__.github__workflows__publish-gh-pages.yml,simple,no-third-party,no-expr
1,6,0,0,0,54,3,low,0,4,2,0.0,2.0,0,0,0,1,granular,0,0,0,0,1,0,deploy-release,1,microsoft/onnxruntime::.github/workflows/publish-java-apidocs.yml,microsoft/onnxruntime,.github/workflows/publish-java-apidocs.yml,microsoft_onnxruntime__.github__workflows__publish-java-apidocs.yml,medium,unpinned,no-expr
1,6,0,0,0,54,3,low,0,3,1,0.0,1.0,0,0,0,1,granular,0,0,0,0,1,0,deploy-release,1,microsoft/onnxruntime::.github/workflows/publish-js-apidocs.yml,microsoft/onnxruntime,.github/workflows/publish-js-apidocs.yml,microsoft_onnxruntime__.github__workflows__publish-js-apidocs.yml,medium,unpinned,no-expr
1,5,0,0,0,59,3,low,0,3,2,0.0,1.5,0,0,0,1,granular,0,0,0,0,0,0,deploy-release,1,microsoft/onnxruntime::.github/workflows/publish-objectivec-apidocs.yml,microsoft/onnxruntime,.github/workflows/publish-objectivec-apidocs.yml,microsoft_onnxruntime__.github__workflows__publish-objectivec-apidocs.yml,medium,unpinned,no-expr
1,7,0,0,0,61,3,low,0,2,1,0.0,0.4,0,0,0,1,granular,0,0,0,0,1,0,deploy-release,1,microsoft/onnxruntime::.github/workflows/publish-python-apidocs.yml,microsoft/onnxruntime,.github/workflows/publish-python-apidocs.yml,microsoft_onnxruntime__.github__workflows__publish-python-apidocs.yml,medium,unpinned,no-expr
4,41,0,1,0,294,3,medium,0,18,2,0.0,0.9524,0,1,0,0,not set,0,0,0,1,1,0,ci-test,1,microsoft/onnxruntime::.github/workflows/react_native.yml,microsoft/onnxruntime,.github/workflows/react_native.yml,microsoft_onnxruntime__.github__workflows__react_native.yml,complex,unpinned,expr-no-taint
1,9,0,0,0,185,1,low,0,8,2,0.0,8.0,0,1,0,1,not set,1,0,1,1,1,0,build,1,microsoft/onnxruntime::.github/workflows/reusable_linux_build.yml,microsoft/onnxruntime,.github/workflows/reusable_linux_build.yml,microsoft_onnxruntime__.github__workflows__reusable_linux_build.yml,medium,unpinned,expr-no-taint
1,1,0,0,0,24,1,high,0,1,1,0.0,1.0,0,0,0,1,granular,1,1,0,0,1,0,other,1,microsoft/onnxruntime::.github/workflows/title-only-labeler.yml,microsoft/onnxruntime,.github/workflows/title-only-labeler.yml,microsoft_onnxruntime__.github__workflows__title-only-labeler.yml,simple,unpinned,no-expr
6,3,0,1,1,81,3,medium,0,1,1,0.0,2.0,0,1,0,0,not set,0,0,0,0,0,0,ci-test,1,microsoft/onnxruntime::.github/workflows/web.yml,microsoft/onnxruntime,.github/workflows/web.yml,microsoft_onnxruntime__.github__workflows__web.yml,complex,unpinned,expr-no-taint
1,29,0,0,0,225,1,low,0,6,1,0.0,0.3182,0,1,0,0,not set,0,0,0,1,1,0,ci-test,1,microsoft/onnxruntime::.github/workflows/windows-web-ci-workflow.yml,microsoft/onnxruntime,.github/workflows/windows-web-ci-workflow.yml,microsoft_onnxruntime__.github__workflows__windows-web-ci-workflow.yml,complex,unpinned,expr-no-taint
1,4,0,0,0,47,3,medium,0,2,1,0.0,3.0,0,0,0,0,not set,0,0,0,0,1,0,build,1,microsoft/onnxruntime::.github/workflows/windows_build_x64_asan.yml,microsoft/onnxruntime,.github/workflows/windows_build_x64_asan.yml,microsoft_onnxruntime__.github__workflows__windows_build_x64_asan.yml,medium,unpinned,no-expr
2,29,0,1,0,256,3,medium,0,13,2,0.0,1.2308,1,1,0,0,not set,0,0,0,0,1,0,build,1,microsoft/onnxruntime::.github/workflows/windows_cuda.yml,microsoft/onnxruntime,.github/workflows/windows_cuda.yml,microsoft_onnxruntime__.github__workflows__windows_cuda.yml,complex,unpinned,expr-no-taint
1,14,0,0,0,113,3,medium,0,6,2,0.0,1.3333,1,1,0,0,not set,0,0,0,0,1,0,build,1,microsoft/onnxruntime::.github/workflows/windows_dml.yml,microsoft/onnxruntime,.github/workflows/windows_dml.yml,microsoft_onnxruntime__.github__workflows__windows_dml.yml,complex,unpinned,expr-no-taint
1,11,0,0,0,169,3,medium,0,2,1,0.0,0.375,0,1,0,0,not set,0,0,1,0,1,0,ci-test,1,microsoft/onnxruntime::.github/workflows/windows_openvino.yml,microsoft/onnxruntime,.github/workflows/windows_openvino.yml,microsoft_onnxruntime__.github__workflows__windows_openvino.yml,complex,unpinned,expr-no-taint
1,8,1,0,0,86,3,medium,0,2,1,0.0,0.6,0,1,0,0,not set,0,0,0,0,1,0,ci-test,1,microsoft/onnxruntime::.github/workflows/windows_qnn_x64.yml,microsoft/onnxruntime,.github/workflows/windows_qnn_x64.yml,microsoft_onnxruntime__.github__workflows__windows_qnn_x64.yml,complex,unpinned,expr-no-taint
2,31,0,1,0,268,3,medium,0,13,2,0.0,1.0667,1,1,0,0,not set,0,0,0,0,1,0,ci-test,1,microsoft/onnxruntime::.github/workflows/windows_tensorrt.yml,microsoft/onnxruntime,.github/workflows/windows_tensorrt.yml,microsoft_onnxruntime__.github__workflows__windows_tensorrt.yml,complex,unpinned,expr-no-taint
3,36,1,0,0,297,3,medium,0,15,2,0.0,1.1176,1,1,0,0,not set,0,0,1,0,1,0,build,1,microsoft/onnxruntime::.github/workflows/windows_webgpu.yml,microsoft/onnxruntime,.github/workflows/windows_webgpu.yml,microsoft_onnxruntime__.github__workflows__windows_webgpu.yml,complex,unpinned,expr-no-taint
1,16,0,0,0,133,3,medium,0,9,2,0.0,1.6667,1,1,0,0,not set,0,0,1,1,1,0,build,1,microsoft/onnxruntime::.github/workflows/windows_x64_debug_build_x64_debug.yml,microsoft/onnxruntime,.github/workflows/windows_x64_debug_build_x64_debug.yml,microsoft_onnxruntime__.github__workflows__windows_x64_debug_build_x64_debug.yml,complex,unpinned,expr-no-taint
1,17,0,0,0,158,3,medium,0,9,2,0.0,1.4286,1,1,0,0,not set,0,0,1,1,1,0,deploy-release,1,microsoft/onnxruntime::.github/workflows/windows_x64_release_build_x64_release.yml,microsoft/onnxruntime,.github/workflows/windows_x64_release_build_x64_release.yml,microsoft_onnxruntime__.github__workflows__windows_x64_release_build_x64_release.yml,complex,unpinned,expr-no-taint
1,14,0,0,0,115,3,medium,0,8,2,0.0,1.8,1,1,0,0,not set,0,0,1,1,1,0,deploy-release,1,microsoft/onnxruntime::.github/workflows/windows_x64_release_ep_generic_interface_build_x64_release_ep_generic_interface.yml,microsoft/onnxruntime,.github/workflows/windows_x64_release_ep_generic_interface_build_x64_release_ep_generic_interface.yml,microsoft_onnxruntime__.github__workflows__windows_x64_release_ep_generic_interface_build_x64_release_ep_generic_interface.yml,complex,unpinned,expr-no-taint
1,13,0,0,0,111,3,medium,0,6,2,0.0,1.1667,1,1,0,0,not set,0,0,1,0,1,0,deploy-release,1,microsoft/onnxruntime::.github/workflows/windows_x64_release_vitisai_build_x64_release.yml,microsoft/onnxruntime,.github/workflows/windows_x64_release_vitisai_build_x64_release.yml,microsoft_onnxruntime__.github__workflows__windows_x64_release_vitisai_build_x64_release.yml,complex,unpinned,expr-no-taint
1,14,0,0,0,117,3,medium,0,8,2,0.0,1.8,1,1,0,0,not set,0,0,1,1,1,0,deploy-release,1,microsoft/onnxruntime::.github/workflows/windows_x64_release_xnnpack.yml,microsoft/onnxruntime,.github/workflows/windows_x64_release_xnnpack.yml,microsoft_onnxruntime__.github__workflows__windows_x64_release_xnnpack.yml,complex,unpinned,expr-no-taint
1,15,0,0,0,125,3,medium,0,8,2,0.0,1.5,1,1,0,0,not set,0,0,1,1,1,0,ci-test,1,microsoft/onnxruntime::.github/workflows/windows_x86.yml,microsoft/onnxruntime,.github/workflows/windows_x86.yml,microsoft_onnxruntime__.github__workflows__windows_x86.yml,complex,unpinned,expr-no-taint
1,6,0,0,0,29,1,low,0,1,1,0.0,0.2,0,0,0,1,not set,0,0,0,0,0,0,other,1,microsoft/perfview::.github/workflows/copilot-setup-steps.yml,microsoft/perfview,.github/workflows/copilot-setup-steps.yml,microsoft_perfview__.github__workflows__copilot-setup-steps.yml,medium,unpinned,no-expr
1,1,0,0,0,29,2,low,0,1,1,0.0,1.0,0,0,0,1,granular,0,0,0,1,0,0,other,1,microsoft/perfview::.github/workflows/stale.yml,microsoft/perfview,.github/workflows/stale.yml,microsoft_perfview__.github__workflows__stale.yml,simple,unpinned,no-expr
1,5,0,0,0,17,1,low,0,2,1,0.0,0.6667,0,0,0,1,not set,0,0,0,0,0,0,other,1,microsoft/playwright::.github/workflows/copilot-setup-steps.yml,microsoft/playwright,.github/workflows/copilot-setup-steps.yml,microsoft_playwright__.github__workflows__copilot-setup-steps.yml,medium,unpinned,no-expr
1,9,0,0,0,70,1,medium,0,4,2,0.0,1.25,0,1,0,1,not set,4,1,1,1,0,0,deploy-release,1,microsoft/playwright::.github/workflows/create_test_report.yml,microsoft/playwright,.github/workflows/create_test_report.yml,microsoft_playwright__.github__workflows__create_test_report.yml,medium,unpinned,expr-no-taint
2,17,0,0,0,61,2,medium,0,7,1,0.0,0.7,0,0,0,0,not set,0,0,0,0,0,0,other,1,microsoft/playwright::.github/workflows/infra.yml,microsoft/playwright,.github/workflows/infra.yml,microsoft_playwright__.github__workflows__infra.yml,complex,unpinned,no-expr
1,3,0,0,0,74,1,low,0,3,1,0.0,3.0,0,0,0,0,not set,1,0,0,1,0,0,ci-test,1,microsoft/playwright::.github/workflows/pr_check_client_side_changes.yml,microsoft/playwright,.github/workflows/pr_check_client_side_changes.yml,microsoft_playwright__.github__workflows__pr_check_client_side_changes.yml,simple,unpinned,no-expr
2,18,0,0,0,103,4,low,0,6,2,0.0,0.5,0,0,0,1,not set,4,0,1,1,0,0,deploy-release,1,microsoft/playwright::.github/workflows/publish_release.yml,microsoft/playwright,.github/workflows/publish_release.yml,microsoft_playwright__.github__workflows__publish_release.yml,complex,unpinned,no-expr
1,8,0,0,0,40,2,low,0,4,3,0.0,1.0,0,0,0,1,not set,3,0,0,1,0,0,deploy-release,1,microsoft/playwright::.github/workflows/publish_release_docker.yml,microsoft/playwright,.github/workflows/publish_release_docker.yml,microsoft_playwright__.github__workflows__publish_release_docker.yml,medium,unpinned,no-expr
1,9,0,0,0,78,1,low,0,4,1,0.0,0.8,0,0,5,1,granular,1,0,1,1,0,0,other,1,microsoft/playwright::.github/workflows/roll_browser_into_playwright.yml,microsoft/playwright,.github/workflows/roll_browser_into_playwright.yml,microsoft_playwright__.github__workflows__roll_browser_into_playwright.yml,medium,unpinned,taint
1,6,0,0,0,53,2,low,0,4,1,0.0,2.0,0,0,0,1,not set,1,0,0,1,0,0,other,1,microsoft/playwright::.github/workflows/roll_nodejs.yml,microsoft/playwright,.github/workflows/roll_nodejs.yml,microsoft_playwright__.github__workflows__roll_nodejs.yml,medium,unpinned,no-expr
1,6,0,0,0,58,2,low,0,4,1,0.0,2.0,0,1,0,1,not set,1,0,0,1,0,0,ci-test,1,microsoft/playwright::.github/workflows/roll_stable_test_runner.yml,microsoft/playwright,.github/workflows/roll_stable_test_runner.yml,microsoft_playwright__.github__workflows__roll_stable_test_runner.yml,medium,unpinned,expr-no-taint
1,13,1,0,0,94,3,medium,1,6,2,0.0,0.8571,0,1,0,1,not set,3,0,1,1,0,0,ci-test,1,microsoft/playwright::.github/workflows/tests_bidi.yml,microsoft/playwright,.github/workflows/tests_bidi.yml,microsoft_playwright__.github__workflows__tests_bidi.yml,complex,unpinned,expr-no-taint
1,6,1,0,0,44,2,medium,0,2,1,0.0,0.5,0,0,0,0,not set,0,0,0,0,0,0,ci-test,1,microsoft/playwright::.github/workflows/tests_components.yml,microsoft/playwright,.github/workflows/tests_components.yml,microsoft_playwright__.github__workflows__tests_components.yml,complex,unpinned,no-expr
1,2,1,0,0,53,2,medium,0,1,1,0.0,2.0,0,0,1,1,not set,3,0,0,0,0,0,ci-test,1,microsoft/playwright::.github/workflows/tests_mcp.yml,microsoft/playwright,.github/workflows/tests_mcp.yml,microsoft_playwright__.github__workflows__tests_mcp.yml,complex,unpinned,no-expr
4,22,1,0,0,136,2,medium,0,5,1,0.0,0.5714,0,0,0,1,not set,9,0,1,1,0,0,ci-test,1,microsoft/playwright::.github/workflows/tests_others.yml,microsoft/playwright,.github/workflows/tests_others.yml,microsoft_playwright__.github__workflows__tests_others.yml,complex,unpinned,no-expr
5,22,1,0,0,227,2,medium,0,6,1,0.0,1.0,0,0,1,1,not set,12,0,1,1,0,0,ci-test,1,microsoft/playwright::.github/workflows/tests_primary.yml,microsoft/playwright,.github/workflows/tests_primary.yml,microsoft_playwright__.github__workflows__tests_primary.yml,complex,unpinned,taint
13,32,1,0,0,326,2,medium,0,14,1,0.0,4.3333,0,0,0,1,granular,36,0,1,1,0,0,ci-test,1,microsoft/playwright::.github/workflows/tests_secondary.yml,microsoft/playwright,.github/workflows/tests_secondary.yml,microsoft_playwright__.github__workflows__tests_secondary.yml,complex,unpinned,no-expr
1,2,1,0,0,38,1,low,0,1,1,0.0,2.0,0,0,0,1,not set,3,0,0,0,0,0,ci-test,1,microsoft/playwright::.github/workflows/tests_video.yml,microsoft/playwright,.github/workflows/tests_video.yml,microsoft_playwright__.github__workflows__tests_video.yml,complex,unpinned,no-expr
1,2,0,0,0,27,1,low,0,1,1,0.0,1.0,0,0,0,0,not set,1,0,1,0,0,0,ci-test,1,microsoft/playwright::.github/workflows/trigger_tests.yml,microsoft/playwright,.github/workflows/trigger_tests.yml,microsoft_playwright__.github__workflows__trigger_tests.yml,simple,unpinned,no-expr
1,4,1,0,0,26,2,medium,0,2,1,0.0,1.0,0,0,0,0,not set,0,0,0,0,0,0,ci-test,1,microsoft/playwright-cli::.github/workflows/ci.yml,microsoft/playwright-cli,.github/workflows/ci.yml,microsoft_playwright-cli__.github__workflows__ci.yml,complex,unpinned,no-expr
1,5,0,0,0,23,2,low,0,2,1,0.0,0.6667,0,0,0,1,not set,0,0,0,1,0,0,deploy-release,1,microsoft/playwright-cli::.github/workflows/publish.yml,microsoft/playwright-cli,.github/workflows/publish.yml,microsoft_playwright-cli__.github__workflows__publish.yml,medium,unpinned,no-expr
1,5,0,0,0,25,2,medium,0,2,1,0.0,0.6667,0,0,0,0,not set,0,0,0,0,0,0,code-quality,1,microsoft/playwright-dotnet::.github/workflows/code-style.yml,microsoft/playwright-dotnet,.github/workflows/code-style.yml,microsoft_playwright-dotnet__.github__workflows__code-style.yml,medium,unpinned,no-expr
1,12,1,0,0,73,2,medium,0,2,1,0.0,0.2,0,0,0,0,not set,0,0,0,0,0,0,build,1,microsoft/playwright-dotnet::.github/workflows/nuget-package-tests.yml,microsoft/playwright-dotnet,.github/workflows/nuget-package-tests.yml,microsoft_playwright-dotnet__.github__workflows__nuget-package-tests.yml,complex,unpinned,no-expr
1,7,0,0,0,38,2,low,0,4,3,0.0,1.3333,0,0,0,1,not set,3,0,0,1,0,0,deploy-release,1,microsoft/playwright-dotnet::.github/workflows/publish_docker.yml,microsoft/playwright-dotnet,.github/workflows/publish_docker.yml,microsoft_playwright-dotnet__.github__workflows__publish_docker.yml,medium,unpinned,no-expr
1,6,1,0,0,48,2,medium,0,2,1,0.0,0.5,0,1,0,0,not set,0,0,0,0,0,0,ci-test,1,microsoft/playwright-dotnet::.github/workflows/test_docker.yml,microsoft/playwright-dotnet,.github/workflows/test_docker.yml,microsoft_playwright-dotnet__.github__workflows__test_docker.yml,complex,unpinned,expr-no-taint
1,7,1,0,0,45,2,medium,0,2,1,0.0,0.4,0,1,0,0,not set,0,0,1,1,0,0,ci-test,1,microsoft/playwright-dotnet::.github/workflows/tests.yml,microsoft/playwright-dotnet,.github/workflows/tests.yml,microsoft_playwright-dotnet__.github__workflows__tests.yml,complex,unpinned,expr-no-taint
1,8,0,0,0,39,2,medium,0,3,1,0.0,0.6,0,0,0,0,not set,0,0,0,0,0,0,ci-test,1,microsoft/playwright-dotnet::.github/workflows/tests_harness.yml,microsoft/playwright-dotnet,.github/workflows/tests_harness.yml,microsoft_playwright-dotnet__.github__workflows__tests_harness.yml,medium,unpinned,no-expr
1,4,0,0,0,23,2,medium,0,2,1,0.0,1.0,0,0,0,0,not set,0,0,0,0,0,0,build,1,microsoft/playwright-dotnet::.github/workflows/validate-nuget-packages.yml,microsoft/playwright-dotnet,.github/workflows/validate-nuget-packages.yml,microsoft_playwright-dotnet__.github__workflows__validate-nuget-packages.yml,medium,unpinned,no-expr
3,20,1,0,0,90,2,medium,0,8,2,0.0,0.6667,0,0,0,0,not set,0,0,0,1,0,0,ci-test,1,microsoft/playwright-mcp::.github/workflows/ci.yml,microsoft/playwright-mcp,.github/workflows/ci.yml,microsoft_playwright-mcp__.github__workflows__ci.yml,complex,unpinned,no-expr
4,35,0,0,0,152,3,low,0,12,4,0.0,0.5217,1,1,0,1,not set,3,1,1,1,0,0,deploy-release,1,microsoft/playwright-mcp::.github/workflows/publish.yml,microsoft/playwright-mcp,.github/workflows/publish.yml,microsoft_playwright-mcp__.github__workflows__publish.yml,complex,unpinned,expr-no-taint
5,32,1,0,0,197,2,medium,0,10,2,0.0,0.4545,1,1,1,0,not set,0,0,0,1,0,0,ci-test,1,microsoft/playwright-python::.github/workflows/ci.yml,microsoft/playwright-python,.github/workflows/ci.yml,microsoft_playwright-python__.github__workflows__ci.yml,complex,unpinned,taint
1,4,1,0,0,50,2,low,0,2,2,0.0,1.0,1,1,0,0,not set,1,0,1,0,0,0,deploy-release,1,microsoft/playwright-python::.github/workflows/publish.yml,microsoft/playwright-python,.github/workflows/publish.yml,microsoft_playwright-python__.github__workflows__publish.yml,complex,unpinned,expr-no-taint
1,7,0,0,0,41,2,low,0,4,3,0.0,1.3333,0,0,0,1,not set,3,0,0,1,0,0,deploy-release,1,microsoft/playwright-python::.github/workflows/publish_docker.yml,microsoft/playwright-python,.github/workflows/publish_docker.yml,microsoft_playwright-python__.github__workflows__publish_docker.yml,medium,unpinned,no-expr
1,5,1,0,0,58,2,medium,0,2,1,0.0,0.6667,0,1,0,0,not set,0,0,0,0,0,0,ci-test,1,microsoft/playwright-python::.github/workflows/test_docker.yml,microsoft/playwright-python,.github/workflows/test_docker.yml,microsoft_playwright-python__.github__workflows__test_docker.yml,complex,unpinned,expr-no-taint
1,10,0,0,0,77,2,low,0,3,1,0.0,0.4286,0,1,0,1,granular,0,0,0,0,0,0,deploy-release,1,microsoft/poml::.github/workflows/docs.yml,microsoft/poml,.github/workflows/docs.yml,microsoft_poml__.github__workflows__docs.yml,complex,unpinned,expr-no-taint
1,1,0,0,0,26,1,low,0,0,0,0.0,0.0,0,0,0,1,granular,1,1,1,0,0,0,other,1,microsoft/poml::.github/workflows/models.yml,microsoft/poml,.github/workflows/models.yml,microsoft_poml__.github__workflows__models.yml,simple,no-third-party,no-expr
2,13,0,1,1,118,3,low,0,3,1,0.0,0.3,0,1,0,1,not set,1,0,1,1,0,0,deploy-release,1,microsoft/poml::.github/workflows/publish-npm.yml,microsoft/poml,.github/workflows/publish-npm.yml,microsoft_poml__.github__workflows__publish-npm.yml,complex,unpinned,expr-no-taint
3,19,1,1,1,206,3,low,0,4,1,0.0,0.2667,0,1,0,1,not set,0,0,0,1,0,0,deploy-release,1,microsoft/poml::.github/workflows/publish-pypi.yml,microsoft/poml,.github/workflows/publish-pypi.yml,microsoft_poml__.github__workflows__publish-pypi.yml,complex,unpinned,expr-no-taint
3,15,1,1,1,153,3,low,0,4,1,0.0,0.3636,0,1,0,0,not set,4,0,1,1,0,0,deploy-release,1,microsoft/poml::.github/workflows/publish-vscode.yml,microsoft/poml,.github/workflows/publish-vscode.yml,microsoft_poml__.github__workflows__publish-vscode.yml,complex,unpinned,expr-no-taint
1,16,1,0,0,137,1,low,0,6,1,0.0,0.6,0,1,0,0,not set,0,0,0,1,0,0,deploy-release,1,microsoft/poml::.github/workflows/publish.yml,microsoft/poml,.github/workflows/publish.yml,microsoft_poml__.github__workflows__publish.yml,complex,unpinned,expr-no-taint
1,8,0,0,0,115,1,low,0,1,1,0.0,0.1429,0,1,0,1,not set,0,0,0,0,0,0,ci-test,1,microsoft/poml::.github/workflows/shared-check-version.yml,microsoft/poml,.github/workflows/shared-check-version.yml,microsoft_poml__.github__workflows__shared-check-version.yml,medium,unpinned,expr-no-taint
1,14,0,0,0,143,1,low,0,3,1,0.0,0.2727,0,1,0,0,not set,14,0,1,1,0,0,ci-test,1,microsoft/poml::.github/workflows/shared-test-integration.yml,microsoft/poml,.github/workflows/shared-test-integration.yml,microsoft_poml__.github__workflows__shared-test-integration.yml,complex,unpinned,expr-no-taint
2,12,1,0,0,100,2,low,0,4,1,0.0,0.5,0,1,0,0,not set,0,0,0,0,0,0,deploy-release,1,microsoft/poml::.github/workflows/test-after-publish.yml,microsoft/poml,.github/workflows/test-after-publish.yml,microsoft_poml__.github__workflows__test-after-publish.yml,complex,unpinned,expr-no-taint
2,0,1,1,1,31,2,low,0,0,0,0.0,0.0,0,0,0,0,not set,0,0,0,0,0,0,ci-test,1,microsoft/poml::.github/workflows/test-integration.yml,microsoft/poml,.github/workflows/test-integration.yml,microsoft_poml__.github__workflows__test-integration.yml,complex,no-third-party,no-expr
4,46,1,0,0,197,4,medium,0,14,2,0.0,0.4375,1,1,0,0,not set,0,0,0,1,0,0,ci-test,1,microsoft/poml::.github/workflows/test.yml,microsoft/poml,.github/workflows/test.yml,microsoft_poml__.github__workflows__test.yml,complex,unpinned,expr-no-taint
7,51,1,1,0,456,3,medium,0,20,4,1.0,0.6452,1,1,0,1,read-all,13,1,1,1,0,0,ci-test,1,microsoft/presidio::.github/workflows/ci.yml,microsoft/presidio,.github/workflows/ci.yml,microsoft_presidio__.github__workflows__ci.yml,complex,pinned,expr-no-taint
1,4,1,0,0,101,3,medium,0,3,2,1.0,3.0,0,0,0,1,not set,0,0,0,1,0,0,security-scan,1,microsoft/presidio::.github/workflows/codeql-analysis.yml,microsoft/presidio,.github/workflows/codeql-analysis.yml,microsoft_presidio__.github__workflows__codeql-analysis.yml,complex,pinned,no-expr
1,4,0,0,0,60,3,medium,0,4,3,1.0,4.0,0,0,0,1,read-all,0,0,0,0,0,0,other,1,microsoft/presidio::.github/workflows/defender-for-devops.yml,microsoft/presidio,.github/workflows/defender-for-devops.yml,microsoft_presidio__.github__workflows__defender-for-devops.yml,medium,pinned,no-expr
1,1,0,0,0,70,1,high,0,1,1,1.0,1.0,0,0,0,1,granular,1,1,0,0,0,0,other,1,microsoft/presidio::.github/workflows/label-external.yml,microsoft/presidio,.github/workflows/label-external.yml,microsoft_presidio__.github__workflows__label-external.yml,simple,pinned,no-expr
1,4,0,0,0,35,1,low,0,2,1,1.0,1.0,0,0,0,1,granular,0,0,0,0,0,0,deploy-release,1,microsoft/presidio::.github/workflows/release-docs.yml,microsoft/presidio,.github/workflows/release-docs.yml,microsoft_presidio__.github__workflows__release-docs.yml,medium,pinned,no-expr
4,15,1,1,0,155,1,low,0,8,4,1.0,1.1429,1,1,0,1,read-all,6,1,1,0,0,0,deploy-release,1,microsoft/presidio::.github/workflows/release.yml,microsoft/presidio,.github/workflows/release.yml,microsoft_presidio__.github__workflows__release.yml,complex,pinned,expr-no-taint
1,1,0,0,0,27,1,low,0,1,1,0.0,1.0,0,0,0,1,not set,1,1,0,0,0,0,other,1,microsoft/promptbench::.github/workflows/stale.yml,microsoft/promptbench,.github/workflows/stale.yml,microsoft_promptbench__.github__workflows__stale.yml,simple,unpinned,no-expr
2,8,0,0,0,89,2,medium,0,2,1,0.0,1.0,0,1,0,0,not set,0,0,1,0,0,0,build,1,microsoft/promptflow::.github/workflows/build_doc_ci.yml,microsoft/promptflow,.github/workflows/build_doc_ci.yml,microsoft_promptflow__.github__workflows__build_doc_ci.yml,medium,unpinned,expr-no-taint
1,18,0,0,0,238,1,low,1,3,3,0.0,0.3846,0,1,0,1,granular,3,0,1,1,0,0,build,1,microsoft/promptflow::.github/workflows/build_msi_installer.yml,microsoft/promptflow,.github/workflows/build_msi_installer.yml,microsoft_promptflow__.github__workflows__build_msi_installer.yml,complex,unpinned,expr-no-taint
1,5,0,0,0,31,1,medium,0,1,1,0.0,0.6667,0,1,0,1,not set,1,1,1,0,0,0,ci-test,1,microsoft/promptflow::.github/workflows/check_enforcer.yml,microsoft/promptflow,.github/workflows/check_enforcer.yml,microsoft_promptflow__.github__workflows__check_enforcer.yml,medium,unpinned,expr-no-taint
1,2,0,0,0,39,1,low,1,1,1,0.0,1.0,0,1,0,1,not set,0,0,0,0,0,0,deploy-release,1,microsoft/promptflow::.github/workflows/create_promptflow_release_branch.yml,microsoft/promptflow,.github/workflows/create_promptflow_release_branch.yml,microsoft_promptflow__.github__workflows__create_promptflow_release_branch.yml,simple,unpinned,expr-no-taint
1,6,0,0,0,87,1,low,1,3,1,0.0,1.0,0,1,0,1,not set,2,1,1,0,0,0,deploy-release,1,microsoft/promptflow::.github/workflows/create_promptflow_release_tag.yml,microsoft/promptflow,.github/workflows/create_promptflow_release_tag.yml,microsoft_promptflow__.github__workflows__create_promptflow_release_tag.yml,medium,unpinned,expr-no-taint
1,4,0,0,0,28,2,medium,0,2,1,0.0,1.0,0,0,0,0,not set,0,0,0,0,0,0,code-quality,1,microsoft/promptflow::.github/workflows/flake8.yml,microsoft/promptflow,.github/workflows/flake8.yml,microsoft_promptflow__.github__workflows__flake8.yml,medium,unpinned,no-expr
1,5,0,0,0,35,1,medium,0,1,1,0.0,0.6667,0,1,0,0,not set,0,0,1,0,0,0,ci-test,1,microsoft/promptflow::.github/workflows/flowdag_schema_check.yml,microsoft/promptflow,.github/workflows/flowdag_schema_check.yml,microsoft_promptflow__.github__workflows__flowdag_schema_check.yml,medium,unpinned,expr-no-taint
1,2,0,0,0,24,1,high,0,2,1,0.0,2.0,0,0,0,1,not set,0,0,0,1,0,0,other,1,microsoft/promptflow::.github/workflows/labeler.yml,microsoft/promptflow,.github/workflows/labeler.yml,microsoft_promptflow__.github__workflows__labeler.yml,simple,unpinned,no-expr
3,23,1,1,0,167,3,medium,0,12,4,0.0,1.5556,1,1,0,1,granular,7,0,1,1,0,0,ci-test,1,microsoft/promptflow::.github/workflows/promptflow-core-test.yml,microsoft/promptflow,.github/workflows/promptflow-core-test.yml,microsoft_promptflow__.github__workflows__promptflow-core-test.yml,complex,unpinned,expr-no-taint
2,14,1,1,0,105,3,medium,0,8,5,0.0,1.3333,1,1,0,1,granular,4,0,1,0,0,0,ci-test,1,microsoft/promptflow::.github/workflows/promptflow-evals-e2e-test-azure.yml,microsoft/promptflow,.github/workflows/promptflow-evals-e2e-test-azure.yml,microsoft_promptflow__.github__workflows__promptflow-evals-e2e-test-azure.yml,complex,unpinned,expr-no-taint
2,15,1,1,0,107,3,medium,0,8,5,0.0,1.1429,1,1,0,1,granular,4,0,1,0,0,0,ci-test,1,microsoft/promptflow::.github/workflows/promptflow-evals-e2e-test-local.yml,microsoft/promptflow,.github/workflows/promptflow-evals-e2e-test-local.yml,microsoft_promptflow__.github__workflows__promptflow-evals-e2e-test-local.yml,complex,unpinned,expr-no-taint
2,9,1,1,0,61,3,medium,0,5,2,0.0,1.25,1,1,0,0,not set,0,0,1,0,0,0,ci-test,1,microsoft/promptflow::.github/workflows/promptflow-evals-installation-test.yml,microsoft/promptflow,.github/workflows/promptflow-evals-installation-test.yml,microsoft_promptflow__.github__workflows__promptflow-evals-installation-test.yml,complex,unpinned,expr-no-taint
1,9,1,0,0,71,3,medium,0,4,3,0.0,0.8,1,1,0,1,granular,4,0,1,0,0,0,ci-test,1,microsoft/promptflow::.github/workflows/promptflow-evals-performance-test.yml,microsoft/promptflow,.github/workflows/promptflow-evals-performance-test.yml,microsoft_promptflow__.github__workflows__promptflow-evals-performance-test.yml,complex,unpinned,expr-no-taint
2,11,1,1,0,88,3,medium,0,7,4,0.0,1.75,1,0,0,1,not set,0,0,1,0,0,0,ci-test,1,microsoft/promptflow::.github/workflows/promptflow-evals-unit-test.yml,microsoft/promptflow,.github/workflows/promptflow-evals-unit-test.yml,microsoft_promptflow__.github__workflows__promptflow-evals-unit-test.yml,complex,unpinned,no-expr
4,22,1,1,0,173,2,low,0,8,3,0.0,2.6667,1,1,0,1,granular,3,0,1,1,0,0,ci-test,1,microsoft/promptflow::.github/workflows/promptflow-executor-e2e-test.yml,microsoft/promptflow,.github/workflows/promptflow-executor-e2e-test.yml,microsoft_promptflow__.github__workflows__promptflow-executor-e2e-test.yml,complex,unpinned,expr-no-taint
4,23,1,1,0,175,2,low,0,8,3,0.0,2.2857,1,1,0,1,granular,4,1,1,1,0,0,ci-test,1,microsoft/promptflow::.github/workflows/promptflow-executor-unit-test.yml,microsoft/promptflow,.github/workflows/promptflow-executor-unit-test.yml,microsoft_promptflow__.github__workflows__promptflow-executor-unit-test.yml,complex,unpinned,expr-no-taint
3,14,1,1,0,126,2,low,0,6,3,0.0,1.8,1,1,0,1,granular,3,0,1,1,0,0,ci-test,1,microsoft/promptflow::.github/workflows/promptflow-global-config-test.yml,microsoft/promptflow,.github/workflows/promptflow-global-config-test.yml,microsoft_promptflow__.github__workflows__promptflow-global-config-test.yml,complex,unpinned,expr-no-taint
1,6,0,0,0,66,2,medium,0,3,2,0.0,1.0,1,1,0,0,not set,0,0,1,0,0,0,code-quality,1,microsoft/promptflow::.github/workflows/promptflow-import-linter.yml,microsoft/promptflow,.github/workflows/promptflow-import-linter.yml,microsoft_promptflow__.github__workflows__promptflow-import-linter.yml,medium,unpinned,expr-no-taint
2,9,1,1,0,87,3,medium,0,5,2,0.0,2.0,1,0,0,1,granular,0,0,1,1,0,0,ci-test,1,microsoft/promptflow::.github/workflows/promptflow-parallel-e2e-test.yml,microsoft/promptflow,.github/workflows/promptflow-parallel-e2e-test.yml,microsoft_promptflow__.github__workflows__promptflow-parallel-e2e-test.yml,complex,unpinned,no-expr
2,9,1,1,0,87,3,medium,0,5,2,0.0,2.0,1,0,0,1,granular,0,0,1,1,0,0,ci-test,1,microsoft/promptflow::.github/workflows/promptflow-parallel-unit-test.yml,microsoft/promptflow,.github/workflows/promptflow-parallel-unit-test.yml,microsoft_promptflow__.github__workflows__promptflow-parallel-unit-test.yml,complex,unpinned,no-expr
9,73,1,1,0,468,2,low,1,38,4,0.0,1.4333,1,1,0,1,granular,13,0,1,1,0,0,deploy-release,1,microsoft/promptflow::.github/workflows/promptflow-release-testing-matrix.yml,microsoft/promptflow,.github/workflows/promptflow-release-testing-matrix.yml,microsoft_promptflow__.github__workflows__promptflow-release-testing-matrix.yml,complex,unpinned,expr-no-taint
2,14,1,1,0,124,3,medium,1,6,3,0.0,1.3333,1,1,0,1,granular,3,0,1,1,0,0,ci-test,1,microsoft/promptflow::.github/workflows/promptflow-sdk-cli-test.yml,microsoft/promptflow,.github/workflows/promptflow-sdk-cli-test.yml,microsoft_promptflow__.github__workflows__promptflow-sdk-cli-test.yml,complex,unpinned,expr-no-taint
3,18,1,1,0,109,3,medium,0,11,4,0.0,1.5714,1,1,0,1,granular,1,0,1,0,0,0,ci-test,1,microsoft/promptflow::.github/workflows/promptflow-tracing-e2e-test.yml,microsoft/promptflow,.github/workflows/promptflow-tracing-e2e-test.yml,microsoft_promptflow__.github__workflows__promptflow-tracing-e2e-test.yml,complex,unpinned,expr-no-taint
3,16,1,1,0,100,3,medium,0,11,4,0.0,2.2,1,0,0,1,not set,0,0,1,0,0,0,ci-test,1,microsoft/promptflow::.github/workflows/promptflow-tracing-unit-test.yml,microsoft/promptflow,.github/workflows/promptflow-tracing-unit-test.yml,microsoft_promptflow__.github__workflows__promptflow-tracing-unit-test.yml,complex,unpinned,no-expr
2,6,0,1,0,87,2,low,0,3,1,0.0,2.0,0,1,0,1,granular,0,0,1,0,0,0,deploy-release,1,microsoft/promptflow::.github/workflows/publish_doc.yml,microsoft/promptflow,.github/workflows/publish_doc.yml,microsoft_promptflow__.github__workflows__publish_doc.yml,medium,unpinned,expr-no-taint
1,5,0,0,0,32,1,medium,0,3,2,0.0,1.5,1,0,0,0,not set,0,0,0,0,0,0,code-quality,1,microsoft/promptflow::.github/workflows/pylint.yml,microsoft/promptflow,.github/workflows/pylint.yml,microsoft_promptflow__.github__workflows__pylint.yml,medium,unpinned,no-expr
1,11,0,0,0,78,3,medium,0,5,3,0.0,0.8333,1,1,0,1,granular,9,0,0,1,0,0,other,1,microsoft/promptflow::.github/workflows/samples_configuration.yml,microsoft/promptflow,.github/workflows/samples_configuration.yml,microsoft_promptflow__.github__workflows__samples_configuration.yml,complex,unpinned,expr-no-taint
1,14,0,0,0,123,3,medium,0,5,3,0.0,0.5556,1,1,0,1,granular,21,0,0,1,0,0,other,1,microsoft/promptflow::.github/workflows/samples_connections.yml,microsoft/promptflow,.github/workflows/samples_connections.yml,microsoft_promptflow__.github__workflows__samples_connections.yml,complex,unpinned,expr-no-taint
1,10,0,0,0,88,3,medium,0,5,3,0.0,1.0,1,1,0,1,granular,9,0,0,1,0,0,other,1,microsoft/promptflow::.github/workflows/samples_connections_connection.yml,microsoft/promptflow,.github/workflows/samples_connections_connection.yml,microsoft_promptflow__.github__workflows__samples_connections_connection.yml,complex,unpinned,expr-no-taint
1,14,0,0,0,123,3,medium,0,5,3,0.0,0.5556,1,1,0,1,granular,21,0,0,1,0,0,other,1,microsoft/promptflow::.github/workflows/samples_flex_flows_basic.yml,microsoft/promptflow,.github/workflows/samples_flex_flows_basic.yml,microsoft_promptflow__.github__workflows__samples_flex_flows_basic.yml,complex,unpinned,expr-no-taint
1,14,0,0,0,123,3,medium,0,5,3,0.0,0.5556,1,1,0,1,granular,21,0,0,1,0,0,other,1,microsoft/promptflow::.github/workflows/samples_flex_flows_chat_async_stream.yml,microsoft/promptflow,.github/workflows/samples_flex_flows_chat_async_stream.yml,microsoft_promptflow__.github__workflows__samples_flex_flows_chat_async_stream.yml,complex,unpinned,expr-no-taint
1,14,0,0,0,123,3,medium,0,5,3,0.0,0.5556,1,1,0,1,granular,21,0,0,1,0,0,other,1,microsoft/promptflow::.github/workflows/samples_flex_flows_chat_basic.yml,microsoft/promptflow,.github/workflows/samples_flex_flows_chat_basic.yml,microsoft_promptflow__.github__workflows__samples_flex_flows_chat_basic.yml,complex,unpinned,expr-no-taint
1,14,0,0,0,123,3,medium,0,5,3,0.0,0.5556,1,1,0,1,granular,21,0,0,1,0,0,other,1,microsoft/promptflow::.github/workflows/samples_flex_flows_chat_minimal.yml,microsoft/promptflow,.github/workflows/samples_flex_flows_chat_minimal.yml,microsoft_promptflow__.github__workflows__samples_flex_flows_chat_minimal.yml,complex,unpinned,expr-no-taint
1,14,0,0,0,123,3,medium,0,5,3,0.0,0.5556,1,1,0,1,granular,21,0,0,1,0,0,other,1,microsoft/promptflow::.github/workflows/samples_flex_flows_chat_stream.yml,microsoft/promptflow,.github/workflows/samples_flex_flows_chat_stream.yml,microsoft_promptflow__.github__workflows__samples_flex_flows_chat_stream.yml,complex,unpinned,expr-no-taint
1,14,0,0,0,123,3,medium,0,5,3,0.0,0.5556,1,1,0,1,granular,21,0,0,1,0,0,other,1,microsoft/promptflow::.github/workflows/samples_flex_flows_chat_with_functions.yml,microsoft/promptflow,.github/workflows/samples_flex_flows_chat_with_functions.yml,microsoft_promptflow__.github__workflows__samples_flex_flows_chat_with_functions.yml,complex,unpinned,expr-no-taint
1,14,0,0,0,123,3,medium,0,5,3,0.0,0.5556,1,1,0,1,granular,21,0,0,1,0,0,ci-test,1,microsoft/promptflow::.github/workflows/samples_flex_flows_eval_checklist.yml,microsoft/promptflow,.github/workflows/samples_flex_flows_eval_checklist.yml,microsoft_promptflow__.github__workflows__samples_flex_flows_eval_checklist.yml,complex,unpinned,expr-no-taint
1,14,0,0,0,123,3,medium,0,5,3,0.0,0.5556,1,1,0,1,granular,21,0,0,1,0,0,code-quality,1,microsoft/promptflow::.github/workflows/samples_flex_flows_eval_code_quality.yml,microsoft/promptflow,.github/workflows/samples_flex_flows_eval_code_quality.yml,microsoft_promptflow__.github__workflows__samples_flex_flows_eval_code_quality.yml,complex,unpinned,expr-no-taint
1,14,0,0,0,123,3,medium,0,5,3,0.0,0.5556,1,1,0,1,granular,21,0,0,1,0,0,other,1,microsoft/promptflow::.github/workflows/samples_flex_flows_eval_criteria_with_langchain.yml,microsoft/promptflow,.github/workflows/samples_flex_flows_eval_criteria_with_langchain.yml,microsoft_promptflow__.github__workflows__samples_flex_flows_eval_criteria_with_langchain.yml,complex,unpinned,expr-no-taint
1,10,0,0,0,88,3,medium,0,5,3,0.0,1.0,1,1,0,1,granular,9,0,0,1,0,0,other,1,microsoft/promptflow::.github/workflows/samples_flexflows_basic_flexflowquickstart.yml,microsoft/promptflow,.github/workflows/samples_flexflows_basic_flexflowquickstart.yml,microsoft_promptflow__.github__workflows__samples_flexflows_basic_flexflowquickstart.yml,complex,unpinned,expr-no-taint
1,11,0,0,0,78,3,medium,0,5,3,0.0,0.8333,1,1,0,1,granular,9,0,0,1,0,0,other,1,microsoft/promptflow::.github/workflows/samples_flexflows_basic_flexflowquickstartazure.yml,microsoft/promptflow,.github/workflows/samples_flexflows_basic_flexflowquickstartazure.yml,microsoft_promptflow__.github__workflows__samples_flexflows_basic_flexflowquickstartazure.yml,complex,unpinned,expr-no-taint
1,10,0,0,0,88,3,medium,0,5,3,0.0,1.0,1,1,0,1,granular,9,0,0,1,0,0,other,1,microsoft/promptflow::.github/workflows/samples_flexflows_chatasyncstream_chatstreamwithasyncflexflow.yml,microsoft/promptflow,.github/workflows/samples_flexflows_chatasyncstream_chatstreamwithasyncflexflow.yml,microsoft_promptflow__.github__workflows__samples_flexflows_chatasyncstream_chatstreamwithasyncflexflow.yml,complex,unpinned,expr-no-taint
1,10,0,0,0,88,3,medium,0,5,3,0.0,1.0,1,1,0,1,granular,9,0,0,1,0,0,other,1,microsoft/promptflow::.github/workflows/samples_flexflows_chatbasic_chatwithclassbasedflow.yml,microsoft/promptflow,.github/workflows/samples_flexflows_chatbasic_chatwithclassbasedflow.yml,microsoft_promptflow__.github__workflows__samples_flexflows_chatbasic_chatwithclassbasedflow.yml,complex,unpinned,expr-no-taint
1,11,0,0,0,78,3,medium,0,5,3,0.0,0.8333,1,1,0,1,granular,9,0,0,1,0,0,other,1,microsoft/promptflow::.github/workflows/samples_flexflows_chatbasic_chatwithclassbasedflowazure.yml,microsoft/promptflow,.github/workflows/samples_flexflows_chatbasic_chatwithclassbasedflowazure.yml,microsoft_promptflow__.github__workflows__samples_flexflows_chatbasic_chatwithclassbasedflowazure.yml,complex,unpinned,expr-no-taint
1,10,0,0,0,88,3,medium,0,5,3,0.0,1.0,1,1,0,1,granular,9,0,0,1,0,0,other,1,microsoft/promptflow::.github/workflows/samples_flexflows_chatstream_chatstreamwithflexflow.yml,microsoft/promptflow,.github/workflows/samples_flexflows_chatstream_chatstreamwithflexflow.yml,microsoft_promptflow__.github__workflows__samples_flexflows_chatstream_chatstreamwithflexflow.yml,complex,unpinned,expr-no-taint
1,10,0,0,0,88,3,medium,0,5,3,0.0,1.0,1,1,0,1,granular,9,0,0,1,0,0,other,1,microsoft/promptflow::.github/workflows/samples_flexflows_evalcriteriawithlangchain_langchaineval.yml,microsoft/promptflow,.github/workflows/samples_flexflows_evalcriteriawithlangchain_langchaineval.yml,microsoft_promptflow__.github__workflows__samples_flexflows_evalcriteriawithlangchain_langchaineval.yml,complex,unpinned,expr-no-taint
1,14,0,0,0,123,3,medium,0,5,3,0.0,0.5556,1,1,0,1,granular,21,0,0,1,0,0,other,1,microsoft/promptflow::.github/workflows/samples_flows_chat_chat_basic.yml,microsoft/promptflow,.github/workflows/samples_flows_chat_chat_basic.yml,microsoft_promptflow__.github__workflows__samples_flows_chat_chat_basic.yml,complex,unpinned,expr-no-taint
1,14,0,0,0,123,3,medium,0,5,3,0.0,0.5556,1,1,0,1,granular,21,0,0,1,0,0,other,1,microsoft/promptflow::.github/workflows/samples_flows_chat_chat_math_variant.yml,microsoft/promptflow,.github/workflows/samples_flows_chat_chat_math_variant.yml,microsoft_promptflow__.github__workflows__samples_flows_chat_chat_math_variant.yml,complex,unpinned,expr-no-taint
1,15,0,0,0,121,3,medium,0,5,3,0.0,0.5,1,1,0,1,granular,17,0,0,1,0,0,other,1,microsoft/promptflow::.github/workflows/samples_flows_chat_chat_with_image.yml,microsoft/promptflow,.github/workflows/samples_flows_chat_chat_with_image.yml,microsoft_promptflow__.github__workflows__samples_flows_chat_chat_with_image.yml,complex,unpinned,expr-no-taint
1,15,0,0,0,133,3,medium,0,5,3,0.0,0.5,1,1,0,1,granular,21,0,0,1,0,0,other,1,microsoft/promptflow::.github/workflows/samples_flows_chat_chat_with_pdf.yml,microsoft/promptflow,.github/workflows/samples_flows_chat_chat_with_pdf.yml,microsoft_promptflow__.github__workflows__samples_flows_chat_chat_with_pdf.yml,complex,unpinned,expr-no-taint
1,14,0,0,0,123,3,medium,0,5,3,0.0,0.5556,1,1,0,1,granular,21,0,0,1,0,0,other,1,microsoft/promptflow::.github/workflows/samples_flows_chat_chat_with_wikipedia.yml,microsoft/promptflow,.github/workflows/samples_flows_chat_chat_with_wikipedia.yml,microsoft_promptflow__.github__workflows__samples_flows_chat_chat_with_wikipedia.yml,complex,unpinned,expr-no-taint
1,13,0,0,0,103,3,medium,0,5,3,0.0,0.625,1,1,0,1,granular,11,0,0,1,0,0,other,1,microsoft/promptflow::.github/workflows/samples_flows_chat_chatwithpdf_chatwithpdf.yml,microsoft/promptflow,.github/workflows/samples_flows_chat_chatwithpdf_chatwithpdf.yml,microsoft_promptflow__.github__workflows__samples_flows_chat_chatwithpdf_chatwithpdf.yml,complex,unpinned,expr-no-taint
1,13,0,0,0,103,3,medium,0,5,3,0.0,0.625,1,1,0,1,granular,11,0,0,1,0,0,other,1,microsoft/promptflow::.github/workflows/samples_flows_chat_chatwithpdf_chatwithpdfazure.yml,microsoft/promptflow,.github/workflows/samples_flows_chat_chatwithpdf_chatwithpdfazure.yml,microsoft_promptflow__.github__workflows__samples_flows_chat_chatwithpdf_chatwithpdfazure.yml,complex,unpinned,expr-no-taint
1,14,0,0,0,123,3,medium,0,5,3,0.0,0.5556,1,1,0,1,granular,21,0,0,1,0,0,other,1,microsoft/promptflow::.github/workflows/samples_flows_chat_use_functions_with_chat_models.yml,microsoft/promptflow,.github/workflows/samples_flows_chat_use_functions_with_chat_models.yml,microsoft_promptflow__.github__workflows__samples_flows_chat_use_functions_with_chat_models.yml,complex,unpinned,expr-no-taint
1,14,0,0,0,123,3,medium,0,5,3,0.0,0.5556,1,1,0,1,granular,21,0,0,1,0,0,other,1,microsoft/promptflow::.github/workflows/samples_flows_evaluation_eval_basic.yml,microsoft/promptflow,.github/workflows/samples_flows_evaluation_eval_basic.yml,microsoft_promptflow__.github__workflows__samples_flows_evaluation_eval_basic.yml,complex,unpinned,expr-no-taint
1,14,0,0,0,123,3,medium,0,5,3,0.0,0.5556,1,1,0,1,granular,21,0,0,1,0,0,other,1,microsoft/promptflow::.github/workflows/samples_flows_evaluation_eval_chat_math.yml,microsoft/promptflow,.github/workflows/samples_flows_evaluation_eval_chat_math.yml,microsoft_promptflow__.github__workflows__samples_flows_evaluation_eval_chat_math.yml,complex,unpinned,expr-no-taint
1,14,0,0,0,123,3,medium,0,5,3,0.0,0.5556,1,1,0,1,granular,21,0,0,1,0,0,other,1,microsoft/promptflow::.github/workflows/samples_flows_evaluation_eval_classification_accuracy.yml,microsoft/promptflow,.github/workflows/samples_flows_evaluation_eval_classification_accuracy.yml,microsoft_promptflow__.github__workflows__samples_flows_evaluation_eval_classification_accuracy.yml,complex,unpinned,expr-no-taint
1,14,0,0,0,123,3,medium,0,5,3,0.0,0.5556,1,1,0,1,granular,21,0,0,1,0,0,other,1,microsoft/promptflow::.github/workflows/samples_flows_evaluation_eval_entity_match_rate.yml,microsoft/promptflow,.github/workflows/samples_flows_evaluation_eval_entity_match_rate.yml,microsoft_promptflow__.github__workflows__samples_flows_evaluation_eval_entity_match_rate.yml,complex,unpinned,expr-no-taint
1,14,0,0,0,123,3,medium,0,5,3,0.0,0.5556,1,1,0,1,granular,21,0,0,1,0,0,other,1,microsoft/promptflow::.github/workflows/samples_flows_evaluation_eval_groundedness.yml,microsoft/promptflow,.github/workflows/samples_flows_evaluation_eval_groundedness.yml,microsoft_promptflow__.github__workflows__samples_flows_evaluation_eval_groundedness.yml,complex,unpinned,expr-no-taint
1,14,0,0,0,123,3,medium,0,5,3,0.0,0.5556,1,1,0,1,granular,21,0,0,1,0,0,other,1,microsoft/promptflow::.github/workflows/samples_flows_evaluation_eval_multi_turn_metrics.yml,microsoft/promptflow,.github/workflows/samples_flows_evaluation_eval_multi_turn_metrics.yml,microsoft_promptflow__.github__workflows__samples_flows_evaluation_eval_multi_turn_metrics.yml,complex,unpinned,expr-no-taint
1,14,0,0,0,123,3,medium,0,5,3,0.0,0.5556,1,1,0,1,granular,21,0,0,1,0,0,other,1,microsoft/promptflow::.github/workflows/samples_flows_evaluation_eval_perceived_intelligence.yml,microsoft/promptflow,.github/workflows/samples_flows_evaluation_eval_perceived_intelligence.yml,microsoft_promptflow__.github__workflows__samples_flows_evaluation_eval_perceived_intelligence.yml,complex,unpinned,expr-no-taint
1,14,0,0,0,123,3,medium,0,5,3,0.0,0.5556,1,1,0,1,granular,21,0,0,1,0,0,other,1,microsoft/promptflow::.github/workflows/samples_flows_evaluation_eval_qna_non_rag.yml,microsoft/promptflow,.github/workflows/samples_flows_evaluation_eval_qna_non_rag.yml,microsoft_promptflow__.github__workflows__samples_flows_evaluation_eval_qna_non_rag.yml,complex,unpinned,expr-no-taint
1,14,0,0,0,123,3,medium,0,5,3,0.0,0.5556,1,1,0,1,granular,21,0,0,1,0,0,other,1,microsoft/promptflow::.github/workflows/samples_flows_evaluation_eval_qna_rag_metrics.yml,microsoft/promptflow,.github/workflows/samples_flows_evaluation_eval_qna_rag_metrics.yml,microsoft_promptflow__.github__workflows__samples_flows_evaluation_eval_qna_rag_metrics.yml,complex,unpinned,expr-no-taint
1,14,0,0,0,123,3,medium,0,5,3,0.0,0.5556,1,1,0,1,granular,21,0,0,1,0,0,other,1,microsoft/promptflow::.github/workflows/samples_flows_evaluation_eval_single_turn_metrics.yml,microsoft/promptflow,.github/workflows/samples_flows_evaluation_eval_single_turn_metrics.yml,microsoft_promptflow__.github__workflows__samples_flows_evaluation_eval_single_turn_metrics.yml,complex,unpinned,expr-no-taint
1,14,0,0,0,123,3,medium,0,5,3,0.0,0.5556,1,1,0,1,granular,21,0,0,1,0,0,other,1,microsoft/promptflow::.github/workflows/samples_flows_evaluation_eval_summarization.yml,microsoft/promptflow,.github/workflows/samples_flows_evaluation_eval_summarization.yml,microsoft_promptflow__.github__workflows__samples_flows_evaluation_eval_summarization.yml,complex,unpinned,expr-no-taint
1,14,0,0,0,123,3,medium,0,5,3,0.0,0.5556,1,1,0,1,granular,21,0,0,1,0,0,other,1,microsoft/promptflow::.github/workflows/samples_flows_standard_autonomous_agent.yml,microsoft/promptflow,.github/workflows/samples_flows_standard_autonomous_agent.yml,microsoft_promptflow__.github__workflows__samples_flows_standard_autonomous_agent.yml,complex,unpinned,expr-no-taint
1,14,0,0,0,123,3,medium,0,5,3,0.0,0.5556,1,1,0,1,granular,21,0,0,1,0,0,other,1,microsoft/promptflow::.github/workflows/samples_flows_standard_basic.yml,microsoft/promptflow,.github/workflows/samples_flows_standard_basic.yml,microsoft_promptflow__.github__workflows__samples_flows_standard_basic.yml,complex,unpinned,expr-no-taint
1,15,0,0,0,126,3,medium,0,5,3,0.0,0.5,1,1,0,1,granular,23,0,0,1,0,0,other,1,microsoft/promptflow::.github/workflows/samples_flows_standard_basic_with_builtin_llm.yml,microsoft/promptflow,.github/workflows/samples_flows_standard_basic_with_builtin_llm.yml,microsoft_promptflow__.github__workflows__samples_flows_standard_basic_with_builtin_llm.yml,complex,unpinned,expr-no-taint
1,15,0,0,0,126,3,medium,0,5,3,0.0,0.5,1,1,0,1,granular,23,0,0,1,0,0,other,1,microsoft/promptflow::.github/workflows/samples_flows_standard_basic_with_connection.yml,microsoft/promptflow,.github/workflows/samples_flows_standard_basic_with_connection.yml,microsoft_promptflow__.github__workflows__samples_flows_standard_basic_with_connection.yml,complex,unpinned,expr-no-taint
1,14,0,0,0,123,3,medium,0,5,3,0.0,0.5556,1,1,0,1,granular,21,0,0,1,0,0,other,1,microsoft/promptflow::.github/workflows/samples_flows_standard_conditional_flow_for_if_else.yml,microsoft/promptflow,.github/workflows/samples_flows_standard_conditional_flow_for_if_else.yml,microsoft_promptflow__.github__workflows__samples_flows_standard_conditional_flow_for_if_else.yml,complex,unpinned,expr-no-taint
1,14,0,0,0,123,3,medium,0,5,3,0.0,0.5556,1,1,0,1,granular,21,0,0,1,0,0,other,1,microsoft/promptflow::.github/workflows/samples_flows_standard_conditional_flow_for_switch.yml,microsoft/promptflow,.github/workflows/samples_flows_standard_conditional_flow_for_switch.yml,microsoft_promptflow__.github__workflows__samples_flows_standard_conditional_flow_for_switch.yml,complex,unpinned,expr-no-taint
1,14,0,0,0,123,3,medium,0,5,3,0.0,0.5556,1,1,0,1,granular,21,0,0,1,0,0,other,1,microsoft/promptflow::.github/workflows/samples_flows_standard_customer_intent_extraction.yml,microsoft/promptflow,.github/workflows/samples_flows_standard_customer_intent_extraction.yml,microsoft_promptflow__.github__workflows__samples_flows_standard_customer_intent_extraction.yml,complex,unpinned,expr-no-taint
1,15,0,0,0,121,3,medium,0,5,3,0.0,0.5,1,1,0,1,granular,17,0,0,1,0,0,other,1,microsoft/promptflow::.github/workflows/samples_flows_standard_describe_image.yml,microsoft/promptflow,.github/workflows/samples_flows_standard_describe_image.yml,microsoft_promptflow__.github__workflows__samples_flows_standard_describe_image.yml,complex,unpinned,expr-no-taint
1,15,0,0,0,126,3,medium,0,5,3,0.0,0.5,1,1,0,1,granular,23,0,0,1,0,0,other,1,microsoft/promptflow::.github/workflows/samples_flows_standard_flow_with_additional_includes.yml,microsoft/promptflow,.github/workflows/samples_flows_standard_flow_with_additional_includes.yml,microsoft_promptflow__.github__workflows__samples_flows_standard_flow_with_additional_includes.yml,complex,unpinned,expr-no-taint
1,15,0,0,0,126,3,medium,0,5,3,0.0,0.5,1,1,0,1,granular,23,0,0,1,0,0,other,1,microsoft/promptflow::.github/workflows/samples_flows_standard_flow_with_symlinks.yml,microsoft/promptflow,.github/workflows/samples_flows_standard_flow_with_symlinks.yml,microsoft_promptflow__.github__workflows__samples_flows_standard_flow_with_symlinks.yml,complex,unpinned,expr-no-taint
1,14,0,0,0,123,3,medium,0,5,3,0.0,0.5556,1,1,0,1,granular,21,0,0,1,0,0,documentation,1,microsoft/promptflow::.github/workflows/samples_flows_standard_gen_docstring.yml,microsoft/promptflow,.github/workflows/samples_flows_standard_gen_docstring.yml,microsoft_promptflow__.github__workflows__samples_flows_standard_gen_docstring.yml,complex,unpinned,expr-no-taint
1,14,0,0,0,123,3,medium,0,5,3,0.0,0.5556,1,1,0,1,granular,21,0,0,1,0,0,other,1,microsoft/promptflow::.github/workflows/samples_flows_standard_maths_to_code.yml,microsoft/promptflow,.github/workflows/samples_flows_standard_maths_to_code.yml,microsoft_promptflow__.github__workflows__samples_flows_standard_maths_to_code.yml,complex,unpinned,expr-no-taint
1,14,0,0,0,123,3,medium,0,5,3,0.0,0.5556,1,1,0,1,granular,21,0,0,1,0,0,other,1,microsoft/promptflow::.github/workflows/samples_flows_standard_named_entity_recognition.yml,microsoft/promptflow,.github/workflows/samples_flows_standard_named_entity_recognition.yml,microsoft_promptflow__.github__workflows__samples_flows_standard_named_entity_recognition.yml,complex,unpinned,expr-no-taint
1,14,0,0,0,123,3,medium,0,5,3,0.0,0.5556,1,1,0,1,granular,21,0,0,1,0,0,other,1,microsoft/promptflow::.github/workflows/samples_flows_standard_question_simulation.yml,microsoft/promptflow,.github/workflows/samples_flows_standard_question_simulation.yml,microsoft_promptflow__.github__workflows__samples_flows_standard_question_simulation.yml,complex,unpinned,expr-no-taint
1,14,0,0,0,123,3,medium,0,5,3,0.0,0.5556,1,1,0,1,granular,21,0,0,1,0,0,other,1,microsoft/promptflow::.github/workflows/samples_flows_standard_web_classification.yml,microsoft/promptflow,.github/workflows/samples_flows_standard_web_classification.yml,microsoft_promptflow__.github__workflows__samples_flows_standard_web_classification.yml,complex,unpinned,expr-no-taint
1,10,0,0,0,74,3,medium,0,5,3,0.0,1.0,1,1,0,1,granular,11,0,0,1,0,0,other,1,microsoft/promptflow::.github/workflows/samples_getstarted_flowasfunction.yml,microsoft/promptflow,.github/workflows/samples_getstarted_flowasfunction.yml,microsoft_promptflow__.github__workflows__samples_getstarted_flowasfunction.yml,complex,unpinned,expr-no-taint
1,10,0,0,0,88,3,medium,0,5,3,0.0,1.0,1,1,0,1,granular,9,0,0,1,0,0,other,1,microsoft/promptflow::.github/workflows/samples_getstarted_quickstart.yml,microsoft/promptflow,.github/workflows/samples_getstarted_quickstart.yml,microsoft_promptflow__.github__workflows__samples_getstarted_quickstart.yml,complex,unpinned,expr-no-taint
1,11,0,0,0,78,3,medium,0,5,3,0.0,0.8333,1,1,0,1,granular,9,0,0,1,0,0,other,1,microsoft/promptflow::.github/workflows/samples_getstarted_quickstartazure.yml,microsoft/promptflow,.github/workflows/samples_getstarted_quickstartazure.yml,microsoft_promptflow__.github__workflows__samples_getstarted_quickstartazure.yml,complex,unpinned,expr-no-taint
1,14,0,0,0,123,3,medium,0,5,3,0.0,0.5556,1,1,0,1,granular,21,0,0,1,0,0,other,1,microsoft/promptflow::.github/workflows/samples_prompty_basic.yml,microsoft/promptflow,.github/workflows/samples_prompty_basic.yml,microsoft_promptflow__.github__workflows__samples_prompty_basic.yml,complex,unpinned,expr-no-taint
1,10,0,0,0,88,3,medium,0,5,3,0.0,1.0,1,1,0,1,granular,9,0,0,1,0,0,other,1,microsoft/promptflow::.github/workflows/samples_prompty_basic_promptyquickstart.yml,microsoft/promptflow,.github/workflows/samples_prompty_basic_promptyquickstart.yml,microsoft_promptflow__.github__workflows__samples_prompty_basic_promptyquickstart.yml,complex,unpinned,expr-no-taint
1,14,0,0,0,123,3,medium,0,5,3,0.0,0.5556,1,1,0,1,granular,21,0,0,1,0,0,other,1,microsoft/promptflow::.github/workflows/samples_prompty_chat_basic.yml,microsoft/promptflow,.github/workflows/samples_prompty_chat_basic.yml,microsoft_promptflow__.github__workflows__samples_prompty_chat_basic.yml,complex,unpinned,expr-no-taint
1,10,0,0,0,88,3,medium,0,5,3,0.0,1.0,1,1,0,1,granular,9,0,0,1,0,0,other,1,microsoft/promptflow::.github/workflows/samples_prompty_chatbasic_chatwithprompty.yml,microsoft/promptflow,.github/workflows/samples_prompty_chatbasic_chatwithprompty.yml,microsoft_promptflow__.github__workflows__samples_prompty_chatbasic_chatwithprompty.yml,complex,unpinned,expr-no-taint
1,14,0,0,0,123,3,medium,0,5,3,0.0,0.5556,1,1,0,1,granular,21,0,0,1,0,0,other,1,microsoft/promptflow::.github/workflows/samples_prompty_eval_apology.yml,microsoft/promptflow,.github/workflows/samples_prompty_eval_apology.yml,microsoft_promptflow__.github__workflows__samples_prompty_eval_apology.yml,complex,unpinned,expr-no-taint
1,14,0,0,0,123,3,medium,0,5,3,0.0,0.5556,1,1,0,1,granular,21,0,0,1,0,0,other,1,microsoft/promptflow::.github/workflows/samples_prompty_eval_basic.yml,microsoft/promptflow,.github/workflows/samples_prompty_eval_basic.yml,microsoft_promptflow__.github__workflows__samples_prompty_eval_basic.yml,complex,unpinned,expr-no-taint
1,14,0,0,0,123,3,medium,0,5,3,0.0,0.5556,1,1,0,1,granular,21,0,0,1,0,0,code-quality,1,microsoft/promptflow::.github/workflows/samples_prompty_format_output.yml,microsoft/promptflow,.github/workflows/samples_prompty_format_output.yml,microsoft_promptflow__.github__workflows__samples_prompty_format_output.yml,complex,unpinned,expr-no-taint
1,10,0,0,0,88,3,medium,0,5,3,0.0,1.0,1,1,0,1,granular,9,0,0,1,0,0,code-quality,1,microsoft/promptflow::.github/workflows/samples_prompty_formatoutput_promptyoutputformat.yml,microsoft/promptflow,.github/workflows/samples_prompty_formatoutput_promptyoutputformat.yml,microsoft_promptflow__.github__workflows__samples_prompty_formatoutput_promptyoutputformat.yml,complex,unpinned,expr-no-taint
1,11,0,0,0,78,3,medium,0,5,3,0.0,0.8333,1,1,0,1,granular,9,0,0,1,0,0,other,1,microsoft/promptflow::.github/workflows/samples_runflowwithpipeline_pipeline.yml,microsoft/promptflow,.github/workflows/samples_runflowwithpipeline_pipeline.yml,microsoft_promptflow__.github__workflows__samples_runflowwithpipeline_pipeline.yml,complex,unpinned,expr-no-taint
1,11,0,0,0,78,3,medium,0,5,3,0.0,0.8333,1,1,0,1,granular,9,0,0,1,0,0,other,1,microsoft/promptflow::.github/workflows/samples_runmanagement_cloudrunmanagement.yml,microsoft/promptflow,.github/workflows/samples_runmanagement_cloudrunmanagement.yml,microsoft_promptflow__.github__workflows__samples_runmanagement_cloudrunmanagement.yml,complex,unpinned,expr-no-taint
1,10,0,0,0,88,3,medium,0,5,3,0.0,1.0,1,1,0,1,granular,9,0,0,1,0,0,other,1,microsoft/promptflow::.github/workflows/samples_runmanagement_runmanagement.yml,microsoft/promptflow,.github/workflows/samples_runmanagement_runmanagement.yml,microsoft_promptflow__.github__workflows__samples_runmanagement_runmanagement.yml,complex,unpinned,expr-no-taint
1,14,0,0,0,123,3,medium,0,5,3,0.0,0.5556,1,1,0,1,granular,21,0,0,1,0,0,other,1,microsoft/promptflow::.github/workflows/samples_tools_use_cases_cascading_inputs_tool_showcase.yml,microsoft/promptflow,.github/workflows/samples_tools_use_cases_cascading_inputs_tool_showcase.yml,microsoft_promptflow__.github__workflows__samples_tools_use_cases_cascading_inputs_tool_showcase.yml,complex,unpinned,expr-no-taint
1,14,0,0,0,123,3,medium,0,5,3,0.0,0.5556,1,1,0,1,granular,21,0,0,1,0,0,other,1,microsoft/promptflow::.github/workflows/samples_tools_use_cases_custom_llm_tool_showcase.yml,microsoft/promptflow,.github/workflows/samples_tools_use_cases_custom_llm_tool_showcase.yml,microsoft_promptflow__.github__workflows__samples_tools_use_cases_custom_llm_tool_showcase.yml,complex,unpinned,expr-no-taint
1,14,0,0,0,123,3,medium,0,5,3,0.0,0.5556,1,1,0,1,granular,21,0,0,1,0,0,build,1,microsoft/promptflow::.github/workflows/samples_tools_use_cases_custom_strong_type_connection_package_tool_showcase.yml,microsoft/promptflow,.github/workflows/samples_tools_use_cases_custom_strong_type_connection_package_tool_showcase.yml,microsoft_promptflow__.github__workflows__samples_tools_use_cases_custom_strong_type_connection_package_tool_showcase.yml,complex,unpinned,expr-no-taint
1,14,0,0,0,123,3,medium,0,5,3,0.0,0.5556,1,1,0,1,granular,21,0,0,1,0,0,other,1,microsoft/promptflow::.github/workflows/samples_tools_use_cases_custom_strong_type_connection_script_tool_showcase.yml,microsoft/promptflow,.github/workflows/samples_tools_use_cases_custom_strong_type_connection_script_tool_showcase.yml,microsoft_promptflow__.github__workflows__samples_tools_use_cases_custom_strong_type_connection_script_tool_showcase.yml,complex,unpinned,expr-no-taint
1,14,0,0,0,123,3,medium,0,5,3,0.0,0.5556,1,1,0,1,granular,21,0,0,1,0,0,other,1,microsoft/promptflow::.github/workflows/samples_tools_use_cases_dynamic_list_input_tool_showcase.yml,microsoft/promptflow,.github/workflows/samples_tools_use_cases_dynamic_list_input_tool_showcase.yml,microsoft_promptflow__.github__workflows__samples_tools_use_cases_dynamic_list_input_tool_showcase.yml,complex,unpinned,expr-no-taint
1,10,0,0,0,93,3,medium,0,5,3,0.0,1.0,1,1,0,1,granular,9,0,0,1,0,0,ci-test,1,microsoft/promptflow::.github/workflows/samples_tracing_autogengroupchat_traceautogengroupchat.yml,microsoft/promptflow,.github/workflows/samples_tracing_autogengroupchat_traceautogengroupchat.yml,microsoft_promptflow__.github__workflows__samples_tracing_autogengroupchat_traceautogengroupchat.yml,complex,unpinned,expr-no-taint
1,10,0,0,0,88,3,medium,0,5,3,0.0,1.0,1,1,0,1,granular,9,0,0,1,0,0,ci-test,1,microsoft/promptflow::.github/workflows/samples_tracing_customotlpcollector_otlptracecollector.yml,microsoft/promptflow,.github/workflows/samples_tracing_customotlpcollector_otlptracecollector.yml,microsoft_promptflow__.github__workflows__samples_tracing_customotlpcollector_otlptracecollector.yml,complex,unpinned,expr-no-taint
1,10,0,0,0,88,3,medium,0,5,3,0.0,1.0,1,1,0,1,granular,9,0,0,1,0,0,ci-test,1,microsoft/promptflow::.github/workflows/samples_tracing_langchain_tracelangchain.yml,microsoft/promptflow,.github/workflows/samples_tracing_langchain_tracelangchain.yml,microsoft_promptflow__.github__workflows__samples_tracing_langchain_tracelangchain.yml,complex,unpinned,expr-no-taint
1,10,0,0,0,88,3,medium,0,5,3,0.0,1.0,1,1,0,1,granular,9,0,0,1,0,0,ci-test,1,microsoft/promptflow::.github/workflows/samples_tracing_llm_tracellm.yml,microsoft/promptflow,.github/workflows/samples_tracing_llm_tracellm.yml,microsoft_promptflow__.github__workflows__samples_tracing_llm_tracellm.yml,complex,unpinned,expr-no-taint
1,21,0,0,0,171,3,medium,0,7,3,0.0,0.5,1,1,0,1,granular,36,0,0,1,0,0,other,1,microsoft/promptflow::.github/workflows/samples_tutorials_e2e_development_chat_with_pdf.yml,microsoft/promptflow,.github/workflows/samples_tutorials_e2e_development_chat_with_pdf.yml,microsoft_promptflow__.github__workflows__samples_tutorials_e2e_development_chat_with_pdf.yml,complex,unpinned,expr-no-taint
1,14,0,0,0,123,3,medium,0,5,3,0.0,0.5556,1,1,0,1,granular,21,0,0,1,0,0,deploy-release,1,microsoft/promptflow::.github/workflows/samples_tutorials_flow_deploy_azure_app_service.yml,microsoft/promptflow,.github/workflows/samples_tutorials_flow_deploy_azure_app_service.yml,microsoft_promptflow__.github__workflows__samples_tutorials_flow_deploy_azure_app_service.yml,complex,unpinned,expr-no-taint
1,14,0,0,0,123,3,medium,0,5,3,0.0,0.5556,1,1,0,1,granular,21,0,0,1,0,0,deploy-release,1,microsoft/promptflow::.github/workflows/samples_tutorials_flow_deploy_create_service_with_flow.yml,microsoft/promptflow,.github/workflows/samples_tutorials_flow_deploy_create_service_with_flow.yml,microsoft_promptflow__.github__workflows__samples_tutorials_flow_deploy_create_service_with_flow.yml,complex,unpinned,expr-no-taint
1,14,0,0,0,123,3,medium,0,5,3,0.0,0.5556,1,1,0,1,granular,21,0,0,1,0,0,deploy-release,1,microsoft/promptflow::.github/workflows/samples_tutorials_flow_deploy_distribute_flow_as_executable_app.yml,microsoft/promptflow,.github/workflows/samples_tutorials_flow_deploy_distribute_flow_as_executable_app.yml,microsoft_promptflow__.github__workflows__samples_tutorials_flow_deploy_distribute_flow_as_executable_app.yml,complex,unpinned,expr-no-taint
1,14,0,0,0,123,3,medium,0,5,3,0.0,0.5556,1,1,0,1,granular,21,0,0,1,0,0,deploy-release,1,microsoft/promptflow::.github/workflows/samples_tutorials_flow_deploy_docker.yml,microsoft/promptflow,.github/workflows/samples_tutorials_flow_deploy_docker.yml,microsoft_promptflow__.github__workflows__samples_tutorials_flow_deploy_docker.yml,complex,unpinned,expr-no-taint
1,14,0,0,0,123,3,medium,0,5,3,0.0,0.5556,1,1,0,1,granular,21,0,0,1,0,0,deploy-release,1,microsoft/promptflow::.github/workflows/samples_tutorials_flow_deploy_kubernetes.yml,microsoft/promptflow,.github/workflows/samples_tutorials_flow_deploy_kubernetes.yml,microsoft_promptflow__.github__workflows__samples_tutorials_flow_deploy_kubernetes.yml,complex,unpinned,expr-no-taint
1,14,0,0,0,123,3,medium,0,5,3,0.0,0.5556,1,1,0,1,granular,21,0,0,1,0,0,code-quality,1,microsoft/promptflow::.github/workflows/samples_tutorials_flow_fine_tuning_evaluation_promptflow_quality_improvement.yml,microsoft/promptflow,.github/workflows/samples_tutorials_flow_fine_tuning_evaluation_promptflow_quality_improvement.yml,microsoft_promptflow__.github__workflows__samples_tutorials_flow_fine_tuning_evaluation_promptflow_quality_improvement.yml,complex,unpinned,expr-no-taint
1,14,0,0,0,123,3,medium,0,5,3,0.0,0.5556,1,1,0,1,granular,21,0,0,1,0,0,ci-test,1,microsoft/promptflow::.github/workflows/samples_tutorials_tracing.yml,microsoft/promptflow,.github/workflows/samples_tutorials_tracing.yml,microsoft_promptflow__.github__workflows__samples_tutorials_tracing.yml,complex,unpinned,expr-no-taint
1,10,1,0,0,100,2,low,1,5,3,0.0,1.5,1,1,0,1,granular,3,0,1,1,0,0,ci-test,1,microsoft/promptflow::.github/workflows/sdk-cli-azure-test-production.yml,microsoft/promptflow,.github/workflows/sdk-cli-azure-test-production.yml,microsoft_promptflow__.github__workflows__sdk-cli-azure-test-production.yml,complex,unpinned,expr-no-taint
2,10,1,1,0,108,1,medium,0,5,2,0.0,1.5,1,1,0,1,not set,0,0,1,1,0,0,ci-test,1,microsoft/promptflow::.github/workflows/sdk-cli-azure-test-pull-request.yml,microsoft/promptflow,.github/workflows/sdk-cli-azure-test-pull-request.yml,microsoft_promptflow__.github__workflows__sdk-cli-azure-test-pull-request.yml,complex,unpinned,expr-no-taint
1,12,1,0,0,109,3,medium,0,3,2,0.0,0.3333,1,1,0,0,not set,0,0,1,1,0,0,ci-test,1,microsoft/promptflow::.github/workflows/sdk-cli-perf-monitor-test.yml,microsoft/promptflow,.github/workflows/sdk-cli-perf-monitor-test.yml,microsoft_promptflow__.github__workflows__sdk-cli-perf-monitor-test.yml,complex,unpinned,expr-no-taint
1,4,0,0,0,36,2,medium,0,2,1,0.0,1.0,0,0,0,0,not set,0,0,0,0,0,0,ci-test,1,microsoft/promptflow::.github/workflows/spell_check.yml,microsoft/promptflow,.github/workflows/spell_check.yml,microsoft_promptflow__.github__workflows__spell_check.yml,medium,unpinned,no-expr
1,1,0,0,0,29,2,low,0,1,1,0.0,1.0,0,0,0,1,not set,0,0,0,0,0,0,other,1,microsoft/promptflow::.github/workflows/stale.yml,microsoft/promptflow,.github/workflows/stale.yml,microsoft_promptflow__.github__workflows__stale.yml,simple,unpinned,no-expr
2,0,0,0,1,40,2,low,1,0,0,0.0,0.0,0,0,0,0,not set,0,0,0,1,0,0,other,1,microsoft/promptflow::.github/workflows/tools_continuous_delivery.yml,microsoft/promptflow,.github/workflows/tools_continuous_delivery.yml,microsoft_promptflow__.github__workflows__tools_continuous_delivery.yml,medium,no-third-party,no-expr
1,6,0,0,0,71,1,low,1,3,1,0.0,1.0,0,1,0,1,not set,2,1,1,0,0,0,deploy-release,1,microsoft/promptflow::.github/workflows/tools_release_tag.yml,microsoft/promptflow,.github/workflows/tools_release_tag.yml,microsoft_promptflow__.github__workflows__tools_release_tag.yml,medium,unpinned,expr-no-taint
2,7,0,1,0,75,1,low,0,2,2,0.0,0.4,0,1,0,1,granular,4,0,1,0,0,0,ci-test,1,microsoft/promptflow::.github/workflows/tools_tests.yml,microsoft/promptflow,.github/workflows/tools_tests.yml,microsoft_promptflow__.github__workflows__tools_tests.yml,medium,unpinned,expr-no-taint
1,5,0,0,0,42,1,low,0,3,2,0.0,1.5,0,1,0,1,granular,5,0,0,0,0,0,ci-test,1,microsoft/promptflow::.github/workflows/update-ci-runtime.yml,microsoft/promptflow,.github/workflows/update-ci-runtime.yml,microsoft_promptflow__.github__workflows__update-ci-runtime.yml,medium,unpinned,expr-no-taint
1,11,0,0,0,134,1,low,0,2,2,0.0,0.2222,1,1,0,0,not set,2,0,0,1,0,0,deploy-release,1,microsoft/promptflow::.github/workflows/wheel_distributing.yml,microsoft/promptflow,.github/workflows/wheel_distributing.yml,microsoft_promptflow__.github__workflows__wheel_distributing.yml,complex,unpinned,expr-no-taint
1,2,0,0,0,54,1,low,0,1,1,0.0,1.0,0,1,0,0,not set,0,0,0,0,0,0,ci-test,1,microsoft/pxt::.github/workflows/check-if-merged-pr.yml,microsoft/pxt,.github/workflows/check-if-merged-pr.yml,microsoft_pxt__.github__workflows__check-if-merged-pr.yml,simple,unpinned,expr-no-taint
1,4,1,0,0,79,4,medium,0,4,2,0.0,4.0,0,0,0,1,granular,0,0,0,0,0,0,security-scan,1,microsoft/pxt::.github/workflows/codeql-analysis.yml,microsoft/pxt,.github/workflows/codeql-analysis.yml,microsoft_pxt__.github__workflows__codeql-analysis.yml,complex,unpinned,no-expr
6,62,0,1,0,6980,1,medium,0,36,1,1.0,1.3846,0,1,6,1,granular,32,1,1,1,0,0,documentation,1,microsoft/pxt::.github/workflows/documentation.lock.yml,microsoft/pxt,.github/workflows/documentation.lock.yml,microsoft_pxt__.github__workflows__documentation.lock.yml,complex,pinned,taint
1,3,0,0,0,31,1,low,0,0,0,0.0,0.0,0,1,0,0,not set,0,0,0,0,0,0,other,1,microsoft/pxt::.github/workflows/is-vtag.yml,microsoft/pxt,.github/workflows/is-vtag.yml,microsoft_pxt__.github__workflows__is-vtag.yml,simple,no-third-party,expr-no-taint
4,10,0,1,1,96,2,medium,0,4,1,0.0,0.6667,0,0,0,1,granular,2,0,1,1,0,0,build,1,microsoft/pxt::.github/workflows/pxt-buildpush.yml,microsoft/pxt,.github/workflows/pxt-buildpush.yml,microsoft_pxt__.github__workflows__pxt-buildpush.yml,complex,unpinned,no-expr
2,4,0,1,1,45,1,low,0,2,1,0.0,1.0,0,0,0,0,not set,2,0,1,1,0,0,build,1,microsoft/pxt::.github/workflows/pxt-buildvtag.yml,microsoft/pxt,.github/workflows/pxt-buildvtag.yml,microsoft_pxt__.github__workflows__pxt-buildvtag.yml,medium,unpinned,no-expr
5,6,0,1,1,91,1,low,0,1,1,0.0,0.2,0,1,0,0,not set,1,1,0,1,0,0,other,1,microsoft/pxt::.github/workflows/tag-bump-commit.yml,microsoft/pxt,.github/workflows/tag-bump-commit.yml,microsoft_pxt__.github__workflows__tag-bump-commit.yml,complex,unpinned,expr-no-taint
1,1,0,0,0,18,1,high,0,1,1,0.0,1.0,1,0,0,1,granular,0,0,0,1,0,0,other,1,microsoft/pylance-release::.github/workflows/auto-label.yml,microsoft/pylance-release,.github/workflows/auto-label.yml,microsoft_pylance-release__.github__workflows__auto-label.yml,simple,unpinned,no-expr
1,2,0,0,0,40,1,high,0,1,1,0.0,1.0,0,1,2,1,write-all,2,1,1,0,0,0,other,1,microsoft/pylance-release::.github/workflows/dryRun.yml,microsoft/pylance-release,.github/workflows/dryRun.yml,microsoft_pylance-release__.github__workflows__dryRun.yml,simple,unpinned,taint
5,63,0,1,0,1095,1,high,0,37,2,1.0,1.4231,0,1,2,1,empty,28,1,1,1,0,0,other,1,microsoft/pylance-release::.github/workflows/issue-assignment.lock.yml,microsoft/pylance-release,.github/workflows/issue-assignment.lock.yml,microsoft_pylance-release__.github__workflows__issue-assignment.lock.yml,complex,pinned,taint
1,3,0,0,0,41,1,low,0,1,1,0.0,2.0,0,0,0,1,granular,1,1,0,0,0,0,other,1,microsoft/pylance-release::.github/workflows/stale.yml,microsoft/pylance-release,.github/workflows/stale.yml,microsoft_pylance-release__.github__workflows__stale.yml,simple,unpinned,no-expr
2,8,0,1,0,69,1,low,0,5,2,0.0,3.0,1,1,0,1,not set,1,1,1,1,0,0,build,1,microsoft/pyright::.github/workflows/build.yml,microsoft/pyright,.github/workflows/build.yml,microsoft_pyright__.github__workflows__build.yml,medium,unpinned,expr-no-taint
1,5,0,0,0,104,1,medium,0,3,2,0.3333,1.5,1,0,0,1,granular,2,1,0,1,0,0,other,1,microsoft/pyright::.github/workflows/mypy_primer_comment.yaml,microsoft/pyright,.github/workflows/mypy_primer_comment.yaml,microsoft_pyright__.github__workflows__mypy_primer_comment.yaml,medium,unpinned,no-expr
1,7,1,0,0,91,1,medium,0,4,1,0.0,1.3333,0,1,1,1,not set,0,0,0,1,0,0,other,1,microsoft/pyright::.github/workflows/mypy_primer_pr.yaml,microsoft/pyright,.github/workflows/mypy_primer_pr.yaml,microsoft_pyright__.github__workflows__mypy_primer_pr.yaml,complex,unpinned,taint
1,5,0,0,0,65,2,low,0,3,1,0.0,1.5,0,0,1,1,not set,0,0,0,0,0,0,other,1,microsoft/pyright::.github/workflows/mypy_primer_push.yaml,microsoft/pyright,.github/workflows/mypy_primer_push.yaml,microsoft_pyright__.github__workflows__mypy_primer_push.yaml,medium,unpinned,no-expr
5,29,1,1,0,163,2,medium,0,9,1,0.0,0.8125,0,1,0,1,not set,0,0,1,1,0,0,other,1,microsoft/pyright::.github/workflows/validation.yml,microsoft/pyright,.github/workflows/validation.yml,microsoft_pyright__.github__workflows__validation.yml,complex,unpinned,expr-no-taint
1,4,0,0,0,35,1,medium,0,2,1,0.0,1.0,0,0,1,0,not set,0,0,1,0,0,0,code-quality,1,microsoft/qlib::.github/workflows/lint_title.yml,microsoft/qlib,.github/workflows/lint_title.yml,microsoft_qlib__.github__workflows__lint_title.yml,medium,unpinned,taint
3,11,1,1,0,107,1,low,0,6,3,0.0,1.2,1,0,0,1,granular,3,0,1,1,0,0,deploy-release,1,microsoft/qlib::.github/workflows/release.yml,microsoft/qlib,.github/workflows/release.yml,microsoft_qlib__.github__workflows__release.yml,complex,unpinned,no-expr
1,1,0,0,0,25,1,low,0,1,1,0.0,1.0,0,0,0,0,not set,1,1,0,0,0,0,other,1,microsoft/qlib::.github/workflows/stale.yml,microsoft/qlib,.github/workflows/stale.yml,microsoft_qlib__.github__workflows__stale.yml,simple,unpinned,no-expr
1,7,1,0,0,56,2,medium,0,2,1,0.0,0.4,0,0,0,0,not set,0,0,0,1,0,0,ci-test,1,microsoft/qlib::.github/workflows/test_qlib_from_pip.yml,microsoft/qlib,.github/workflows/test_qlib_from_pip.yml,microsoft_qlib__.github__workflows__test_qlib_from_pip.yml,complex,unpinned,no-expr
1,19,1,0,0,128,2,medium,0,4,2,0.0,0.2667,1,0,0,0,not set,0,0,0,1,0,0,ci-test,1,microsoft/qlib::.github/workflows/test_qlib_from_source.yml,microsoft/qlib,.github/workflows/test_qlib_from_source.yml,microsoft_qlib__.github__workflows__test_qlib_from_source.yml,complex,unpinned,no-expr
1,6,1,0,0,56,2,medium,0,3,2,0.0,1.0,1,0,0,0,not set,0,0,0,1,0,0,ci-test,1,microsoft/qlib::.github/workflows/test_qlib_from_source_slow.yml,microsoft/qlib,.github/workflows/test_qlib_from_source_slow.yml,microsoft_qlib__.github__workflows__test_qlib_from_source_slow.yml,complex,unpinned,no-expr
1,2,0,0,0,28,1,high,0,2,2,0.0,2.0,1,0,1,1,granular,2,1,1,1,0,0,other,1,microsoft/react-native-macos::.github/workflows/autorebase.yml,microsoft/react-native-macos,.github/workflows/autorebase.yml,microsoft_react-native-macos__.github__workflows__autorebase.yml,simple,unpinned,taint
1,7,0,0,0,41,1,low,0,1,1,0.0,0.4,0,1,0,0,not set,0,0,0,0,0,0,other,1,microsoft/react-native-macos::.github/workflows/bump-podfile-lock.yml,microsoft/react-native-macos,.github/workflows/bump-podfile-lock.yml,microsoft_react-native-macos__.github__workflows__bump-podfile-lock.yml,medium,unpinned,expr-no-taint
1,3,0,0,0,20,2,low,0,1,1,0.0,2.0,0,0,0,0,not set,1,1,1,1,0,0,other,1,microsoft/react-native-macos::.github/workflows/cache-reaper.yml,microsoft/react-native-macos,.github/workflows/cache-reaper.yml,microsoft_react-native-macos__.github__workflows__cache-reaper.yml,simple,unpinned,no-expr
1,2,0,0,0,19,1,high,0,2,1,0.0,2.0,0,0,0,0,not set,1,0,0,1,0,0,ci-test,1,microsoft/react-native-macos::.github/workflows/check-for-reproducer.yml,microsoft/react-native-macos,.github/workflows/check-for-reproducer.yml,microsoft_react-native-macos__.github__workflows__check-for-reproducer.yml,simple,unpinned,no-expr
2,2,0,1,1,34,2,low,0,1,1,0.0,1.0,0,0,0,0,not set,1,0,0,1,0,0,ci-test,1,microsoft/react-native-macos::.github/workflows/check-nightly.yml,microsoft/react-native-macos,.github/workflows/check-nightly.yml,microsoft_react-native-macos__.github__workflows__check-nightly.yml,medium,unpinned,no-expr
1,1,0,0,0,63,1,low,0,1,1,0.0,1.0,0,0,0,1,granular,1,0,0,1,0,0,other,1,microsoft/react-native-macos::.github/workflows/close-pr.yml,microsoft/react-native-macos,.github/workflows/close-pr.yml,microsoft_react-native-macos__.github__workflows__close-pr.yml,simple,unpinned,no-expr
1,4,1,0,0,70,3,medium,0,4,2,0.0,4.0,0,0,0,1,not set,0,0,0,0,0,0,security-scan,1,microsoft/react-native-macos::.github/workflows/codeql-analysis.yml,microsoft/react-native-macos,.github/workflows/codeql-analysis.yml,microsoft_react-native-macos__.github__workflows__codeql-analysis.yml,complex,unpinned,no-expr
1,4,0,0,0,29,1,low,0,2,1,0.0,3.0,0,0,0,0,not set,1,0,0,0,0,0,deploy-release,1,microsoft/react-native-macos::.github/workflows/create-draft-release.yml,microsoft/react-native-macos,.github/workflows/create-draft-release.yml,microsoft_react-native-macos__.github__workflows__create-draft-release.yml,medium,unpinned,no-expr
1,5,0,0,0,56,1,low,1,1,1,0.0,0.6667,0,1,0,0,not set,1,0,0,1,0,0,deploy-release,1,microsoft/react-native-macos::.github/workflows/create-release.yml,microsoft/react-native-macos,.github/workflows/create-release.yml,microsoft_react-native-macos__.github__workflows__create-release.yml,medium,unpinned,expr-no-taint
1,5,0,0,0,31,1,high,0,1,1,0.0,4.0,0,0,0,1,granular,1,0,1,1,0,0,other,1,microsoft/react-native-macos::.github/workflows/danger-pr.yml,microsoft/react-native-macos,.github/workflows/danger-pr.yml,microsoft_react-native-macos__.github__workflows__danger-pr.yml,medium,unpinned,no-expr
1,4,0,0,0,28,1,low,0,2,1,0.0,3.0,0,0,0,0,not set,1,0,0,0,0,0,other,1,microsoft/react-native-macos::.github/workflows/generate-changelog.yml,microsoft/react-native-macos,.github/workflows/generate-changelog.yml,microsoft_react-native-macos__.github__workflows__generate-changelog.yml,medium,unpinned,no-expr
1,5,1,0,0,66,1,low,0,1,1,0.0,0.6667,0,1,0,0,not set,0,0,1,0,0,0,build,1,microsoft/react-native-macos::.github/workflows/microsoft-build-rntester.yml,microsoft/react-native-macos,.github/workflows/microsoft-build-rntester.yml,microsoft_react-native-macos__.github__workflows__microsoft-build-rntester.yml,complex,unpinned,expr-no-taint
1,5,0,0,0,34,1,low,0,3,1,0.0,1.5,0,0,0,0,not set,0,0,0,0,0,0,build,1,microsoft/react-native-macos::.github/workflows/microsoft-build-website.yml,microsoft/react-native-macos,.github/workflows/microsoft-build-website.yml,microsoft_react-native-macos__.github__workflows__microsoft-build-website.yml,medium,unpinned,no-expr
7,22,0,1,1,165,1,medium,0,4,1,0.0,0.5714,0,1,2,1,not set,1,1,1,1,0,0,other,1,microsoft/react-native-macos::.github/workflows/microsoft-pr.yml,microsoft/react-native-macos,.github/workflows/microsoft-pr.yml,microsoft_react-native-macos__.github__workflows__microsoft-pr.yml,complex,unpinned,taint
3,3,0,1,1,54,2,low,0,3,1,0.0,3.0,0,0,0,1,granular,0,0,0,0,0,0,deploy-release,1,microsoft/react-native-macos::.github/workflows/microsoft-publish.yml,microsoft/react-native-macos,.github/workflows/microsoft-publish.yml,microsoft_react-native-macos__.github__workflows__microsoft-publish.yml,medium,unpinned,no-expr
1,17,0,0,0,88,1,low,0,1,1,0.0,0.1333,0,1,0,0,not set,0,0,0,1,0,0,ci-test,1,microsoft/react-native-macos::.github/workflows/microsoft-react-native-test-app-integration.yml,microsoft/react-native-macos,.github/workflows/microsoft-react-native-test-app-integration.yml,microsoft_react-native-macos__.github__workflows__microsoft-react-native-test-app-integration.yml,complex,unpinned,expr-no-taint
1,15,0,0,0,84,1,low,0,1,1,0.0,0.1538,0,1,0,0,not set,0,0,0,1,0,0,ci-test,1,microsoft/react-native-macos::.github/workflows/microsoft-test-react-native-macos-init.yml,microsoft/react-native-macos,.github/workflows/microsoft-test-react-native-macos-init.yml,microsoft_react-native-macos__.github__workflows__microsoft-test-react-native-macos-init.yml,complex,unpinned,expr-no-taint
1,6,0,0,0,45,2,low,0,2,2,0.0,2.0,1,1,0,0,not set,4,1,0,1,0,0,other,1,microsoft/react-native-macos::.github/workflows/monitor-new-issues.yml,microsoft/react-native-macos,.github/workflows/monitor-new-issues.yml,microsoft_react-native-macos__.github__workflows__monitor-new-issues.yml,medium,unpinned,expr-no-taint
1,3,0,0,0,29,1,high,0,2,2,0.0,2.0,1,1,0,1,granular,1,1,0,1,0,0,other,1,microsoft/react-native-macos::.github/workflows/needs-attention.yml,microsoft/react-native-macos,.github/workflows/needs-attention.yml,microsoft_react-native-macos__.github__workflows__needs-attention.yml,simple,unpinned,expr-no-taint
11,17,1,1,1,203,2,low,0,8,1,0.0,16.0,0,0,0,0,not set,11,0,1,1,0,1,other,1,microsoft/react-native-macos::.github/workflows/nightly.yml,microsoft/react-native-macos,.github/workflows/nightly.yml,microsoft_react-native-macos__.github__workflows__nightly.yml,complex,unpinned,no-expr
2,5,0,0,0,60,1,high,0,5,1,0.0,5.0,0,0,0,1,granular,3,0,0,1,0,0,other,1,microsoft/react-native-macos::.github/workflows/on-issue-labeled.yml,microsoft/react-native-macos,.github/workflows/on-issue-labeled.yml,microsoft_react-native-macos__.github__workflows__on-issue-labeled.yml,medium,unpinned,no-expr
2,29,1,1,0,212,1,low,0,15,2,0.0,2.625,1,1,0,0,not set,4,0,1,1,0,0,build,1,microsoft/react-native-macos::.github/workflows/prebuild-ios-core.yml,microsoft/react-native-macos,.github/workflows/prebuild-ios-core.yml,microsoft_react-native-macos__.github__workflows__prebuild-ios-core.yml,complex,unpinned,expr-no-taint
3,35,1,1,0,202,1,low,0,17,2,0.0,2.5,1,1,0,0,not set,4,0,1,1,0,0,build,1,microsoft/react-native-macos::.github/workflows/prebuild-ios-dependencies.yml,microsoft/react-native-macos,.github/workflows/prebuild-ios-dependencies.yml,microsoft_react-native-macos__.github__workflows__prebuild-ios-dependencies.yml,complex,unpinned,expr-no-taint
1,7,0,0,0,28,1,low,0,1,1,0.0,0.75,0,0,0,0,not set,1,0,1,0,0,0,deploy-release,1,microsoft/react-native-macos::.github/workflows/publish-bumped-packages.yml,microsoft/react-native-macos,.github/workflows/publish-bumped-packages.yml,microsoft_react-native-macos__.github__workflows__publish-bumped-packages.yml,medium,unpinned,no-expr
13,20,1,1,1,239,1,low,0,11,1,0.0,9.0,0,1,0,0,not set,10,0,1,1,0,1,deploy-release,1,microsoft/react-native-macos::.github/workflows/publish-release.yml,microsoft/react-native-macos,.github/workflows/publish-release.yml,microsoft_react-native-macos__.github__workflows__publish-release.yml,complex,unpinned,expr-no-taint
1,1,0,0,0,19,1,low,1,0,0,0.0,0.0,0,1,0,0,not set,1,1,1,0,0,0,other,1,microsoft/react-native-macos::.github/workflows/retry-workflow.yml,microsoft/react-native-macos,.github/workflows/retry-workflow.yml,microsoft_react-native-macos__.github__workflows__retry-workflow.yml,simple,no-third-party,expr-no-taint
4,4,0,0,0,77,1,low,0,4,1,0.0,4.0,0,0,0,1,not set,4,0,0,1,0,0,other,1,microsoft/react-native-macos::.github/workflows/stale-bot.yml,microsoft/react-native-macos,.github/workflows/stale-bot.yml,microsoft_react-native-macos__.github__workflows__stale-bot.yml,complex,unpinned,no-expr
24,75,1,1,1,655,3,medium,1,33,2,0.0,5.25,1,1,0,0,not set,6,1,1,1,0,1,ci-test,1,microsoft/react-native-macos::.github/workflows/test-all.yml,microsoft/react-native-macos,.github/workflows/test-all.yml,microsoft_react-native-macos__.github__workflows__test-all.yml,complex,unpinned,expr-no-taint
3,9,1,1,0,100,1,low,0,5,1,0.0,3.5,0,1,0,0,not set,1,0,0,1,0,0,ci-test,1,microsoft/react-native-macos::.github/workflows/test-libraries-on-nightlies.yml,microsoft/react-native-macos,.github/workflows/test-libraries-on-nightlies.yml,microsoft_react-native-macos__.github__workflows__test-libraries-on-nightlies.yml,complex,unpinned,expr-no-taint
1,7,0,0,0,83,1,low,1,0,0,0.0,0.0,0,1,0,1,granular,3,1,1,0,0,0,other,1,microsoft/react-native-windows::.github/workflows/cherry-pick-commit.yml,microsoft/react-native-windows,.github/workflows/cherry-pick-commit.yml,microsoft_react-native-windows__.github__workflows__cherry-pick-commit.yml,medium,no-third-party,expr-no-taint
1,5,0,0,0,82,1,medium,0,1,1,0.0,0.25,0,1,0,1,granular,1,1,1,1,0,0,other,1,microsoft/react-native-windows::.github/workflows/cherry-pick.yml,microsoft/react-native-windows,.github/workflows/cherry-pick.yml,microsoft_react-native-windows__.github__workflows__cherry-pick.yml,medium,unpinned,expr-no-taint
1,2,0,0,0,67,2,low,1,1,1,0.0,1.0,0,1,0,1,granular,1,1,1,0,0,0,other,1,microsoft/react-native-windows::.github/workflows/cleanup-stale-branches.yml,microsoft/react-native-windows,.github/workflows/cleanup-stale-branches.yml,microsoft_react-native-windows__.github__workflows__cleanup-stale-branches.yml,simple,unpinned,expr-no-taint
1,7,1,0,0,110,1,low,1,1,1,0.0,0.1667,0,1,0,0,not set,3,1,1,0,0,0,other,1,microsoft/react-native-windows::.github/workflows/compliance-yarn-lock.yml,microsoft/react-native-windows,.github/workflows/compliance-yarn-lock.yml,microsoft_react-native-windows__.github__workflows__compliance-yarn-lock.yml,complex,unpinned,expr-no-taint
1,1,0,0,0,18,1,high,0,0,0,0.0,0.0,0,1,0,0,not set,1,0,1,1,0,0,dependency-management,1,microsoft/react-native-windows::.github/workflows/dependabot-azp-trigger.yml,microsoft/react-native-windows,.github/workflows/dependabot-azp-trigger.yml,microsoft_react-native-windows__.github__workflows__dependabot-azp-trigger.yml,simple,no-third-party,expr-no-taint
1,3,0,0,0,52,1,low,1,0,0,0.0,0.0,0,1,0,0,not set,1,1,1,0,0,0,other,1,microsoft/react-native-windows::.github/workflows/move-issues-milestones.yml,microsoft/react-native-windows,.github/workflows/move-issues-milestones.yml,microsoft_react-native-windows__.github__workflows__move-issues-milestones.yml,simple,no-third-party,expr-no-taint
1,4,0,0,0,63,1,low,0,1,1,0.0,0.3333,0,1,0,0,not set,2,0,1,1,0,0,other,1,microsoft/react-native-windows::.github/workflows/update-issue-remaining-days.yml,microsoft/react-native-windows,.github/workflows/update-issue-remaining-days.yml,microsoft_react-native-windows__.github__workflows__update-issue-remaining-days.yml,medium,unpinned,expr-no-taint
4,29,1,1,0,196,3,medium,1,13,1,0.0,0.8125,0,1,0,0,not set,0,0,0,1,0,0,build,1,microsoft/restler-fuzzer::.github/workflows/ci_build_test_pr.yaml,microsoft/restler-fuzzer,.github/workflows/ci_build_test_pr.yaml,microsoft_restler-fuzzer__.github__workflows__ci_build_test_pr.yaml,complex,unpinned,expr-no-taint
1,5,1,0,0,51,4,medium,0,5,2,1.0,5.0,0,0,0,1,granular,0,0,1,0,0,0,security-scan,1,microsoft/retina::.github/workflows/codeql.yaml,microsoft/retina,.github/workflows/codeql.yaml,microsoft_retina__.github__workflows__codeql.yaml,complex,pinned,no-expr
1,1,0,0,0,43,2,medium,0,0,0,0.0,0.0,0,0,1,1,granular,0,0,1,1,0,0,other,1,microsoft/retina::.github/workflows/commit-message.yaml,microsoft/retina,.github/workflows/commit-message.yaml,microsoft_retina__.github__workflows__commit-message.yaml,simple,no-third-party,taint
1,0,0,0,1,20,1,low,0,0,0,0.0,0.0,0,0,0,1,granular,0,0,0,0,0,0,ci-test,1,microsoft/retina::.github/workflows/daily-scale-test.yaml,microsoft/retina,.github/workflows/daily-scale-test.yaml,microsoft_retina__.github__workflows__daily-scale-test.yaml,simple,no-third-party,no-expr
2,6,0,1,0,56,4,medium,0,5,1,1.0,5.0,0,0,0,1,granular,0,0,0,1,0,0,deploy-release,1,microsoft/retina::.github/workflows/docs.yaml,microsoft/retina,.github/workflows/docs.yaml,microsoft_retina__.github__workflows__docs.yaml,medium,pinned,no-expr
1,1,1,0,0,35,3,low,0,1,1,1.0,1.0,0,0,0,1,granular,0,0,1,0,0,0,build,1,microsoft/retina::.github/workflows/e2e-test-event-writer.yml,microsoft/retina,.github/workflows/e2e-test-event-writer.yml,microsoft_retina__.github__workflows__e2e-test-event-writer.yml,complex,pinned,no-expr
1,5,0,0,0,119,2,low,1,3,2,1.0,1.5,0,1,0,1,granular,4,0,1,0,0,0,other,1,microsoft/retina::.github/workflows/e2e.yaml,microsoft/retina,.github/workflows/e2e.yaml,microsoft_retina__.github__workflows__e2e.yaml,medium,pinned,expr-no-taint
1,3,1,0,0,43,4,medium,0,3,2,1.0,3.0,1,0,0,1,granular,0,0,1,0,0,0,code-quality,1,microsoft/retina::.github/workflows/golangci-lint.yaml,microsoft/retina,.github/workflows/golangci-lint.yaml,microsoft_retina__.github__workflows__golangci-lint.yaml,complex,pinned,no-expr
2,9,0,0,0,68,2,medium,0,9,4,1.0,9.0,1,0,0,1,granular,1,1,1,1,0,0,deploy-release,1,microsoft/retina::.github/workflows/goreleaser.yaml,microsoft/retina,.github/workflows/goreleaser.yaml,microsoft_retina__.github__workflows__goreleaser.yaml,medium,pinned,no-expr
11,40,1,1,1,438,3,medium,0,25,3,1.0,1.6667,0,1,0,1,granular,35,0,1,1,0,0,build,1,microsoft/retina::.github/workflows/images.yaml,microsoft/retina,.github/workflows/images.yaml,microsoft_retina__.github__workflows__images.yaml,complex,pinned,expr-no-taint
1,7,0,0,0,65,1,low,0,5,2,0.2,2.5,0,1,0,0,not set,1,1,0,0,0,0,build,1,microsoft/retina::.github/workflows/kapinger.yaml,microsoft/retina,.github/workflows/kapinger.yaml,microsoft_retina__.github__workflows__kapinger.yaml,medium,unpinned,expr-no-taint
1,2,0,0,0,24,2,medium,0,2,2,1.0,2.0,1,0,0,1,granular,0,0,0,1,0,0,code-quality,1,microsoft/retina::.github/workflows/markdownlint.yaml,microsoft/retina,.github/workflows/markdownlint.yaml,microsoft_retina__.github__workflows__markdownlint.yaml,simple,pinned,no-expr
1,0,0,0,1,42,1,low,1,0,0,0.0,0.0,0,0,0,1,granular,4,0,0,0,0,0,other,1,microsoft/retina::.github/workflows/perf-manual.yaml,microsoft/retina,.github/workflows/perf-manual.yaml,microsoft_retina__.github__workflows__perf-manual.yaml,simple,no-third-party,no-expr
3,1,0,1,1,56,1,low,0,0,0,0.0,0.0,0,1,0,1,granular,8,1,1,0,0,0,other,1,microsoft/retina::.github/workflows/perf-schedule.yaml,microsoft/retina,.github/workflows/perf-schedule.yaml,microsoft_retina__.github__workflows__perf-schedule.yaml,medium,no-third-party,expr-no-taint
1,5,0,0,0,82,1,low,0,3,2,1.0,1.5,0,1,0,1,granular,5,0,1,0,0,0,ci-test,1,microsoft/retina::.github/workflows/perf-template.yaml,microsoft/retina,.github/workflows/perf-template.yaml,microsoft_retina__.github__workflows__perf-template.yaml,medium,pinned,expr-no-taint
1,6,0,0,0,60,1,low,0,3,3,1.0,1.0,1,1,0,1,granular,2,1,0,1,0,0,deploy-release,1,microsoft/retina::.github/workflows/release-charts.yaml,microsoft/retina,.github/workflows/release-charts.yaml,microsoft_retina__.github__workflows__release-charts.yaml,medium,pinned,expr-no-taint
7,45,1,1,0,339,1,low,0,21,3,1.0,0.875,1,1,0,1,granular,6,1,0,0,0,0,deploy-release,1,microsoft/retina::.github/workflows/release-images.yaml,microsoft/retina,.github/workflows/release-images.yaml,microsoft_retina__.github__workflows__release-images.yaml,complex,pinned,expr-no-taint
1,7,0,0,0,70,1,medium,0,2,2,1.0,0.4,1,1,0,1,granular,0,0,0,1,0,0,deploy-release,1,microsoft/retina::.github/workflows/release-validation.yaml,microsoft/retina,.github/workflows/release-validation.yaml,microsoft_retina__.github__workflows__release-validation.yaml,medium,pinned,expr-no-taint
1,5,0,0,0,106,2,low,1,3,2,1.0,1.5,0,0,0,1,granular,5,0,1,0,0,0,ci-test,1,microsoft/retina::.github/workflows/scale-test.yaml,microsoft/retina,.github/workflows/scale-test.yaml,microsoft_retina__.github__workflows__scale-test.yaml,medium,pinned,no-expr
1,2,0,0,0,35,2,low,0,1,1,1.0,1.0,0,1,0,1,not set,0,0,0,0,0,0,other,1,microsoft/retina::.github/workflows/stale.yaml,microsoft/retina,.github/workflows/stale.yaml,microsoft_retina__.github__workflows__stale.yaml,simple,pinned,expr-no-taint
1,5,0,0,0,39,1,medium,0,3,2,1.0,1.5,1,0,0,1,granular,0,0,0,0,0,0,ci-test,1,microsoft/retina::.github/workflows/test-multicloud.yml,microsoft/retina,.github/workflows/test-multicloud.yml,microsoft_retina__.github__workflows__test-multicloud.yml,medium,pinned,no-expr
1,6,0,0,0,122,4,medium,0,3,1,1.0,1.0,0,1,0,1,granular,2,1,1,1,0,0,ci-test,1,microsoft/retina::.github/workflows/test.yaml,microsoft/retina,.github/workflows/test.yaml,microsoft_retina__.github__workflows__test.yaml,medium,pinned,expr-no-taint
1,4,1,0,0,53,3,medium,0,3,3,1.0,3.0,1,1,0,1,granular,0,1,1,1,0,0,security-scan,1,microsoft/retina::.github/workflows/trivy.yaml,microsoft/retina,.github/workflows/trivy.yaml,microsoft_retina__.github__workflows__trivy.yaml,complex,pinned,expr-no-taint
1,6,0,0,0,65,2,low,0,2,2,1.0,0.5,1,1,0,1,granular,1,1,0,1,0,0,other,1,microsoft/retina::.github/workflows/update-hubble.yaml,microsoft/retina,.github/workflows/update-hubble.yaml,microsoft_retina__.github__workflows__update-hubble.yaml,medium,pinned,expr-no-taint
1,16,1,0,0,120,3,medium,0,3,1,0.0,0.2308,0,1,0,0,not set,0,0,0,0,0,0,ci-test,1,microsoft/rushstack::.github/workflows/ci.yml,microsoft/rushstack,.github/workflows/ci.yml,microsoft_rushstack__.github__workflows__ci.yml,complex,unpinned,expr-no-taint
1,3,0,0,0,86,1,medium,0,2,2,0.5,2.0,1,1,1,0,not set,1,0,0,1,0,0,other,1,microsoft/rushstack::.github/workflows/file-doc-tickets.yml,microsoft/rushstack,.github/workflows/file-doc-tickets.yml,microsoft_rushstack__.github__workflows__file-doc-tickets.yml,simple,pinned,taint
1,1,0,0,0,22,1,low,0,1,1,0.0,1.0,0,0,0,1,not set,1,1,0,0,0,0,other,1,microsoft/semantic-kernel::.github/workflows/close-inactive-issues.yml,microsoft/semantic-kernel,.github/workflows/close-inactive-issues.yml,microsoft_semantic-kernel__.github__workflows__close-inactive-issues.yml,simple,unpinned,no-expr
1,4,1,0,0,70,3,low,0,4,2,0.0,4.0,0,0,0,1,not set,0,0,0,1,0,0,security-scan,1,microsoft/semantic-kernel::.github/workflows/codeql-analysis.yml,microsoft/semantic-kernel,.github/workflows/codeql-analysis.yml,microsoft_semantic-kernel__.github__workflows__codeql-analysis.yml,complex,unpinned,no-expr
3,21,1,1,0,244,3,medium,0,9,4,0.0,0.75,1,1,0,1,granular,22,0,1,1,0,0,build,1,microsoft/semantic-kernel::.github/workflows/dotnet-build-and-test.yml,microsoft/semantic-kernel,.github/workflows/dotnet-build-and-test.yml,microsoft_semantic-kernel__.github__workflows__dotnet-build-and-test.yml,complex,unpinned,expr-no-taint
2,16,1,0,0,129,2,low,0,6,1,0.0,0.6,0,1,0,1,granular,1,0,1,1,0,0,ci-test,1,microsoft/semantic-kernel::.github/workflows/dotnet-ci.yml,microsoft/semantic-kernel,.github/workflows/dotnet-ci.yml,microsoft_semantic-kernel__.github__workflows__dotnet-ci.yml,complex,unpinned,expr-no-taint
1,6,1,0,0,94,2,medium,0,2,2,0.0,0.5,1,1,0,0,not set,0,0,0,1,0,0,code-quality,1,microsoft/semantic-kernel::.github/workflows/dotnet-format.yml,microsoft/semantic-kernel,.github/workflows/dotnet-format.yml,microsoft_semantic-kernel__.github__workflows__dotnet-format.yml,complex,unpinned,expr-no-taint
1,5,1,0,0,67,3,medium,0,3,1,0.0,1.5,0,1,0,1,granular,7,0,1,1,0,0,ci-test,1,microsoft/semantic-kernel::.github/workflows/dotnet-integration-tests.yml,microsoft/semantic-kernel,.github/workflows/dotnet-integration-tests.yml,microsoft_semantic-kernel__.github__workflows__dotnet-integration-tests.yml,complex,unpinned,expr-no-taint
1,3,0,0,0,107,1,high,0,3,1,0.0,3.0,1,0,20,1,not set,1,1,1,1,0,0,other,1,microsoft/semantic-kernel::.github/workflows/label-discussions.yml,microsoft/semantic-kernel,.github/workflows/label-discussions.yml,microsoft_semantic-kernel__.github__workflows__label-discussions.yml,simple,unpinned,taint
1,1,0,0,0,54,1,high,0,1,1,0.0,1.0,0,0,0,1,not set,1,0,0,1,0,0,other,1,microsoft/semantic-kernel::.github/workflows/label-issues.yml,microsoft/semantic-kernel,.github/workflows/label-issues.yml,microsoft_semantic-kernel__.github__workflows__label-issues.yml,simple,unpinned,no-expr
1,1,0,0,0,21,1,high,0,1,1,0.0,1.0,0,0,0,1,not set,1,0,0,0,0,0,other,1,microsoft/semantic-kernel::.github/workflows/label-pr.yml,microsoft/semantic-kernel,.github/workflows/label-pr.yml,microsoft_semantic-kernel__.github__workflows__label-pr.yml,simple,unpinned,no-expr
1,1,0,0,0,73,2,high,0,1,1,0.0,1.0,0,0,0,1,not set,1,1,0,0,0,0,other,1,microsoft/semantic-kernel::.github/workflows/label-title-prefix.yml,microsoft/semantic-kernel,.github/workflows/label-title-prefix.yml,microsoft_semantic-kernel__.github__workflows__label-title-prefix.yml,simple,unpinned,no-expr
1,2,0,0,0,27,2,medium,0,2,2,0.0,2.0,1,0,0,1,granular,0,0,0,0,0,0,ci-test,1,microsoft/semantic-kernel::.github/workflows/markdown-link-check.yml,microsoft/semantic-kernel,.github/workflows/markdown-link-check.yml,microsoft_semantic-kernel__.github__workflows__markdown-link-check.yml,simple,unpinned,no-expr
1,1,0,0,0,32,2,medium,0,1,1,0.0,1.0,1,0,0,1,not set,1,1,0,1,0,0,other,1,microsoft/semantic-kernel::.github/workflows/merge-gatekeeper.yml,microsoft/semantic-kernel,.github/workflows/merge-gatekeeper.yml,microsoft_semantic-kernel__.github__workflows__merge-gatekeeper.yml,simple,unpinned,no-expr
1,7,0,0,0,48,1,low,0,5,4,0.0,2.5,1,1,0,1,granular,3,0,0,1,0,0,build,1,microsoft/semantic-kernel::.github/workflows/python-build.yml,microsoft/semantic-kernel,.github/workflows/python-build.yml,microsoft_semantic-kernel__.github__workflows__python-build.yml,medium,unpinned,expr-no-taint
8,60,1,1,0,565,4,medium,0,30,7,0.0,1.0,1,1,0,1,granular,45,0,1,1,0,1,ci-test,1,microsoft/semantic-kernel::.github/workflows/python-integration-tests.yml,microsoft/semantic-kernel,.github/workflows/python-integration-tests.yml,microsoft_semantic-kernel__.github__workflows__python-integration-tests.yml,complex,unpinned,expr-no-taint
1,5,1,0,0,41,2,medium,0,3,3,0.0,1.5,1,0,0,0,not set,0,0,1,1,0,0,code-quality,1,microsoft/semantic-kernel::.github/workflows/python-lint.yml,microsoft/semantic-kernel,.github/workflows/python-lint.yml,microsoft_semantic-kernel__.github__workflows__python-lint.yml,complex,unpinned,no-expr
1,2,0,0,0,30,1,low,1,2,1,0.0,2.0,0,0,0,1,granular,3,0,0,0,0,0,deploy-release,1,microsoft/semantic-kernel::.github/workflows/python-manual-release.yml,microsoft/semantic-kernel,.github/workflows/python-manual-release.yml,microsoft_semantic-kernel__.github__workflows__python-manual-release.yml,simple,unpinned,no-expr
1,5,0,0,0,52,1,medium,0,3,2,0.0,1.5,1,0,0,1,granular,2,0,0,1,0,0,ci-test,1,microsoft/semantic-kernel::.github/workflows/python-test-coverage-report.yml,microsoft/semantic-kernel,.github/workflows/python-test-coverage-report.yml,microsoft_semantic-kernel__.github__workflows__python-test-coverage-report.yml,medium,unpinned,no-expr
1,6,0,0,0,49,1,medium,0,3,2,0.0,1.0,1,1,0,0,not set,0,0,0,0,0,0,ci-test,1,microsoft/semantic-kernel::.github/workflows/python-test-coverage.yml,microsoft/semantic-kernel,.github/workflows/python-test-coverage.yml,microsoft_semantic-kernel__.github__workflows__python-test-coverage.yml,medium,unpinned,expr-no-taint
1,5,1,0,0,57,1,medium,0,3,3,0.0,1.5,1,0,0,1,not set,0,0,1,1,0,0,ci-test,1,microsoft/semantic-kernel::.github/workflows/python-unit-tests.yml,microsoft/semantic-kernel,.github/workflows/python-unit-tests.yml,microsoft_semantic-kernel__.github__workflows__python-unit-tests.yml,complex,unpinned,no-expr
1,2,0,0,0,31,2,medium,0,2,2,0.0,2.0,1,0,0,0,not set,0,0,0,0,0,0,ci-test,1,microsoft/semantic-kernel::.github/workflows/typos.yaml,microsoft/semantic-kernel,.github/workflows/typos.yaml,microsoft_semantic-kernel__.github__workflows__typos.yaml,simple,unpinned,no-expr
1,10,1,0,0,52,2,medium,0,1,1,0.0,0.25,0,1,0,0,not set,0,0,0,0,0,0,build,1,microsoft/sudo::.github/workflows/pr-build.yaml,microsoft/sudo,.github/workflows/pr-build.yaml,microsoft_sudo__.github__workflows__pr-build.yaml,complex,unpinned,expr-no-taint
1,1,0,0,0,21,1,high,0,1,1,0.0,1.0,0,0,0,1,empty,1,0,0,0,0,0,other,1,microsoft/terminal::.github/workflows/addToProject.yml,microsoft/terminal,.github/workflows/addToProject.yml,microsoft_terminal__.github__workflows__addToProject.yml,simple,unpinned,no-expr
4,4,0,1,0,204,3,high,0,4,1,0.0,4.0,1,0,2,1,not set,1,0,0,1,0,0,ci-test,1,microsoft/terminal::.github/workflows/spelling2.yml,microsoft/terminal,.github/workflows/spelling2.yml,microsoft_terminal__.github__workflows__spelling2.yml,complex,unpinned,no-expr
1,1,0,0,0,27,1,low,0,0,0,0.0,0.0,0,1,0,0,not set,1,0,1,0,0,0,deploy-release,1,microsoft/terminal::.github/workflows/winget.yml,microsoft/terminal,.github/workflows/winget.yml,microsoft_terminal__.github__workflows__winget.yml,simple,no-third-party,expr-no-taint
1,6,1,0,0,52,3,medium,0,2,1,0.0,0.5,0,0,0,0,not set,0,0,0,0,0,0,ci-test,1,microsoft/tsdoc::.github/workflows/ci.yml,microsoft/tsdoc,.github/workflows/ci.yml,microsoft_tsdoc__.github__workflows__ci.yml,complex,unpinned,no-expr
1,4,1,0,0,37,2,medium,0,2,1,0.0,1.0,0,0,0,0,not set,0,0,0,0,0,0,build,1,microsoft/tsyringe::.github/workflows/build.yml,microsoft/tsyringe,.github/workflows/build.yml,microsoft_tsyringe__.github__workflows__build.yml,complex,unpinned,no-expr
1,8,0,0,0,49,1,low,0,4,3,0.0,1.0,1,0,0,0,not set,2,0,1,1,0,0,deploy-release,1,microsoft/tsyringe::.github/workflows/publish.yml,microsoft/tsyringe,.github/workflows/publish.yml,microsoft_tsyringe__.github__workflows__publish.yml,medium,unpinned,no-expr
11,79,1,1,0,376,3,medium,0,26,4,1.0,0.7955,1,0,0,1,granular,0,0,1,1,1,0,ci-test,1,microsoft/typescript-go::.github/workflows/ci.yml,microsoft/typescript-go,.github/workflows/ci.yml,microsoft_typescript-go__.github__workflows__ci.yml,complex,pinned,no-expr
1,4,0,0,0,75,3,medium,0,4,2,1.0,4.0,0,0,0,1,granular,0,0,0,1,0,0,security-scan,1,microsoft/typescript-go::.github/workflows/codeql.yml,microsoft/typescript-go,.github/workflows/codeql.yml,microsoft_typescript-go__.github__workflows__codeql.yml,medium,pinned,no-expr
1,8,0,0,0,38,1,low,0,3,2,1.0,1.0,1,0,0,1,not set,0,0,0,0,0,0,other,1,microsoft/typescript-go::.github/workflows/copilot-setup-steps.yml,microsoft/typescript-go,.github/workflows/copilot-setup-steps.yml,microsoft_typescript-go__.github__workflows__copilot-setup-steps.yml,medium,pinned,no-expr
1,5,1,0,0,53,3,low,0,3,2,1.0,4.0,1,0,0,1,granular,0,0,0,1,0,0,ci-test,1,microsoft/typescript-go::.github/workflows/create-cache.yml,microsoft/typescript-go,.github/workflows/create-cache.yml,microsoft_typescript-go__.github__workflows__create-cache.yml,complex,pinned,no-expr
1,7,0,0,0,40,1,medium,0,2,1,0.0,0.75,0,1,0,0,not set,0,0,0,0,0,0,ci-test,1,microsoft/typespec::.github/workflows/ci.yml,microsoft/typespec,.github/workflows/ci.yml,microsoft_typespec__.github__workflows__ci.yml,medium,unpinned,expr-no-taint
1,4,1,0,0,69,3,medium,0,4,2,0.0,4.0,0,0,0,1,not set,0,0,0,0,0,0,security-scan,1,microsoft/typespec::.github/workflows/codeql.yml,microsoft/typespec,.github/workflows/codeql.yml,microsoft_typespec__.github__workflows__codeql.yml,complex,unpinned,no-expr
1,6,0,0,0,38,1,medium,0,2,1,0.0,1.0,0,0,1,1,granular,2,1,1,1,0,0,other,1,microsoft/typespec::.github/workflows/commenter.yml,microsoft/typespec,.github/workflows/commenter.yml,microsoft_typespec__.github__workflows__commenter.yml,medium,unpinned,taint
5,25,0,0,0,121,4,medium,0,6,1,0.0,0.7857,0,1,4,0,not set,1,1,1,1,0,0,other,1,microsoft/typespec::.github/workflows/consistency.yml,microsoft/typespec,.github/workflows/consistency.yml,microsoft_typespec__.github__workflows__consistency.yml,complex,unpinned,taint
2,17,0,0,0,112,2,medium,0,4,2,0.0,0.4167,1,1,4,0,not set,0,0,0,1,0,0,other,1,microsoft/typespec::.github/workflows/external-integration.yml,microsoft/typespec,.github/workflows/external-integration.yml,microsoft_typespec__.github__workflows__external-integration.yml,complex,unpinned,taint
1,4,0,0,0,44,2,low,0,2,2,0.0,1.0,1,1,0,1,granular,1,1,0,0,0,0,deploy-release,1,microsoft/typespec::.github/workflows/merge-release-in-main.yml,microsoft/typespec,.github/workflows/merge-release-in-main.yml,microsoft_typespec__.github__workflows__merge-release-in-main.yml,medium,unpinned,expr-no-taint
1,4,0,0,0,33,3,low,0,1,1,0.0,1.0,0,0,0,1,granular,1,1,1,0,0,0,other,1,microsoft/typespec::.github/workflows/sync-labels.yml,microsoft/typespec,.github/workflows/sync-labels.yml,microsoft_typespec__.github__workflows__sync-labels.yml,medium,unpinned,no-expr
1,4,0,0,0,26,1,medium,0,1,1,0.0,1.0,0,0,0,0,not set,1,1,1,0,0,0,ci-test,1,microsoft/typespec::.github/workflows/verify-labels.yml,microsoft/typespec,.github/workflows/verify-labels.yml,microsoft_typespec__.github__workflows__verify-labels.yml,medium,unpinned,no-expr
2,7,0,1,0,55,2,low,0,3,1,0.0,1.3333,0,0,0,1,granular,0,0,0,0,0,0,deploy-release,1,microsoft/typespec::.github/workflows/website-gh-pages.yml,microsoft/typespec,.github/workflows/website-gh-pages.yml,microsoft_typespec__.github__workflows__website-gh-pages.yml,medium,unpinned,no-expr
1,1,0,0,0,97,1,high,0,1,1,0.0,1.0,0,0,0,1,not set,0,0,0,0,0,0,ci-test,1,microsoft/vcpkg::.github/workflows/check_issues.yml,microsoft/vcpkg,.github/workflows/check_issues.yml,microsoft_vcpkg__.github__workflows__check_issues.yml,simple,unpinned,no-expr
1,3,0,0,0,23,1,medium,0,1,1,0.0,0.5,0,0,0,1,granular,0,0,0,0,0,0,ci-test,1,microsoft/vcpkg::.github/workflows/check_tools_sha.yml,microsoft/vcpkg,.github/workflows/check_tools_sha.yml,microsoft_vcpkg__.github__workflows__check_tools_sha.yml,simple,unpinned,no-expr
1,4,1,0,0,51,3,low,0,3,2,0.0,3.0,0,0,0,1,not set,0,0,0,1,0,0,security-scan,1,microsoft/vcpkg::.github/workflows/codeql.yml,microsoft/vcpkg,.github/workflows/codeql.yml,microsoft_vcpkg__.github__workflows__codeql.yml,complex,unpinned,no-expr
1,3,0,0,0,35,1,low,0,3,1,0.0,3.0,0,0,0,1,granular,0,0,0,0,0,0,other,1,microsoft/vcpkg::.github/workflows/stale.yml,microsoft/vcpkg,.github/workflows/stale.yml,microsoft_vcpkg__.github__workflows__stale.yml,simple,unpinned,no-expr
1,4,0,0,0,194,1,medium,0,2,1,0.0,1.0,0,0,0,1,granular,0,0,0,0,0,0,ci-test,1,microsoft/vcpkg::.github/workflows/untrustedPR.yml,microsoft/vcpkg,.github/workflows/untrustedPR.yml,microsoft_vcpkg__.github__workflows__untrustedPR.yml,medium,unpinned,no-expr
3,10,1,1,0,95,3,medium,0,2,1,0.0,0.25,0,1,0,0,not set,0,0,0,0,0,0,build,1,microsoft/verona::.github/workflows/cmake.yml,microsoft/verona,.github/workflows/cmake.yml,microsoft_verona__.github__workflows__cmake.yml,complex,unpinned,expr-no-taint
1,14,0,0,0,260,3,medium,0,4,1,0.0,0.4,0,0,0,1,not set,4,1,1,1,0,0,other,1,microsoft/vscode::.github/workflows/copilot-setup-steps.yml,microsoft/vscode,.github/workflows/copilot-setup-steps.yml,microsoft_vscode__.github__workflows__copilot-setup-steps.yml,complex,unpinned,no-expr
1,17,0,0,0,100,2,medium,0,4,1,0.0,0.3077,0,0,0,1,empty,1,1,1,1,0,0,ci-test,1,microsoft/vscode::.github/workflows/monaco-editor.yml,microsoft/vscode,.github/workflows/monaco-editor.yml,microsoft_vscode__.github__workflows__monaco-editor.yml,complex,unpinned,no-expr
1,6,0,0,0,50,1,medium,0,2,2,1.0,0.5,1,1,0,1,empty,1,1,1,1,0,0,other,1,microsoft/vscode::.github/workflows/no-engineering-system-changes.yml,microsoft/vscode,.github/workflows/no-engineering-system-changes.yml,microsoft_vscode__.github__workflows__no-engineering-system-changes.yml,medium,pinned,expr-no-taint
1,6,0,0,0,51,1,medium,0,2,2,1.0,0.5,1,1,0,1,empty,1,1,1,1,0,0,build,1,microsoft/vscode::.github/workflows/no-package-lock-changes.yml,microsoft/vscode,.github/workflows/no-package-lock-changes.yml,microsoft_vscode__.github__workflows__no-package-lock-changes.yml,medium,pinned,expr-no-taint
1,30,0,0,0,241,1,low,0,7,1,0.0,0.3043,0,1,0,0,not set,3,1,1,1,0,0,ci-test,1,microsoft/vscode::.github/workflows/pr-darwin-test.yml,microsoft/vscode,.github/workflows/pr-darwin-test.yml,microsoft_vscode__.github__workflows__pr-darwin-test.yml,complex,unpinned,expr-no-taint
1,6,0,0,0,46,1,low,0,1,1,0.0,0.2,0,0,0,0,not set,0,0,1,0,1,0,ci-test,1,microsoft/vscode::.github/workflows/pr-linux-cli-test.yml,microsoft/vscode,.github/workflows/pr-linux-cli-test.yml,microsoft_vscode__.github__workflows__pr-linux-cli-test.yml,medium,unpinned,no-expr
1,32,0,0,0,287,1,low,0,7,1,0.0,0.28,0,1,0,0,not set,4,1,1,1,1,0,ci-test,1,microsoft/vscode::.github/workflows/pr-linux-test.yml,microsoft/vscode,.github/workflows/pr-linux-test.yml,microsoft_vscode__.github__workflows__pr-linux-test.yml,complex,unpinned,expr-no-taint
4,30,0,0,0,285,1,low,0,13,1,0.0,0.7647,0,1,0,1,empty,6,0,1,1,1,0,other,1,microsoft/vscode::.github/workflows/pr-node-modules.yml,microsoft/vscode,.github/workflows/pr-node-modules.yml,microsoft_vscode__.github__workflows__pr-node-modules.yml,complex,unpinned,expr-no-taint
1,32,0,0,0,278,1,low,0,7,1,0.0,0.28,0,1,0,0,not set,3,1,1,1,1,0,ci-test,1,microsoft/vscode::.github/workflows/pr-win32-test.yml,microsoft/vscode,.github/workflows/pr-win32-test.yml,microsoft_vscode__.github__workflows__pr-win32-test.yml,complex,unpinned,expr-no-taint
11,11,0,0,1,155,1,medium,0,3,1,0.0,0.375,0,0,0,1,empty,2,1,1,1,1,0,other,1,microsoft/vscode::.github/workflows/pr.yml,microsoft/vscode,.github/workflows/pr.yml,microsoft_vscode__.github__workflows__pr.yml,complex,unpinned,no-expr
1,13,0,0,0,135,2,medium,0,4,1,0.0,0.4444,0,1,0,1,granular,3,1,1,1,0,0,ci-test,1,microsoft/vscode::.github/workflows/screenshot-test.yml,microsoft/vscode,.github/workflows/screenshot-test.yml,microsoft_vscode__.github__workflows__screenshot-test.yml,complex,unpinned,expr-no-taint
1,3,0,0,0,21,1,medium,0,2,1,0.0,2.0,0,0,0,1,empty,1,1,1,0,0,0,other,1,microsoft/vscode::.github/workflows/telemetry.yml,microsoft/vscode,.github/workflows/telemetry.yml,microsoft_vscode__.github__workflows__telemetry.yml,simple,unpinned,no-expr
1,10,0,0,0,72,3,medium,0,5,1,0.0,1.0,0,0,0,0,not set,0,0,0,1,0,0,other,1,microsoft/vscode-copilot-chat::.github/workflows/copilot-setup-steps.yml,microsoft/vscode-copilot-chat,.github/workflows/copilot-setup-steps.yml,microsoft_vscode-copilot-chat__.github__workflows__copilot-setup-steps.yml,complex,unpinned,no-expr
2,11,0,0,0,83,1,low,0,7,1,0.0,1.75,0,0,0,1,granular,0,0,0,1,1,0,other,1,microsoft/vscode-copilot-chat::.github/workflows/ensure-node-modules-cache.yml,microsoft/vscode-copilot-chat,.github/workflows/ensure-node-modules-cache.yml,microsoft_vscode-copilot-chat__.github__workflows__ensure-node-modules-cache.yml,complex,unpinned,no-expr
1,6,1,0,0,54,2,medium,0,2,1,0.0,0.5,0,0,0,1,granular,0,0,0,0,0,0,build,1,microsoft/vscode-copilot-chat::.github/workflows/npm-package.yml,microsoft/vscode-copilot-chat,.github/workflows/npm-package.yml,microsoft_vscode-copilot-chat__.github__workflows__npm-package.yml,complex,unpinned,no-expr
4,47,0,0,0,238,2,medium,0,16,1,0.0,0.5161,0,0,0,1,granular,1,1,1,1,1,0,ci-test,1,microsoft/vscode-copilot-chat::.github/workflows/pr.yml,microsoft/vscode-copilot-chat,.github/workflows/pr.yml,microsoft_vscode-copilot-chat__.github__workflows__pr.yml,complex,unpinned,no-expr
1,3,0,0,0,29,2,low,1,1,1,0.0,2.0,0,0,0,1,not set,0,0,0,0,0,0,other,1,microsoft/vscode-cpptools::.github/workflows/bug-debugger.yml,microsoft/vscode-cpptools,.github/workflows/bug-debugger.yml,microsoft_vscode-cpptools__.github__workflows__bug-debugger.yml,simple,unpinned,no-expr
1,3,0,0,0,28,2,low,1,1,1,0.0,2.0,0,0,0,1,not set,0,0,0,0,0,0,other,1,microsoft/vscode-cpptools::.github/workflows/by-design-closer-debugger .yml,microsoft/vscode-cpptools,.github/workflows/by-design-closer-debugger .yml,microsoft_vscode-cpptools__.github__workflows__by-design-closer-debugger .yml,simple,unpinned,no-expr
1,3,0,0,0,30,2,low,1,1,1,0.0,2.0,0,0,0,1,not set,0,0,0,0,0,0,other,1,microsoft/vscode-cpptools::.github/workflows/by-design-closer.yml,microsoft/vscode-cpptools,.github/workflows/by-design-closer.yml,microsoft_vscode-cpptools__.github__workflows__by-design-closer.yml,simple,unpinned,no-expr
1,0,0,0,1,14,2,medium,0,0,0,0.0,0.0,0,0,0,0,not set,0,0,0,0,0,0,ci-test,1,microsoft/vscode-cpptools::.github/workflows/ci_linux.yml,microsoft/vscode-cpptools,.github/workflows/ci_linux.yml,microsoft_vscode-cpptools__.github__workflows__ci_linux.yml,simple,no-third-party,no-expr
1,0,0,0,1,15,2,medium,0,0,0,0.0,0.0,0,0,0,0,not set,0,0,0,0,0,0,ci-test,1,microsoft/vscode-cpptools::.github/workflows/ci_mac.yml,microsoft/vscode-cpptools,.github/workflows/ci_mac.yml,microsoft_vscode-cpptools__.github__workflows__ci_mac.yml,simple,no-third-party,no-expr
1,0,0,0,1,14,2,medium,0,0,0,0.0,0.0,0,0,0,0,not set,0,0,0,0,0,0,ci-test,1,microsoft/vscode-cpptools::.github/workflows/ci_windows.yml,microsoft/vscode-cpptools,.github/workflows/ci_windows.yml,microsoft_vscode-cpptools__.github__workflows__ci_windows.yml,simple,no-third-party,no-expr
1,4,1,0,0,93,3,medium,0,3,2,0.0,3.0,0,0,0,1,not set,0,0,0,1,0,0,security-scan,1,microsoft/vscode-cpptools::.github/workflows/codeql.yml,microsoft/vscode-cpptools,.github/workflows/codeql.yml,microsoft_vscode-cpptools__.github__workflows__codeql.yml,complex,unpinned,no-expr
1,3,0,0,0,30,2,low,1,1,1,0.0,2.0,0,0,0,1,not set,0,0,0,0,0,0,other,1,microsoft/vscode-cpptools::.github/workflows/duplicate-closer.yml,microsoft/vscode-cpptools,.github/workflows/duplicate-closer.yml,microsoft_vscode-cpptools__.github__workflows__duplicate-closer.yml,simple,unpinned,no-expr
1,3,0,0,0,32,2,low,1,1,1,0.0,2.0,0,0,0,1,not set,0,0,0,0,0,0,other,1,microsoft/vscode-cpptools::.github/workflows/enhancement-closer-no-milestone.yml,microsoft/vscode-cpptools,.github/workflows/enhancement-closer-no-milestone.yml,microsoft_vscode-cpptools__.github__workflows__enhancement-closer-no-milestone.yml,simple,unpinned,no-expr
1,3,0,0,0,32,2,low,1,1,1,0.0,2.0,0,0,0,1,not set,0,0,0,0,0,0,other,1,microsoft/vscode-cpptools::.github/workflows/enhancement-closer-triage.yml,microsoft/vscode-cpptools,.github/workflows/enhancement-closer-triage.yml,microsoft_vscode-cpptools__.github__workflows__enhancement-closer-triage.yml,simple,unpinned,no-expr
1,3,0,0,0,33,2,low,1,1,1,0.0,2.0,0,0,0,1,not set,0,0,0,0,0,0,other,1,microsoft/vscode-cpptools::.github/workflows/enhancement-reopener.yml,microsoft/vscode-cpptools,.github/workflows/enhancement-reopener.yml,microsoft_vscode-cpptools__.github__workflows__enhancement-reopener.yml,simple,unpinned,no-expr
1,3,0,0,0,28,2,low,1,1,1,0.0,2.0,0,0,0,1,not set,0,0,0,0,0,0,other,1,microsoft/vscode-cpptools::.github/workflows/external-closer-debugger.yml,microsoft/vscode-cpptools,.github/workflows/external-closer-debugger.yml,microsoft_vscode-cpptools__.github__workflows__external-closer-debugger.yml,simple,unpinned,no-expr
1,3,0,0,0,32,2,low,1,1,1,0.0,2.0,0,0,0,1,not set,0,0,0,0,0,0,other,1,microsoft/vscode-cpptools::.github/workflows/feature-request-closer-no-milestone.yml,microsoft/vscode-cpptools,.github/workflows/feature-request-closer-no-milestone.yml,microsoft_vscode-cpptools__.github__workflows__feature-request-closer-no-milestone.yml,simple,unpinned,no-expr
1,3,0,0,0,32,2,low,1,1,1,0.0,2.0,0,0,0,1,not set,0,0,0,0,0,0,other,1,microsoft/vscode-cpptools::.github/workflows/feature-request-closer-triage.yml,microsoft/vscode-cpptools,.github/workflows/feature-request-closer-triage.yml,microsoft_vscode-cpptools__.github__workflows__feature-request-closer-triage.yml,simple,unpinned,no-expr
1,3,0,0,0,29,2,low,1,1,1,0.0,2.0,0,0,0,1,not set,0,0,0,0,0,0,other,1,microsoft/vscode-cpptools::.github/workflows/feature-request-debugger.yml,microsoft/vscode-cpptools,.github/workflows/feature-request-debugger.yml,microsoft_vscode-cpptools__.github__workflows__feature-request-debugger.yml,simple,unpinned,no-expr
1,3,0,0,0,33,2,low,1,1,1,0.0,2.0,0,0,0,1,not set,0,0,0,0,0,0,other,1,microsoft/vscode-cpptools::.github/workflows/feature-request-reopener.yml,microsoft/vscode-cpptools,.github/workflows/feature-request-reopener.yml,microsoft_vscode-cpptools__.github__workflows__feature-request-reopener.yml,simple,unpinned,no-expr
1,3,0,0,0,28,2,low,1,1,1,0.0,2.0,0,0,0,1,not set,0,0,0,0,0,0,other,1,microsoft/vscode-cpptools::.github/workflows/investigate-closer-debugger.yml,microsoft/vscode-cpptools,.github/workflows/investigate-closer-debugger.yml,microsoft_vscode-cpptools__.github__workflows__investigate-closer-debugger.yml,simple,unpinned,no-expr
1,3,0,0,0,28,2,low,1,1,1,0.0,2.0,0,0,0,1,not set,0,0,0,0,0,0,other,1,microsoft/vscode-cpptools::.github/workflows/investigate-costing-closer-debugger.yml,microsoft/vscode-cpptools,.github/workflows/investigate-costing-closer-debugger.yml,microsoft_vscode-cpptools__.github__workflows__investigate-costing-closer-debugger.yml,simple,unpinned,no-expr
1,7,0,0,0,81,1,low,0,2,1,0.0,0.4,0,1,0,0,not set,0,0,0,1,0,0,build,1,microsoft/vscode-cpptools::.github/workflows/job-compile-and-test.yml,microsoft/vscode-cpptools,.github/workflows/job-compile-and-test.yml,microsoft_vscode-cpptools__.github__workflows__job-compile-and-test.yml,medium,unpinned,expr-no-taint
1,3,0,0,0,27,2,low,1,1,1,0.0,2.0,0,0,0,1,not set,0,0,0,0,0,0,other,1,microsoft/vscode-cpptools::.github/workflows/locker.yml,microsoft/vscode-cpptools,.github/workflows/locker.yml,microsoft_vscode-cpptools__.github__workflows__locker.yml,simple,unpinned,no-expr
1,3,0,0,0,31,2,low,1,1,1,0.0,2.0,0,0,0,1,not set,0,0,0,0,0,0,other,1,microsoft/vscode-cpptools::.github/workflows/more-info-needed-closer-debugger.yml,microsoft/vscode-cpptools,.github/workflows/more-info-needed-closer-debugger.yml,microsoft_vscode-cpptools__.github__workflows__more-info-needed-closer-debugger.yml,simple,unpinned,no-expr
1,3,0,0,0,30,2,low,1,1,1,0.0,2.0,0,0,0,1,not set,0,0,0,0,0,0,other,1,microsoft/vscode-cpptools::.github/workflows/more-info-needed-closer.yml,microsoft/vscode-cpptools,.github/workflows/more-info-needed-closer.yml,microsoft_vscode-cpptools__.github__workflows__more-info-needed-closer.yml,simple,unpinned,no-expr
1,3,0,0,0,31,2,low,1,1,1,0.0,2.0,0,0,0,1,not set,0,0,0,0,0,0,other,1,microsoft/vscode-cpptools::.github/workflows/question-closer-debugger.yml,microsoft/vscode-cpptools,.github/workflows/question-closer-debugger.yml,microsoft_vscode-cpptools__.github__workflows__question-closer-debugger.yml,simple,unpinned,no-expr
1,3,0,0,0,30,2,low,1,1,1,0.0,2.0,0,0,0,1,not set,0,0,0,0,0,0,other,1,microsoft/vscode-cpptools::.github/workflows/question-closer.yml,microsoft/vscode-cpptools,.github/workflows/question-closer.yml,microsoft_vscode-cpptools__.github__workflows__question-closer.yml,simple,unpinned,no-expr
1,4,0,0,0,16,1,medium,0,2,1,0.0,1.0,0,0,0,0,not set,0,0,0,0,0,0,ci-test,1,microsoft/vscode-extension-samples::.github/workflows/ci.yml,microsoft/vscode-extension-samples,.github/workflows/ci.yml,microsoft_vscode-extension-samples__.github__workflows__ci.yml,medium,unpinned,no-expr
2,2,0,1,0,50,1,high,0,1,1,0.0,1.0,1,1,0,1,granular,2,1,1,1,0,0,other,1,microsoft/vscode-extension-samples::.github/workflows/triage.yml,microsoft/vscode-extension-samples,.github/workflows/triage.yml,microsoft_vscode-extension-samples__.github__workflows__triage.yml,medium,unpinned,expr-no-taint
1,6,0,0,0,68,3,medium,0,2,1,0.0,0.5,0,0,0,1,not set,0,0,0,0,0,0,other,1,microsoft/vscode-pull-request-github::.github/workflows/copilot-setup-steps.yml,microsoft/vscode-pull-request-github,.github/workflows/copilot-setup-steps.yml,microsoft_vscode-pull-request-github__.github__workflows__copilot-setup-steps.yml,medium,unpinned,no-expr
7,46,1,1,0,449,1,low,0,22,5,0.3636,1.1905,1,1,0,1,empty,0,0,1,1,0,0,build,1,microsoft/vscode-python::.github/workflows/build.yml,microsoft/vscode-python,.github/workflows/build.yml,microsoft_vscode-python__.github__workflows__build.yml,complex,unpinned,expr-no-taint
1,3,1,0,0,70,3,medium,0,3,2,0.0,3.0,0,0,0,1,granular,0,0,0,0,0,0,security-scan,1,microsoft/vscode-python::.github/workflows/codeql-analysis.yml,microsoft/vscode-python,.github/workflows/codeql-analysis.yml,microsoft_vscode-python__.github__workflows__codeql-analysis.yml,complex,unpinned,no-expr
1,2,0,0,0,28,1,high,0,2,1,1.0,2.0,1,0,0,1,not set,0,0,0,1,0,0,other,1,microsoft/vscode-python::.github/workflows/community-feedback-auto-comment.yml,microsoft/vscode-python,.github/workflows/community-feedback-auto-comment.yml,microsoft_vscode-python__.github__workflows__community-feedback-auto-comment.yml,simple,pinned,no-expr
1,4,0,0,0,34,2,low,0,2,1,0.0,1.0,0,0,0,1,granular,1,1,1,0,0,0,ci-test,1,microsoft/vscode-python::.github/workflows/gen-issue-velocity.yml,microsoft/vscode-python,.github/workflows/gen-issue-velocity.yml,microsoft_vscode-python__.github__workflows__gen-issue-velocity.yml,medium,unpinned,no-expr
1,3,0,0,0,33,3,low,0,1,1,0.0,2.0,0,0,0,1,granular,1,1,0,0,0,0,other,1,microsoft/vscode-python::.github/workflows/info-needed-closer.yml,microsoft/vscode-python,.github/workflows/info-needed-closer.yml,microsoft_vscode-python__.github__workflows__info-needed-closer.yml,simple,unpinned,no-expr
1,3,0,0,0,34,1,high,0,1,1,0.0,2.0,0,0,0,1,granular,1,1,0,0,0,0,other,1,microsoft/vscode-python::.github/workflows/issue-labels.yml,microsoft/vscode-python,.github/workflows/issue-labels.yml,microsoft_vscode-python__.github__workflows__issue-labels.yml,simple,unpinned,no-expr
1,1,0,0,0,24,2,low,0,1,1,1.0,1.0,1,0,0,1,granular,0,1,0,0,0,0,other,1,microsoft/vscode-python::.github/workflows/lock-issues.yml,microsoft/vscode-python,.github/workflows/lock-issues.yml,microsoft_vscode-python__.github__workflows__lock-issues.yml,simple,pinned,no-expr
8,77,1,1,0,689,2,medium,0,34,5,0.3235,0.925,1,1,0,1,empty,0,0,1,1,0,0,ci-test,1,microsoft/vscode-python::.github/workflows/pr-check.yml,microsoft/vscode-python,.github/workflows/pr-check.yml,microsoft_vscode-python__.github__workflows__pr-check.yml,complex,unpinned,expr-no-taint
1,3,0,0,0,44,1,medium,0,3,1,1.0,3.0,1,0,0,1,empty,0,0,0,0,0,0,ci-test,1,microsoft/vscode-python::.github/workflows/pr-file-check.yml,microsoft/vscode-python,.github/workflows/pr-file-check.yml,microsoft_vscode-python__.github__workflows__pr-file-check.yml,simple,pinned,no-expr
1,1,0,0,0,31,1,medium,0,1,1,0.0,1.0,0,0,0,1,empty,0,0,0,0,0,0,ci-test,1,microsoft/vscode-python::.github/workflows/pr-issue-check.yml,microsoft/vscode-python,.github/workflows/pr-issue-check.yml,microsoft_vscode-python__.github__workflows__pr-issue-check.yml,simple,unpinned,no-expr
1,1,0,0,0,24,1,medium,0,1,1,1.0,1.0,1,0,0,1,not set,0,0,0,0,0,0,other,1,microsoft/vscode-python::.github/workflows/pr-labels.yml,microsoft/vscode-python,.github/workflows/pr-labels.yml,microsoft_vscode-python__.github__workflows__pr-labels.yml,simple,pinned,no-expr
1,1,0,0,0,16,1,high,0,0,0,0.0,0.0,0,1,1,1,not set,0,0,0,1,0,0,other,1,microsoft/vscode-python::.github/workflows/python27-issue-response.yml,microsoft/vscode-python,.github/workflows/python27-issue-response.yml,microsoft_vscode-python__.github__workflows__python27-issue-response.yml,simple,no-third-party,taint
1,1,0,0,0,20,1,high,0,1,1,1.0,1.0,1,0,0,1,not set,0,0,0,0,0,0,other,1,microsoft/vscode-python::.github/workflows/remove-needs-labels.yml,microsoft/vscode-python,.github/workflows/remove-needs-labels.yml,microsoft_vscode-python__.github__workflows__remove-needs-labels.yml,simple,pinned,no-expr
1,3,0,0,0,30,1,high,0,1,1,0.0,2.0,0,0,0,1,granular,0,0,0,1,0,0,ci-test,1,microsoft/vscode-python::.github/workflows/test-plan-item-validator.yml,microsoft/vscode-python,.github/workflows/test-plan-item-validator.yml,microsoft_vscode-python__.github__workflows__test-plan-item-validator.yml,simple,unpinned,no-expr
2,6,0,0,0,57,1,high,0,2,1,0.0,2.0,0,0,0,1,not set,2,1,0,1,0,0,other,1,microsoft/vscode-python::.github/workflows/triage-info-needed.yml,microsoft/vscode-python,.github/workflows/triage-info-needed.yml,microsoft_vscode-python__.github__workflows__triage-info-needed.yml,medium,unpinned,no-expr
3,8,1,1,0,131,3,medium,0,2,1,0.0,0.3333,0,1,0,1,granular,0,0,0,1,0,0,ci-test,1,microsoft/wil::.github/workflows/ci.yml,microsoft/wil,.github/workflows/ci.yml,microsoft_wil__.github__workflows__ci.yml,complex,unpinned,expr-no-taint
3,13,0,1,0,161,1,high,0,7,1,0.0,1.1667,0,1,1,1,granular,1,1,0,1,0,0,code-quality,1,microsoft/wil::.github/workflows/format.yml,microsoft/wil,.github/workflows/format.yml,microsoft_wil__.github__workflows__format.yml,complex,unpinned,taint
1,189,0,0,0,406,2,medium,0,1,1,0.0,0.0107,0,0,0,1,granular,0,0,0,0,0,0,other,1,microsoft/windows-rs::.github/workflows/clippy.yml,microsoft/windows-rs,.github/workflows/clippy.yml,microsoft_windows-rs__.github__workflows__clippy.yml,complex,unpinned,no-expr
1,8,1,0,0,84,2,medium,0,2,1,0.0,0.3333,0,1,0,1,granular,0,0,0,1,0,0,other,1,microsoft/windows-rs::.github/workflows/cross.yml,microsoft/windows-rs,.github/workflows/cross.yml,microsoft_windows-rs__.github__workflows__cross.yml,complex,unpinned,expr-no-taint
3,6,0,0,0,59,2,medium,0,3,1,0.0,1.0,0,0,0,1,granular,0,0,0,0,0,0,documentation,1,microsoft/windows-rs::.github/workflows/doc.yml,microsoft/windows-rs,.github/workflows/doc.yml,microsoft_windows-rs__.github__workflows__doc.yml,medium,unpinned,no-expr
1,4,0,0,0,33,2,medium,0,1,1,0.0,0.3333,0,0,0,1,granular,0,0,0,0,0,0,other,1,microsoft/windows-rs::.github/workflows/fmt.yml,microsoft/windows-rs,.github/workflows/fmt.yml,microsoft_windows-rs__.github__workflows__fmt.yml,medium,unpinned,no-expr
1,5,1,0,0,42,2,medium,0,1,1,0.0,0.25,0,1,0,1,granular,0,0,0,0,0,0,other,1,microsoft/windows-rs::.github/workflows/gen.yml,microsoft/windows-rs,.github/workflows/gen.yml,microsoft_windows-rs__.github__workflows__gen.yml,complex,unpinned,expr-no-taint
1,10,0,0,0,95,2,medium,0,2,1,0.0,0.4286,0,1,0,1,granular,0,0,0,0,0,0,other,1,microsoft/windows-rs::.github/workflows/lib.yml,microsoft/windows-rs,.github/workflows/lib.yml,microsoft_windows-rs__.github__workflows__lib.yml,complex,unpinned,expr-no-taint
1,3,0,0,0,31,2,medium,0,1,1,0.0,0.5,0,0,0,1,granular,0,0,0,0,0,0,other,1,microsoft/windows-rs::.github/workflows/linux.yml,microsoft/windows-rs,.github/workflows/linux.yml,microsoft_windows-rs__.github__workflows__linux.yml,simple,unpinned,no-expr
1,5,0,0,0,35,2,medium,0,1,1,0.0,0.25,0,0,0,1,granular,0,0,0,0,0,0,other,1,microsoft/windows-rs::.github/workflows/miri.yml,microsoft/windows-rs,.github/workflows/miri.yml,microsoft_windows-rs__.github__workflows__miri.yml,medium,unpinned,no-expr
1,41,0,0,0,108,2,medium,0,1,1,0.0,0.025,0,0,0,1,granular,0,0,0,0,0,0,other,1,microsoft/windows-rs::.github/workflows/msrv.yml,microsoft/windows-rs,.github/workflows/msrv.yml,microsoft_windows-rs__.github__workflows__msrv.yml,complex,unpinned,no-expr
1,24,0,0,0,76,2,medium,0,1,1,0.0,0.0909,0,0,0,1,granular,0,0,0,0,0,0,other,1,microsoft/windows-rs::.github/workflows/no-default-features.yml,microsoft/windows-rs,.github/workflows/no-default-features.yml,microsoft_windows-rs__.github__workflows__no-default-features.yml,complex,unpinned,no-expr
1,3,1,0,0,34,2,medium,0,1,1,0.0,0.5,0,1,0,1,granular,0,0,0,0,0,0,other,1,microsoft/windows-rs::.github/workflows/no_std.yml,microsoft/windows-rs,.github/workflows/no_std.yml,microsoft_windows-rs__.github__workflows__no_std.yml,complex,unpinned,expr-no-taint
1,3,0,0,0,31,2,medium,0,1,1,0.0,0.5,0,0,0,1,granular,0,0,0,0,0,0,deploy-release,1,microsoft/windows-rs::.github/workflows/publish.yml,microsoft/windows-rs,.github/workflows/publish.yml,microsoft_windows-rs__.github__workflows__publish.yml,simple,unpinned,no-expr
1,5,1,0,0,53,2,medium,0,1,1,0.0,0.6667,0,1,0,1,granular,0,0,0,0,0,0,other,1,microsoft/windows-rs::.github/workflows/slim_errors.yml,microsoft/windows-rs,.github/workflows/slim_errors.yml,microsoft_windows-rs__.github__workflows__slim_errors.yml,complex,unpinned,expr-no-taint
1,193,1,0,0,443,2,medium,0,1,1,0.0,0.0105,0,1,0,1,granular,0,0,0,0,0,0,ci-test,1,microsoft/windows-rs::.github/workflows/test.yml,microsoft/windows-rs,.github/workflows/test.yml,microsoft_windows-rs__.github__workflows__test.yml,complex,unpinned,expr-no-taint
2,6,0,1,0,70,3,medium,0,4,1,0.0,2.0,0,0,0,1,granular,0,0,0,1,0,0,other,1,microsoft/windows-rs::.github/workflows/web.yml,microsoft/windows-rs,.github/workflows/web.yml,microsoft_windows-rs__.github__workflows__web.yml,medium,unpinned,no-expr
1,1,0,0,0,19,1,high,0,1,1,0.0,1.0,1,0,0,1,granular,1,1,0,0,0,0,other,1,microsoft/winget-cli::.github/workflows/automatic-issue-deduplication.yml,microsoft/winget-cli,.github/workflows/automatic-issue-deduplication.yml,microsoft_winget-cli__.github__workflows__automatic-issue-deduplication.yml,simple,unpinned,no-expr
1,1,0,0,0,16,1,low,0,0,0,0.0,0.0,0,0,0,0,not set,0,0,0,1,0,0,other,1,microsoft/winget-cli::.github/workflows/spelling.yml,microsoft/winget-cli,.github/workflows/spelling.yml,microsoft_winget-cli__.github__workflows__spelling.yml,simple,no-third-party,no-expr
1,1,0,0,0,16,1,low,0,0,0,0.0,0.0,0,0,0,0,not set,0,0,0,1,0,0,other,1,microsoft/winget-cli::.github/workflows/spelling2.yml,microsoft/winget-cli,.github/workflows/spelling2.yml,microsoft_winget-cli__.github__workflows__spelling2.yml,simple,no-third-party,no-expr
2,2,0,1,0,146,2,high,0,2,1,0.0,2.0,1,0,0,1,not set,0,0,0,1,0,0,ci-test,1,microsoft/winget-cli::.github/workflows/spelling3.yml,microsoft/winget-cli,.github/workflows/spelling3.yml,microsoft_winget-cli__.github__workflows__spelling3.yml,medium,unpinned,no-expr
1,3,0,0,0,45,2,medium,0,1,1,0.0,0.5,0,0,0,1,granular,0,0,0,0,0,0,other,1,microsoft/winget-pkgs::.github/workflows/scriptAnalyzer.yaml,microsoft/winget-pkgs,.github/workflows/scriptAnalyzer.yaml,microsoft_winget-pkgs__.github__workflows__scriptAnalyzer.yaml,simple,unpinned,no-expr
3,3,0,1,0,114,2,high,0,3,1,0.0,3.0,1,0,0,1,not set,0,0,0,1,0,0,ci-test,1,microsoft/winget-pkgs::.github/workflows/spellCheck.yaml,microsoft/winget-pkgs,.github/workflows/spellCheck.yaml,microsoft_winget-pkgs__.github__workflows__spellCheck.yaml,medium,unpinned,no-expr
