workflow,status,modified,notes
Azure_AKS__.github__workflows__codespell.yml,OK,1,modified
Azure_AKS__.github__workflows__website-check.yml,OK,0,no-change
Azure_AKS__.github__workflows__website-publish.yml,OK,1,modified
Azure_Azure-Sentinel__.github__workflows__AddLabel.yaml,OK,0,no-change
Azure_Azure-Sentinel__.github__workflows__IssueComment.yml,OK,0,no-change
Azure_Azure-Sentinel__.github__workflows__ScanSecrets.yaml,OK,1,modified
Azure_Azure-Sentinel__.github__workflows__addComment.yaml,OK,0,no-change
Azure_Azure-Sentinel__.github__workflows__addCommentOnPackagedPR.yaml,OK,0,no-change
Azure_Azure-Sentinel__.github__workflows__addCommentToRemindUpdatingTemplateVersion.yml,OK,1,modified
Azure_Azure-Sentinel__.github__workflows__addLabelOnPr.yaml,OK,0,no-change
Azure_Azure-Sentinel__.github__workflows__allowedWorkflowRun.yaml,OK,0,no-change
Azure_Azure-Sentinel__.github__workflows__arm-ttk-validations.yaml,OK,0,no-change
Azure_Azure-Sentinel__.github__workflows__aws-s3-bundle-update.yaml,OK,1,modified
Azure_Azure-Sentinel__.github__workflows__checkAutomatedPR.yaml,OK,0,no-change
Azure_Azure-Sentinel__.github__workflows__checkPRContentChange.yaml,OK,0,no-change
Azure_Azure-Sentinel__.github__workflows__checkSkipPackagingInfo.yaml,OK,0,no-change
Azure_Azure-Sentinel__.github__workflows__cleanup-stale-branch.yaml,OK,0,no-change
Azure_Azure-Sentinel__.github__workflows__codeql-analysis.yml,OK,1,modified
Azure_Azure-Sentinel__.github__workflows__content-validations.yaml,OK,1,modified
Azure_Azure-Sentinel__.github__workflows__convertKqlFunctionYamlToArmTemplate.yaml,OK,1,modified
Azure_Azure-Sentinel__.github__workflows__data-connector-validations.yaml,OK,1,modified
Azure_Azure-Sentinel__.github__workflows__detection-template-schema-validations.yaml,OK,1,modified
Azure_Azure-Sentinel__.github__workflows__detection-validations.yaml,OK,1,modified
Azure_Azure-Sentinel__.github__workflows__documents-link-validation.yaml,OK,1,modified
Azure_Azure-Sentinel__.github__workflows__getSolutionName.yaml,OK,0,no-change
Azure_Azure-Sentinel__.github__workflows__hyperlinkValidator.yaml,OK,0,no-change
Azure_Azure-Sentinel__.github__workflows__json-syntax-validation.yaml,OK,1,modified
Azure_Azure-Sentinel__.github__workflows__kql-validations.yaml,OK,1,modified
Azure_Azure-Sentinel__.github__workflows__logo-validation.yaml,OK,1,modified
Azure_Azure-Sentinel__.github__workflows__neworexistingsolution.yaml,OK,0,no-change
Azure_Azure-Sentinel__.github__workflows__non-ascii-validations.yaml,OK,1,modified
Azure_Azure-Sentinel__.github__workflows__package-command.yaml,OK,0,no-change
Azure_Azure-Sentinel__.github__workflows__playbook-validations.yaml,OK,1,modified
Azure_Azure-Sentinel__.github__workflows__pullRequestStatus.yaml,OK,0,no-change
Azure_Azure-Sentinel__.github__workflows__runAsimSchemaAndDataTesters.yaml,OK,1,modified
Azure_Azure-Sentinel__.github__workflows__sample-data-validation.yaml,OK,1,modified
Azure_Azure-Sentinel__.github__workflows__slash-command-armttk.yaml,OK,1,modified
Azure_Azure-Sentinel__.github__workflows__slash-command-dispatch.yaml,OK,0,no-change
Azure_Azure-Sentinel__.github__workflows__solution-validations.yaml,OK,1,modified
Azure_Azure-Sentinel__.github__workflows__solutionIntegration.yaml,OK,1,modified
Azure_Azure-Sentinel__.github__workflows__validateClassicAppInsights.yaml,OK,0,no-change
Azure_Azure-Sentinel__.github__workflows__validateFieldTypes.yaml,OK,0,no-change
Azure_Azure-Sentinel__.github__workflows__validateVersionChangedInDetections.yml,OK,1,modified
Azure_Azure-Sentinel__.github__workflows__workbook-metadata-validations.yaml,OK,1,modified
Azure_Azure-Sentinel__.github__workflows__workbook-template-validations.yaml,OK,1,modified
Azure_Azure-Sentinel__.github__workflows__yaml-syntax-validation.yaml,OK,1,modified
Azure_Azurite__.github__workflows__PrValidation.yml,OK,1,modified
Azure_Azurite__.github__workflows__codeql.yml,OK,1,modified
Azure_PyRIT__.github__workflows__build_and_test.yml,OK,1,modified
Azure_PyRIT__.github__workflows__docker_build.yml,OK,1,modified
Azure_PyRIT__.github__workflows__docs.yml,OK,1,modified
Azure_PyRIT__.github__workflows__frontend_tests.yml,OK,1,modified
Azure_autorest__.github__workflows__codeql.yml,OK,1,modified
Azure_autorest__.github__workflows__consitency-checks.yml,OK,1,modified
Azure_autorest__.github__workflows__prepare-auto-release-branch.yml,OK,1,modified
Azure_azure-cli__.github__workflows__AddIssueComment.yml,OK,1,modified
Azure_azure-cli__.github__workflows__AddIssueCommentWithLabel.yml,OK,1,modified
Azure_azure-cli__.github__workflows__AddPRComment.yml,OK,0,no-change
Azure_azure-cli__.github__workflows__AzdevLinter.yml,OK,1,modified
Azure_azure-cli__.github__workflows__AzdevStyle.yml,OK,1,modified
Azure_azure-cli__.github__workflows__BlockPRMerge.yml,OK,1,modified
Azure_azure-cli__.github__workflows__CCOA.yml,OK,1,modified
Azure_azure-cli__.github__workflows__GitHookNotice.yml,OK,1,modified
Azure_azure-cli__.github__workflows__RunIssueSentinel.yml,OK,1,modified
Azure_azure-cli__.github__workflows__TriggerReferenceDocsCI.yml,OK,1,modified
Azure_azure-functions-host__.github__workflows__backport.yml,OK,1,modified
Azure_azure-functions-host__.github__workflows__dependency-review.yml,OK,1,modified
Azure_azure-functions-host__.github__workflows__round-robin-assign.yml,OK,0,no-change
Azure_azure-powershell__.github__workflows__issue-metrics.yml,OK,1,modified
Azure_azure-powershell__.github__workflows__issue-sentinel.yml,OK,1,modified
Azure_azure-powershell__.github__workflows__pr-labeled.yml,OK,1,modified
Azure_azure-quickstart-templates__.github__workflows__auto-fix.yml,OK,1,modified
Azure_azure-rest-api-specs__.github__workflows__SDK-Suppressions-Label.yaml,OK,1,modified
Azure_azure-rest-api-specs__.github__workflows___reusable-eng-tools-test.yaml,OK,1,modified
Azure_azure-rest-api-specs__.github__workflows___reusable-set-check-status.yaml,OK,1,modified
Azure_azure-rest-api-specs__.github__workflows__arm-auto-signoff-code.yaml,OK,1,modified
Azure_azure-rest-api-specs__.github__workflows__arm-auto-signoff-status.yaml,OK,1,modified
Azure_azure-rest-api-specs__.github__workflows__avocado-code.yaml,OK,1,modified
Azure_azure-rest-api-specs__.github__workflows__avocado-status.yaml,OK,0,no-change
Azure_azure-rest-api-specs__.github__workflows__breaking-change-add-label-artifacts.yaml,OK,1,modified
Azure_azure-rest-api-specs__.github__workflows__breaking-change-code.yaml,OK,1,modified
Azure_azure-rest-api-specs__.github__workflows__breaking-change-cross-version-code.yaml,OK,1,modified
Azure_azure-rest-api-specs__.github__workflows__breaking-change-cross-version-status.yaml,OK,0,no-change
Azure_azure-rest-api-specs__.github__workflows__breaking-change-status.yaml,OK,0,no-change
Azure_azure-rest-api-specs__.github__workflows__codeql.yaml,OK,1,modified
Azure_azure-rest-api-specs__.github__workflows__copilot-setup-steps.yaml,OK,1,modified
Azure_azure-rest-api-specs__.github__workflows__github-test.yaml,OK,1,modified
Azure_azure-rest-api-specs__.github__workflows__lintdiff-code.yaml,OK,1,modified
Azure_azure-rest-api-specs__.github__workflows__lintdiff-status.yaml,OK,0,no-change
Azure_azure-rest-api-specs__.github__workflows__lintdiff-test.yaml,OK,0,no-change
Azure_azure-rest-api-specs__.github__workflows__oav-runner-tests.yaml,OK,0,no-change
Azure_azure-rest-api-specs__.github__workflows__openapi-diff-runner-test.yaml,OK,0,no-change
Azure_azure-rest-api-specs__.github__workflows__post-apiview.yaml,OK,1,modified
Azure_azure-rest-api-specs__.github__workflows__protected-files.yaml,OK,1,modified
Azure_azure-rest-api-specs__.github__workflows__sdk-breaking-change-labels.yaml,OK,1,modified
Azure_azure-rest-api-specs__.github__workflows__sdk-generation-agent.lock.yml,OK,0,no-change
Azure_azure-rest-api-specs__.github__workflows__sdk-suppressions-test.yaml,OK,0,no-change
Azure_azure-rest-api-specs__.github__workflows__spec-gen-sdk-runner-test.yaml,OK,0,no-change
Azure_azure-rest-api-specs__.github__workflows__spec-gen-sdk-status.yaml,OK,1,modified
Azure_azure-rest-api-specs__.github__workflows__spelling-all.yaml,OK,1,modified
Azure_azure-rest-api-specs__.github__workflows__spelling.yaml,OK,1,modified
Azure_azure-rest-api-specs__.github__workflows__summarize-checks.yaml,OK,1,modified
Azure_azure-rest-api-specs__.github__workflows__summarize-impact-test.yaml,OK,0,no-change
Azure_azure-rest-api-specs__.github__workflows__summarize-impact.yaml,OK,1,modified
Azure_azure-rest-api-specs__.github__workflows__suppressions-test.yaml,OK,0,no-change
Azure_azure-rest-api-specs__.github__workflows__swagger-modelvalidation-code.yaml,OK,1,modified
Azure_azure-rest-api-specs__.github__workflows__swagger-modelvalidation-status.yaml,OK,0,no-change
Azure_azure-rest-api-specs__.github__workflows__swagger-semanticvalidation-code.yaml,OK,1,modified
Azure_azure-rest-api-specs__.github__workflows__swagger-semanticvalidation-status.yaml,OK,0,no-change
Azure_azure-rest-api-specs__.github__workflows__tsp-client-test.yaml,OK,0,no-change
Azure_azure-rest-api-specs__.github__workflows__typespec-migration-validation.yaml,OK,1,modified
Azure_azure-rest-api-specs__.github__workflows__typespec-requirement-test.yaml,OK,0,no-change
Azure_azure-rest-api-specs__.github__workflows__typespec-requirement.yaml,OK,1,modified
Azure_azure-rest-api-specs__.github__workflows__typespec-validation-all.yaml,OK,1,modified
Azure_azure-rest-api-specs__.github__workflows__typespec-validation-test.yaml,OK,0,no-change
Azure_azure-rest-api-specs__.github__workflows__typespec-validation.yaml,OK,1,modified
Azure_azure-rest-api-specs__.github__workflows__update-labels.yaml,OK,1,modified
Azure_azure-sdk-for-java__.github__workflows__copilot-setup-steps.yml,OK,1,modified
Azure_azure-sdk-for-java__.github__workflows__event-processor.yml,OK,1,modified
Azure_azure-sdk-for-java__.github__workflows__event.yml,OK,0,no-change
Azure_azure-sdk-for-java__.github__workflows__post-apiview.yml,OK,1,modified
Azure_azure-sdk-for-java__.github__workflows__scheduled-event-processor.yml,OK,1,modified
Azure_azure-sdk-for-js__.github__workflows__copilot-setup-steps.yml,OK,1,modified
Azure_azure-sdk-for-js__.github__workflows__docs-consistency-check.lock.yml,OK,0,no-change
Azure_azure-sdk-for-js__.github__workflows__event-processor.yml,OK,1,modified
Azure_azure-sdk-for-js__.github__workflows__event.yml,OK,0,no-change
Azure_azure-sdk-for-js__.github__workflows__post-apiview.yml,OK,1,modified
Azure_azure-sdk-for-js__.github__workflows__scheduled-event-processor.yml,OK,1,modified
Azure_azure-sdk-for-net__.github__workflows__copilot-setup-steps.yml,OK,1,modified
Azure_azure-sdk-for-net__.github__workflows__event-processor.yml,OK,1,modified
Azure_azure-sdk-for-net__.github__workflows__event.yml,OK,0,no-change
Azure_azure-sdk-for-net__.github__workflows__post-apiview.yml,OK,1,modified
Azure_azure-sdk-for-net__.github__workflows__scheduled-event-processor.yml,OK,1,modified
Azure_azure-sdk-for-python__.github__workflows__azure-sdk-tools.yml,OK,1,modified
Azure_azure-sdk-for-python__.github__workflows__copilot-setup-steps.yml,OK,1,modified
Azure_azure-sdk-for-python__.github__workflows__dependency-checker.yml,OK,1,modified
Azure_azure-sdk-for-python__.github__workflows__event-processor.yml,OK,1,modified
Azure_azure-sdk-for-python__.github__workflows__event.yml,OK,0,no-change
Azure_azure-sdk-for-python__.github__workflows__post-apiview.yml,OK,1,modified
Azure_azure-sdk-for-python__.github__workflows__scheduled-event-processor.yml,OK,1,modified
Azure_bicep__.github__workflows__build.yml,OK,1,modified
Azure_bicep__.github__workflows__codeql.yml,OK,1,modified
Azure_bicep__.github__workflows__github-pages.yml,OK,1,modified
Azure_bicep__.github__workflows__lockfiles-command.yml,OK,1,modified
Azure_bicep__.github__workflows__pr-compliance.yml,OK,0,no-change
Azure_bicep__.github__workflows__run-benchmarks.yml,OK,1,modified
Azure_bicep__.github__workflows__run-compile-samples.yml,OK,1,modified
Azure_bicep__.github__workflows__run-formatter.yml,OK,1,modified
Azure_bicep__.github__workflows__slash-command-dispatch.yml,OK,1,modified
Azure_bicep__.github__workflows__test-azure-cli-integration.yml,OK,1,modified
Azure_bicep__.github__workflows__update-baselines.yml,OK,1,modified
Azure_bicep__.github__workflows__update-dependencies.yml,OK,1,modified
Azure_bicep__.github__workflows__update-notices.yml,OK,1,modified
IBM_mcp-context-forge__.github__workflows__alembic-upgrade-validation.yml,OK,1,modified
IBM_mcp-context-forge__.github__workflows__bandit.yml,OK,1,modified
IBM_mcp-context-forge__.github__workflows__codeql.yml,OK,1,modified
IBM_mcp-context-forge__.github__workflows__dependency-review.yml,OK,1,modified
IBM_mcp-context-forge__.github__workflows__docker-multiplatform.yml,OK,1,modified
IBM_mcp-context-forge__.github__workflows__docker-release.yml,OK,1,modified
IBM_mcp-context-forge__.github__workflows__docker-scan.yml,OK,1,modified
IBM_mcp-context-forge__.github__workflows__ibm-cloud-code-engine.yml,OK,1,modified
IBM_mcp-context-forge__.github__workflows__license-check.yml,OK,1,modified
IBM_mcp-context-forge__.github__workflows__lint-web.yml,OK,1,modified
IBM_mcp-context-forge__.github__workflows__lint.yml,OK,1,modified
IBM_mcp-context-forge__.github__workflows__linting-full.yml,OK,1,modified
IBM_mcp-context-forge__.github__workflows__playwright.yml,OK,1,modified
IBM_mcp-context-forge__.github__workflows__pytest.yml,OK,1,modified
IBM_mcp-context-forge__.github__workflows__python-package.yml,OK,1,modified
IBM_mcp-context-forge__.github__workflows__rust-plugins.yml,OK,1,modified
IBM_mcp-context-forge__.github__workflows__rust-tools.yml,OK,1,modified
IBM_mcp-context-forge__.github__workflows__vitest.yml,OK,1,modified
IBM_plex__.github__workflows__publish-cdn-test.yml,OK,0,no-change
IBM_plex__.github__workflows__publish-cdn.yml,OK,1,modified
IBM_sarama__.github__workflows__apidiff.yml,OK,0,no-change
IBM_sarama__.github__workflows__cache-cleanup.yml,OK,0,no-change
IBM_sarama__.github__workflows__ci.yml,OK,0,no-change
IBM_sarama__.github__workflows__codeql-analysis.yml,OK,0,no-change
IBM_sarama__.github__workflows__dependency-review.yml,OK,0,no-change
IBM_sarama__.github__workflows__fuzz.yml,OK,0,no-change
IBM_sarama__.github__workflows__fvt-main.yml,OK,0,no-change
IBM_sarama__.github__workflows__fvt-pr.yml,OK,0,no-change
IBM_sarama__.github__workflows__fvt.yml,OK,0,no-change
IBM_sarama__.github__workflows__i386.yml,OK,0,no-change
IBM_sarama__.github__workflows__renovate-config.yml,OK,0,no-change
IBM_sarama__.github__workflows__scorecard.yml,OK,0,no-change
IBM_sarama__.github__workflows__stale.yml,OK,0,no-change
NVIDIA_DALI__.github__workflows__codeql.yml,OK,1,modified
NVIDIA_DALI__.github__workflows__lint.yml,OK,1,modified
NVIDIA_Isaac-GR00T__.github__workflows__main.yml,OK,1,modified
NVIDIA_Megatron-LM__.github__workflows___build_test_publish_wheel.yml,OK,1,modified
NVIDIA_Megatron-LM__.github__workflows___release_library.yml,OK,1,modified
NVIDIA_Megatron-LM__.github__workflows___update_dependencies.yml,OK,1,modified
NVIDIA_Megatron-LM__.github__workflows__auto-assign-milestone.yml,OK,0,no-change
NVIDIA_Megatron-LM__.github__workflows__auto-reminder-bot.yml,OK,1,modified
NVIDIA_Megatron-LM__.github__workflows__auto-swap-labels.yml,OK,1,modified
NVIDIA_Megatron-LM__.github__workflows__auto-update-copy-pr-bot.yml,OK,1,modified
NVIDIA_Megatron-LM__.github__workflows__build-docs.yml,OK,1,modified
NVIDIA_Megatron-LM__.github__workflows__build-test-publish-wheel.yml,OK,1,modified
NVIDIA_Megatron-LM__.github__workflows__cherry-pick-release-commit.yml,OK,1,modified
NVIDIA_Megatron-LM__.github__workflows__cicd-approve-test-queue.yml,OK,1,modified
NVIDIA_Megatron-LM__.github__workflows__cicd-main.yml,OK,1,modified
NVIDIA_Megatron-LM__.github__workflows__close-inactive-issue-pr.yml,OK,1,modified
NVIDIA_Megatron-LM__.github__workflows__community-bot.yml,OK,1,modified
NVIDIA_Megatron-LM__.github__workflows__copyright-check.yml,OK,1,modified
NVIDIA_Megatron-LM__.github__workflows__dependabot.yml,OK,0,no-change
NVIDIA_Megatron-LM__.github__workflows__install-test.yml,OK,1,modified
NVIDIA_Megatron-LM__.github__workflows__multi-approval-bot.yml,OK,1,modified
NVIDIA_Megatron-LM__.github__workflows__oncall-assign.yml,OK,1,modified
NVIDIA_Megatron-LM__.github__workflows__oncall-rotation.yml,OK,1,modified
NVIDIA_Megatron-LM__.github__workflows__release-docs.yml,OK,1,modified
NVIDIA_Megatron-LM__.github__workflows__release-freeze.yml,OK,1,modified
NVIDIA_Megatron-LM__.github__workflows__release-nightly-docs.yml,OK,0,no-change
NVIDIA_Megatron-LM__.github__workflows__release.yaml,OK,0,no-change
NVIDIA_Megatron-LM__.github__workflows__sync-team-usergroups.yml,OK,1,modified
NVIDIA_Megatron-LM__.github__workflows__trigger-mbridge-tests.yml,OK,1,modified
NVIDIA_Model-Optimizer__.github__workflows___example_tests_runner.yml,OK,1,modified
NVIDIA_Model-Optimizer__.github__workflows___wait_for_checks.yml,OK,1,modified
NVIDIA_Model-Optimizer__.github__workflows__close_inactive_issues_pr.yml,OK,1,modified
NVIDIA_Model-Optimizer__.github__workflows__code_quality.yml,OK,1,modified
NVIDIA_Model-Optimizer__.github__workflows__example_tests.yml,OK,1,modified
NVIDIA_Model-Optimizer__.github__workflows__gpu_tests.yml,OK,1,modified
NVIDIA_Model-Optimizer__.github__workflows__pages.yml,OK,1,modified
NVIDIA_Model-Optimizer__.github__workflows__release.yml,OK,1,modified
NVIDIA_Model-Optimizer__.github__workflows__unit_tests.yml,OK,1,modified
NVIDIA_NeMo-Retriever__.github__workflows__build-docs.yml,OK,1,modified
NVIDIA_NeMo-Retriever__.github__workflows__conda-publish.yml,OK,1,modified
NVIDIA_NeMo-Retriever__.github__workflows__docker-build-arm.yml,OK,1,modified
NVIDIA_NeMo-Retriever__.github__workflows__docker-build.yml,OK,1,modified
NVIDIA_NeMo-Retriever__.github__workflows__docker-nightly-publish.yml,OK,1,modified
NVIDIA_NeMo-Retriever__.github__workflows__docker-release-publish.yml,OK,1,modified
NVIDIA_NeMo-Retriever__.github__workflows__huggingface-nightly.yml,OK,1,modified
NVIDIA_NeMo-Retriever__.github__workflows__pre-commit.yml,OK,1,modified
NVIDIA_NeMo-Retriever__.github__workflows__pypi-nightly-publish.yml,OK,1,modified
NVIDIA_NeMo-Retriever__.github__workflows__test-library-mode.yml,OK,1,modified
NVIDIA_TensorRT-LLM__.github__workflows__auto-assign.yml,OK,1,modified
NVIDIA_TensorRT-LLM__.github__workflows__auto-close-inactive-issues.yml,OK,1,modified
NVIDIA_TensorRT-LLM__.github__workflows__blossom-ci.yml,OK,1,modified
NVIDIA_TensorRT-LLM__.github__workflows__bot-command.yml,OK,1,modified
NVIDIA_TensorRT-LLM__.github__workflows__l0-test.yml,OK,1,modified
NVIDIA_TensorRT-LLM__.github__workflows__label_community_pr.yml,OK,1,modified
NVIDIA_TensorRT-LLM__.github__workflows__label_issue.yml,OK,1,modified
NVIDIA_TensorRT-LLM__.github__workflows__pr-check.yml,OK,1,modified
NVIDIA_TensorRT-LLM__.github__workflows__precommit-check.yml,OK,1,modified
NVIDIA_TensorRT-LLM__.github__workflows__waiting_for_feedback.yml,OK,1,modified
NVIDIA_TensorRT__.github__workflows__blossom-ci.yml,OK,1,modified
NVIDIA_TensorRT__.github__workflows__docker-image.yml,OK,1,modified
NVIDIA_TensorRT__.github__workflows__feedback-update.yml,OK,1,modified
NVIDIA_TensorRT__.github__workflows__label_issue.yml,OK,1,modified
NVIDIA_TensorRT__.github__workflows__stale.yml,OK,1,modified
NVIDIA_TransformerEngine__.github__workflows__attach-wheels-to-release.yml,OK,1,modified
NVIDIA_TransformerEngine__.github__workflows__blossom-ci.yml,OK,1,modified
NVIDIA_TransformerEngine__.github__workflows__build.yml,OK,1,modified
NVIDIA_TransformerEngine__.github__workflows__deploy_nightly_docs.yml,OK,1,modified
NVIDIA_TransformerEngine__.github__workflows__docs.yml,OK,1,modified
NVIDIA_TransformerEngine__.github__workflows__license.yml,OK,1,modified
NVIDIA_TransformerEngine__.github__workflows__lint.yml,OK,1,modified
NVIDIA_TransformerEngine__.github__workflows__trigger-ci.yml,OK,1,modified
NVIDIA_TransformerEngine__.github__workflows__upload-ci-logs.yml,OK,0,no-change
NVIDIA_cccl__.github__workflows__backport-prs.yml,OK,1,modified
NVIDIA_cccl__.github__workflows__blackduck-sca.yml,OK,1,modified
NVIDIA_cccl__.github__workflows__build-and-test-python-wheels.yml,OK,1,modified
NVIDIA_cccl__.github__workflows__build-matx.yml,OK,1,modified
NVIDIA_cccl__.github__workflows__build-pytorch.yml,OK,1,modified
NVIDIA_cccl__.github__workflows__build-rapids.yml,OK,1,modified
NVIDIA_cccl__.github__workflows__ci-workflow-nightly.yml,OK,1,modified
NVIDIA_cccl__.github__workflows__ci-workflow-pull-request.yml,OK,1,modified
NVIDIA_cccl__.github__workflows__ci-workflow-weekly.yml,OK,1,modified
NVIDIA_cccl__.github__workflows__docs-deploy.yml,OK,1,modified
NVIDIA_cccl__.github__workflows__git-bisect.yml,OK,1,modified
NVIDIA_cccl__.github__workflows__project_automation_set_in_progress.yml,OK,1,modified
NVIDIA_cccl__.github__workflows__project_automation_set_in_review.yml,OK,1,modified
NVIDIA_cccl__.github__workflows__project_automation_set_roadmap.yml,OK,1,modified
NVIDIA_cccl__.github__workflows__project_automation_sync_pr_issues.yml,OK,1,modified
NVIDIA_cccl__.github__workflows__release-create-new.yml,OK,1,modified
NVIDIA_cccl__.github__workflows__release-finalize.yml,OK,1,modified
NVIDIA_cccl__.github__workflows__release-update-rc.yml,OK,1,modified
NVIDIA_cccl__.github__workflows__release-wheels.yml,OK,0,no-change
NVIDIA_cccl__.github__workflows__triage_rotation.yml,OK,0,no-change
NVIDIA_cccl__.github__workflows__update-branch-version.yml,OK,1,modified
NVIDIA_cccl__.github__workflows__verify-devcontainers.yml,OK,1,modified
NVIDIA_cccl__.github__workflows__workflow-dispatch-standalone-group-linux.yml,OK,1,modified
NVIDIA_cccl__.github__workflows__workflow-dispatch-standalone-group-windows.yml,OK,1,modified
NVIDIA_cccl__.github__workflows__workflow-dispatch-two-stage-group-linux.yml,OK,0,no-change
NVIDIA_cccl__.github__workflows__workflow-dispatch-two-stage-group-windows.yml,OK,0,no-change
NVIDIA_cccl__.github__workflows__workflow-dispatch-two-stage-linux.yml,OK,1,modified
NVIDIA_cccl__.github__workflows__workflow-dispatch-two-stage-windows.yml,OK,1,modified
NVIDIA_cuda-python__.github__workflows__backport.yml,OK,0,no-change
NVIDIA_cuda-python__.github__workflows__bandit.yml,OK,1,modified
NVIDIA_cuda-python__.github__workflows__build-docs.yml,OK,0,no-change
NVIDIA_cuda-python__.github__workflows__build-wheel.yml,OK,1,modified
NVIDIA_cuda-python__.github__workflows__ci.yml,OK,0,no-change
NVIDIA_cuda-python__.github__workflows__cleanup-pr-previews.yml,OK,1,modified
NVIDIA_cuda-python__.github__workflows__codeql.yml,OK,0,no-change
NVIDIA_cuda-python__.github__workflows__coverage.yml,OK,0,no-change
NVIDIA_cuda-python__.github__workflows__release-cuda-pathfinder.yml,OK,0,no-change
NVIDIA_cuda-python__.github__workflows__release-upload.yml,OK,0,no-change
NVIDIA_cuda-python__.github__workflows__release.yml,OK,0,no-change
NVIDIA_cuda-python__.github__workflows__test-wheel-linux.yml,OK,0,no-change
NVIDIA_cuda-python__.github__workflows__test-wheel-windows.yml,OK,0,no-change
NVIDIA_cuda-python__.github__workflows__triagelabel.yml,OK,0,no-change
NVIDIA_cutlass__.github__workflows__auto-label-issues.yml,OK,1,modified
NVIDIA_cutlass__.github__workflows__blossom-ci.yml,OK,1,modified
NVIDIA_cutlass__.github__workflows__labeler.yml,OK,0,no-change
NVIDIA_cutlass__.github__workflows__new-issues-to-triage-projects.yml,OK,1,modified
NVIDIA_cutlass__.github__workflows__stale.yml,OK,1,modified
NVIDIA_garak__.github__workflows__cla.yml,OK,1,modified
NVIDIA_garak__.github__workflows__labels.yml,OK,1,modified
NVIDIA_garak__.github__workflows__lint.yml,OK,1,modified
NVIDIA_garak__.github__workflows__maintain_cache.yml,OK,1,modified
NVIDIA_garak__.github__workflows__nightly.yml,OK,0,no-change
NVIDIA_garak__.github__workflows__remote_package_install.yml,OK,1,modified
NVIDIA_garak__.github__workflows__stale.yml,OK,1,modified
NVIDIA_garak__.github__workflows__test_linux.yml,OK,1,modified
NVIDIA_garak__.github__workflows__test_macos.yml,OK,1,modified
NVIDIA_garak__.github__workflows__test_windows.yml,OK,1,modified
NVIDIA_gpu-operator__.github__workflows__cherrypick.yml,OK,1,modified
NVIDIA_gpu-operator__.github__workflows__ci.yaml,OK,1,modified
NVIDIA_gpu-operator__.github__workflows__renovate.yaml,OK,1,modified
NVIDIA_gpu-operator__.github__workflows__stale.yaml,OK,1,modified
NVIDIA_k8s-device-plugin__.github__workflows__basic-checks.yaml,OK,0,no-change
NVIDIA_k8s-device-plugin__.github__workflows__cherrypick.yml,OK,1,modified
NVIDIA_k8s-device-plugin__.github__workflows__ci.yaml,OK,0,no-change
NVIDIA_k8s-device-plugin__.github__workflows__code_scanning.yaml,OK,1,modified
NVIDIA_k8s-device-plugin__.github__workflows__deploy-to-pages.yaml,OK,1,modified
NVIDIA_k8s-device-plugin__.github__workflows__e2e.yaml,OK,1,modified
NVIDIA_k8s-device-plugin__.github__workflows__golang.yaml,OK,1,modified
NVIDIA_k8s-device-plugin__.github__workflows__helm.yaml,OK,1,modified
NVIDIA_k8s-device-plugin__.github__workflows__image.yaml,OK,1,modified
NVIDIA_k8s-device-plugin__.github__workflows__publish-helm.yaml,OK,1,modified
NVIDIA_k8s-device-plugin__.github__workflows__release.yaml,OK,1,modified
NVIDIA_k8s-device-plugin__.github__workflows__stale.yaml,OK,1,modified
NVIDIA_k8s-device-plugin__.github__workflows__variables.yaml,OK,1,modified
NVIDIA_nvidia-container-toolkit__.github__workflows__cherrypick.yml,OK,1,modified
NVIDIA_nvidia-container-toolkit__.github__workflows__ci.yaml,OK,0,no-change
NVIDIA_nvidia-container-toolkit__.github__workflows__code_scanning.yaml,OK,1,modified
NVIDIA_nvidia-container-toolkit__.github__workflows__e2e.yaml,OK,1,modified
NVIDIA_nvidia-container-toolkit__.github__workflows__golang.yaml,OK,1,modified
NVIDIA_nvidia-container-toolkit__.github__workflows__image.yaml,OK,1,modified
NVIDIA_nvidia-container-toolkit__.github__workflows__release.yaml,OK,1,modified
NVIDIA_nvidia-container-toolkit__.github__workflows__stale.yaml,OK,1,modified
NVIDIA_physicsnemo__.github__workflows__blossom-ci.yml,OK,1,modified
NVIDIA_physicsnemo__.github__workflows__github-nightly-container.yml,OK,1,modified
NVIDIA_physicsnemo__.github__workflows__github-nightly-uv.yml,OK,1,modified
NVIDIA_physicsnemo__.github__workflows__github-pr.yml,OK,1,modified
NVIDIA_physicsnemo__.github__workflows__install-ci.yml,OK,1,modified
NVIDIA_physicsnemo__.github__workflows__merge-queue-blossom-passthrough.yml,OK,1,modified
NVIDIA_physicsnemo__.github__workflows__pre-commit.yml,OK,1,modified
NVIDIA_physicsnemo__.github__workflows__stale.yml,OK,1,modified
NVIDIA_stdexec__.github__workflows__ci.cpu.yml,OK,1,modified
NVIDIA_stdexec__.github__workflows__ci.gpu.yml,OK,1,modified
NVIDIA_stdexec__.github__workflows__gh-pages.yml,OK,1,modified
NVIDIA_stdexec__.github__workflows__style.yml,OK,1,modified
NVIDIA_warp__.github__workflows__build-warp-builder-images.yml,OK,0,no-change
NVIDIA_warp__.github__workflows__ci.yml,OK,1,modified
NVIDIA_warp__.github__workflows__codeql.yml,OK,1,modified
NVIDIA_warp__.github__workflows__draft-release.yml,OK,1,modified
NVIDIA_warp__.github__workflows__pr.yml,OK,1,modified
NVIDIA_warp__.github__workflows__sphinx.yml,OK,1,modified
Tencent_AI-Infra-Guard__.github__workflows__create-release.yml,OK,1,modified
Tencent_AI-Infra-Guard__.github__workflows__docker-publish.yml,OK,1,modified
Tencent_Hippy__.github__workflows__3rd_prebuilt_sqlite.yml,OK,1,modified
Tencent_Hippy__.github__workflows__3rd_prebuilt_v8.yml,OK,1,modified
Tencent_Hippy__.github__workflows__android_build_tests.yml,OK,1,modified
Tencent_Hippy__.github__workflows__android_build_tests_bypass.yml,OK,0,no-change
Tencent_Hippy__.github__workflows__docker_build_image.yml,OK,1,modified
Tencent_Hippy__.github__workflows__docs_markdown_lint.yml,OK,1,modified
Tencent_Hippy__.github__workflows__docs_markdown_lint_bypass.yml,OK,0,no-change
Tencent_Hippy__.github__workflows__frontend_build_tests.yml,OK,1,modified
Tencent_Hippy__.github__workflows__frontend_build_tests_bypass.yml,OK,0,no-change
Tencent_Hippy__.github__workflows__gh_action_approve_checks.yml,OK,1,modified
Tencent_Hippy__.github__workflows__gh_action_merge.yml,OK,1,modified
Tencent_Hippy__.github__workflows__gh_issue_crash_report.yml,OK,1,modified
Tencent_Hippy__.github__workflows__gh_licence_checks.yml,OK,1,modified
Tencent_Hippy__.github__workflows__gh_licence_checks_bypass.yml,OK,0,no-change
Tencent_Hippy__.github__workflows__gh_mark_and_close_stalled.yml,OK,1,modified
Tencent_Hippy__.github__workflows__gh_pr_auto_merger.yml,OK,1,modified
Tencent_Hippy__.github__workflows__gh_pr_auto_updater.yml,OK,1,modified
Tencent_Hippy__.github__workflows__gh_pr_checks_approval.yml,OK,1,modified
Tencent_Hippy__.github__workflows__gh_pr_guide.yml,OK,1,modified
Tencent_Hippy__.github__workflows__gh_pr_labeler.yml,OK,1,modified
Tencent_Hippy__.github__workflows__gh_pr_merge_guard.yml,OK,0,no-change
Tencent_Hippy__.github__workflows__gh_pr_review.yml,OK,1,modified
Tencent_Hippy__.github__workflows__gh_pr_review_notification.yml,OK,1,modified
Tencent_Hippy__.github__workflows__gh_runners_monitor.yml,OK,1,modified
Tencent_Hippy__.github__workflows__gh_webhook_retrier.yml,OK,1,modified
Tencent_Hippy__.github__workflows__git_commit_lint.yml,OK,1,modified
Tencent_Hippy__.github__workflows__hip_archive_artifact.yml,OK,0,no-change
Tencent_Hippy__.github__workflows__hip_info_artifacts.yml,OK,0,no-change
Tencent_Hippy__.github__workflows__ios_build_tests.yml,OK,1,modified
Tencent_Hippy__.github__workflows__ios_build_tests_bypass.yml,OK,0,no-change
Tencent_Hippy__.github__workflows__project_artifact_compare.yml,OK,1,modified
Tencent_Hippy__.github__workflows__project_artifact_release.yml,OK,1,modified
Tencent_Hippy__.github__workflows__project_artifact_snapshot.yml,OK,1,modified
Tencent_Hippy__.github__workflows__project_dependency_review.yml,OK,1,modified
Tencent_Hippy__.github__workflows__reuse_approve_checks_run.yml,OK,1,modified
Tencent_Hippy__.github__workflows__reuse_classify_commits.yml,OK,1,modified
Tencent_Hippy__.github__workflows__reuse_get_workflow_output.yml,OK,1,modified
Tencent_Hippy__.github__workflows__security_codeql_analyses.yml,OK,1,modified
Tencent_Hippy__.github__workflows__voltron_build_tests.yml,OK,1,modified
Tencent_Hippy__.github__workflows__voltron_build_tests_bypass.yml,OK,0,no-change
Tencent_Shadow__.github__workflows__check-build-test.yml,OK,1,modified
Tencent_Shadow__.github__workflows__release.yml,OK,1,modified
Tencent_TNN__.github__workflows__android-arm-cpu.yml,OK,1,modified
Tencent_TNN__.github__workflows__ios-cpu.yml,OK,1,modified
Tencent_TNN__.github__workflows__linux-x86-cpu-gcc.yml,OK,1,modified
Tencent_TNN__.github__workflows__macos-x64-cpu.yml,OK,1,modified
Tencent_TNN__.github__workflows__release-drafter.yml,OK,1,modified
Tencent_TNN__.github__workflows__release.yml,OK,1,modified
Tencent_Tendis__.github__workflows__Tendis-CI.yml,OK,1,modified
Tencent_WeKnora__.github__workflows__docker-image.yml,OK,1,modified
Tencent_cherry-markdown__.github__workflows__build.yml,OK,1,modified
Tencent_cherry-markdown__.github__workflows__github-pages.yml,OK,1,modified
Tencent_cherry-markdown__.github__workflows__pr-compressed-size.yml,OK,1,modified
Tencent_cherry-markdown__.github__workflows__pr-spell-check.yml,OK,0,no-change
Tencent_cherry-markdown__.github__workflows__pr_merge_cherry-markdown_npm-dev.yml,OK,1,modified
Tencent_cherry-markdown__.github__workflows__pr_merge_client_dev_preview.yml,OK,1,modified
Tencent_cherry-markdown__.github__workflows__pr_merge_vscode_plugin_dev_preview.yml,OK,1,modified
Tencent_cherry-markdown__.github__workflows__pr_preview-build.yml,OK,1,modified
Tencent_cherry-markdown__.github__workflows__pr_preview-pkg.yml,OK,1,modified
Tencent_cherry-markdown__.github__workflows__pr_preview-publish.yml,OK,1,modified
Tencent_cherry-markdown__.github__workflows__release-cherry-markdown-build.yaml,OK,1,modified
Tencent_cherry-markdown__.github__workflows__release-client-build.yaml,OK,1,modified
Tencent_cherry-markdown__.github__workflows__release-vscode-plugin-build.yaml,OK,1,modified
Tencent_cherry-markdown__.github__workflows__release.yaml,OK,1,modified
Tencent_cherry-markdown__.github__workflows__sync_to_cnb.yml,OK,1,modified
Tencent_cherry-markdown__.github__workflows__test.yml,OK,1,modified
Tencent_libpag__.github__workflows__autotest.yml,OK,1,modified
Tencent_libpag__.github__workflows__build.yml,OK,1,modified
Tencent_ncnn__.github__workflows__android.yml,OK,1,modified
Tencent_ncnn__.github__workflows__code-format-msg.yml,OK,1,modified
Tencent_ncnn__.github__workflows__code-format.yml,OK,1,modified
Tencent_ncnn__.github__workflows__codeql-analysis.yml,OK,1,modified
Tencent_ncnn__.github__workflows__compare-binary-size-pr-comment.yml,OK,1,modified
Tencent_ncnn__.github__workflows__compare-binary-size.yml,OK,1,modified
Tencent_ncnn__.github__workflows__elf-riscv32.yml,OK,1,modified
Tencent_ncnn__.github__workflows__elf-riscv64.yml,OK,1,modified
Tencent_ncnn__.github__workflows__esp32.yml,OK,1,modified
Tencent_ncnn__.github__workflows__harmonyos.yml,OK,1,modified
Tencent_ncnn__.github__workflows__ios.yml,OK,1,modified
Tencent_ncnn__.github__workflows__labeler.yml,OK,1,modified
Tencent_ncnn__.github__workflows__linux-aarch64.yml,OK,1,modified
Tencent_ncnn__.github__workflows__linux-arm.yml,OK,1,modified
Tencent_ncnn__.github__workflows__linux-loongarch64.yml,OK,1,modified
Tencent_ncnn__.github__workflows__linux-mips.yml,OK,1,modified
Tencent_ncnn__.github__workflows__linux-mips64.yml,OK,1,modified
Tencent_ncnn__.github__workflows__linux-ppc64.yml,OK,1,modified
Tencent_ncnn__.github__workflows__linux-riscv32.yml,OK,1,modified
Tencent_ncnn__.github__workflows__linux-riscv64.yml,OK,1,modified
Tencent_ncnn__.github__workflows__linux-x64-cpu-clang.yml,OK,1,modified
Tencent_ncnn__.github__workflows__linux-x64-cpu-gcc-musl.yml,OK,1,modified
Tencent_ncnn__.github__workflows__linux-x64-cpu-gcc.yml,OK,1,modified
Tencent_ncnn__.github__workflows__linux-x64-gpu-clang.yml,OK,1,modified
Tencent_ncnn__.github__workflows__linux-x64-gpu-gcc.yml,OK,1,modified
Tencent_ncnn__.github__workflows__linux-x64-sde.yml,OK,1,modified
Tencent_ncnn__.github__workflows__linux-x86-cpu-clang.yml,OK,1,modified
Tencent_ncnn__.github__workflows__linux-x86-cpu-gcc.yml,OK,1,modified
Tencent_ncnn__.github__workflows__mac-catalyst.yml,OK,1,modified
Tencent_ncnn__.github__workflows__macos.yml,OK,1,modified
Tencent_ncnn__.github__workflows__pnnx.yml,OK,1,modified
Tencent_ncnn__.github__workflows__python.yml,OK,1,modified
Tencent_ncnn__.github__workflows__release-python.yml,OK,1,modified
Tencent_ncnn__.github__workflows__release.yml,OK,1,modified
Tencent_ncnn__.github__workflows__sync-wiki.yml,OK,1,modified
Tencent_ncnn__.github__workflows__test-coverage.yml,OK,1,modified
Tencent_ncnn__.github__workflows__tvos.yml,OK,1,modified
Tencent_ncnn__.github__workflows__visionos.yml,OK,1,modified
Tencent_ncnn__.github__workflows__watchos.yml,OK,1,modified
Tencent_ncnn__.github__workflows__web-assembly.yml,OK,1,modified
Tencent_ncnn__.github__workflows__windows-arm.yml,OK,1,modified
Tencent_ncnn__.github__workflows__windows-clang.yml,OK,1,modified
Tencent_ncnn__.github__workflows__windows-mingw.yml,OK,1,modified
Tencent_ncnn__.github__workflows__windows-xp.yml,OK,1,modified
Tencent_ncnn__.github__workflows__windows.yml,OK,1,modified
Tencent_puerts__.github__workflows__build_nuget.yml,OK,1,modified
Tencent_puerts__.github__workflows__clang-format-check.yml,OK,1,modified
Tencent_puerts__.github__workflows__cnb_sync.yml,OK,1,modified
Tencent_puerts__.github__workflows__unity_build_plugins.yml,OK,1,modified
Tencent_puerts__.github__workflows__unity_build_plugins_custom.yml,OK,1,modified
Tencent_puerts__.github__workflows__unity_openupm_publish.yml,OK,1,modified
Tencent_puerts__.github__workflows__unity_publish.yml,OK,1,modified
Tencent_puerts__.github__workflows__unity_unittest.yml,OK,1,modified
Tencent_puerts__.github__workflows__unreal_ci.yml,OK,1,modified
Tencent_puerts__.github__workflows__unreal_publish.yml,OK,1,modified
Tencent_spring-cloud-tencent__.github__workflows__junit.yml,OK,1,modified
Tencent_spring-cloud-tencent__.github__workflows__license-checker.yml,OK,1,modified
Tencent_spring-cloud-tencent__.github__workflows__release.yml,OK,1,modified
Tencent_spring-cloud-tencent__.github__workflows__snapshot.yml,OK,1,modified
Tencent_tdesign-vue-next__.github__workflows__auto-changelog-callback.yml,OK,1,modified
Tencent_tdesign-vue-next__.github__workflows__auto-changelog.yml,OK,1,modified
Tencent_tdesign-vue-next__.github__workflows__auto-publish.yml,OK,1,modified
Tencent_tdesign-vue-next__.github__workflows__auto-release.yml,OK,1,modified
Tencent_tdesign-vue-next__.github__workflows__issue-assignees.temp.yml,OK,1,modified
Tencent_tdesign-vue-next__.github__workflows__issue-help-wanted.temp.yml,OK,1,modified
Tencent_tdesign-vue-next__.github__workflows__issue-label.yml,OK,1,modified
Tencent_tdesign-vue-next__.github__workflows__issue-mark-duplicate.temp.yml,OK,1,modified
Tencent_tdesign-vue-next__.github__workflows__issue-reply.temp.yml,OK,1,modified
Tencent_tdesign-vue-next__.github__workflows__issue-synchronize.temp.yml,OK,0,no-change
Tencent_tdesign-vue-next__.github__workflows__pkg-pr-new.yml,OK,1,modified
Tencent_tdesign-vue-next__.github__workflows__pr-comment-ci.yml,OK,1,modified
Tencent_tdesign-vue-next__.github__workflows__pr-spelling.template.yml,OK,1,modified
Tencent_tdesign-vue-next__.github__workflows__preview-build.yml,OK,1,modified
Tencent_tdesign-vue-next__.github__workflows__preview-publish.yml,OK,1,modified
Tencent_tdesign-vue-next__.github__workflows__project-issue-trigger.yml,OK,0,no-change
Tencent_tdesign-vue-next__.github__workflows__project-label-trigger.yml,OK,0,no-change
Tencent_tdesign-vue-next__.github__workflows__project-pr-trigger.yml,OK,0,no-change
Tencent_tdesign-vue-next__.github__workflows__pull-request.yml,OK,1,modified
Tencent_tdesign__.github__workflows__auto-release-collection.yml,OK,1,modified
Tencent_tdesign__.github__workflows__file-copy-repos.yml,OK,0,no-change
Tencent_tdesign__.github__workflows__file-copy.yml,OK,1,modified
Tencent_tdesign__.github__workflows__issue-assignees.temp.yml,OK,1,modified
Tencent_tdesign__.github__workflows__issue-help-wanted.temp.yml,OK,1,modified
Tencent_tdesign__.github__workflows__issue-mark-duplicate.temp.yml,OK,1,modified
Tencent_tdesign__.github__workflows__issue-reply.temp.yml,OK,1,modified
Tencent_tdesign__.github__workflows__issue-synchronize.temp.yml,OK,0,no-change
Tencent_tdesign__.github__workflows__issues-dailyclose-schedule.yml,OK,1,modified
Tencent_tdesign__.github__workflows__issues-dailynew-schedule.yml,OK,1,modified
Tencent_tdesign__.github__workflows__issues-statistics-schedule.yml,OK,1,modified
Tencent_tdesign__.github__workflows__pkg-pr-new.yml,OK,1,modified
Tencent_tdesign__.github__workflows__pr-spelling.template.yml,OK,1,modified
Tencent_tdesign__.github__workflows__preview-publish.yml,OK,1,modified
Tencent_tdesign__.github__workflows__preview.yml,OK,1,modified
Tencent_tdesign__.github__workflows__publish-site-components.yml,OK,1,modified
Tencent_tdesign__.github__workflows__publish-theme-generator.yml,OK,1,modified
Tencent_tdesign__.github__workflows__publish.yml,OK,1,modified
Tencent_tdesign__.github__workflows__pull-request.yml,OK,1,modified
Tencent_tdesign__.github__workflows__service-update-schedule.yml,OK,1,modified
Tencent_tdesign__.github__workflows__test-build.yml,OK,1,modified
Tencent_tmagic-editor__.github__workflows__pages.yml,OK,1,modified
Tencent_wujie__.github__workflows__main.yml,OK,1,modified
Tencent_xLua__.github__workflows__build.yml,OK,1,modified
Tencent_xLua__.github__workflows__publish.yml,OK,1,modified
apple_axlearn__.github__workflows__build.yml,OK,1,modified
apple_axlearn__.github__workflows__pre-commit.yml,OK,1,modified
apple_axlearn__.github__workflows__stale.yml,OK,1,modified
apple_container__.github__workflows__common.yml,OK,1,modified
apple_container__.github__workflows__docs-release.yml,OK,1,modified
apple_container__.github__workflows__merge-build.yml,OK,0,no-change
apple_container__.github__workflows__pr-build.yml,OK,0,no-change
apple_container__.github__workflows__pr-label-analysis.yml,OK,0,no-change
apple_container__.github__workflows__pr-label-apply.yml,OK,0,no-change
apple_container__.github__workflows__release-build.yml,OK,1,modified
apple_container__.github__workflows__release.yml,OK,1,modified
apple_containerization__.github__workflows__build-test-images.yml,OK,1,modified
apple_containerization__.github__workflows__containerization-build-template.yml,OK,1,modified
apple_containerization__.github__workflows__containerization-build.yml,OK,0,no-change
apple_containerization__.github__workflows__docs-release.yaml,OK,1,modified
apple_containerization__.github__workflows__release.yml,OK,1,modified
apple_embedding-atlas__.github__workflows__ci.yml,OK,1,modified
apple_foundationdb__.github__workflows__windows-boost-test.yml,OK,1,modified
apple_password-manager-resources__.github__workflows__lint.yml,OK,1,modified
apple_pkl__.github__workflows____lockfile__.yml,OK,0,no-change
apple_pkl__.github__workflows__build.yml,OK,0,no-change
apple_pkl__.github__workflows__main.yml,OK,0,no-change
apple_pkl__.github__workflows__prb.yml,OK,0,no-change
apple_pkl__.github__workflows__release-branch.yml,OK,0,no-change
apple_pkl__.github__workflows__release.yml,OK,0,no-change
apple_pkl__.github__workflows__test_report.yml,OK,0,no-change
apple_swift-algorithms__.github__workflows__pull_request.yml,OK,1,modified
apple_swift-argument-parser__.github__workflows__pull_request.yml,OK,1,modified
apple_swift-async-algorithms__.github__workflows__pull_request.yml,OK,0,no-change
apple_swift-collections__.github__workflows__pull_request.yml,OK,1,modified
apple_swift-log__.github__workflows__main.yml,OK,0,no-change
apple_swift-log__.github__workflows__pull_request.yml,OK,1,modified
apple_swift-log__.github__workflows__pull_request_label.yml,OK,1,modified
apple_swift-nio__.github__workflows__android_swift_sdk.yml,OK,0,no-change
apple_swift-nio__.github__workflows__benchmarks.yml,OK,0,no-change
apple_swift-nio__.github__workflows__cmake_tests.yml,OK,0,no-change
apple_swift-nio__.github__workflows__cxx_interop.yml,OK,0,no-change
apple_swift-nio__.github__workflows__macos_benchmarks.yml,OK,0,no-change
apple_swift-nio__.github__workflows__macos_tests.yml,OK,0,no-change
apple_swift-nio__.github__workflows__main.yml,OK,0,no-change
apple_swift-nio__.github__workflows__pull_request.yml,OK,1,modified
apple_swift-nio__.github__workflows__pull_request_label.yml,OK,0,no-change
apple_swift-nio__.github__workflows__release_builds.yml,OK,0,no-change
apple_swift-nio__.github__workflows__static_sdk.yml,OK,0,no-change
apple_swift-nio__.github__workflows__swift_6_language_mode.yml,OK,0,no-change
apple_swift-nio__.github__workflows__swift_load_test_matrix.yml,OK,0,no-change
apple_swift-nio__.github__workflows__swift_matrix.yml,OK,0,no-change
apple_swift-nio__.github__workflows__swift_test_matrix.yml,OK,0,no-change
apple_swift-nio__.github__workflows__unit_tests.yml,OK,0,no-change
apple_swift-nio__.github__workflows__wasm_swift_sdk.yml,OK,0,no-change
apple_swift-protobuf__.github__workflows__build.yml,OK,1,modified
apple_swift-protobuf__.github__workflows__check_upstream_protos.yml,OK,1,modified
apple_swift-protobuf__.github__workflows__head_conformance.yml,OK,1,modified
apple_swift-protobuf__.github__workflows__pull_request_label.yml,OK,1,modified
apple_swift-protobuf__.github__workflows__update_protobuf.yml,OK,1,modified
aws_amazon-ecs-agent__.github__workflows__gitsecrets.yml,OK,1,modified
aws_amazon-ecs-agent__.github__workflows__gomod.yml,OK,1,modified
aws_amazon-ecs-agent__.github__workflows__linux.yml,OK,1,modified
aws_amazon-ecs-agent__.github__workflows__static.yml,OK,1,modified
aws_amazon-ecs-agent__.github__workflows__windows.yml,OK,1,modified
aws_amazon-vpc-cni-k8s__.github__workflows__deps.yml,OK,0,no-change
aws_amazon-vpc-cni-k8s__.github__workflows__generate-limits.yaml,OK,0,no-change
aws_amazon-vpc-cni-k8s__.github__workflows__integration-tests.yaml,OK,0,no-change
aws_amazon-vpc-cni-k8s__.github__workflows__issue-closed-message.yaml,OK,0,no-change
aws_amazon-vpc-cni-k8s__.github__workflows__issue-stale-pr.yaml,OK,0,no-change
aws_amazon-vpc-cni-k8s__.github__workflows__kops-test.yaml,OK,0,no-change
aws_amazon-vpc-cni-k8s__.github__workflows__nightly-cron-tests.yaml,OK,0,no-change
aws_amazon-vpc-cni-k8s__.github__workflows__pr-automated-tests.yaml,OK,0,no-change
aws_amazon-vpc-cni-k8s__.github__workflows__pr-manual-tests.yaml,OK,0,no-change
aws_amazon-vpc-cni-k8s__.github__workflows__release.yaml,OK,0,no-change
aws_amazon-vpc-cni-k8s__.github__workflows__soak-tests.yml,OK,0,no-change
aws_amazon-vpc-cni-k8s__.github__workflows__weekly-cron-tests.yaml,OK,0,no-change
aws_aws-cdk__.github__workflows__analytics-metadata-updater.yml,OK,1,modified
aws_aws-cdk__.github__workflows__auto-approve.yml,OK,1,modified
aws_aws-cdk__.github__workflows__check-lfs.yml,OK,1,modified
aws_aws-cdk__.github__workflows__close-stale-issues.yml,OK,1,modified
aws_aws-cdk__.github__workflows__close-stale-prs.yml,OK,0,no-change
aws_aws-cdk__.github__workflows__codebuild-pr-build.yml,OK,1,modified
aws_aws-cdk__.github__workflows__codecov-collect.yml,OK,1,modified
aws_aws-cdk__.github__workflows__codecov-upload.yml,OK,1,modified
aws_aws-cdk__.github__workflows__codeql.yml,OK,1,modified
aws_aws-cdk__.github__workflows__enum-auto-updater.yml,OK,1,modified
aws_aws-cdk__.github__workflows__enum-static-mapping-updater.yml,OK,1,modified
aws_aws-cdk__.github__workflows__github-merit-badger.yml,OK,0,no-change
aws_aws-cdk__.github__workflows__handle-stale-discussions.yml,OK,1,modified
aws_aws-cdk__.github__workflows__integration-test-deployment-auto.yml,OK,1,modified
aws_aws-cdk__.github__workflows__integration-test-deployment.yml,OK,1,modified
aws_aws-cdk__.github__workflows__issue-label-assign.yml,OK,0,no-change
aws_aws-cdk__.github__workflows__issue-regression-labeler.yml,OK,1,modified
aws_aws-cdk__.github__workflows__issue-reprioritization.yml,OK,0,no-change
aws_aws-cdk__.github__workflows__issue-sync.yml,OK,1,modified
aws_aws-cdk__.github__workflows__lambda-runtime-tests.yml,OK,1,modified
aws_aws-cdk__.github__workflows__lock-issue-pr-with-message.yml,OK,1,modified
aws_aws-cdk__.github__workflows__pr-build.yml,OK,1,modified
aws_aws-cdk__.github__workflows__pr-labeler.yml,OK,0,no-change
aws_aws-cdk__.github__workflows__pr-linter-exemption-labeler.yml,OK,0,no-change
aws_aws-cdk__.github__workflows__pr-linter-review-trigger.yml,OK,1,modified
aws_aws-cdk__.github__workflows__pr-linter.yml,OK,1,modified
aws_aws-cdk__.github__workflows__project-prioritization-added-on.yml,OK,1,modified
aws_aws-cdk__.github__workflows__project-prioritization-assignment.yml,OK,1,modified
aws_aws-cdk__.github__workflows__project-prioritization-bug.yml,OK,1,modified
aws_aws-cdk__.github__workflows__project-prioritization-needs-attention.yml,OK,1,modified
aws_aws-cdk__.github__workflows__project-prioritization-r2-assignment.yml,OK,1,modified
aws_aws-cdk__.github__workflows__project-prioritization-r5-assignment.yml,OK,1,modified
aws_aws-cdk__.github__workflows__request-cli-integ-test.yml,OK,1,modified
aws_aws-cdk__.github__workflows__security-guardian.yml,OK,1,modified
aws_aws-cdk__.github__workflows__security-report.yml,OK,1,modified
aws_aws-cdk__.github__workflows__spec-update.yml,OK,1,modified
aws_aws-cdk__.github__workflows__sync-from-upstream.yml,OK,1,modified
aws_aws-cdk__.github__workflows__unlock-reopened-issue-pr-with-message.yml,OK,1,modified
aws_aws-cdk__.github__workflows__update-contributors.yml,OK,1,modified
aws_aws-cdk__.github__workflows__update-metadata-regions.yml,OK,1,modified
aws_aws-cdk__.github__workflows__yarn-upgrade-need-manual-work.yml,OK,1,modified
aws_aws-cdk__.github__workflows__yarn-upgrade.yml,OK,1,modified
aws_aws-cli__.github__workflows__changelog.yml,OK,1,modified
aws_aws-cli__.github__workflows__closed-issue-update.yml,OK,1,modified
aws_aws-cli__.github__workflows__doc-pr-cherry-pick.yml,OK,0,no-change
aws_aws-cli__.github__workflows__fail-master-prs.yml,OK,0,no-change
aws_aws-cli__.github__workflows__handle-stale-discussions.yml,OK,1,modified
aws_aws-cli__.github__workflows__issue-regression-labeler.yml,OK,0,no-change
aws_aws-cli__.github__workflows__run-bundle-test.yml,OK,1,modified
aws_aws-cli__.github__workflows__run-dep-tests.yml,OK,0,no-change
aws_aws-cli__.github__workflows__run-tests.yml,OK,1,modified
aws_aws-cli__.github__workflows__stale_community_prs.yml,OK,0,no-change
aws_aws-cli__.github__workflows__stale_issue.yml,OK,1,modified
aws_aws-cli__.github__workflows__update-lockfiles.yml,OK,1,modified
aws_aws-lambda-go__.github__workflows__build-lambda-zip.yml,OK,1,modified
aws_aws-lambda-go__.github__workflows__codeql-analysis.yml,OK,1,modified
aws_aws-lambda-go__.github__workflows__lint.yml,OK,1,modified
aws_aws-lambda-go__.github__workflows__tests.yml,OK,1,modified
aws_aws-lambda-rust-runtime__.github__workflows__build-events.yml,OK,1,modified
aws_aws-lambda-rust-runtime__.github__workflows__build-extension.yml,OK,1,modified
aws_aws-lambda-rust-runtime__.github__workflows__build-integration-test.yml,OK,1,modified
aws_aws-lambda-rust-runtime__.github__workflows__build-runtime.yml,OK,1,modified
aws_aws-lambda-rust-runtime__.github__workflows__check-docs.yml,OK,1,modified
aws_aws-lambda-rust-runtime__.github__workflows__check-examples.yml,OK,1,modified
aws_aws-lambda-rust-runtime__.github__workflows__closed-issue-message.yml,OK,1,modified
aws_aws-lambda-rust-runtime__.github__workflows__dockerized-test.yml,OK,1,modified
aws_aws-lambda-rust-runtime__.github__workflows__format.yml,OK,1,modified
aws_aws-lambda-rust-runtime__.github__workflows__release-plz.yml,OK,1,modified
aws_aws-lambda-rust-runtime__.github__workflows__run-integration-test.yml,OK,1,modified
aws_aws-lambda-rust-runtime__.github__workflows__test-rie.yml,OK,1,modified
aws_aws-sam-cli__.github__workflows__automated-updates-to-sam-cli.yml,OK,1,modified
aws_aws-sam-cli__.github__workflows__build.yml,OK,1,modified
aws_aws-sam-cli__.github__workflows__close-issue-on-release.yml,OK,0,no-change
aws_aws-sam-cli__.github__workflows__close-stale-issues.yml,OK,1,modified
aws_aws-sam-cli__.github__workflows__closed-issue-message.yml,OK,1,modified
aws_aws-sam-cli__.github__workflows__codeql.yml,OK,1,modified
aws_aws-sam-cli__.github__workflows__integration-tests.yml,OK,1,modified
aws_aws-sam-cli__.github__workflows__notify-slack.yml,OK,0,no-change
aws_aws-sam-cli__.github__workflows__pr-labeler.yml,OK,1,modified
aws_aws-sam-cli__.github__workflows__sync-to-mirror-repo.yml,OK,1,modified
aws_aws-sam-cli__.github__workflows__update-reproducibles.yml,OK,1,modified
aws_aws-sam-cli__.github__workflows__validate_pyinstaller.yml,OK,1,modified
aws_aws-sdk-cpp__.github__workflows__clang-format.yml,OK,1,modified
aws_aws-sdk-cpp__.github__workflows__closed-issue-message.yml,OK,1,modified
aws_aws-sdk-cpp__.github__workflows__cspell.yml,OK,1,modified
aws_aws-sdk-cpp__.github__workflows__handle-stale-discussions.yml,OK,1,modified
aws_aws-sdk-cpp__.github__workflows__issue-regression-labeler.yml,OK,1,modified
aws_aws-sdk-cpp__.github__workflows__pull-request-build.yml,OK,0,no-change
aws_aws-sdk-cpp__.github__workflows__stale_issue.yml,OK,1,modified
aws_aws-sdk-go-v2__.github__workflows__closed-issue-message.yml,OK,1,modified
aws_aws-sdk-go-v2__.github__workflows__codegen.yml,OK,1,modified
aws_aws-sdk-go-v2__.github__workflows__go.yml,OK,1,modified
aws_aws-sdk-go-v2__.github__workflows__handle-stale-discussions.yml,OK,1,modified
aws_aws-sdk-go-v2__.github__workflows__integration-tests.yml,OK,1,modified
aws_aws-sdk-go-v2__.github__workflows__issue-regression-labeler.yml,OK,1,modified
aws_aws-sdk-go-v2__.github__workflows__license-check.yml,OK,1,modified
aws_aws-sdk-go-v2__.github__workflows__slack.yml,OK,0,no-change
aws_aws-sdk-go-v2__.github__workflows__snapshot.yml,OK,1,modified
aws_aws-sdk-go-v2__.github__workflows__stale_issue.yml,OK,1,modified
aws_aws-sdk-java-v2__.github__workflows__api-surface-area-review-verification.yml,OK,1,modified
aws_aws-sdk-java-v2__.github__workflows__changelog-verification.yml,OK,1,modified
aws_aws-sdk-java-v2__.github__workflows__closed-issue-message.yml,OK,1,modified
aws_aws-sdk-java-v2__.github__workflows__codebuild-ci-integration-tests.yml,OK,1,modified
aws_aws-sdk-java-v2__.github__workflows__codebuild-ci.yml,OK,1,modified
aws_aws-sdk-java-v2__.github__workflows__codeql.yml,OK,1,modified
aws_aws-sdk-java-v2__.github__workflows__handle-stale-discussions.yml,OK,1,modified
aws_aws-sdk-java-v2__.github__workflows__issue-regression-labeler.yml,OK,1,modified
aws_aws-sdk-java-v2__.github__workflows__lock-conversation-closed-pr.yml,OK,1,modified
aws_aws-sdk-java-v2__.github__workflows__merge-queue-metric.yml,OK,1,modified
aws_aws-sdk-java-v2__.github__workflows__mixed-version-compatibility-review.yml,OK,1,modified
aws_aws-sdk-java-v2__.github__workflows__new-module-verification.yml,OK,1,modified
aws_aws-sdk-java-v2__.github__workflows__s3-regression-tests.yml,OK,1,modified
aws_aws-sdk-java-v2__.github__workflows__stale-issue.yml,OK,1,modified
aws_aws-sdk-java__.github__workflows__closed-issue-message.yml,OK,1,modified
aws_aws-sdk-java__.github__workflows__issue-regression-labeler.yml,OK,1,modified
aws_aws-sdk-java__.github__workflows__stale-issue.yml,OK,1,modified
aws_aws-sdk-js-v3__.github__workflows__closed-issue-message.yml,OK,1,modified
aws_aws-sdk-js-v3__.github__workflows__codegen-ci.yml,OK,1,modified
aws_aws-sdk-js-v3__.github__workflows__commit-message-lint.yml,OK,1,modified
aws_aws-sdk-js-v3__.github__workflows__git-sync.yml,OK,1,modified
aws_aws-sdk-js-v3__.github__workflows__handle-stale-discussions.yml,OK,1,modified
aws_aws-sdk-js-v3__.github__workflows__issue-regression-labeler.yml,OK,1,modified
aws_aws-sdk-js-v3__.github__workflows__lock.yml,OK,1,modified
aws_aws-sdk-js-v3__.github__workflows__pre-commit-hooks.yml,OK,1,modified
aws_aws-sdk-js-v3__.github__workflows__pull-request-build.yml,OK,1,modified
aws_aws-sdk-js-v3__.github__workflows__stale_issues.yml,OK,1,modified
aws_aws-sdk-js__.github__workflows__git-sync.yml,OK,1,modified
aws_aws-sdk-js__.github__workflows__handle-stale-discussions.yml,OK,1,modified
aws_aws-sdk-js__.github__workflows__issue-regression-labeler.yml,OK,1,modified
aws_aws-sdk-js__.github__workflows__stale_issues.yml,OK,1,modified
aws_aws-sdk-pandas__.github__workflows__bandit.yml,OK,1,modified
aws_aws-sdk-pandas__.github__workflows__cfn-nag.yml,OK,1,modified
aws_aws-sdk-pandas__.github__workflows__check-pytest-xfails.yml,OK,1,modified
aws_aws-sdk-pandas__.github__workflows__dependabot-prs.yml,OK,1,modified
aws_aws-sdk-pandas__.github__workflows__git-hygiene.yml,OK,1,modified
aws_aws-sdk-pandas__.github__workflows__minimal-tests.yml,OK,1,modified
aws_aws-sdk-pandas__.github__workflows__minimum-response-time.yml,OK,1,modified
aws_aws-sdk-pandas__.github__workflows__pr-linter.yml,OK,1,modified
aws_aws-sdk-pandas__.github__workflows__publish.yml,OK,1,modified
aws_aws-sdk-pandas__.github__workflows__snyk.yml,OK,1,modified
aws_aws-sdk-pandas__.github__workflows__static-checking.yml,OK,1,modified
aws_aws-sdk-pandas__.github__workflows__unlabel-assigned-issue.yml,OK,0,no-change
aws_aws-sdk-php__.github__workflows__closed-issue-message.yml,OK,1,modified
aws_aws-sdk-php__.github__workflows__coverage.yml,OK,1,modified
aws_aws-sdk-php__.github__workflows__docs-build.yml,OK,1,modified
aws_aws-sdk-php__.github__workflows__git-secrets-scan.yml,OK,1,modified
aws_aws-sdk-php__.github__workflows__handle-stale-discussions.yml,OK,1,modified
aws_aws-sdk-php__.github__workflows__issue-regression-labeler.yml,OK,1,modified
aws_aws-sdk-php__.github__workflows__model-changes.yml,OK,1,modified
aws_aws-sdk-php__.github__workflows__stale_issues.yml,OK,1,modified
aws_aws-sdk-php__.github__workflows__tests-windows.yml,OK,1,modified
aws_aws-sdk-php__.github__workflows__tests.yml,OK,1,modified
aws_aws-sdk-ruby__.github__workflows__benchmark.yml,OK,1,modified
aws_aws-sdk-ruby__.github__workflows__changelog.yml,OK,0,no-change
aws_aws-sdk-ruby__.github__workflows__ci.yml,OK,1,modified
aws_aws-sdk-ruby__.github__workflows__closed-issue-message.yml,OK,1,modified
aws_aws-sdk-ruby__.github__workflows__depsreview.yaml,OK,1,modified
aws_aws-sdk-ruby__.github__workflows__handle-stale-discussions.yml,OK,1,modified
aws_aws-sdk-ruby__.github__workflows__issue-regression-labeler.yml,OK,1,modified
aws_aws-sdk-ruby__.github__workflows__pull-request-build.yaml,OK,1,modified
aws_aws-sdk-ruby__.github__workflows__stale_issues.yml,OK,1,modified
aws_chalice__.github__workflows__run-tests.yml,OK,1,modified
aws_chalice__.github__workflows__stale-issue.yml,OK,1,modified
aws_containers-roadmap__.github__workflows__stale.yml,OK,1,modified
aws_copilot-cli__.github__workflows__ci.yml,OK,1,modified
aws_copilot-cli__.github__workflows__ci_size_computer.yml,OK,1,modified
aws_copilot-cli__.github__workflows__ci_size_writer.yml,OK,1,modified
aws_copilot-cli__.github__workflows__commit.yml,OK,1,modified
aws_copilot-cli__.github__workflows__doc_builder.yml,OK,1,modified
aws_copilot-cli__.github__workflows__homebrew.yml,OK,1,modified
aws_copilot-cli__.github__workflows__stale.yml,OK,1,modified
aws_eks-anywhere__.github__workflows__go-coverage.yml,OK,1,modified
aws_eks-anywhere__.github__workflows__golangci-lint.yml,OK,1,modified
aws_eks-anywhere__.github__workflows__label.yml,OK,1,modified
aws_eks-anywhere__.github__workflows__stale-labeler.yaml,OK,1,modified
aws_eks-anywhere__.github__workflows__vulnerability.yml,OK,1,modified
aws_jsii__.github__workflows__auto-approve.yml,OK,0,no-change
aws_jsii__.github__workflows__close-stale-issues.yml,OK,1,modified
aws_jsii__.github__workflows__closed-issue-message.yml,OK,1,modified
aws_jsii__.github__workflows__gh-pages.yml,OK,1,modified
aws_jsii__.github__workflows__handle-stale-discussions.yml,OK,1,modified
aws_jsii__.github__workflows__issue-regression-labeler.yml,OK,1,modified
aws_jsii__.github__workflows__main.yml,OK,1,modified
aws_jsii__.github__workflows__pull-request-lint.yml,OK,1,modified
aws_jsii__.github__workflows__yarn-upgrade.yml,OK,1,modified
aws_karpenter-provider-aws__.github__workflows__approval-comment.yaml,OK,0,no-change
aws_karpenter-provider-aws__.github__workflows__ci-test.yaml,OK,0,no-change
aws_karpenter-provider-aws__.github__workflows__ci.yaml,OK,0,no-change
aws_karpenter-provider-aws__.github__workflows__codegen.yaml,OK,0,no-change
aws_karpenter-provider-aws__.github__workflows__codeql-analysis.yaml,OK,0,no-change
aws_karpenter-provider-aws__.github__workflows__dryrun-gen-pr.yaml,OK,0,no-change
aws_karpenter-provider-aws__.github__workflows__dryrun-gen.yaml,OK,0,no-change
aws_karpenter-provider-aws__.github__workflows__e2e-cleanup.yaml,OK,0,no-change
aws_karpenter-provider-aws__.github__workflows__e2e-matrix-trigger.yaml,OK,0,no-change
aws_karpenter-provider-aws__.github__workflows__e2e-matrix.yaml,OK,0,no-change
aws_karpenter-provider-aws__.github__workflows__e2e-private-cluster-trigger.yaml,OK,0,no-change
aws_karpenter-provider-aws__.github__workflows__e2e-scale-trigger.yaml,OK,0,no-change
aws_karpenter-provider-aws__.github__workflows__e2e-soak-trigger.yaml,OK,0,no-change
aws_karpenter-provider-aws__.github__workflows__e2e-upgrade.yaml,OK,0,no-change
aws_karpenter-provider-aws__.github__workflows__e2e-version-compatibility-trigger.yaml,OK,0,no-change
aws_karpenter-provider-aws__.github__workflows__e2e.yaml,OK,0,no-change
aws_karpenter-provider-aws__.github__workflows__image-canary.yaml,OK,0,no-change
aws_karpenter-provider-aws__.github__workflows__postsubmit.yaml,OK,0,no-change
aws_karpenter-provider-aws__.github__workflows__release.yaml,OK,0,no-change
aws_karpenter-provider-aws__.github__workflows__resolve-args.yaml,OK,0,no-change
aws_karpenter-provider-aws__.github__workflows__resource-count.yaml,OK,0,no-change
aws_karpenter-provider-aws__.github__workflows__snapshot-pr.yaml,OK,0,no-change
aws_karpenter-provider-aws__.github__workflows__snapshot.yaml,OK,0,no-change
aws_karpenter-provider-aws__.github__workflows__stale.yaml,OK,0,no-change
aws_karpenter-provider-aws__.github__workflows__sweeper.yaml,OK,0,no-change
aws_karpenter-provider-aws__.github__workflows__website-cleanup-preview.yaml,OK,0,no-change
aws_karpenter-provider-aws__.github__workflows__website-deploy.yaml,OK,0,no-change
aws_karpenter-provider-aws__.github__workflows__website-preview-trigger.yaml,OK,0,no-change
aws_karpenter-provider-aws__.github__workflows__website-preview.yaml,OK,0,no-change
aws_s2n-tls__.github__workflows__boringssl-fork-freshness.yml,OK,1,modified
aws_s2n-tls__.github__workflows__ci_aws_kms_tls_auth.yml,OK,1,modified
aws_s2n-tls__.github__workflows__ci_compliance.yml,OK,1,modified
aws_s2n-tls__.github__workflows__ci_freebsd.yml,OK,1,modified
aws_s2n-tls__.github__workflows__ci_linting.yml,OK,1,modified
aws_s2n-tls__.github__workflows__ci_openbsd.yml,OK,1,modified
aws_s2n-tls__.github__workflows__ci_pr_title.yml,OK,1,modified
aws_s2n-tls__.github__workflows__ci_rust.yml,OK,1,modified
aws_s2n-tls__.github__workflows__codebuild.yml,OK,1,modified
aws_s2n-tls__.github__workflows__codeql.yml,OK,1,modified
aws_s2n-tls__.github__workflows__dashboard.yml,OK,1,modified
aws_s2n-tls__.github__workflows__dependencies.yml,OK,1,modified
aws_s2n-tls__.github__workflows__docs.yml,OK,1,modified
aws_s2n-tls__.github__workflows__gha_osx_tests.yml,OK,1,modified
aws_s2n-tls__.github__workflows__policy_snapshot.yml,OK,1,modified
aws_s2n-tls__.github__workflows__private_sync.yml,OK,1,modified
aws_s2n-tls__.github__workflows__proof_ci.yaml,OK,1,modified
aws_s2n-tls__.github__workflows__regression_ci.yml,OK,1,modified
aws_s2n-tls__.github__workflows__seccomp.yml,OK,1,modified
aws_s2n-tls__.github__workflows__stale.yml,OK,1,modified
aws_s2n-tls__.github__workflows__team_label.yml,OK,1,modified
aws_s2n-tls__.github__workflows__usage_guide.yml,OK,1,modified
aws_sagemaker-python-sdk__.github__workflows__ci-health.yml,OK,1,modified
aws_sagemaker-python-sdk__.github__workflows__codeql.yml,OK,0,no-change
aws_sagemaker-python-sdk__.github__workflows__pr-checks-master-v2.yml,OK,1,modified
aws_sagemaker-python-sdk__.github__workflows__pr-checks-master.yml,OK,1,modified
aws_sagemaker-python-sdk__.github__workflows__security-monitoring.yml,OK,0,no-change
aws_serverless-application-model__.github__workflows__build.yml,OK,1,modified
aws_serverless-application-model__.github__workflows__check_compatibility.yml,OK,1,modified
aws_serverless-application-model__.github__workflows__close_issue_message.yml,OK,1,modified
aws_serverless-application-model__.github__workflows__codeql.yml,OK,1,modified
aws_serverless-application-model__.github__workflows__schema.yml,OK,1,modified
awslabs_agent-squad__.github__workflows__npm-publish.yml,OK,0,no-change
awslabs_agent-squad__.github__workflows__on-docs-update.yml,OK,1,modified
awslabs_agent-squad__.github__workflows__on-issue-opened.yml,OK,0,no-change
awslabs_agent-squad__.github__workflows__on-push.yml,OK,0,no-change
awslabs_agent-squad__.github__workflows__pr-issue-link-checker.yml,OK,1,modified
awslabs_agent-squad__.github__workflows__py-run-tests.yml,OK,0,no-change
awslabs_agent-squad__.github__workflows__pypi-publish.yml,OK,0,no-change
awslabs_agent-squad__.github__workflows__ts-run-lint.yml,OK,0,no-change
awslabs_agent-squad__.github__workflows__ts-run-security-checks.yml,OK,1,modified
awslabs_agent-squad__.github__workflows__ts-run-tests.yml,OK,0,no-change
awslabs_amazon-bedrock-agentcore-samples__.github__workflows__ash-full-repository-scan.yml,OK,1,modified
awslabs_amazon-bedrock-agentcore-samples__.github__workflows__ash-security-comment.yml,OK,1,modified
awslabs_amazon-bedrock-agentcore-samples__.github__workflows__ash-security-scan.yml,OK,1,modified
awslabs_amazon-bedrock-agentcore-samples__.github__workflows__codeql.yml,OK,1,modified
awslabs_amazon-bedrock-agentcore-samples__.github__workflows__dependabot.yml,OK,0,no-change
awslabs_amazon-bedrock-agentcore-samples__.github__workflows__js-lint.yml,OK,1,modified
awslabs_amazon-bedrock-agentcore-samples__.github__workflows__label.yml,OK,1,modified
awslabs_amazon-bedrock-agentcore-samples__.github__workflows__python-lint.yml,OK,1,modified
awslabs_amazon-ecr-credential-helper__.github__workflows__build.yaml,OK,1,modified
awslabs_amazon-ecr-credential-helper__.github__workflows__check-links.yml,OK,1,modified
awslabs_amazon-ecr-credential-helper__.github__workflows__codeql.yml,OK,1,modified
awslabs_amazon-ecr-credential-helper__.github__workflows__new-pull-requests.yml,OK,1,modified
awslabs_amazon-ecr-credential-helper__.github__workflows__review-dependencies.yml,OK,1,modified
awslabs_amazon-eks-ami__.github__workflows__bot-trigger.yaml,OK,0,no-change
awslabs_amazon-eks-ami__.github__workflows__ci-auto.yaml,OK,0,no-change
awslabs_amazon-eks-ami__.github__workflows__ci-canary.yaml,OK,0,no-change
awslabs_amazon-eks-ami__.github__workflows__ci-manual.yaml,OK,0,no-change
awslabs_amazon-eks-ami__.github__workflows__ci.yaml,OK,0,no-change
awslabs_amazon-eks-ami__.github__workflows__dependency-review.yaml,OK,0,no-change
awslabs_amazon-eks-ami__.github__workflows__deploy-docs.yaml,OK,0,no-change
awslabs_amazon-eks-ami__.github__workflows__janitor.yaml,OK,0,no-change
awslabs_amazon-eks-ami__.github__workflows__stale.yml,OK,1,modified
awslabs_amazon-eks-ami__.github__workflows__sync-eni-max-pods.yaml,OK,0,no-change
awslabs_amazon-eks-ami__.github__workflows__sync-to-codecommit.yaml,OK,0,no-change
awslabs_amazon-eks-ami__.github__workflows__update-changelog.yaml,OK,0,no-change
awslabs_amazon-eks-ami__.github__workflows__update-dependency.yaml,OK,0,no-change
awslabs_aws-lambda-web-adapter__.github__workflows__benchmark.yaml,OK,1,modified
awslabs_aws-lambda-web-adapter__.github__workflows__changelog.yaml,OK,1,modified
awslabs_aws-lambda-web-adapter__.github__workflows__commitlint.yaml,OK,1,modified
awslabs_aws-lambda-web-adapter__.github__workflows__docs.yaml,OK,1,modified
awslabs_aws-lambda-web-adapter__.github__workflows__examples.yaml,OK,1,modified
awslabs_aws-lambda-web-adapter__.github__workflows__merge.yaml,OK,1,modified
awslabs_aws-lambda-web-adapter__.github__workflows__pr.yaml,OK,1,modified
awslabs_aws-lambda-web-adapter__.github__workflows__release.yaml,OK,1,modified
awslabs_aws-lambda-web-adapter__.github__workflows__security_audit.yaml,OK,1,modified
awslabs_aws-sdk-rust__.github__workflows__audit.yaml,OK,1,modified
awslabs_aws-sdk-rust__.github__workflows__canary.yaml,OK,1,modified
awslabs_aws-sdk-rust__.github__workflows__ci.yaml,OK,1,modified
awslabs_aws-sdk-rust__.github__workflows__closed-issue-message.yaml,OK,1,modified
awslabs_aws-sdk-rust__.github__workflows__handle-stale-discussions.yml,OK,1,modified
awslabs_aws-sdk-rust__.github__workflows__issue-regression-labeler.yml,OK,1,modified
awslabs_aws-sdk-rust__.github__workflows__release-checks.yaml,OK,1,modified
awslabs_aws-sdk-rust__.github__workflows__stale_issue.yaml,OK,1,modified
awslabs_aws-well-architected-labs__.github__workflows__cfn_nag.yml,OK,1,modified
awslabs_deequ__.github__workflows__maven.yml,OK,1,modified
awslabs_deequ__.github__workflows__publish.yml,OK,0,no-change
awslabs_git-secrets__.github__workflows__test.yml,OK,1,modified
awslabs_gluonts__.github__workflows__codeql.yml,OK,1,modified
awslabs_gluonts__.github__workflows__docs.yml,OK,1,modified
awslabs_gluonts__.github__workflows__doctests.yaml,OK,1,modified
awslabs_gluonts__.github__workflows__lints.yml,OK,1,modified
awslabs_gluonts__.github__workflows__pypi.yml,OK,1,modified
awslabs_gluonts__.github__workflows__style_type_checks.yml,OK,1,modified
awslabs_gluonts__.github__workflows__tests-nixtla.yaml,OK,1,modified
awslabs_gluonts__.github__workflows__tests-nursery.yml,OK,1,modified
awslabs_gluonts__.github__workflows__tests-prophet.yaml,OK,1,modified
awslabs_gluonts__.github__workflows__tests-r.yml,OK,1,modified
awslabs_gluonts__.github__workflows__tests-torch.yml,OK,1,modified
awslabs_gluonts__.github__workflows__tests-xgboost.yaml,OK,1,modified
awslabs_gluonts__.github__workflows__tests.yml,OK,1,modified
awslabs_llrt__.github__workflows__build-modules.yml,OK,1,modified
awslabs_llrt__.github__workflows__build.yml,OK,1,modified
awslabs_llrt__.github__workflows__ci.yml,OK,1,modified
awslabs_llrt__.github__workflows__publish.yml,OK,1,modified
awslabs_llrt__.github__workflows__release.yml,OK,1,modified
awslabs_mcp__.github__workflows__aws-api-mcp-upgrade-version.yml,OK,0,no-change
awslabs_mcp__.github__workflows__bandit.yml,OK,0,no-change
awslabs_mcp__.github__workflows__cfn_nag.yml,OK,0,no-change
awslabs_mcp__.github__workflows__check-gh-pages-builds.yml,OK,0,no-change
awslabs_mcp__.github__workflows__check-license-header.yml,OK,0,no-change
awslabs_mcp__.github__workflows__checkov.yml,OK,0,no-change
awslabs_mcp__.github__workflows__codeql.yml,OK,0,no-change
awslabs_mcp__.github__workflows__dependency-review-action.yml,OK,0,no-change
awslabs_mcp__.github__workflows__gh-pages.yml,OK,0,no-change
awslabs_mcp__.github__workflows__merge-prevention.yml,OK,0,no-change
awslabs_mcp__.github__workflows__powershell.yml,OK,0,no-change
awslabs_mcp__.github__workflows__pre-commit.yml,OK,0,no-change
awslabs_mcp__.github__workflows__pull-request-lint.yml,OK,0,no-change
awslabs_mcp__.github__workflows__python.yml,OK,0,no-change
awslabs_mcp__.github__workflows__release-initiate-branch.yml,OK,0,no-change
awslabs_mcp__.github__workflows__release-merge-tag.yml,OK,0,no-change
awslabs_mcp__.github__workflows__release.yml,OK,0,no-change
awslabs_mcp__.github__workflows__scanners.yml,OK,0,no-change
awslabs_mcp__.github__workflows__scorecard-analysis.yml,OK,0,no-change
awslabs_mcp__.github__workflows__semgrep.yml,OK,0,no-change
awslabs_mcp__.github__workflows__stale.yml,OK,0,no-change
awslabs_mcp__.github__workflows__trivy.yml,OK,0,no-change
awslabs_mcp__.github__workflows__typescript.yml,OK,0,no-change
awslabs_mountpoint-s3__.github__workflows__bench.yml,OK,1,modified
awslabs_mountpoint-s3__.github__workflows__bench_main.yml,OK,0,no-change
awslabs_mountpoint-s3__.github__workflows__bench_pr.yml,OK,0,no-change
awslabs_mountpoint-s3__.github__workflows__bench_s3express.yml,OK,1,modified
awslabs_mountpoint-s3__.github__workflows__crates.yml,OK,1,modified
awslabs_mountpoint-s3__.github__workflows__integration.yml,OK,1,modified
awslabs_mountpoint-s3__.github__workflows__integration_main.yml,OK,0,no-change
awslabs_mountpoint-s3__.github__workflows__integration_pr.yml,OK,0,no-change
awslabs_mountpoint-s3__.github__workflows__merge_queue_dco_mock.yml,OK,0,no-change
awslabs_mountpoint-s3__.github__workflows__notify_slack.yml,OK,1,modified
awslabs_mountpoint-s3__.github__workflows__package.yml,OK,1,modified
awslabs_mountpoint-s3__.github__workflows__release.yml,OK,1,modified
awslabs_mountpoint-s3__.github__workflows__tests.yml,OK,1,modified
cisco_ChezScheme__.github__workflows__ci.yml,OK,1,modified
cisco_openh264__.github__workflows__build.yaml,OK,1,modified
facebook_Ax__.github__workflows__build-and-test.yml,OK,1,modified
facebook_Ax__.github__workflows__cron.yml,OK,1,modified
facebook_Ax__.github__workflows__cron_pinned.yml,OK,0,no-change
facebook_Ax__.github__workflows__deploy.yml,OK,1,modified
facebook_Ax__.github__workflows__lint.yml,OK,1,modified
facebook_Ax__.github__workflows__publish_website.yml,OK,1,modified
facebook_Ax__.github__workflows__reusable_test.yml,OK,1,modified
facebook_Ax__.github__workflows__reusable_tutorials.yml,OK,1,modified
facebook_Ax__.github__workflows__test_website.yml,OK,0,no-change
facebook_Ax__.github__workflows__tutorials.yml,OK,0,no-change
facebook_FBRetainCycleDetector__.github__workflows__ci.yml,OK,1,modified
facebook_Haxl__.github__workflows__haskell-ci.yml,OK,1,modified
facebook_buck2__.github__workflows__build-and-examples.yml,OK,1,modified
facebook_buck2__.github__workflows__build-and-test.yml,OK,1,modified
facebook_buck2__.github__workflows__upload_buck2.yml,OK,1,modified
facebook_docusaurus__.github__workflows__argos.yml,OK,0,no-change
facebook_docusaurus__.github__workflows__build-blog-only.yml,OK,0,no-change
facebook_docusaurus__.github__workflows__build-hash-router.yml,OK,0,no-change
facebook_docusaurus__.github__workflows__build-perf.yml,OK,0,no-change
facebook_docusaurus__.github__workflows__codeql-analysis.yml,OK,0,no-change
facebook_docusaurus__.github__workflows__continuous-releases.yml,OK,0,no-change
facebook_docusaurus__.github__workflows__dependency-review.yml,OK,0,no-change
facebook_docusaurus__.github__workflows__lighthouse-report.yml,OK,0,no-change
facebook_docusaurus__.github__workflows__lint-autofix.yml,OK,0,no-change
facebook_docusaurus__.github__workflows__lint.yml,OK,0,no-change
facebook_docusaurus__.github__workflows__publish.yml,OK,0,no-change
facebook_docusaurus__.github__workflows__showcase-test.yml,OK,0,no-change
facebook_docusaurus__.github__workflows__tests-e2e.yml,OK,0,no-change
facebook_docusaurus__.github__workflows__tests-swizzle.yml,OK,0,no-change
facebook_docusaurus__.github__workflows__tests-windows.yml,OK,0,no-change
facebook_docusaurus__.github__workflows__tests.yml,OK,0,no-change
facebook_duckling__.github__workflows__ci.yml,OK,1,modified
facebook_facebook-android-sdk__.github__workflows__needs-attention.yml,OK,1,modified
facebook_facebook-android-sdk__.github__workflows__stale.yml,OK,1,modified
facebook_facebook-ios-sdk__.github__workflows__needs-attention.yml,OK,1,modified
facebook_facebook-ios-sdk__.github__workflows__stale.yml,OK,1,modified
facebook_fbthrift__.github__workflows__devcontainer.yml,OK,1,modified
facebook_fbthrift__.github__workflows__getdeps_linux.yml,OK,1,modified
facebook_fbthrift__.github__workflows__getdeps_mac.yml,OK,1,modified
facebook_fbthrift__.github__workflows__getdeps_python_linux.yml,OK,1,modified
facebook_fbthrift__.github__workflows__getdeps_python_linux_container.yml,OK,1,modified
facebook_fbthrift__.github__workflows__getdeps_windows.yml,OK,1,modified
facebook_flow__.github__workflows__build_and_test.yml,OK,1,modified
facebook_folly__.github__workflows__TagIt.yml,OK,1,modified
facebook_folly__.github__workflows__devcontainer.yml,OK,1,modified
facebook_folly__.github__workflows__getdeps_linux.yml,OK,1,modified
facebook_folly__.github__workflows__getdeps_mac.yml,OK,1,modified
facebook_folly__.github__workflows__getdeps_shared-libs_linux.yml,OK,1,modified
facebook_folly__.github__workflows__getdeps_windows.yml,OK,1,modified
facebook_folly__.github__workflows__oss-build-and-test.yml,OK,1,modified
facebook_fresco__.github__workflows__build.yml,OK,1,modified
facebook_fresco__.github__workflows__gradle-wrapper-validation.yml,OK,1,modified
facebook_fresco__.github__workflows__release.yml,OK,1,modified
facebook_hermes__.github__workflows__build-android.yml,OK,1,modified
facebook_hermes__.github__workflows__build-apple-slices-hermes.yml,OK,1,modified
facebook_hermes__.github__workflows__build-hermes-macos.yml,OK,1,modified
facebook_hermes__.github__workflows__build-hermesc-apple.yml,OK,1,modified
facebook_hermes__.github__workflows__build-hermesc-linux.yml,OK,1,modified
facebook_hermes__.github__workflows__build-hermesc-windows.yml,OK,1,modified
facebook_hermes__.github__workflows__build.yml,OK,1,modified
facebook_hermes__.github__workflows__create-tag.yml,OK,1,modified
facebook_hermes__.github__workflows__publish.yml,OK,1,modified
facebook_hermes__.github__workflows__rn-build-hermes.yml,OK,1,modified
facebook_hhvm__.github__workflows__ubuntu.yml,OK,1,modified
facebook_idb__.github__workflows__build_and_deploy.yml,OK,1,modified
facebook_igl__.github__workflows__c-cpp.yml,OK,1,modified
facebook_igl__.github__workflows__cmake-install-test.yml,OK,1,modified
facebook_igl__.github__workflows__doc-build.yml,OK,1,modified
facebook_infer__.github__workflows__deploy.yml,OK,1,modified
facebook_infer__.github__workflows__devsetup.yml,OK,1,modified
facebook_infer__.github__workflows__install.yml,OK,1,modified
facebook_jscodeshift__.github__workflows__cr.yml,OK,1,modified
facebook_jscodeshift__.github__workflows__pull_request.yml,OK,0,no-change
facebook_jscodeshift__.github__workflows__push.yml,OK,1,modified
facebook_jscodeshift__.github__workflows__test.yml,OK,1,modified
facebook_lexical__.github__workflows__after-approval.yml,OK,1,modified
facebook_lexical__.github__workflows__call-core-tests.yml,OK,1,modified
facebook_lexical__.github__workflows__call-e2e-all-tests.yml,OK,0,no-change
facebook_lexical__.github__workflows__call-e2e-canary-tests.yml,OK,0,no-change
facebook_lexical__.github__workflows__call-e2e-test.yml,OK,1,modified
facebook_lexical__.github__workflows__call-increment-version.yml,OK,1,modified
facebook_lexical__.github__workflows__call-integration-tests.yml,OK,1,modified
facebook_lexical__.github__workflows__call-npm-publish.yml,OK,1,modified
facebook_lexical__.github__workflows__call-post-release.yml,OK,1,modified
facebook_lexical__.github__workflows__close-stale-pr.yml,OK,0,no-change
facebook_lexical__.github__workflows__devtools-extension-publish.yml,OK,1,modified
facebook_lexical__.github__workflows__nightly-release.yml,OK,0,no-change
facebook_lexical__.github__workflows__pre-release.yml,OK,0,no-change
facebook_lexical__.github__workflows__tests-extended.yml,OK,0,no-change
facebook_lexical__.github__workflows__tests.yml,OK,0,no-change
facebook_lexical__.github__workflows__version.yml,OK,0,no-change
facebook_litho__.github__workflows__ci.yml,OK,1,modified
facebook_litho__.github__workflows__docs.yml,OK,1,modified
facebook_litho__.github__workflows__release.yml,OK,1,modified
facebook_litho__.github__workflows__tagit-weekly.yml,OK,1,modified
facebook_mcrouter__.github__workflows__build.yml,OK,1,modified
facebook_memlab__.github__workflows__gh-pages.yml,OK,1,modified
facebook_metro__.github__workflows__build-test-and-deploy.yml,OK,1,modified
facebook_metro__.github__workflows__deploy-website.yml,OK,1,modified
facebook_metro__.github__workflows__nightly-tests.yml,OK,1,modified
facebook_metro__.github__workflows__test.yml,OK,1,modified
facebook_openzl__.github__workflows__cmake-ci.yml,OK,1,modified
facebook_openzl__.github__workflows__cross-platform-ci.yml,OK,1,modified
facebook_openzl__.github__workflows__deploy-docs.yml,OK,1,modified
facebook_openzl__.github__workflows__dev-ci.yml,OK,1,modified
facebook_openzl__.github__workflows__openzl-demo-wheels.yml,OK,1,modified
facebook_openzl__.github__workflows__test-deploy-docs.yml,OK,1,modified
facebook_openzl__.github__workflows__wheels.yml,OK,1,modified
facebook_openzl__.github__workflows__windows-ci.yml,OK,1,modified
facebook_prophet__.github__workflows__build-and-test.yml,OK,1,modified
facebook_prophet__.github__workflows__wheel.yml,OK,1,modified
facebook_proxygen__.github__workflows__TagIt.yml,OK,1,modified
facebook_proxygen__.github__workflows__close_stale.yml,OK,1,modified
facebook_proxygen__.github__workflows__getdeps_linux.yml,OK,1,modified
facebook_proxygen__.github__workflows__getdeps_mac.yml,OK,1,modified
facebook_proxygen__.github__workflows__publish_mvfst_interop.yml,OK,1,modified
facebook_pyre-check__.github__workflows__publish_website.yml,OK,0,no-change
facebook_pyre-check__.github__workflows__pysa.yml,OK,0,no-change
facebook_pyre-check__.github__workflows__tests.yml,OK,0,no-change
facebook_pyrefly__.github__workflows__build_and_test_website.yml,OK,1,modified
facebook_pyrefly__.github__workflows__build_binaries.yml,OK,1,modified
facebook_pyrefly__.github__workflows__build_extension.yml,OK,1,modified
facebook_pyrefly__.github__workflows__deploy_extension.yml,OK,1,modified
facebook_pyrefly__.github__workflows__deploy_website.yml,OK,1,modified
facebook_pyrefly__.github__workflows__mypy_primer.yml,OK,1,modified
facebook_pyrefly__.github__workflows__mypy_primer_classify.yml,OK,1,modified
facebook_pyrefly__.github__workflows__mypy_primer_comment.yml,OK,1,modified
facebook_pyrefly__.github__workflows__needs_triage.yml,OK,1,modified
facebook_pyrefly__.github__workflows__publish_to_pypi.yml,OK,1,modified
facebook_pyrefly__.github__workflows__pyrefly.yml,OK,1,modified
facebook_pyrefly__.github__workflows__release_binaries.yml,OK,1,modified
facebook_pyrefly__.github__workflows__rollback_website.yml,OK,0,no-change
facebook_pyrefly__.github__workflows__stale.yml,OK,1,modified
facebook_pyrefly__.github__workflows__test_extension.yml,OK,1,modified
facebook_react-native-website__.github__workflows__pre-merge.yml,OK,1,modified
facebook_react-native-website__.github__workflows__stale-bot.yml,OK,1,modified
facebook_react-native__.github__workflows__analyze-pr.yml,OK,1,modified
facebook_react-native__.github__workflows__api-changes.yml,OK,1,modified
facebook_react-native__.github__workflows__autorebase.yml,OK,1,modified
facebook_react-native__.github__workflows__bump-podfile-lock.yml,OK,1,modified
facebook_react-native__.github__workflows__cache-reaper.yml,OK,1,modified
facebook_react-native__.github__workflows__check-for-reproducer.yml,OK,1,modified
facebook_react-native__.github__workflows__close-pr.yml,OK,1,modified
facebook_react-native__.github__workflows__create-draft-release.yml,OK,1,modified
facebook_react-native__.github__workflows__create-release.yml,OK,1,modified
facebook_react-native__.github__workflows__generate-changelog.yml,OK,1,modified
facebook_react-native__.github__workflows__monitor-new-issues.yml,OK,1,modified
facebook_react-native__.github__workflows__needs-attention.yml,OK,1,modified
facebook_react-native__.github__workflows__nightly.yml,OK,1,modified
facebook_react-native__.github__workflows__on-issue-labeled.yml,OK,1,modified
facebook_react-native__.github__workflows__prebuild-ios-core.yml,OK,1,modified
facebook_react-native__.github__workflows__prebuild-ios-dependencies.yml,OK,1,modified
facebook_react-native__.github__workflows__publish-bumped-packages.yml,OK,1,modified
facebook_react-native__.github__workflows__publish-release.yml,OK,1,modified
facebook_react-native__.github__workflows__retry-workflow.yml,OK,0,no-change
facebook_react-native__.github__workflows__stale-bot.yml,OK,1,modified
facebook_react-native__.github__workflows__test-all.yml,OK,1,modified
facebook_react-native__.github__workflows__test-hermes-v1-android.yml,OK,1,modified
facebook_react-native__.github__workflows__test-hermes-v1-ios.yml,OK,1,modified
facebook_react-native__.github__workflows__test-hermes-v1.yml,OK,1,modified
facebook_react-native__.github__workflows__validate-dotslash-artifacts.yml,OK,1,modified
facebook_react-strict-dom__.github__workflows__benchmarks.yml,OK,1,modified
facebook_react-strict-dom__.github__workflows__labels.yml,OK,1,modified
facebook_react-strict-dom__.github__workflows__react-integration.yml,OK,1,modified
facebook_react-strict-dom__.github__workflows__tests.yml,OK,1,modified
facebook_react-strict-dom__.github__workflows__website.yml,OK,1,modified
facebook_react__.github__workflows__compiler_discord_notify.yml,OK,0,no-change
facebook_react__.github__workflows__compiler_playground.yml,OK,1,modified
facebook_react__.github__workflows__compiler_prereleases.yml,OK,1,modified
facebook_react__.github__workflows__compiler_prereleases_manual.yml,OK,0,no-change
facebook_react__.github__workflows__compiler_prereleases_nightly.yml,OK,0,no-change
facebook_react__.github__workflows__compiler_typescript.yml,OK,1,modified
facebook_react__.github__workflows__devtools_discord_notify.yml,OK,0,no-change
facebook_react__.github__workflows__devtools_regression_tests.yml,OK,1,modified
facebook_react__.github__workflows__runtime_build_and_test.yml,OK,1,modified
facebook_react__.github__workflows__runtime_commit_artifacts.yml,OK,1,modified
facebook_react__.github__workflows__runtime_discord_notify.yml,OK,0,no-change
facebook_react__.github__workflows__runtime_eslint_plugin_e2e.yml,OK,1,modified
facebook_react__.github__workflows__runtime_fuzz_tests.yml,OK,1,modified
facebook_react__.github__workflows__runtime_prereleases.yml,OK,1,modified
facebook_react__.github__workflows__runtime_prereleases_manual.yml,OK,0,no-change
facebook_react__.github__workflows__runtime_prereleases_nightly.yml,OK,0,no-change
facebook_react__.github__workflows__runtime_releases_from_npm_manual.yml,OK,1,modified
facebook_react__.github__workflows__shared_check_maintainer.yml,OK,1,modified
facebook_react__.github__workflows__shared_cleanup_merged_branch_caches.yml,OK,0,no-change
facebook_react__.github__workflows__shared_cleanup_stale_branch_caches.yml,OK,0,no-change
facebook_react__.github__workflows__shared_close_direct_sync_branch_prs.yml,OK,1,modified
facebook_react__.github__workflows__shared_label_core_team_prs.yml,OK,1,modified
facebook_react__.github__workflows__shared_lint.yml,OK,1,modified
facebook_react__.github__workflows__shared_stale.yml,OK,1,modified
facebook_redex__.github__workflows__build_and_test.yml,OK,1,modified
facebook_redex__.github__workflows__build_nightly.yml,OK,1,modified
facebook_redex__.github__workflows__build_pull_request.yml,OK,0,no-change
facebook_redex__.github__workflows__build_push.yml,OK,0,no-change
facebook_redex__.github__workflows__deploy-gh-pages.yml,OK,1,modified
facebook_relay__.github__workflows__ci.yml,OK,1,modified
facebook_relay__.github__workflows__docusaurus.yml,OK,1,modified
facebook_relay__.github__workflows__update-cargo-lock.yml,OK,1,modified
facebook_relay__.github__workflows__update-yarn-lock.yml,OK,1,modified
facebook_relay__.github__workflows__vscode.yml,OK,1,modified
facebook_rocksdb__.github__workflows__benchmark-linux.yml,OK,1,modified
facebook_rocksdb__.github__workflows__clang-tidy-comment.yml,OK,1,modified
facebook_rocksdb__.github__workflows__clang-tidy.yml,OK,1,modified
facebook_rocksdb__.github__workflows__nightly-candidate.yml,OK,1,modified
facebook_rocksdb__.github__workflows__nightly.yml,OK,1,modified
facebook_rocksdb__.github__workflows__pr-jobs-candidate.yml,OK,1,modified
facebook_rocksdb__.github__workflows__pr-jobs.yml,OK,1,modified
facebook_rocksdb__.github__workflows__weekly.yml,OK,1,modified
facebook_sapling__.github__workflows__edenfs_linux.yml,OK,1,modified
facebook_sapling__.github__workflows__edenscm-libs.yml,OK,1,modified
facebook_sapling__.github__workflows__manylinux_2_34.yml,OK,1,modified
facebook_sapling__.github__workflows__mononoke-integration_linux.yml,OK,1,modified
facebook_sapling__.github__workflows__mononoke_linux.yml,OK,1,modified
facebook_sapling__.github__workflows__mononoke_mac.yml,OK,1,modified
facebook_sapling__.github__workflows__reviewstack.dev-deploy.yml,OK,1,modified
facebook_sapling__.github__workflows__sapling-addons.yml,OK,1,modified
facebook_sapling__.github__workflows__sapling-cli-getdeps_linux.yml,OK,1,modified
facebook_sapling__.github__workflows__sapling-cli-homebrew-macos-arm64-release.yml,OK,1,modified
facebook_sapling__.github__workflows__sapling-cli-manylinux-release.yml,OK,1,modified
facebook_sapling__.github__workflows__sapling-cli-windows-amd64-release.yml,OK,1,modified
facebook_sapling__.github__workflows__sapling-website-deploy.yml,OK,1,modified
facebook_stylex__.github__workflows__benchmarks.yml,OK,1,modified
facebook_stylex__.github__workflows__tests.yml,OK,1,modified
facebook_wangle__.github__workflows__TagIt.yml,OK,1,modified
facebook_wangle__.github__workflows__getdeps_linux.yml,OK,1,modified
facebook_wangle__.github__workflows__getdeps_mac.yml,OK,1,modified
facebook_wangle__.github__workflows__getdeps_windows.yml,OK,1,modified
facebook_watchman__.github__workflows__getdeps_linux.yml,OK,1,modified
facebook_watchman__.github__workflows__getdeps_mac.yml,OK,1,modified
facebook_watchman__.github__workflows__getdeps_windows.yml,OK,1,modified
facebook_watchman__.github__workflows__package.yml,OK,1,modified
facebook_watchman__.github__workflows__release.yml,OK,1,modified
facebook_yoga__.github__workflows__publish-android-release.yml,OK,1,modified
facebook_yoga__.github__workflows__publish-android-snashot.yml,OK,1,modified
facebook_yoga__.github__workflows__publish-npm-release.yml,OK,1,modified
facebook_yoga__.github__workflows__validate-android.yml,OK,1,modified
facebook_yoga__.github__workflows__validate-cpp.yml,OK,1,modified
facebook_yoga__.github__workflows__validate-js.yml,OK,1,modified
facebook_yoga__.github__workflows__validate-swiftpm.yml,OK,1,modified
facebook_yoga__.github__workflows__validate-tests.yml,OK,1,modified
facebook_yoga__.github__workflows__validate-website.yml,OK,1,modified
facebook_zstd__.github__workflows__android-ndk-build.yml,OK,0,no-change
facebook_zstd__.github__workflows__cmake-tests.yml,OK,0,no-change
facebook_zstd__.github__workflows__commit.yml,OK,1,modified
facebook_zstd__.github__workflows__dev-long-tests.yml,OK,0,no-change
facebook_zstd__.github__workflows__dev-short-tests.yml,OK,0,no-change
facebook_zstd__.github__workflows__nightly.yml,OK,1,modified
facebook_zstd__.github__workflows__publish-release-artifacts.yml,OK,0,no-change
facebook_zstd__.github__workflows__release_check.yml,OK,1,modified
facebook_zstd__.github__workflows__scorecards.yml,OK,0,no-change
facebook_zstd__.github__workflows__windows-artifacts.yml,OK,0,no-change
facebookincubator_AITemplate__.github__workflows__docs.yaml,OK,1,modified
facebookincubator_AITemplate__.github__workflows__pages.yaml,OK,1,modified
facebookincubator_AITemplate__.github__workflows__pylint.yaml,OK,1,modified
facebookincubator_AITemplate__.github__workflows__rocm_ci.yml,OK,1,modified
facebookincubator_below__.github__workflows__ci.yml,OK,1,modified
facebookincubator_below__.github__workflows__dockerhub.yml,OK,1,modified
facebookincubator_cinder__.github__workflows__add-issue-header.yml,OK,1,modified
facebookincubator_cinder__.github__workflows__build.yml,OK,1,modified
facebookincubator_cinder__.github__workflows__documentation-links.yml,OK,1,modified
facebookincubator_cinder__.github__workflows__jit.yml,OK,1,modified
facebookincubator_cinder__.github__workflows__lint.yml,OK,1,modified
facebookincubator_cinder__.github__workflows__mypy.yml,OK,1,modified
facebookincubator_cinder__.github__workflows__new-bugs-announce-notifier.yml,OK,1,modified
facebookincubator_cinder__.github__workflows__project-updater.yml,OK,1,modified
facebookincubator_cinder__.github__workflows__require-pr-label.yml,OK,1,modified
facebookincubator_cinder__.github__workflows__reusable-cifuzz.yml,OK,1,modified
facebookincubator_cinder__.github__workflows__reusable-context.yml,OK,1,modified
facebookincubator_cinder__.github__workflows__reusable-docs.yml,OK,1,modified
facebookincubator_cinder__.github__workflows__reusable-macos.yml,OK,1,modified
facebookincubator_cinder__.github__workflows__reusable-san.yml,OK,1,modified
facebookincubator_cinder__.github__workflows__reusable-ubuntu.yml,OK,1,modified
facebookincubator_cinder__.github__workflows__reusable-wasi.yml,OK,1,modified
facebookincubator_cinder__.github__workflows__reusable-windows-msi.yml,OK,1,modified
facebookincubator_cinder__.github__workflows__reusable-windows.yml,OK,1,modified
facebookincubator_cinder__.github__workflows__stale.yml,OK,1,modified
facebookincubator_cinder__.github__workflows__tail-call.yml,OK,1,modified
facebookincubator_cinder__.github__workflows__verify-ensurepip-wheels.yml,OK,1,modified
facebookincubator_katran__.github__workflows__getdeps_linux.yml,OK,1,modified
facebookincubator_katran__.github__workflows__stale.yml,OK,1,modified
facebookincubator_oomd__.github__workflows__ci.yml,OK,1,modified
facebookincubator_velox__.github__workflows__benchmark.yml,OK,0,no-change
facebookincubator_velox__.github__workflows__breeze.yml,OK,1,modified
facebookincubator_velox__.github__workflows__build-metrics.yml,OK,1,modified
facebookincubator_velox__.github__workflows__build_pyvelox.yml,OK,0,no-change
facebookincubator_velox__.github__workflows__claude-review.yml,OK,0,no-change
facebookincubator_velox__.github__workflows__docker.yml,OK,0,no-change
facebookincubator_velox__.github__workflows__docs.yml,OK,0,no-change
facebookincubator_velox__.github__workflows__linux-build-base.yml,OK,1,modified
facebookincubator_velox__.github__workflows__linux-build.yml,OK,0,no-change
facebookincubator_velox__.github__workflows__macos.yml,OK,1,modified
facebookincubator_velox__.github__workflows__preliminary_checks.yml,OK,0,no-change
facebookincubator_velox__.github__workflows__scheduled.yml,OK,0,no-change
facebookincubator_velox__.github__workflows__tag.yml,OK,0,no-change
facebookresearch_AugLy__.github__workflows__lint_python.yml,OK,1,modified
facebookresearch_AugLy__.github__workflows__test_python.yml,OK,1,modified
facebookresearch_Kats__.github__workflows__build_and_test.yml,OK,1,modified
facebookresearch_Pearl__.github__workflows__CI.yml,OK,1,modified
facebookresearch_audiocraft__.github__workflows__audiocraft_docs.yml,OK,1,modified
facebookresearch_audiocraft__.github__workflows__audiocraft_linter.yml,OK,1,modified
facebookresearch_audiocraft__.github__workflows__audiocraft_tests.yml,OK,1,modified
facebookresearch_blt__.github__workflows__black.yml,OK,1,modified
facebookresearch_blt__.github__workflows__isort.yml,OK,1,modified
facebookresearch_detectron2__.github__workflows__check-template.yml,OK,1,modified
facebookresearch_detectron2__.github__workflows__needs-reply.yml,OK,1,modified
facebookresearch_detectron2__.github__workflows__remove-needs-reply.yml,OK,1,modified
facebookresearch_detectron2__.github__workflows__workflow.yml,OK,1,modified
facebookresearch_dinov2__.github__workflows__lint.yaml,OK,1,modified
facebookresearch_dinov3__.github__workflows__lint.yaml,OK,1,modified
facebookresearch_fairscale__.github__workflows__pre-commit.yml,OK,1,modified
facebookresearch_fairscale__.github__workflows__release.yml,OK,1,modified
facebookresearch_fairseq__.github__workflows__build.yml,OK,1,modified
facebookresearch_fairseq__.github__workflows__depreview.yml,OK,1,modified
facebookresearch_fairseq__.github__workflows__release.yml,OK,1,modified
facebookresearch_faiss__.github__workflows__autoclose.yml,OK,1,modified
facebookresearch_faiss__.github__workflows__build-pull-request.yml,OK,1,modified
facebookresearch_faiss__.github__workflows__build-release.yml,OK,1,modified
facebookresearch_faiss__.github__workflows__build.yml,OK,0,no-change
facebookresearch_faiss__.github__workflows__index-io-backward-compatibility.yml,OK,1,modified
facebookresearch_faiss__.github__workflows__nightly.yml,OK,1,modified
facebookresearch_faiss__.github__workflows__publish-docs.yml,OK,1,modified
facebookresearch_faiss__.github__workflows__retry_build.yml,OK,0,no-change
facebookresearch_faiss__.github__workflows__update-doxygen.yml,OK,1,modified
facebookresearch_flow_matching__.github__workflows__ci.yaml,OK,1,modified
facebookresearch_flow_matching__.github__workflows__notebooks.yaml,OK,1,modified
facebookresearch_fvcore__.github__workflows__workflow.yml,OK,1,modified
facebookresearch_habitat-lab__.github__workflows__deploy_pypi.yml,OK,1,modified
facebookresearch_habitat-lab__.github__workflows__install_and_test.yml,OK,1,modified
facebookresearch_habitat-sim__.github__workflows__install_and_test.yml,OK,1,modified
facebookresearch_hydra__.github__workflows__codeql.yml,OK,1,modified
facebookresearch_hydra__.github__workflows__core_tests.yml,OK,1,modified
facebookresearch_hydra__.github__workflows__deploy_website.yml,OK,1,modified
facebookresearch_hydra__.github__workflows__publish-test.yml,OK,1,modified
facebookresearch_hydra__.github__workflows__publish.yml,OK,1,modified
facebookresearch_mmf__.github__workflows__cpu_test.yaml,OK,1,modified
facebookresearch_mmf__.github__workflows__deploy_website.yaml,OK,1,modified
facebookresearch_mmf__.github__workflows__linter_test.yaml,OK,1,modified
facebookresearch_nevergrad__.github__workflows__every_commit.yml,OK,1,modified
facebookresearch_nevergrad__.github__workflows__main.yml,OK,1,modified
facebookresearch_nevergrad__.github__workflows__version.yml,OK,1,modified
facebookresearch_omnilingual-asr__.github__workflows__lint_and_test.yaml,OK,1,modified
facebookresearch_pytorch3d__.github__workflows__build.yml,OK,1,modified
facebookresearch_sam-audio__.github__workflows__ci.yaml,OK,1,modified
facebookresearch_sam3__.github__workflows__format.yml,OK,1,modified
facebookresearch_vjepa2__.github__workflows__base_tests.yaml,OK,1,modified
facebookresearch_vjepa2__.github__workflows__linters.yaml,OK,1,modified
facebookresearch_xformers__.github__workflows__gh-pages.yml,OK,1,modified
facebookresearch_xformers__.github__workflows__gpu_test_gh.yml,OK,1,modified
facebookresearch_xformers__.github__workflows__linters.yml,OK,0,no-change
facebookresearch_xformers__.github__workflows__linters_reusable.yml,OK,1,modified
facebookresearch_xformers__.github__workflows__rocm_build.yml,OK,0,no-change
facebookresearch_xformers__.github__workflows__rocm_ci.yml,OK,1,modified
facebookresearch_xformers__.github__workflows__rocm_docker.yml,OK,1,modified
facebookresearch_xformers__.github__workflows__wheels.yml,OK,0,no-change
facebookresearch_xformers__.github__workflows__wheels_build.yml,OK,1,modified
facebookresearch_xformers__.github__workflows__wheels_upload_pip.yml,OK,1,modified
facebookresearch_xformers__.github__workflows__wheels_upload_s3.yml,OK,1,modified
facebookresearch_xformers__.github__workflows__win-build.yml,OK,1,modified
google_A2UI__.github__workflows__check_private_index.yml,OK,1,modified
google_A2UI__.github__workflows__docs.yml,OK,1,modified
google_A2UI__.github__workflows__editor_build.yml,OK,1,modified
google_A2UI__.github__workflows__inspector_build.yml,OK,1,modified
google_A2UI__.github__workflows__java_build_and_test.yml,OK,1,modified
google_A2UI__.github__workflows__lit_samples_build.yml,OK,1,modified
google_A2UI__.github__workflows__ng_build_and_test.yml,OK,1,modified
google_A2UI__.github__workflows__python_a2ui_agent_build_and_test.yml,OK,1,modified
google_A2UI__.github__workflows__python_samples_build.yml,OK,1,modified
google_A2UI__.github__workflows__web_build_and_test.yml,OK,1,modified
google_OpenSK__.github__workflows__cargo_audit.yml,OK,1,modified
google_OpenSK__.github__workflows__cargo_bloat.yml,OK,1,modified
google_OpenSK__.github__workflows__ci.yml,OK,1,modified
google_OpenSK__.github__workflows__cifuzz.yml,OK,1,modified
google_OpenSK__.github__workflows__coveralls.yml,OK,1,modified
google_OpenSK__.github__workflows__mdlint.yml,OK,1,modified
google_OpenSK__.github__workflows__reproducible.yml,OK,1,modified
google_XNNPACK__.github__workflows__build-linux-windows.yml,OK,1,modified
google_XNNPACK__.github__workflows__build.yml,OK,1,modified
google_XNNPACK__.github__workflows__on-pr-approved.yml,OK,0,no-change
google_XNNPACK__.github__workflows__on-pr-merge-to-master.yml,OK,0,no-change
google_XNNPACK__.github__workflows__on-push.yml,OK,0,no-change
google_XNNPACK__.github__workflows__publish-docker.yml,OK,1,modified
google_XNNPACK__.github__workflows__sde-tests-linux-windows.yml,OK,1,modified
google_accompanist__.github__workflows__automerger.yml,OK,1,modified
google_accompanist__.github__workflows__build-snapshot.yml,OK,1,modified
google_accompanist__.github__workflows__build.yml,OK,1,modified
google_accompanist__.github__workflows__issues-stale.yml,OK,1,modified
google_accompanist__.github__workflows__publish-docs.yml,OK,1,modified
google_accompanist__.github__workflows__update-release.yml,OK,0,no-change
google_adk-go__.github__workflows__go.yml,OK,0,no-change
google_adk-go__.github__workflows__nightly.yml,OK,0,no-change
google_adk-python__.github__workflows__analyze-releases-for-adk-docs-updates.yml,OK,1,modified
google_adk-python__.github__workflows__check-file-contents.yml,OK,1,modified
google_adk-python__.github__workflows__copybara-pr-handler.yml,OK,1,modified
google_adk-python__.github__workflows__discussion_answering.yml,OK,1,modified
google_adk-python__.github__workflows__isort.yml,OK,1,modified
google_adk-python__.github__workflows__mypy-new-errors.yml,OK,1,modified
google_adk-python__.github__workflows__mypy.yml,OK,1,modified
google_adk-python__.github__workflows__pr-triage.yml,OK,1,modified
google_adk-python__.github__workflows__pyink.yml,OK,1,modified
google_adk-python__.github__workflows__python-unit-tests.yml,OK,1,modified
google_adk-python__.github__workflows__release-cherry-pick.yml,OK,1,modified
google_adk-python__.github__workflows__release-cut.yml,OK,1,modified
google_adk-python__.github__workflows__release-finalize.yml,OK,1,modified
google_adk-python__.github__workflows__release-please.yml,OK,1,modified
google_adk-python__.github__workflows__release-publish.yml,OK,1,modified
google_adk-python__.github__workflows__stale-bot.yml,OK,1,modified
google_adk-python__.github__workflows__triage.yml,OK,1,modified
google_adk-python__.github__workflows__upload-adk-docs-to-vertex-ai-search.yml,OK,1,modified
google_adk-samples__.github__workflows__dependabot-auto-merge.yml,OK,1,modified
google_adk-samples__.github__workflows__gemini-cli.yml,OK,0,no-change
google_adk-samples__.github__workflows__gemini-issue-automated-triage.yml,OK,0,no-change
google_adk-samples__.github__workflows__gemini-issue-scheduled-triage.yml,OK,0,no-change
google_adk-samples__.github__workflows__gemini-pr-review.yml,OK,0,no-change
google_adk-samples__.github__workflows__ruff-checks.yml,OK,1,modified
google_adk-samples__.github__workflows__test_templated_agent.yaml,OK,1,modified
google_auto__.github__workflows__ci.yml,OK,0,no-change
google_autocxx__.github__workflows__ci.yml,OK,1,modified
google_autocxx__.github__workflows__site.yml,OK,1,modified
google_automl__.github__workflows__python-app.yml,OK,1,modified
google_benchmark__.github__workflows__bazel.yml,OK,0,no-change
google_benchmark__.github__workflows__build-and-test-min-cmake.yml,OK,0,no-change
google_benchmark__.github__workflows__build-and-test-perfcounters.yml,OK,0,no-change
google_benchmark__.github__workflows__build-and-test.yml,OK,0,no-change
google_benchmark__.github__workflows__clang-format-lint.yml,OK,0,no-change
google_benchmark__.github__workflows__clang-tidy-lint.yml,OK,0,no-change
google_benchmark__.github__workflows__doxygen.yml,OK,0,no-change
google_benchmark__.github__workflows__ossf.yml,OK,0,no-change
google_benchmark__.github__workflows__pre-commit.yml,OK,0,no-change
google_benchmark__.github__workflows__sanitizer.yml,OK,0,no-change
google_benchmark__.github__workflows__test_bindings.yml,OK,0,no-change
google_benchmark__.github__workflows__wheels.yml,OK,0,no-change
google_bindiff__.github__workflows__cmake.yml,OK,1,modified
google_bloaty__.github__workflows__build.yml,OK,1,modified
google_bloaty__.github__workflows__cifuzz.yml,OK,1,modified
google_boringssl__.github__workflows__branch-time.yml,OK,1,modified
google_brax__.github__workflows__ci.yml,OK,1,modified
google_brax__.github__workflows__pypi.yml,OK,1,modified
google_breakpad__.github__workflows__build-test-ci.yml,OK,0,no-change
google_breakpad__.github__workflows__close-pull-request.yml,OK,1,modified
google_breakpad__.github__workflows__coverity.yml,OK,1,modified
google_brotli__.github__workflows__build_test.yml,OK,0,no-change
google_brotli__.github__workflows__build_test_wasm.yml,OK,0,no-change
google_brotli__.github__workflows__codeql.yml,OK,0,no-change
google_brotli__.github__workflows__fuzz.yml,OK,0,no-change
google_brotli__.github__workflows__lint.yml,OK,0,no-change
google_brotli__.github__workflows__release.yaml,OK,0,no-change
google_brotli__.github__workflows__scorecard.yml,OK,0,no-change
google_cadvisor__.github__workflows__publish-container.yml,OK,1,modified
google_cadvisor__.github__workflows__release-binaries.yml,OK,1,modified
google_cadvisor__.github__workflows__stale.yaml,OK,1,modified
google_cadvisor__.github__workflows__test.yml,OK,1,modified
google_cel-spec__.github__workflows__publish_to_bcr.yml,OK,1,modified
google_clasp__.github__workflows__ci.yaml,OK,1,modified
google_clasp__.github__workflows__release.yaml,OK,1,modified
google_closure-compiler__.github__workflows__release.yaml,OK,1,modified
google_closure-compiler__.github__workflows__run_tests.yaml,OK,0,no-change
google_closure-compiler__.github__workflows__scorecard.yml,OK,0,no-change
google_clusterfuzz__.github__workflows__codeql-analysis.yml,OK,1,modified
google_clusterfuzz__.github__workflows__kubernetes-e2e-tests.yaml,OK,1,modified
google_clusterfuzz__.github__workflows__publish-to-pypi.yaml,OK,0,no-change
google_clusterfuzz__.github__workflows__staleness.yml,OK,0,no-change
google_clusterfuzz__.github__workflows__tests.yaml,OK,1,modified
google_comprehensive-rust__.github__workflows__build.yml,OK,1,modified
google_comprehensive-rust__.github__workflows__check-msgid-changes.yml,OK,1,modified
google_comprehensive-rust__.github__workflows__labeler.yml,OK,1,modified
google_comprehensive-rust__.github__workflows__lint.yml,OK,1,modified
google_comprehensive-rust__.github__workflows__publish.yml,OK,1,modified
google_copybara__.github__workflows__docker-deploy.yaml,OK,1,modified
google_copybara__.github__workflows__release.yaml,OK,1,modified
google_cpu_features__.github__workflows__aarch64_linux_bazel.yml,OK,1,modified
google_cpu_features__.github__workflows__aarch64_linux_cmake.yml,OK,1,modified
google_cpu_features__.github__workflows__aarch64_linux_zig.yml,OK,1,modified
google_cpu_features__.github__workflows__amd64_linux_bazel.yml,OK,1,modified
google_cpu_features__.github__workflows__amd64_linux_cmake.yml,OK,1,modified
google_cpu_features__.github__workflows__amd64_linux_zig.yml,OK,1,modified
google_cpu_features__.github__workflows__amd64_macos_bazel.yml,OK,1,modified
google_cpu_features__.github__workflows__amd64_macos_cmake.yml,OK,1,modified
google_cpu_features__.github__workflows__amd64_macos_zig.yml,OK,1,modified
google_cpu_features__.github__workflows__amd64_windows_bazel.yml,OK,1,modified
google_cpu_features__.github__workflows__amd64_windows_cmake.yml,OK,1,modified
google_cpu_features__.github__workflows__amd64_windows_zig.yml,OK,1,modified
google_cpu_features__.github__workflows__arm64_macos_bazel.yml,OK,1,modified
google_cpu_features__.github__workflows__arm64_macos_cmake.yml,OK,1,modified
google_cpu_features__.github__workflows__arm64_macos_zig.yml,OK,1,modified
google_cpu_features__.github__workflows__arm_linux_cmake.yml,OK,1,modified
google_cpu_features__.github__workflows__clang_format.yml,OK,1,modified
google_cpu_features__.github__workflows__mips_linux_cmake.yml,OK,1,modified
google_cpu_features__.github__workflows__power_linux_cmake.yml,OK,1,modified
google_cpu_features__.github__workflows__riscv_linux_cmake.yml,OK,1,modified
google_cpu_features__.github__workflows__s390x_linux_cmake.yml,OK,1,modified
google_cpu_features__.github__workflows__zig.yml,OK,1,modified
google_dagger__.github__workflows__ci.yml,OK,1,modified
google_dagger__.github__workflows__release.yml,OK,1,modified
google_differential-privacy__.github__workflows__bazel.yml,OK,1,modified
google_differential-privacy__.github__workflows__go.yml,OK,1,modified
google_differential-privacy__.github__workflows__maven.yml,OK,1,modified
google_docsy__.github__workflows__smoke.yaml,OK,1,modified
google_docsy__.github__workflows__test.yaml,OK,1,modified
google_draco__.github__workflows__ci.yml,OK,1,modified
google_draco__.github__workflows__gemini-cli.yml,OK,0,no-change
google_draco__.github__workflows__gemini-issue-automated-triage.yml,OK,0,no-change
google_draco__.github__workflows__gemini-issue-scheduled-triage.yml,OK,0,no-change
google_draco__.github__workflows__gemini-pr-review.yml,OK,0,no-change
google_earthengine-api__.github__workflows__ci-tests.yml,OK,1,modified
google_earthengine-api__.github__workflows__ci-type-verification.yml,OK,1,modified
google_earthengine-api__.github__workflows__publish-to-npm.yml,OK,1,modified
google_earthengine-api__.github__workflows__publish-to-pypi.yml,OK,1,modified
google_error-prone__.github__workflows__ci.yml,OK,1,modified
google_error-prone__.github__workflows__release.yml,OK,1,modified
google_filament__.github__workflows__cocopods-deploy.yml,OK,0,no-change
google_filament__.github__workflows__npm-deploy.yml,OK,1,modified
google_filament__.github__workflows__postsubmit-main.yml,OK,1,modified
google_filament__.github__workflows__postsubmit.yml,OK,1,modified
google_filament__.github__workflows__presubmit.yml,OK,1,modified
google_filament__.github__workflows__release.yml,OK,1,modified
google_filament__.github__workflows__verify-release-notes.yml,OK,0,no-change
google_flatbuffers__.github__workflows__build.yml,OK,1,modified
google_flatbuffers__.github__workflows__docs.yml,OK,1,modified
google_flatbuffers__.github__workflows__label.yml,OK,1,modified
google_flatbuffers__.github__workflows__main.yml,OK,1,modified
google_flatbuffers__.github__workflows__release.yml,OK,1,modified
google_flatbuffers__.github__workflows__stale.yml,OK,1,modified
google_flax__.github__workflows__flax_publish.yml,OK,0,no-change
google_flax__.github__workflows__flax_test.yml,OK,0,no-change
google_flax__.github__workflows__flaxlib_publish.yml,OK,0,no-change
google_flax__.github__workflows__jax_nightly.yml,OK,0,no-change
google_fonts__.github__workflows__ci.yaml,OK,1,modified
google_fonts__.github__workflows__designers.yaml,OK,1,modified
google_fonts__.github__workflows__font_tags.yaml,OK,1,modified
google_fonts__.github__workflows__fontspectorall.yaml,OK,1,modified
google_fonts__.github__workflows__pushlists.yaml,OK,1,modified
google_fonts__.github__workflows__report.yaml,OK,1,modified
google_fonts__.github__workflows__scorecard.yml,OK,1,modified
google_fonts__.github__workflows__test.yaml,OK,1,modified
google_fonts__.github__workflows__update_sandbox.yaml,OK,1,modified
google_gemma.cpp__.github__workflows__build.yml,OK,1,modified
google_generative-ai-docs__.github__workflows__labeler.yml,OK,1,modified
google_generative-ai-docs__.github__workflows__notebooks.yml,OK,1,modified
google_generative-ai-docs__.github__workflows__remove-issue-labels.yml,OK,1,modified
google_generative-ai-docs__.github__workflows__remove-pr-labels.yml,OK,1,modified
google_generative-ai-docs__.github__workflows__stale.yml,OK,1,modified
google_gnostic__.github__workflows__go.yml,OK,1,modified
google_go-cloud__.github__workflows__tests.yml,OK,1,modified
google_go-cmp__.github__workflows__test.yml,OK,0,no-change
google_go-containerregistry__.github__workflows__analyze.yaml,OK,1,modified
google_go-containerregistry__.github__workflows__boilerplate.yaml,OK,1,modified
google_go-containerregistry__.github__workflows__build.yaml,OK,1,modified
google_go-containerregistry__.github__workflows__bump-deps.yaml,OK,1,modified
google_go-containerregistry__.github__workflows__donotsubmit.yaml,OK,1,modified
google_go-containerregistry__.github__workflows__e2e.yaml,OK,1,modified
google_go-containerregistry__.github__workflows__ecr-auth.yaml,OK,1,modified
google_go-containerregistry__.github__workflows__ghcr-auth.yaml,OK,1,modified
google_go-containerregistry__.github__workflows__presubmit.yaml,OK,1,modified
google_go-containerregistry__.github__workflows__release.yml,OK,1,modified
google_go-containerregistry__.github__workflows__stale.yaml,OK,0,no-change
google_go-containerregistry__.github__workflows__style.yaml,OK,1,modified
google_go-containerregistry__.github__workflows__test.yaml,OK,1,modified
google_go-github__.github__workflows__linter.yml,OK,0,no-change
google_go-github__.github__workflows__tests.yml,OK,0,no-change
google_go-querystring__.github__workflows__linter.yml,OK,0,no-change
google_go-querystring__.github__workflows__tests.yml,OK,0,no-change
google_google-java-format__.github__workflows__ci.yml,OK,1,modified
google_google-java-format__.github__workflows__release.yml,OK,1,modified
google_gops__.github__workflows__test.yml,OK,1,modified
google_grr__.github__workflows__build.yml,OK,1,modified
google_grr__.github__workflows__publish-pypi.yml,OK,1,modified
google_gson__.github__workflows__build.yml,OK,0,no-change
google_gson__.github__workflows__check-android-compatibility.yml,OK,0,no-change
google_gson__.github__workflows__check-api-compatibility.yml,OK,0,no-change
google_gson__.github__workflows__cifuzz.yml,OK,0,no-change
google_gson__.github__workflows__codeql-analysis.yml,OK,0,no-change
google_gson__.github__workflows__scorecard.yml,OK,0,no-change
google_gts__.github__workflows__ci.yaml,OK,1,modified
google_gts__.github__workflows__release.yaml,OK,1,modified
google_guava__.github__workflows__ci.yml,OK,0,no-change
google_guava__.github__workflows__scorecard.yml,OK,0,no-change
google_guice__.github__workflows__ci.yml,OK,0,no-change
google_gvisor__.github__workflows__build.yml,OK,1,modified
google_gvisor__.github__workflows__codeql.yml,OK,1,modified
google_gvisor__.github__workflows__go.yml,OK,1,modified
google_gvisor__.github__workflows__issue_reviver.yml,OK,1,modified
google_gvisor__.github__workflows__labeler.yml,OK,1,modified
google_gvisor__.github__workflows__stale.yml,OK,1,modified
google_highway__.github__workflows__build_test.yml,OK,0,no-change
google_highway__.github__workflows__docs_pages_workflow.yml,OK,0,no-change
google_highway__.github__workflows__meson_build_test.yml,OK,1,modified
google_highway__.github__workflows__multiarch.yml,OK,1,modified
google_j2objc__.github__workflows__main.yml,OK,1,modified
google_jimfs__.github__workflows__ci.yml,OK,0,no-change
google_jsonnet__.github__workflows__build_and_test.yml,OK,1,modified
google_jsonnet__.github__workflows__doc_update.yml,OK,1,modified
google_jsonnet__.github__workflows__publish-python.yml,OK,1,modified
google_jsonnet__.github__workflows__release.yml,OK,1,modified
google_ksp__.github__workflows__auto-merge.yml,OK,1,modified
google_ksp__.github__workflows__main.yml,OK,1,modified
google_ksp__.github__workflows__release.yml,OK,1,modified
google_langextract__.github__workflows__auto-update-pr.yaml,OK,1,modified
google_langextract__.github__workflows__check-infrastructure-changes.yml,OK,1,modified
google_langextract__.github__workflows__check-linked-issue.yml,OK,1,modified
google_langextract__.github__workflows__check-pr-size.yml,OK,1,modified
google_langextract__.github__workflows__check-pr-up-to-date.yaml,OK,1,modified
google_langextract__.github__workflows__ci.yaml,OK,1,modified
google_langextract__.github__workflows__publish.yml,OK,1,modified
google_langextract__.github__workflows__revalidate-pr.yml,OK,1,modified
google_langextract__.github__workflows__validate-community-providers.yaml,OK,1,modified
google_langextract__.github__workflows__validate_pr_template.yaml,OK,1,modified
google_langextract__.github__workflows__zenodo-publish.yml,OK,1,modified
google_libphonenumber__.github__workflows__codeql.yml,OK,0,no-change
google_libphonenumber__.github__workflows__cpp-unit-test.yml,OK,0,no-change
google_libphonenumber__.github__workflows__dependency-review.yml,OK,0,no-change
google_libphonenumber__.github__workflows__java-unit-test.yml,OK,0,no-change
google_libphonenumber__.github__workflows__osv-scanner-unified.yml,OK,0,no-change
google_libphonenumber__.github__workflows__scorecards.yml,OK,0,no-change
google_magika__.github__workflows__cli-latest.yml,OK,0,no-change
google_magika__.github__workflows__cli-release.yml,OK,1,modified
google_magika__.github__workflows__codeql.yml,OK,0,no-change
google_magika__.github__workflows__docs-check.yml,OK,0,no-change
google_magika__.github__workflows__github-issue-labeler.yml,OK,0,no-change
google_magika__.github__workflows__github-pages.yml,OK,0,no-change
google_magika__.github__workflows__go-test.yml,OK,0,no-change
google_magika__.github__workflows__js-check-import-scenarios.yml,OK,0,no-change
google_magika__.github__workflows__js-docs-builder.yml,OK,0,no-change
google_magika__.github__workflows__js-publish.yml,OK,0,no-change
google_magika__.github__workflows__js-test.yml,OK,0,no-change
google_magika__.github__workflows__python-build-and-release-package.yml,OK,1,modified
google_magika__.github__workflows__python-test-published-package.yml,OK,0,no-change
google_magika__.github__workflows__python-test-published-rc-package.yml,OK,0,no-change
google_magika__.github__workflows__python-test-suite.yml,OK,0,no-change
google_magika__.github__workflows__rust-test.yml,OK,0,no-change
google_magika__.github__workflows__scorecard.yml,OK,0,no-change
google_magika__.github__workflows__website-test.yml,OK,0,no-change
google_material-design-icons__.github__workflows__main.yml,OK,1,modified
google_model-viewer__.github__workflows__deploy-documentation.yml,OK,1,modified
google_model-viewer__.github__workflows__fidelity-tests.yml,OK,1,modified
google_model-viewer__.github__workflows__unit-tests.yml,OK,1,modified
google_mozc__.github__workflows__android.yaml,OK,1,modified
google_mozc__.github__workflows__lint.yaml,OK,1,modified
google_mozc__.github__workflows__linux.yaml,OK,1,modified
google_mozc__.github__workflows__macos.yaml,OK,1,modified
google_mozc__.github__workflows__windows.yaml,OK,1,modified
google_mtail__.github__workflows__auto-review.yml,OK,1,modified
google_mtail__.github__workflows__automerge.yml,OK,1,modified
google_mtail__.github__workflows__benchmark.yml,OK,1,modified
google_mtail__.github__workflows__ci-done.yml,OK,1,modified
google_mtail__.github__workflows__ci.yml,OK,1,modified
google_mtail__.github__workflows__codeql-analysis.yml,OK,1,modified
google_mtail__.github__workflows__golangci-lint.yml,OK,1,modified
google_mtail__.github__workflows__oss-fuzz.yml,OK,1,modified
google_mtail__.github__workflows__release.yml,OK,1,modified
google_mtail__.github__workflows__remove-old-package-versions.yml,OK,1,modified
google_mtail__.github__workflows__stale.yml,OK,1,modified
google_mtail__.github__workflows__tag-new-release.yml,OK,1,modified
google_nsjail__.github__workflows__dockerpush.yml,OK,1,modified
google_oboe__.github__workflows__build-ci.yml,OK,1,modified
google_oboe__.github__workflows__update-docs.yml,OK,1,modified
google_open-location-code__.github__workflows__main.yml,OK,1,modified
google_or-tools__.github__workflows__aarch64_toolchain.yml,OK,1,modified
google_or-tools__.github__workflows__amd64_cmake_glop_cpp.yml,OK,1,modified
google_or-tools__.github__workflows__amd64_docker_bazel.yml,OK,1,modified
google_or-tools__.github__workflows__amd64_docker_cmake.yml,OK,1,modified
google_or-tools__.github__workflows__amd64_freebsd_cmake.yml,OK,1,modified
google_or-tools__.github__workflows__amd64_linux_bazel.yml,OK,1,modified
google_or-tools__.github__workflows__amd64_linux_cmake_coinor_off.yml,OK,1,modified
google_or-tools__.github__workflows__amd64_linux_cmake_cpp.yml,OK,1,modified
google_or-tools__.github__workflows__amd64_linux_cmake_dotnet.yml,OK,1,modified
google_or-tools__.github__workflows__amd64_linux_cmake_glpk_on.yml,OK,1,modified
google_or-tools__.github__workflows__amd64_linux_cmake_java.yml,OK,1,modified
google_or-tools__.github__workflows__amd64_linux_cmake_python.yml,OK,1,modified
google_or-tools__.github__workflows__amd64_linux_cmake_scip_off.yml,OK,1,modified
google_or-tools__.github__workflows__amd64_linux_cmake_system_deps.yml,OK,1,modified
google_or-tools__.github__workflows__amd64_macos_bazel.yml,OK,1,modified
google_or-tools__.github__workflows__amd64_macos_cmake_cpp.yml,OK,1,modified
google_or-tools__.github__workflows__amd64_macos_cmake_dotnet.yml,OK,1,modified
google_or-tools__.github__workflows__amd64_macos_cmake_java.yml,OK,1,modified
google_or-tools__.github__workflows__amd64_macos_cmake_python.yml,OK,1,modified
google_or-tools__.github__workflows__amd64_web.yml,OK,1,modified
google_or-tools__.github__workflows__amd64_windows_bazel.yml,OK,1,modified
google_or-tools__.github__workflows__amd64_windows_cmake_cpp.yml,OK,1,modified
google_or-tools__.github__workflows__amd64_windows_cmake_dotnet.yml,OK,1,modified
google_or-tools__.github__workflows__amd64_windows_cmake_java.yml,OK,1,modified
google_or-tools__.github__workflows__amd64_windows_cmake_python.yml,OK,1,modified
google_or-tools__.github__workflows__arm64_macos_bazel.yml,OK,1,modified
google_or-tools__.github__workflows__arm64_macos_cmake_cpp.yml,OK,1,modified
google_or-tools__.github__workflows__arm64_macos_cmake_dotnet.yml,OK,1,modified
google_or-tools__.github__workflows__arm64_macos_cmake_java.yml,OK,1,modified
google_or-tools__.github__workflows__arm64_macos_cmake_python.yml,OK,1,modified
google_or-tools__.github__workflows__check_format.yml,OK,1,modified
google_or-tools__.github__workflows__mips_toolchain.yml,OK,1,modified
google_or-tools__.github__workflows__powerpc_toolchain.yml,OK,1,modified
google_or-tools__.github__workflows__presubmit.yml,OK,1,modified
google_oss-fuzz__.github__workflows__cflite_pr.yml,OK,1,modified
google_oss-fuzz__.github__workflows__check_base_os.yml,OK,1,modified
google_oss-fuzz__.github__workflows__codeql-analysis.yml,OK,1,modified
google_oss-fuzz__.github__workflows__index_build_tests.yml,OK,1,modified
google_oss-fuzz__.github__workflows__indexer_build.yml,OK,1,modified
google_oss-fuzz__.github__workflows__infra_tests.yml,OK,1,modified
google_oss-fuzz__.github__workflows__pr_helper.yml,OK,1,modified
google_oss-fuzz__.github__workflows__presubmit.yml,OK,1,modified
google_oss-fuzz__.github__workflows__project_tests.yml,OK,1,modified
google_oss-fuzz__.github__workflows__ubuntu_version_sync.yml,OK,1,modified
google_osv-scanner__.github__workflows__cassettes.yml,OK,0,no-change
google_osv-scanner__.github__workflows__checks.yml,OK,0,no-change
google_osv-scanner__.github__workflows__codeql-analysis.yml,OK,0,no-change
google_osv-scanner__.github__workflows__dependencies.yml,OK,0,no-change
google_osv-scanner__.github__workflows__goreleaser-nightly.yml,OK,0,no-change
google_osv-scanner__.github__workflows__goreleaser.yml,OK,1,modified
google_osv-scanner__.github__workflows__links.yml,OK,0,no-change
google_osv-scanner__.github__workflows__osv-scanner-reusable-pr.yml,OK,0,no-change
google_osv-scanner__.github__workflows__osv-scanner-reusable.yml,OK,0,no-change
google_osv-scanner__.github__workflows__osv-scanner-unified-action.yml,OK,0,no-change
google_osv-scanner__.github__workflows__prerelease-check.yml,OK,0,no-change
google_osv-scanner__.github__workflows__renovate-validator.yml,OK,0,no-change
google_osv-scanner__.github__workflows__scorecards.yml,OK,0,no-change
google_osv-scanner__.github__workflows__snapshots.yml,OK,0,no-change
google_osv-scanner__.github__workflows__staleness.yml,OK,0,no-change
google_osv-scanner__.github__workflows__title.yml,OK,0,no-change
google_osv.dev__.github__workflows__codeql-analysis.yml,OK,0,no-change
google_osv.dev__.github__workflows__issue-signposting.yml,OK,0,no-change
google_osv.dev__.github__workflows__links.yml,OK,0,no-change
google_osv.dev__.github__workflows__lint.yaml,OK,0,no-change
google_osv.dev__.github__workflows__osv-scanner-unified.yml,OK,0,no-change
google_osv.dev__.github__workflows__pr-check.yml,OK,0,no-change
google_osv.dev__.github__workflows__publish-to-pypi.yaml,OK,0,no-change
google_osv.dev__.github__workflows__renovate-validator.yml,OK,0,no-change
google_osv.dev__.github__workflows__scorecards.yml,OK,0,no-change
google_osv.dev__.github__workflows__snapshots.yml,OK,0,no-change
google_osv.dev__.github__workflows__staleness.yml,OK,0,no-change
google_perfetto__.github__workflows__analyze.yml,OK,1,modified
google_perfetto__.github__workflows__android-tests.yml,OK,1,modified
google_perfetto__.github__workflows__bazel-tests.yml,OK,1,modified
google_perfetto__.github__workflows__chromium-copybara-import.yml,OK,1,modified
google_perfetto__.github__workflows__fuzzer-tests.yml,OK,1,modified
google_perfetto__.github__workflows__linux-tests.yml,OK,1,modified
google_perfetto__.github__workflows__merge-canary-to-stable.yml,OK,1,modified
google_perfetto__.github__workflows__merge-main-to-canary.yml,OK,1,modified
google_perfetto__.github__workflows__pr-branch-check.yml,OK,0,no-change
google_perfetto__.github__workflows__repo-checks.yml,OK,1,modified
google_perfetto__.github__workflows__require-two-reviewers-for-fork-prs.yml,OK,0,no-change
google_perfetto__.github__workflows__rust-sdk-tests.yml,OK,1,modified
google_perfetto__.github__workflows__sync-protos.yml,OK,1,modified
google_perfetto__.github__workflows__ui-tests.yml,OK,1,modified
google_perfetto__.github__workflows__update-codeowners.yml,OK,1,modified
google_pprof__.github__workflows__ci.yaml,OK,0,no-change
google_python-fire__.github__workflows__build.yml,OK,1,modified
google_pytype__.github__workflows__build.yml,OK,1,modified
google_pytype__.github__workflows__ci.yml,OK,1,modified
google_re2__.github__workflows__ci-bazel.yml,OK,1,modified
google_re2__.github__workflows__ci-cmake.yml,OK,1,modified
google_re2__.github__workflows__ci.yml,OK,1,modified
google_re2__.github__workflows__pages.yml,OK,1,modified
google_re2__.github__workflows__python.yml,OK,1,modified
google_re2__.github__workflows__release-bazel.yml,OK,1,modified
google_re2__.github__workflows__release.yml,OK,1,modified
google_recaptcha__.github__workflows__php.yml,OK,1,modified
google_s2geometry__.github__workflows__build.yml,OK,0,no-change
google_security-research__.github__workflows__kernel-codeql-release.yaml,OK,1,modified
google_security-research__.github__workflows__kernelctf-auto-releaser.yaml,OK,1,modified
google_security-research__.github__workflows__kernelctf-release-build.yaml,OK,1,modified
google_security-research__.github__workflows__kernelctf-submission-verification.yaml,OK,1,modified
google_security-research__.github__workflows__kernelctf-verify-all.yaml,OK,1,modified
google_security-research__.github__workflows__v8ctf-challenge-updater.yaml,OK,1,modified
google_seesaw__.github__workflows__ci.yaml,OK,1,modified
google_sentencepiece__.github__workflows__cifuzz.yml,OK,1,modified
google_sentencepiece__.github__workflows__cmake.yml,OK,1,modified
google_sentencepiece__.github__workflows__cross_build.yml,OK,0,no-change
google_sentencepiece__.github__workflows__wheel.yml,OK,1,modified
google_shaderc__.github__workflows__autoroll.yml,OK,1,modified
google_snappy__.github__workflows__build.yml,OK,1,modified
google_snappy__.github__workflows__riscv64-qemu-test.yaml,OK,1,modified
google_starlark-go__.github__workflows__tests.yml,OK,1,modified
google_syzkaller__.github__workflows__ci.yml,OK,0,no-change
google_syzkaller__.github__workflows__depsreview.yaml,OK,0,no-change
google_syzkaller__.github__workflows__gemini-pr-review.yml,OK,0,no-change
google_syzkaller__.github__workflows__oss-fuzz.yml,OK,1,modified
google_tamperchrome__.github__workflows__ci.yml,OK,1,modified
google_tamperchrome__.github__workflows__codeql-analysis.yml,OK,1,modified
google_tamperchrome__.github__workflows__post-commit.yml,OK,1,modified
google_tamperchrome__.github__workflows__release.yml,OK,1,modified
google_tarpc__.github__workflows__main.yml,OK,1,modified
google_tarpc__.github__workflows__pr_review.yml,OK,1,modified
google_timesketch__.github__workflows__build_frontend-ng.yml,OK,1,modified
google_timesketch__.github__workflows__build_frontend-v3.yml,OK,1,modified
google_timesketch__.github__workflows__documentation.yml,OK,1,modified
google_timesketch__.github__workflows__e2e-tests.yml,OK,1,modified
google_timesketch__.github__workflows__linters.yml,OK,1,modified
google_timesketch__.github__workflows__unit-tests.yml,OK,1,modified
google_trillian__.github__workflows__codeql.yml,OK,0,no-change
google_trillian__.github__workflows__golangci-lint.yml,OK,0,no-change
google_trillian__.github__workflows__govulncheck.yml,OK,0,no-change
google_trillian__.github__workflows__scorecard.yml,OK,0,no-change
google_trillian__.github__workflows__test_crdb.yaml,OK,0,no-change
google_trillian__.github__workflows__test_pgdb.yaml,OK,0,no-change
google_truth__.github__workflows__ci.yml,OK,0,no-change
google_tsunami-security-scanner__.github__workflows__core-build.yml,OK,1,modified
google_tsunami-security-scanner__.github__workflows__core-push.yml,OK,1,modified
google_tsunami-security-scanner__.github__workflows__devel-push.yml,OK,1,modified
google_tsunami-security-scanner__.github__workflows__full-push.yml,OK,1,modified
google_tunix__.github__workflows__build_and_test_tunix.yml,OK,0,no-change
google_tunix__.github__workflows__build_and_test_tunix_nightly_regression.yml,OK,0,no-change
google_tunix__.github__workflows__build_docs.yml,OK,0,no-change
google_tunix__.github__workflows__build_package.yml,OK,1,modified
google_tunix__.github__workflows__cpu-tests.yml,OK,1,modified
google_tunix__.github__workflows__issue-auto-assign.yaml,OK,1,modified
google_tunix__.github__workflows__pypi_release.yml,OK,1,modified
google_tunix__.github__workflows__tpu-nightly-regression.yml,OK,1,modified
google_tunix__.github__workflows__tpu-tests.yml,OK,1,modified
google_wireit__.github__workflows__codeql.yml,OK,1,modified
google_wireit__.github__workflows__dependency-review.yml,OK,1,modified
google_wireit__.github__workflows__lint.yml,OK,1,modified
google_wireit__.github__workflows__test-real-github-actions-cache-service.yml,OK,1,modified
google_wireit__.github__workflows__tests.yml,OK,1,modified
google_wuffs__.github__workflows__fuzz.yml,OK,1,modified
google_yapf__.github__workflows__ci.yml,OK,0,no-change
google_yapf__.github__workflows__pre-commit-autoupdate.yml,OK,0,no-change
google_yapf__.github__workflows__pre-commit.yml,OK,0,no-change
google_zerocopy__.github__workflows__backport-pr.yml,OK,0,no-change
google_zerocopy__.github__workflows__ci.yml,OK,0,no-change
google_zerocopy__.github__workflows__dependency-review.yml,OK,0,no-change
google_zerocopy__.github__workflows__docs.yml,OK,0,no-change
google_zerocopy__.github__workflows__release-crate-version.yml,OK,0,no-change
google_zerocopy__.github__workflows__roll-pinned-toolchain-versions.yml,OK,0,no-change
google_zerocopy__.github__workflows__scorecard.yml,OK,0,no-change
google_zx__.github__workflows__codeql.yml,OK,1,modified
google_zx__.github__workflows__dev-publish.yml,OK,1,modified
google_zx__.github__workflows__docs.yml,OK,1,modified
google_zx__.github__workflows__jsr-publish.yml,OK,1,modified
google_zx__.github__workflows__osv.yml,OK,0,no-change
google_zx__.github__workflows__publish.yml,OK,1,modified
google_zx__.github__workflows__test.yml,OK,1,modified
google_zx__.github__workflows__zizmor.yml,OK,1,modified
microsoft_AI-For-Beginners__.github__workflows__codeql.yml,OK,1,modified
microsoft_AI-For-Beginners__.github__workflows__scorecard.yml,OK,0,no-change
microsoft_AirSim__.github__workflows__clang_format.yml,OK,1,modified
microsoft_AirSim__.github__workflows__test_docs.yml,OK,1,modified
microsoft_AirSim__.github__workflows__test_macos.yml,OK,1,modified
microsoft_AirSim__.github__workflows__test_ubuntu.yml,OK,1,modified
microsoft_AirSim__.github__workflows__test_windows.yml,OK,1,modified
microsoft_CsWin32__.github__workflows__copilot-setup-steps.yml,OK,0,no-change
microsoft_CsWin32__.github__workflows__docs.yml,OK,0,no-change
microsoft_CsWin32__.github__workflows__docs_validate.yml,OK,0,no-change
microsoft_CsWin32__.github__workflows__libtemplate-update.yml,OK,0,no-change
microsoft_Detours__.github__workflows__main.yml,OK,1,modified
microsoft_DirectXShaderCompiler__.github__workflows__clang-format-checker.yml,OK,1,modified
microsoft_DirectXShaderCompiler__.github__workflows__coverage-gh-pages.yml,OK,1,modified
microsoft_DirectXShaderCompiler__.github__workflows__pr-description-checker.yml,OK,1,modified
microsoft_DirectXTK__.github__workflows__arm64.yml,OK,0,no-change
microsoft_DirectXTK__.github__workflows__arm64bvt.yml,OK,0,no-change
microsoft_DirectXTK__.github__workflows__bvt.yml,OK,0,no-change
microsoft_DirectXTK__.github__workflows__clangcl.yml,OK,0,no-change
microsoft_DirectXTK__.github__workflows__codeql.yml,OK,0,no-change
microsoft_DirectXTK__.github__workflows__lint.yml,OK,0,no-change
microsoft_DirectXTK__.github__workflows__main.yml,OK,0,no-change
microsoft_DirectXTK__.github__workflows__msbuild.yml,OK,0,no-change
microsoft_DirectXTK__.github__workflows__msvc.yml,OK,0,no-change
microsoft_DirectXTK__.github__workflows__test.yml,OK,0,no-change
microsoft_DirectXTK__.github__workflows__uwp.yml,OK,0,no-change
microsoft_DirectXTK__.github__workflows__vcpkg.yml,OK,0,no-change
microsoft_DirectXTK__.github__workflows__win10.yml,OK,0,no-change
microsoft_DirectXTex__.github__workflows__arm64.yml,OK,0,no-change
microsoft_DirectXTex__.github__workflows__arm64bvt.yml,OK,0,no-change
microsoft_DirectXTex__.github__workflows__bvt.yml,OK,0,no-change
microsoft_DirectXTex__.github__workflows__clangcl.yml,OK,0,no-change
microsoft_DirectXTex__.github__workflows__codeql.yml,OK,0,no-change
microsoft_DirectXTex__.github__workflows__lint.yml,OK,0,no-change
microsoft_DirectXTex__.github__workflows__main.yml,OK,0,no-change
microsoft_DirectXTex__.github__workflows__msbuild.yml,OK,0,no-change
microsoft_DirectXTex__.github__workflows__msvc.yml,OK,0,no-change
microsoft_DirectXTex__.github__workflows__test.yml,OK,0,no-change
microsoft_DirectXTex__.github__workflows__uwp.yml,OK,0,no-change
microsoft_DirectXTex__.github__workflows__vcpkg.yml,OK,0,no-change
microsoft_DirectXTex__.github__workflows__wsl.yml,OK,0,no-change
microsoft_FLAML__.github__workflows__CD.yml,OK,1,modified
microsoft_FLAML__.github__workflows__deploy-website.yml,OK,1,modified
microsoft_FLAML__.github__workflows__openai.yml,OK,1,modified
microsoft_FLAML__.github__workflows__pre-commit.yml,OK,1,modified
microsoft_FLAML__.github__workflows__python-package.yml,OK,1,modified
microsoft_FluidFramework__.github__workflows__agentics-maintenance.yml,OK,1,modified
microsoft_FluidFramework__.github__workflows__changeset-reporter.yml,OK,0,no-change
microsoft_FluidFramework__.github__workflows__code-simplifier.lock.yml,OK,0,no-change
microsoft_FluidFramework__.github__workflows__duplicate-code-detector.lock.yml,OK,0,no-change
microsoft_FluidFramework__.github__workflows__linkcheck-reporter.yml,OK,0,no-change
microsoft_FluidFramework__.github__workflows__pr-changeset-review.yml,OK,0,no-change
microsoft_FluidFramework__.github__workflows__pr-check-changeset.yml,OK,0,no-change
microsoft_FluidFramework__.github__workflows__pr-labeler.yml,OK,0,no-change
microsoft_FluidFramework__.github__workflows__pr-release-branch-warning.yml,OK,0,no-change
microsoft_FluidFramework__.github__workflows__pr-validation.yml,OK,0,no-change
microsoft_FluidFramework__.github__workflows__push-tag-create-release.yml,OK,0,no-change
microsoft_FluidFramework__.github__workflows__release-approval.yml,OK,0,no-change
microsoft_FluidFramework__.github__workflows__release-branches.yml,OK,0,no-change
microsoft_FluidFramework__.github__workflows__release-notes-issue.yml,OK,0,no-change
microsoft_FluidFramework__.github__workflows__stale-branches.yml,OK,0,no-change
microsoft_FluidFramework__.github__workflows__website-validation.yml,OK,0,no-change
microsoft_GSL__.github__workflows__android.yml,OK,1,modified
microsoft_GSL__.github__workflows__cmake_find_package.yml,OK,1,modified
microsoft_GSL__.github__workflows__compilers.yml,OK,1,modified
microsoft_GSL__.github__workflows__copilot-setup-steps.yml,OK,1,modified
microsoft_GSL__.github__workflows__ios.yml,OK,1,modified
microsoft_Generative-AI-for-beginners-dotnet__.github__workflows__build-validation.yml,OK,1,modified
microsoft_Generative-AI-for-beginners-dotnet__.github__workflows__copilot-setup-steps.yml,OK,1,modified
microsoft_Generative-AI-for-beginners-dotnet__.github__workflows__profanity-filter.yml,OK,0,no-change
microsoft_Generative-AI-for-beginners-dotnet__.github__workflows__squad-ci.yml,OK,1,modified
microsoft_Generative-AI-for-beginners-dotnet__.github__workflows__squad-docs.yml,OK,1,modified
microsoft_Generative-AI-for-beginners-dotnet__.github__workflows__squad-heartbeat.yml,OK,1,modified
microsoft_Generative-AI-for-beginners-dotnet__.github__workflows__squad-insider-release.yml,OK,1,modified
microsoft_Generative-AI-for-beginners-dotnet__.github__workflows__squad-issue-assign.yml,OK,1,modified
microsoft_Generative-AI-for-beginners-dotnet__.github__workflows__squad-label-enforce.yml,OK,1,modified
microsoft_Generative-AI-for-beginners-dotnet__.github__workflows__squad-main-guard.yml,OK,1,modified
microsoft_Generative-AI-for-beginners-dotnet__.github__workflows__squad-preview.yml,OK,1,modified
microsoft_Generative-AI-for-beginners-dotnet__.github__workflows__squad-promote.yml,OK,1,modified
microsoft_Generative-AI-for-beginners-dotnet__.github__workflows__squad-release.yml,OK,1,modified
microsoft_Generative-AI-for-beginners-dotnet__.github__workflows__squad-triage.yml,OK,1,modified
microsoft_Generative-AI-for-beginners-dotnet__.github__workflows__stale-bot.yml,OK,1,modified
microsoft_Generative-AI-for-beginners-dotnet__.github__workflows__sync-squad-labels.yml,OK,1,modified
microsoft_Generative-AI-for-beginners-dotnet__.github__workflows__welcome-issue.yml,OK,1,modified
microsoft_Generative-AI-for-beginners-dotnet__.github__workflows__welcome-pr.yml,OK,1,modified
microsoft_LLMLingua__.github__workflows__release.yml,OK,1,modified
microsoft_LLMLingua__.github__workflows__unittest.yml,OK,1,modified
microsoft_LightGBM__.github__workflows__build.yml,OK,1,modified
microsoft_LightGBM__.github__workflows__cpp.yml,OK,1,modified
microsoft_LightGBM__.github__workflows__cuda.yml,OK,1,modified
microsoft_LightGBM__.github__workflows__lock.yml,OK,1,modified
microsoft_LightGBM__.github__workflows__lychee.yml,OK,1,modified
microsoft_LightGBM__.github__workflows__no_response.yml,OK,1,modified
microsoft_LightGBM__.github__workflows__optional_checks.yml,OK,1,modified
microsoft_LightGBM__.github__workflows__python_package.yml,OK,1,modified
microsoft_LightGBM__.github__workflows__r_configure.yml,OK,1,modified
microsoft_LightGBM__.github__workflows__r_package.yml,OK,1,modified
microsoft_LightGBM__.github__workflows__r_valgrind.yml,OK,1,modified
microsoft_LightGBM__.github__workflows__release_drafter.yml,OK,1,modified
microsoft_LightGBM__.github__workflows__static_analysis.yml,OK,1,modified
microsoft_LightGBM__.github__workflows__swig.yml,OK,1,modified
microsoft_ML-For-Beginners__.github__workflows__generator-generic-ossf-slsa3-publish.yml,OK,1,modified
microsoft_ML-For-Beginners__.github__workflows__lock.yml,OK,1,modified
microsoft_ML-For-Beginners__.github__workflows__stale.yml,OK,1,modified
microsoft_Mastering-GitHub-Copilot-for-Paired-Programming__.github__workflows__codeql.yml,OK,1,modified
microsoft_Microsoft.IO.RecyclableMemoryStream__.github__workflows__benchmark.yml,OK,1,modified
microsoft_Microsoft.IO.RecyclableMemoryStream__.github__workflows__ci-cd.yml,OK,1,modified
microsoft_Microsoft.IO.RecyclableMemoryStream__.github__workflows__codeql-analysis.yml,OK,1,modified
microsoft_Microsoft365DSC__.github__workflows__AzureCloud - Full-Circle - EXO.yml,OK,1,modified
microsoft_Microsoft365DSC__.github__workflows__AzureCloud - Full-Circle - O365.yml,OK,1,modified
microsoft_Microsoft365DSC__.github__workflows__AzureCloud - Full-Circle - OD.yml,OK,1,modified
microsoft_Microsoft365DSC__.github__workflows__AzureCloud - Full-Circle - PP.yml,OK,1,modified
microsoft_Microsoft365DSC__.github__workflows__AzureCloud - Full-Circle - SC.yml,OK,1,modified
microsoft_Microsoft365DSC__.github__workflows__AzureCloud - Full-Circle - SPO.yml,OK,1,modified
microsoft_Microsoft365DSC__.github__workflows__AzureCloud - Full-Circle - TEAMS.yml,OK,1,modified
microsoft_Microsoft365DSC__.github__workflows__CodeCoverage.yml,OK,1,modified
microsoft_Microsoft365DSC__.github__workflows__Describe Resources Schemas.yml,OK,1,modified
microsoft_Microsoft365DSC__.github__workflows__Generate Wiki.yml,OK,1,modified
microsoft_Microsoft365DSC__.github__workflows__Global - Integration - AAD.yml,OK,1,modified
microsoft_Microsoft365DSC__.github__workflows__Global - Integration - EXO.yml,OK,1,modified
microsoft_Microsoft365DSC__.github__workflows__Global - Integration - INTUNE.yml,OK,1,modified
microsoft_Microsoft365DSC__.github__workflows__PublishGitHubPages.yml,OK,1,modified
microsoft_Microsoft365DSC__.github__workflows__PublishToGallery.yml,OK,1,modified
microsoft_Microsoft365DSC__.github__workflows__SchemaDefinition.yml,OK,1,modified
microsoft_Microsoft365DSC__.github__workflows__Unit Tests.yml,OK,1,modified
microsoft_Microsoft365DSC__.github__workflows__Validation Checks.yml,OK,1,modified
microsoft_Microsoft365DSC__.github__workflows__website-deploy-preview.yml,OK,1,modified
microsoft_Microsoft365DSC__.github__workflows__website-deploy-prod.yml,OK,1,modified
microsoft_Olive__.github__workflows__codeql.yml,OK,1,modified
microsoft_Olive__.github__workflows__docs.yml,OK,1,modified
microsoft_Olive__.github__workflows__lint.yml,OK,1,modified
microsoft_PTVS__.github__workflows__auto-label.yml,OK,0,no-change
microsoft_PTVS__.github__workflows__issues.yml,OK,1,modified
microsoft_PTVS__.github__workflows__stale.yml,OK,1,modified
microsoft_PowerToys__.github__workflows__automatic-issue-deduplication.yml,OK,1,modified
microsoft_PowerToys__.github__workflows__dependency-review.yml,OK,1,modified
microsoft_PowerToys__.github__workflows__manual-batch-issue-deduplication.yml,OK,1,modified
microsoft_PowerToys__.github__workflows__msstore-submissions.yml,OK,1,modified
microsoft_PowerToys__.github__workflows__package-submissions.yml,OK,0,no-change
microsoft_PowerToys__.github__workflows__spelling2.yml,OK,0,no-change
microsoft_ProcDump-for-Linux__.github__workflows__scorecard.yml,OK,1,modified
microsoft_ProcMon-for-Linux__.github__workflows__scorecard.yml,OK,1,modified
microsoft_RD-Agent__.github__workflows__ci.yml,OK,1,modified
microsoft_RD-Agent__.github__workflows__pr.yml,OK,1,modified
microsoft_RD-Agent__.github__workflows__readthedocs-preview.yml,OK,1,modified
microsoft_RD-Agent__.github__workflows__release.yml,OK,1,modified
microsoft_RulesEngine__.github__workflows__codeql-analysis.yml,OK,1,modified
microsoft_RulesEngine__.github__workflows__dotnetcore-build.yml,OK,1,modified
microsoft_STL__.github__workflows__update-status-chart.yml,OK,1,modified
microsoft_SandDance__.github__workflows__codeql.yml,OK,1,modified
microsoft_Security-101__.github__workflows__co-op-translator.yml,OK,1,modified
microsoft_Security-101__.github__workflows__deploy.yaml,OK,1,modified
microsoft_Security-101__.github__workflows__jekyll-gh-pages.yml,OK,1,modified
microsoft_SynapseML__.github__workflows__acknowledge-new-issues.yml,OK,1,modified
microsoft_SynapseML__.github__workflows__acknowledge-new-prs.yml,OK,1,modified
microsoft_SynapseML__.github__workflows__add-triage-label.yml,OK,0,no-change
microsoft_SynapseML__.github__workflows__ado-integration.yml,OK,0,no-change
microsoft_SynapseML__.github__workflows__ado-pr-to-workitem.yml,OK,0,no-change
microsoft_SynapseML__.github__workflows__check-dead-links.yml,OK,1,modified
microsoft_SynapseML__.github__workflows__check-semantic-prs.yaml,OK,1,modified
microsoft_SynapseML__.github__workflows__codeql.yml,OK,1,modified
microsoft_SynapseML__.github__workflows__dependency-review.yml,OK,1,modified
microsoft_SynapseML__.github__workflows__pr-validation.yml,OK,1,modified
microsoft_SynapseML__.github__workflows__remove-awaiting-response-label.yml,OK,1,modified
microsoft_SynapseML__.github__workflows__remove-old-issues.yml,OK,1,modified
microsoft_SynapseML__.github__workflows__reopen-issue-on-comment.yml,OK,0,no-change
microsoft_SynapseML__.github__workflows__scorecards.yml,OK,1,modified
microsoft_SynapseML__.github__workflows__website-deploy.yml,OK,0,no-change
microsoft_SysmonForLinux__.github__workflows__scorecard.yml,OK,1,modified
microsoft_TRELLIS__.github__workflows__codeql.yml,OK,1,modified
microsoft_TinyTroupe__.github__workflows__bandit.yml,OK,1,modified
microsoft_TinyTroupe__.github__workflows__codeql.yml,OK,1,modified
microsoft_TypeChat__.github__workflows__ci.js.yml,OK,1,modified
microsoft_TypeChat__.github__workflows__ci.python.yml,OK,1,modified
microsoft_TypeChat__.github__workflows__github-pages.yml,OK,1,modified
microsoft_TypeScript-Website__.github__workflows__CI.yml,OK,0,no-change
microsoft_TypeScript-Website__.github__workflows__close-preview.yml,OK,1,modified
microsoft_TypeScript-Website__.github__workflows__codeql.yml,OK,0,no-change
microsoft_TypeScript-Website__.github__workflows__deploy-preview.yml,OK,1,modified
microsoft_TypeScript-Website__.github__workflows__deploy-prod-static.yml,OK,0,no-change
microsoft_TypeScript-Website__.github__workflows__keepalive.yml,OK,0,no-change
microsoft_TypeScript-Website__.github__workflows__publish-packages.yml,OK,0,no-change
microsoft_TypeScript__.github__workflows__accept-baselines-fix-lints.yaml,OK,0,no-change
microsoft_TypeScript__.github__workflows__ci.yml,OK,0,no-change
microsoft_TypeScript__.github__workflows__close-issues.yml,OK,0,no-change
microsoft_TypeScript__.github__workflows__codeql.yml,OK,0,no-change
microsoft_TypeScript__.github__workflows__copilot-setup-steps.yml,OK,0,no-change
microsoft_TypeScript__.github__workflows__create-cherry-pick-pr.yml,OK,0,no-change
microsoft_TypeScript__.github__workflows__insiders.yaml,OK,0,no-change
microsoft_TypeScript__.github__workflows__lkg.yml,OK,0,no-change
microsoft_TypeScript__.github__workflows__new-release-branch.yaml,OK,0,no-change
microsoft_TypeScript__.github__workflows__nightly.yaml,OK,0,no-change
microsoft_TypeScript__.github__workflows__pr-modified-files.yml,OK,0,no-change
microsoft_TypeScript__.github__workflows__release-branch-artifact.yaml,OK,0,no-change
microsoft_TypeScript__.github__workflows__scorecard.yml,OK,0,no-change
microsoft_TypeScript__.github__workflows__set-version.yaml,OK,0,no-change
microsoft_TypeScript__.github__workflows__sync-branch.yaml,OK,0,no-change
microsoft_TypeScript__.github__workflows__sync-wiki.yml,OK,0,no-change
microsoft_TypeScript__.github__workflows__twoslash-repros.yaml,OK,0,no-change
microsoft_TypeScript__.github__workflows__update-package-lock.yaml,OK,0,no-change
microsoft_UFO__.github__workflows__document_deploy.yml,OK,1,modified
microsoft_VFSForGit__.github__workflows__build.yaml,OK,1,modified
microsoft_VFSForGit__.github__workflows__release-winget.yaml,OK,0,no-change
microsoft_WPF-Samples__.github__workflows__codeql.yml,OK,1,modified
microsoft_WSL__.github__workflows__distributions.yml,OK,1,modified
microsoft_WSL__.github__workflows__documentation.yml,OK,1,modified
microsoft_WSL__.github__workflows__issue_edited.yml,OK,1,modified
microsoft_WSL__.github__workflows__modern-distributions.yml,OK,1,modified
microsoft_WSL__.github__workflows__new_issue.yml,OK,1,modified
microsoft_WSL__.github__workflows__new_issue_comment.yml,OK,1,modified
microsoft_WSL__.github__workflows__winget.yml,OK,0,no-change
microsoft_Web-Dev-For-Beginners__.github__workflows__azure-static-web-apps-ashy-river-0debb7803.yml,OK,1,modified
microsoft_Web-Dev-For-Beginners__.github__workflows__daily-repo-status.lock.yml,OK,1,modified
microsoft_Web-Dev-For-Beginners__.github__workflows__links.yml,OK,1,modified
microsoft_Web-Dev-For-Beginners__.github__workflows__lock.yml,OK,1,modified
microsoft_Web-Dev-For-Beginners__.github__workflows__stale.yml,OK,1,modified
microsoft_Windows-driver-samples__.github__workflows__Code-Scanning.yml,OK,1,modified
microsoft_Windows-driver-samples__.github__workflows__StaleIssues.yml,OK,1,modified
microsoft_Windows-driver-samples__.github__workflows__check-sample-issue-template.yml,OK,1,modified
microsoft_Windows-driver-samples__.github__workflows__ci-pr.yml,OK,1,modified
microsoft_Windows-driver-samples__.github__workflows__ci.yml,OK,1,modified
microsoft_Windows-driver-samples__.github__workflows__tag-codeowner-on-issue.yml,OK,1,modified
microsoft_WindowsAppSDK__.github__workflows__build.yml,OK,1,modified
microsoft_agent-framework__.github__workflows__codeql-analysis.yml,OK,1,modified
microsoft_agent-framework__.github__workflows__dotnet-build-and-test.yml,OK,1,modified
microsoft_agent-framework__.github__workflows__dotnet-format.yml,OK,1,modified
microsoft_agent-framework__.github__workflows__dotnet-integration-tests.yml,OK,1,modified
microsoft_agent-framework__.github__workflows__integration-tests-manual.yml,OK,0,no-change
microsoft_agent-framework__.github__workflows__label-issues.yml,OK,1,modified
microsoft_agent-framework__.github__workflows__label-pr.yml,OK,1,modified
microsoft_agent-framework__.github__workflows__label-title-prefix.yml,OK,1,modified
microsoft_agent-framework__.github__workflows__markdown-link-check.yml,OK,1,modified
microsoft_agent-framework__.github__workflows__merge-gatekeeper.yml,OK,1,modified
microsoft_agent-framework__.github__workflows__python-code-quality.yml,OK,1,modified
microsoft_agent-framework__.github__workflows__python-docs.yml,OK,1,modified
microsoft_agent-framework__.github__workflows__python-integration-tests.yml,OK,1,modified
microsoft_agent-framework__.github__workflows__python-lab-tests.yml,OK,1,modified
microsoft_agent-framework__.github__workflows__python-merge-tests.yml,OK,1,modified
microsoft_agent-framework__.github__workflows__python-release.yml,OK,1,modified
microsoft_agent-framework__.github__workflows__python-sample-validation.yml,OK,1,modified
microsoft_agent-framework__.github__workflows__python-test-coverage-report.yml,OK,1,modified
microsoft_agent-framework__.github__workflows__python-test-coverage.yml,OK,1,modified
microsoft_agent-framework__.github__workflows__python-tests.yml,OK,1,modified
microsoft_agent-lightning__.github__workflows__backport.yml,OK,1,modified
microsoft_agent-lightning__.github__workflows__badge-apo.yml,OK,1,modified
microsoft_agent-lightning__.github__workflows__badge-azure.yml,OK,1,modified
microsoft_agent-lightning__.github__workflows__badge-calc-x.yml,OK,1,modified
microsoft_agent-lightning__.github__workflows__badge-chartqa.yml,OK,1,modified
microsoft_agent-lightning__.github__workflows__badge-claude-code.yml,OK,1,modified
microsoft_agent-lightning__.github__workflows__badge-compat.yml,OK,1,modified
microsoft_agent-lightning__.github__workflows__badge-examples.yml,OK,1,modified
microsoft_agent-lightning__.github__workflows__badge-latest.yml,OK,1,modified
microsoft_agent-lightning__.github__workflows__badge-rag.yml,OK,1,modified
microsoft_agent-lightning__.github__workflows__badge-spider.yml,OK,1,modified
microsoft_agent-lightning__.github__workflows__badge-tinker.yml,OK,1,modified
microsoft_agent-lightning__.github__workflows__badge-unit.yml,OK,1,modified
microsoft_agent-lightning__.github__workflows__badge-unsloth.yml,OK,1,modified
microsoft_agent-lightning__.github__workflows__benchmark.yml,OK,1,modified
microsoft_agent-lightning__.github__workflows__dashboard.yml,OK,1,modified
microsoft_agent-lightning__.github__workflows__docs.yml,OK,1,modified
microsoft_agent-lightning__.github__workflows__examples-apo.yml,OK,1,modified
microsoft_agent-lightning__.github__workflows__examples-azure.yml,OK,1,modified
microsoft_agent-lightning__.github__workflows__examples-calc-x.yml,OK,1,modified
microsoft_agent-lightning__.github__workflows__examples-chartqa.yml,OK,1,modified
microsoft_agent-lightning__.github__workflows__examples-claude-code.yml,OK,1,modified
microsoft_agent-lightning__.github__workflows__examples-compat.yml,OK,1,modified
microsoft_agent-lightning__.github__workflows__examples-rag.yml,OK,1,modified
microsoft_agent-lightning__.github__workflows__examples-spider.yml,OK,1,modified
microsoft_agent-lightning__.github__workflows__examples-tinker.yml,OK,1,modified
microsoft_agent-lightning__.github__workflows__examples-unsloth.yml,OK,1,modified
microsoft_agent-lightning__.github__workflows__issue-comment.yml,OK,1,modified
microsoft_agent-lightning__.github__workflows__playground.yml,OK,1,modified
microsoft_agent-lightning__.github__workflows__pypi-nightly.yml,OK,1,modified
microsoft_agent-lightning__.github__workflows__pypi-release.yml,OK,1,modified
microsoft_agent-lightning__.github__workflows__tests-full.yml,OK,1,modified
microsoft_agent-lightning__.github__workflows__tests.yml,OK,1,modified
microsoft_ai-agents-for-beginners__.github__workflows__welcome-issue.yml,OK,1,modified
microsoft_ai-agents-for-beginners__.github__workflows__welcome-pr.yml,OK,1,modified
microsoft_autogen__.github__workflows__checks.yml,OK,1,modified
microsoft_autogen__.github__workflows__codeql.yml,OK,1,modified
microsoft_autogen__.github__workflows__docs.yml,OK,1,modified
microsoft_autogen__.github__workflows__dotnet-build.yml,OK,1,modified
microsoft_autogen__.github__workflows__dotnet-release.yml,OK,1,modified
microsoft_autogen__.github__workflows__integration.yml,OK,1,modified
microsoft_autogen__.github__workflows__issue-user-responded.yml,OK,0,no-change
microsoft_autogen__.github__workflows__lfs-check.yml,OK,1,modified
microsoft_autogen__.github__workflows__pytest-mem0.yml,OK,1,modified
microsoft_autogen__.github__workflows__pytest-redis-memory.yml,OK,1,modified
microsoft_autogen__.github__workflows__python-package-0.2.yml,OK,1,modified
microsoft_autogen__.github__workflows__single-python-package.yml,OK,1,modified
microsoft_azure-pipelines-tasks__.github__workflows__autoAssignABTT.yml,OK,1,modified
microsoft_azure-pipelines-tasks__.github__workflows__autoAssignRM.yml,OK,1,modified
microsoft_azure-pipelines-tasks__.github__workflows__blank.yml,OK,1,modified
microsoft_azure-pipelines-tasks__.github__workflows__branch-cleanup-preview.yml,OK,1,modified
microsoft_azure-pipelines-tasks__.github__workflows__localization-automerge.yml,OK,1,modified
microsoft_azure-pipelines-tasks__.github__workflows__stale.yml,OK,1,modified
microsoft_azure-pipelines-tasks__.github__workflows__trackNodeMigration.yml,OK,0,no-change
microsoft_azuredatastudio__.github__workflows__bad-tag.yml,OK,1,modified
microsoft_azuredatastudio__.github__workflows__basic.yml,OK,1,modified
microsoft_azuredatastudio__.github__workflows__ci.yml,OK,1,modified
microsoft_azuredatastudio__.github__workflows__codeql.yml,OK,1,modified
microsoft_azuredatastudio__.github__workflows__on-label.yml,OK,1,modified
microsoft_azuredatastudio__.github__workflows__on-pr-open.yml,OK,1,modified
microsoft_azuredatastudio__.github__workflows__telemetry.yml,OK,0,no-change
microsoft_azurelinux__.github__workflows__check-circular-deps.yml,OK,1,modified
microsoft_azurelinux__.github__workflows__check-clean-stage.yml,OK,1,modified
microsoft_azurelinux__.github__workflows__check-entangled-specs.yml,OK,1,modified
microsoft_azurelinux__.github__workflows__check-files.yml,OK,1,modified
microsoft_azurelinux__.github__workflows__check-license-map.yml,OK,1,modified
microsoft_azurelinux__.github__workflows__check-manifests.yml,OK,1,modified
microsoft_azurelinux__.github__workflows__check-package-builds.yml,OK,1,modified
microsoft_azurelinux__.github__workflows__check-package-cgmanifest.yml,OK,1,modified
microsoft_azurelinux__.github__workflows__check-package-update-gate.yml,OK,1,modified
microsoft_azurelinux__.github__workflows__check-source-signatures.yml,OK,1,modified
microsoft_azurelinux__.github__workflows__check-spec.yml,OK,1,modified
microsoft_azurelinux__.github__workflows__check-srpm-duplicates.yml,OK,1,modified
microsoft_azurelinux__.github__workflows__check-static-glibc.yml,OK,1,modified
microsoft_azurelinux__.github__workflows__go-test-coverage.yml,OK,1,modified
microsoft_azurelinux__.github__workflows__lint-specs.yml,OK,1,modified
microsoft_azurelinux__.github__workflows__merge-conflict-check.yml,OK,1,modified
microsoft_azurelinux__.github__workflows__quickstart_2.0.yml,OK,1,modified
microsoft_azurelinux__.github__workflows__spec-review-stub.yml,OK,1,modified
microsoft_azurelinux__.github__workflows__verify-osguard-imageconfigs.yml,OK,1,modified
microsoft_calculator__.github__workflows__action-ci.yml,OK,1,modified
microsoft_call-center-ai__.github__workflows__codeql.yml,OK,1,modified
microsoft_call-center-ai__.github__workflows__pipeline.yaml,OK,1,modified
microsoft_clarity__.github__workflows__npm-publish.yml,OK,1,modified
microsoft_clarity__.github__workflows__pr-check.yml,OK,1,modified
microsoft_code-with-engineering-playbook__.github__workflows__mega-linter.yml,OK,1,modified
microsoft_code-with-engineering-playbook__.github__workflows__mkdocs.yml,OK,1,modified
microsoft_codetour__.github__workflows__release.yml,OK,1,modified
microsoft_data-formulator__.github__workflows__python-build.yml,OK,1,modified
microsoft_debugpy__.github__workflows__auto-label.yml,OK,1,modified
microsoft_debugpy__.github__workflows__codeql.yml,OK,1,modified
microsoft_debugpy__.github__workflows__round-robin.yml,OK,1,modified
microsoft_debugpy__.github__workflows__stale.yml,OK,1,modified
microsoft_ebpf-for-windows__.github__workflows__check-pr-fork.yml,OK,0,no-change
microsoft_ebpf-for-windows__.github__workflows__check-pr-local.yml,OK,0,no-change
microsoft_ebpf-for-windows__.github__workflows__check-pr.yml,OK,1,modified
microsoft_ebpf-for-windows__.github__workflows__check_wdk.yml,OK,0,no-change
microsoft_ebpf-for-windows__.github__workflows__cicd.yml,OK,0,no-change
microsoft_ebpf-for-windows__.github__workflows__codeql.yml,OK,0,no-change
microsoft_ebpf-for-windows__.github__workflows__dependency-review.yml,OK,0,no-change
microsoft_ebpf-for-windows__.github__workflows__netperf.yml,OK,0,no-change
microsoft_ebpf-for-windows__.github__workflows__nuget_update.yaml,OK,0,no-change
microsoft_ebpf-for-windows__.github__workflows__ossar-scan.yml,OK,0,no-change
microsoft_ebpf-for-windows__.github__workflows__perf.yml,OK,0,no-change
microsoft_ebpf-for-windows__.github__workflows__release-scheduler.yml,OK,0,no-change
microsoft_ebpf-for-windows__.github__workflows__reusable-build.yml,OK,0,no-change
microsoft_ebpf-for-windows__.github__workflows__reusable-test.yml,OK,0,no-change
microsoft_ebpf-for-windows__.github__workflows__scorecards-analysis.yml,OK,0,no-change
microsoft_ebpf-for-windows__.github__workflows__update-bpf-conformance-version.yml,OK,1,modified
microsoft_ebpf-for-windows__.github__workflows__update-docs.yml,OK,0,no-change
microsoft_ebpf-for-windows__.github__workflows__upload-perf-results.yml,OK,0,no-change
microsoft_ebpf-for-windows__.github__workflows__validate-yaml.yml,OK,0,no-change
microsoft_edit__.github__workflows__ci.yml,OK,1,modified
microsoft_edit__.github__workflows__winget.yml,OK,0,no-change
microsoft_fast__.github__workflows__cd-gh-pages.yml,OK,1,modified
microsoft_fast__.github__workflows__ci-validate-platforms.yml,OK,1,modified
microsoft_fast__.github__workflows__ci-validate-pr.yml,OK,1,modified
microsoft_fluentui-blazor__.github__workflows__build-core-lib.yml,OK,1,modified
microsoft_fluentui-blazor__.github__workflows__codeql-analysis.yml,OK,1,modified
microsoft_fluentui-blazor__.github__workflows__deploy_demo.yml,OK,1,modified
microsoft_fluentui-blazor__.github__workflows__deploy_preview.yml,OK,1,modified
microsoft_fluentui-system-icons__.github__workflows__bump-version.yml,OK,1,modified
microsoft_fluentui-system-icons__.github__workflows__bundle-size.baseline.yml,OK,1,modified
microsoft_fluentui-system-icons__.github__workflows__cocoapods-publish.yml,OK,1,modified
microsoft_fluentui-system-icons__.github__workflows__copilot-setup-steps.yml,OK,1,modified
microsoft_fluentui-system-icons__.github__workflows__pr.yml,OK,1,modified
microsoft_fluentui-system-icons__.github__workflows__publish-prerelease.yml,OK,1,modified
microsoft_fluentui-system-icons__.github__workflows__publish.yml,OK,1,modified
microsoft_fluentui__.github__workflows__azure-static-web-apps-deploy.yml,OK,1,modified
microsoft_fluentui__.github__workflows__bundle-size-base.yml,OK,1,modified
microsoft_fluentui__.github__workflows__bundle-size-comment.yml,OK,1,modified
microsoft_fluentui__.github__workflows__bundle-size.yml,OK,1,modified
microsoft_fluentui__.github__workflows__check-packages.yml,OK,1,modified
microsoft_fluentui__.github__workflows__check-tooling.yml,OK,1,modified
microsoft_fluentui__.github__workflows__copilot-setup-steps.yml,OK,1,modified
microsoft_fluentui__.github__workflows__create-experimental-branch.yml,OK,0,no-change
microsoft_fluentui__.github__workflows__docsite-publish-ghpages.yml,OK,1,modified
microsoft_fluentui__.github__workflows__issues.yml,OK,1,modified
microsoft_fluentui__.github__workflows__pr-housekeeping.yml,OK,1,modified
microsoft_fluentui__.github__workflows__pr-vrt-comment.yml,OK,1,modified
microsoft_fluentui__.github__workflows__pr-vrt.yml,OK,1,modified
microsoft_fluentui__.github__workflows__pr-website-deploy-comment.yml,OK,1,modified
microsoft_fluentui__.github__workflows__pr-website-deploy.yml,OK,1,modified
microsoft_fluentui__.github__workflows__pr.yml,OK,1,modified
microsoft_fluentui__.github__workflows__vrt-baseline.yml,OK,1,modified
microsoft_garnet__.github__workflows__ci-bdnbenchmark.yml,OK,1,modified
microsoft_garnet__.github__workflows__ci.yml,OK,1,modified
microsoft_garnet__.github__workflows__codeql.yml,OK,1,modified
microsoft_garnet__.github__workflows__deploy-website.yml,OK,1,modified
microsoft_garnet__.github__workflows__docker-linux.yml,OK,1,modified
microsoft_garnet__.github__workflows__docker-windows.yml,OK,1,modified
microsoft_garnet__.github__workflows__helm-chart.yml,OK,1,modified
microsoft_garnet__.github__workflows__locker.yml,OK,1,modified
microsoft_garnet__.github__workflows__nightly.yml,OK,1,modified
microsoft_genaiscript__.github__workflows__ai-inference.yml,OK,1,modified
microsoft_genaiscript__.github__workflows__anthropic.yml,OK,1,modified
microsoft_genaiscript__.github__workflows__azure.yml,OK,1,modified
microsoft_genaiscript__.github__workflows__build-genai-commit.yml,OK,1,modified
microsoft_genaiscript__.github__workflows__build-genai.yml,OK,1,modified
microsoft_genaiscript__.github__workflows__build.yml,OK,1,modified
microsoft_genaiscript__.github__workflows__cli-test.yml,OK,0,no-change
microsoft_genaiscript__.github__workflows__docs.yml,OK,0,no-change
microsoft_genaiscript__.github__workflows__genai-azure-service-principal.yml,OK,0,no-change
microsoft_genaiscript__.github__workflows__genai-blog-post.yml,OK,0,no-change
microsoft_genaiscript__.github__workflows__genai-commander.yml,OK,0,no-change
microsoft_genaiscript__.github__workflows__genai-commit-tests.yml,OK,0,no-change
microsoft_genaiscript__.github__workflows__genai-docs.yml,OK,0,no-change
microsoft_genaiscript__.github__workflows__genai-iat.yml,OK,0,no-change
microsoft_genaiscript__.github__workflows__genai-investigator.yml,OK,0,no-change
microsoft_genaiscript__.github__workflows__genai-issue-bot.yml,OK,0,no-change
microsoft_genaiscript__.github__workflows__genai-issue-review.yml,OK,0,no-change
microsoft_genaiscript__.github__workflows__genai-linters.yml,OK,0,no-change
microsoft_genaiscript__.github__workflows__genai-pr-commit-review.yml,OK,0,no-change
microsoft_genaiscript__.github__workflows__genai-pr-docs-commit-review.yml,OK,0,no-change
microsoft_genaiscript__.github__workflows__genai-pr-review.yml,OK,0,no-change
microsoft_genaiscript__.github__workflows__google.yml,OK,0,no-change
microsoft_genaiscript__.github__workflows__huggingface.yml,OK,0,no-change
microsoft_genaiscript__.github__workflows__large_runs.yml,OK,0,no-change
microsoft_genaiscript__.github__workflows__licenses.yml,OK,0,no-change
microsoft_genaiscript__.github__workflows__npm-check.yml,OK,0,no-change
microsoft_genaiscript__.github__workflows__ollama.yml,OK,0,no-change
microsoft_genaiscript__.github__workflows__openai.yml,OK,0,no-change
microsoft_genaiscript__.github__workflows__playwright.yml,OK,0,no-change
microsoft_generative-ai-for-beginners__.github__workflows__lock.yml,OK,0,no-change
microsoft_generative-ai-for-beginners__.github__workflows__stale.yml,OK,0,no-change
microsoft_generative-ai-for-beginners__.github__workflows__validate-markdown.yml,OK,0,no-change
microsoft_generative-ai-for-beginners__.github__workflows__welcome-issue.yml,OK,0,no-change
microsoft_generative-ai-for-beginners__.github__workflows__welcome-pr.yml,OK,0,no-change
microsoft_graphrag__.github__workflows__gh-pages.yml,OK,0,no-change
microsoft_graphrag__.github__workflows__issues-autoresolve.yml,OK,0,no-change
microsoft_graphrag__.github__workflows__python-checks.yml,OK,0,no-change
microsoft_graphrag__.github__workflows__python-integration-tests.yml,OK,0,no-change
microsoft_graphrag__.github__workflows__python-notebook-tests.yml,OK,0,no-change
microsoft_graphrag__.github__workflows__python-publish.yml,OK,0,no-change
microsoft_graphrag__.github__workflows__python-smoke-tests.yml,OK,0,no-change
microsoft_graphrag__.github__workflows__python-unit-tests.yml,OK,0,no-change
microsoft_graphrag__.github__workflows__semver.yml,OK,0,no-change
microsoft_graphrag__.github__workflows__spellcheck.yml,OK,0,no-change
microsoft_hummingbird__.github__workflows__pythonapp.yml,OK,0,no-change
microsoft_inshellisense__.github__workflows__ci.yml,OK,0,no-change
microsoft_inshellisense__.github__workflows__pkg.yml,OK,0,no-change
microsoft_kernel-memory__.github__workflows__build.yml,OK,0,no-change
microsoft_kernel-memory__.github__workflows__coverage.yml,OK,0,no-change
microsoft_kiota__.github__workflows__auto-merge-dependabot.yml,OK,0,no-change
microsoft_kiota__.github__workflows__build-vscode-extension.yml,OK,0,no-change
microsoft_kiota__.github__workflows__check-translations.yml,OK,0,no-change
microsoft_kiota__.github__workflows__codeql-analysis.yml,OK,0,no-change
microsoft_kiota__.github__workflows__codeql-required-workaround.yml,OK,0,no-change
microsoft_kiota__.github__workflows__dotnet-required-workaround.yml,OK,0,no-change
microsoft_kiota__.github__workflows__dotnet.yml,OK,0,no-change
microsoft_kiota__.github__workflows__idempotency-tests.yml,OK,0,no-change
microsoft_kiota__.github__workflows__integration-tests.yml,OK,0,no-change
microsoft_kiota__.github__workflows__load-tests.yml,OK,0,no-change
microsoft_kiota__.github__workflows__project-auto-add.yml,OK,0,no-change
microsoft_kiota__.github__workflows__sonarcloud.yml,OK,0,no-change
microsoft_litebox__.github__workflows__ci.yml,OK,0,no-change
microsoft_litebox__.github__workflows__copilot-setup-steps.yml,OK,0,no-change
microsoft_litebox__.github__workflows__semver-checks.yml,OK,0,no-change
microsoft_magentic-ui__.github__workflows__checks.yaml,OK,0,no-change
microsoft_magentic-ui__.github__workflows__codeql.yml,OK,0,no-change
microsoft_magentic-ui__.github__workflows__deploy-github-pages.yml,OK,0,no-change
microsoft_magentic-ui__.github__workflows__docker-build-push.yml,OK,0,no-change
microsoft_markitdown__.github__workflows__pre-commit.yml,OK,0,no-change
microsoft_markitdown__.github__workflows__tests.yml,OK,0,no-change
microsoft_mcp__.github__workflows__auto-milestone-bugbash.yml,OK,0,no-change
microsoft_mcp__.github__workflows__event-processor.yml,OK,0,no-change
microsoft_mcp__.github__workflows__event.yml,OK,0,no-change
microsoft_mcp__.github__workflows__post-apiview.yml,OK,0,no-change
microsoft_mcp__.github__workflows__scheduled-event-processor.yml,OK,0,no-change
microsoft_microsoft-ui-xaml__.github__workflows__docs.yml,OK,0,no-change
microsoft_microsoft-ui-xaml__.github__workflows__similar-issues-bot.yml,OK,0,no-change
microsoft_monaco-editor__.github__workflows__ci.yml,OK,0,no-change
microsoft_monaco-editor__.github__workflows__website.yml,OK,0,no-change
microsoft_msquic__.github__workflows__build-darwin-framework.yml,OK,0,no-change
microsoft_msquic__.github__workflows__build-reuse-darwin-framework.yml,OK,0,no-change
microsoft_msquic__.github__workflows__build-reuse-unix.yml,OK,0,no-change
microsoft_msquic__.github__workflows__build-reuse-win.yml,OK,0,no-change
microsoft_msquic__.github__workflows__build-reuse-winkernel.yml,OK,0,no-change
microsoft_msquic__.github__workflows__build.yml,OK,0,no-change
microsoft_msquic__.github__workflows__cargo.yml,OK,0,no-change
microsoft_msquic__.github__workflows__check-clog.yml,OK,0,no-change
microsoft_msquic__.github__workflows__check-dotnet.yml,OK,0,no-change
microsoft_msquic__.github__workflows__cifuzz.yml,OK,0,no-change
microsoft_msquic__.github__workflows__code-coverage.yml,OK,0,no-change
microsoft_msquic__.github__workflows__codeql-analysis.yml,OK,0,no-change
microsoft_msquic__.github__workflows__docker-publish-xcomp.yml,OK,0,no-change
microsoft_msquic__.github__workflows__docker-publish.yml,OK,0,no-change
microsoft_msquic__.github__workflows__dotnet-test.yml,OK,0,no-change
microsoft_msquic__.github__workflows__netperf-kernel-bvt.yml,OK,0,no-change
microsoft_msquic__.github__workflows__netperf.yml,OK,0,no-change
microsoft_msquic__.github__workflows__package-alpine-linux.yml,OK,0,no-change
microsoft_msquic__.github__workflows__package-linux.yml,OK,0,no-change
microsoft_msquic__.github__workflows__package-reuse-linux.yml,OK,0,no-change
microsoft_msquic__.github__workflows__plugins.yml,OK,0,no-change
microsoft_msquic__.github__workflows__publish-docfx.yml,OK,0,no-change
microsoft_msquic__.github__workflows__scorecards-analysis.yml,OK,0,no-change
microsoft_msquic__.github__workflows__stress.yml,OK,0,no-change
microsoft_msquic__.github__workflows__test-down-level.yml,OK,0,no-change
microsoft_msquic__.github__workflows__test.yml,OK,0,no-change
microsoft_msquic__.github__workflows__validate-linux-packages-reuse.yml,OK,0,no-change
microsoft_msquic__.github__workflows__validate-linux-packages.yml,OK,0,no-change
microsoft_msquic__.github__workflows__wan-perf.yml,OK,0,no-change
microsoft_onnxruntime__.github__workflows__android.yml,OK,0,no-change
microsoft_onnxruntime__.github__workflows__cffconvert.yml,OK,0,no-change
microsoft_onnxruntime__.github__workflows__codeql.yml,OK,0,no-change
microsoft_onnxruntime__.github__workflows__gradle-wrapper-validation.yml,OK,0,no-change
microsoft_onnxruntime__.github__workflows__ios.yml,OK,0,no-change
microsoft_onnxruntime__.github__workflows__labeler.yml,OK,0,no-change
microsoft_onnxruntime__.github__workflows__lint.yml,OK,0,no-change
microsoft_onnxruntime__.github__workflows__linux-wasm-ci-build-and-test-workflow.yml,OK,0,no-change
microsoft_onnxruntime__.github__workflows__linux_ci.yml,OK,0,no-change
microsoft_onnxruntime__.github__workflows__linux_cuda_ci.yml,OK,0,no-change
microsoft_onnxruntime__.github__workflows__linux_minimal_build.yml,OK,0,no-change
microsoft_onnxruntime__.github__workflows__linux_openvino_ci.yml,OK,0,no-change
microsoft_onnxruntime__.github__workflows__linux_tensorrt_ci.yml,OK,0,no-change
microsoft_onnxruntime__.github__workflows__linux_webgpu.yml,OK,0,no-change
microsoft_onnxruntime__.github__workflows__mac.yml,OK,0,no-change
microsoft_onnxruntime__.github__workflows__macos-ci-build-and-test-workflow.yml,OK,0,no-change
microsoft_onnxruntime__.github__workflows__pr_checks.yml,OK,0,no-change
microsoft_onnxruntime__.github__workflows__publish-c-apidocs.yml,OK,0,no-change
microsoft_onnxruntime__.github__workflows__publish-csharp-apidocs.yml,OK,0,no-change
microsoft_onnxruntime__.github__workflows__publish-gh-pages.yml,OK,0,no-change
microsoft_onnxruntime__.github__workflows__publish-java-apidocs.yml,OK,0,no-change
microsoft_onnxruntime__.github__workflows__publish-js-apidocs.yml,OK,0,no-change
microsoft_onnxruntime__.github__workflows__publish-objectivec-apidocs.yml,OK,0,no-change
microsoft_onnxruntime__.github__workflows__publish-python-apidocs.yml,OK,0,no-change
microsoft_onnxruntime__.github__workflows__react_native.yml,OK,0,no-change
microsoft_onnxruntime__.github__workflows__reusable_linux_build.yml,OK,0,no-change
microsoft_onnxruntime__.github__workflows__title-only-labeler.yml,OK,0,no-change
microsoft_onnxruntime__.github__workflows__web.yml,OK,0,no-change
microsoft_onnxruntime__.github__workflows__windows-web-ci-workflow.yml,OK,0,no-change
microsoft_onnxruntime__.github__workflows__windows_build_x64_asan.yml,OK,0,no-change
microsoft_onnxruntime__.github__workflows__windows_cuda.yml,OK,0,no-change
microsoft_onnxruntime__.github__workflows__windows_dml.yml,OK,0,no-change
microsoft_onnxruntime__.github__workflows__windows_openvino.yml,OK,0,no-change
microsoft_onnxruntime__.github__workflows__windows_qnn_x64.yml,OK,0,no-change
microsoft_onnxruntime__.github__workflows__windows_tensorrt.yml,OK,0,no-change
microsoft_onnxruntime__.github__workflows__windows_webgpu.yml,OK,0,no-change
microsoft_onnxruntime__.github__workflows__windows_x64_debug_build_x64_debug.yml,OK,0,no-change
microsoft_onnxruntime__.github__workflows__windows_x64_release_build_x64_release.yml,OK,0,no-change
microsoft_onnxruntime__.github__workflows__windows_x64_release_ep_generic_interface_build_x64_release_ep_generic_interface.yml,OK,0,no-change
microsoft_onnxruntime__.github__workflows__windows_x64_release_vitisai_build_x64_release.yml,OK,0,no-change
microsoft_onnxruntime__.github__workflows__windows_x64_release_xnnpack.yml,OK,0,no-change
microsoft_onnxruntime__.github__workflows__windows_x86.yml,OK,0,no-change
microsoft_perfview__.github__workflows__copilot-setup-steps.yml,OK,0,no-change
microsoft_perfview__.github__workflows__stale.yml,OK,0,no-change
microsoft_playwright-cli__.github__workflows__ci.yml,OK,0,no-change
microsoft_playwright-cli__.github__workflows__publish.yml,OK,0,no-change
microsoft_playwright-dotnet__.github__workflows__code-style.yml,OK,0,no-change
microsoft_playwright-dotnet__.github__workflows__nuget-package-tests.yml,OK,0,no-change
microsoft_playwright-dotnet__.github__workflows__publish_docker.yml,OK,0,no-change
microsoft_playwright-dotnet__.github__workflows__test_docker.yml,OK,0,no-change
microsoft_playwright-dotnet__.github__workflows__tests.yml,OK,0,no-change
microsoft_playwright-dotnet__.github__workflows__tests_harness.yml,OK,0,no-change
microsoft_playwright-dotnet__.github__workflows__validate-nuget-packages.yml,OK,0,no-change
microsoft_playwright-mcp__.github__workflows__ci.yml,OK,0,no-change
microsoft_playwright-mcp__.github__workflows__publish.yml,OK,0,no-change
microsoft_playwright-python__.github__workflows__ci.yml,OK,0,no-change
microsoft_playwright-python__.github__workflows__publish.yml,OK,0,no-change
microsoft_playwright-python__.github__workflows__publish_docker.yml,OK,0,no-change
microsoft_playwright-python__.github__workflows__test_docker.yml,OK,0,no-change
microsoft_playwright__.github__workflows__copilot-setup-steps.yml,OK,0,no-change
microsoft_playwright__.github__workflows__create_test_report.yml,OK,0,no-change
microsoft_playwright__.github__workflows__infra.yml,OK,0,no-change
microsoft_playwright__.github__workflows__pr_check_client_side_changes.yml,OK,0,no-change
microsoft_playwright__.github__workflows__publish_release.yml,OK,0,no-change
microsoft_playwright__.github__workflows__publish_release_docker.yml,OK,0,no-change
microsoft_playwright__.github__workflows__roll_browser_into_playwright.yml,OK,0,no-change
microsoft_playwright__.github__workflows__roll_nodejs.yml,OK,0,no-change
microsoft_playwright__.github__workflows__roll_stable_test_runner.yml,OK,0,no-change
microsoft_playwright__.github__workflows__tests_bidi.yml,OK,0,no-change
microsoft_playwright__.github__workflows__tests_components.yml,OK,0,no-change
microsoft_playwright__.github__workflows__tests_mcp.yml,OK,0,no-change
microsoft_playwright__.github__workflows__tests_others.yml,OK,0,no-change
microsoft_playwright__.github__workflows__tests_primary.yml,OK,0,no-change
microsoft_playwright__.github__workflows__tests_secondary.yml,OK,0,no-change
microsoft_playwright__.github__workflows__tests_video.yml,OK,0,no-change
microsoft_playwright__.github__workflows__trigger_tests.yml,OK,0,no-change
microsoft_poml__.github__workflows__docs.yml,OK,0,no-change
microsoft_poml__.github__workflows__models.yml,OK,0,no-change
microsoft_poml__.github__workflows__publish-npm.yml,OK,0,no-change
microsoft_poml__.github__workflows__publish-pypi.yml,OK,0,no-change
microsoft_poml__.github__workflows__publish-vscode.yml,OK,0,no-change
microsoft_poml__.github__workflows__publish.yml,OK,0,no-change
microsoft_poml__.github__workflows__shared-check-version.yml,OK,0,no-change
microsoft_poml__.github__workflows__shared-test-integration.yml,OK,0,no-change
microsoft_poml__.github__workflows__test-after-publish.yml,OK,0,no-change
microsoft_poml__.github__workflows__test-integration.yml,OK,0,no-change
microsoft_poml__.github__workflows__test.yml,OK,0,no-change
microsoft_presidio__.github__workflows__ci.yml,OK,0,no-change
microsoft_presidio__.github__workflows__codeql-analysis.yml,OK,0,no-change
microsoft_presidio__.github__workflows__defender-for-devops.yml,OK,0,no-change
microsoft_presidio__.github__workflows__label-external.yml,OK,0,no-change
microsoft_presidio__.github__workflows__release-docs.yml,OK,0,no-change
microsoft_presidio__.github__workflows__release.yml,OK,0,no-change
microsoft_promptbench__.github__workflows__stale.yml,OK,0,no-change
microsoft_promptflow__.github__workflows__build_doc_ci.yml,OK,0,no-change
microsoft_promptflow__.github__workflows__build_msi_installer.yml,OK,0,no-change
microsoft_promptflow__.github__workflows__check_enforcer.yml,OK,0,no-change
microsoft_promptflow__.github__workflows__create_promptflow_release_branch.yml,OK,0,no-change
microsoft_promptflow__.github__workflows__create_promptflow_release_tag.yml,OK,0,no-change
microsoft_promptflow__.github__workflows__flake8.yml,OK,0,no-change
microsoft_promptflow__.github__workflows__flowdag_schema_check.yml,OK,0,no-change
microsoft_promptflow__.github__workflows__labeler.yml,OK,0,no-change
microsoft_promptflow__.github__workflows__promptflow-core-test.yml,OK,0,no-change
microsoft_promptflow__.github__workflows__promptflow-evals-e2e-test-azure.yml,OK,0,no-change
microsoft_promptflow__.github__workflows__promptflow-evals-e2e-test-local.yml,OK,0,no-change
microsoft_promptflow__.github__workflows__promptflow-evals-installation-test.yml,OK,0,no-change
microsoft_promptflow__.github__workflows__promptflow-evals-performance-test.yml,OK,0,no-change
microsoft_promptflow__.github__workflows__promptflow-evals-unit-test.yml,OK,0,no-change
microsoft_promptflow__.github__workflows__promptflow-executor-e2e-test.yml,OK,0,no-change
microsoft_promptflow__.github__workflows__promptflow-executor-unit-test.yml,OK,0,no-change
microsoft_promptflow__.github__workflows__promptflow-global-config-test.yml,OK,0,no-change
microsoft_promptflow__.github__workflows__promptflow-import-linter.yml,OK,0,no-change
microsoft_promptflow__.github__workflows__promptflow-parallel-e2e-test.yml,OK,0,no-change
microsoft_promptflow__.github__workflows__promptflow-parallel-unit-test.yml,OK,0,no-change
microsoft_promptflow__.github__workflows__promptflow-release-testing-matrix.yml,OK,0,no-change
microsoft_promptflow__.github__workflows__promptflow-sdk-cli-test.yml,OK,0,no-change
microsoft_promptflow__.github__workflows__promptflow-tracing-e2e-test.yml,OK,0,no-change
microsoft_promptflow__.github__workflows__promptflow-tracing-unit-test.yml,OK,0,no-change
microsoft_promptflow__.github__workflows__publish_doc.yml,OK,0,no-change
microsoft_promptflow__.github__workflows__pylint.yml,OK,0,no-change
microsoft_promptflow__.github__workflows__samples_configuration.yml,OK,0,no-change
microsoft_promptflow__.github__workflows__samples_connections.yml,OK,0,no-change
microsoft_promptflow__.github__workflows__samples_connections_connection.yml,OK,0,no-change
microsoft_promptflow__.github__workflows__samples_flex_flows_basic.yml,OK,0,no-change
microsoft_promptflow__.github__workflows__samples_flex_flows_chat_async_stream.yml,OK,0,no-change
microsoft_promptflow__.github__workflows__samples_flex_flows_chat_basic.yml,OK,0,no-change
microsoft_promptflow__.github__workflows__samples_flex_flows_chat_minimal.yml,OK,0,no-change
microsoft_promptflow__.github__workflows__samples_flex_flows_chat_stream.yml,OK,0,no-change
microsoft_promptflow__.github__workflows__samples_flex_flows_chat_with_functions.yml,OK,0,no-change
microsoft_promptflow__.github__workflows__samples_flex_flows_eval_checklist.yml,OK,0,no-change
microsoft_promptflow__.github__workflows__samples_flex_flows_eval_code_quality.yml,OK,0,no-change
microsoft_promptflow__.github__workflows__samples_flex_flows_eval_criteria_with_langchain.yml,OK,0,no-change
microsoft_promptflow__.github__workflows__samples_flexflows_basic_flexflowquickstart.yml,OK,0,no-change
microsoft_promptflow__.github__workflows__samples_flexflows_basic_flexflowquickstartazure.yml,OK,0,no-change
microsoft_promptflow__.github__workflows__samples_flexflows_chatasyncstream_chatstreamwithasyncflexflow.yml,OK,0,no-change
microsoft_promptflow__.github__workflows__samples_flexflows_chatbasic_chatwithclassbasedflow.yml,OK,0,no-change
microsoft_promptflow__.github__workflows__samples_flexflows_chatbasic_chatwithclassbasedflowazure.yml,OK,0,no-change
microsoft_promptflow__.github__workflows__samples_flexflows_chatstream_chatstreamwithflexflow.yml,OK,0,no-change
microsoft_promptflow__.github__workflows__samples_flexflows_evalcriteriawithlangchain_langchaineval.yml,OK,0,no-change
microsoft_promptflow__.github__workflows__samples_flows_chat_chat_basic.yml,OK,0,no-change
microsoft_promptflow__.github__workflows__samples_flows_chat_chat_math_variant.yml,OK,0,no-change
microsoft_promptflow__.github__workflows__samples_flows_chat_chat_with_image.yml,OK,0,no-change
microsoft_promptflow__.github__workflows__samples_flows_chat_chat_with_pdf.yml,OK,0,no-change
microsoft_promptflow__.github__workflows__samples_flows_chat_chat_with_wikipedia.yml,OK,0,no-change
microsoft_promptflow__.github__workflows__samples_flows_chat_chatwithpdf_chatwithpdf.yml,OK,0,no-change
microsoft_promptflow__.github__workflows__samples_flows_chat_chatwithpdf_chatwithpdfazure.yml,OK,0,no-change
microsoft_promptflow__.github__workflows__samples_flows_chat_use_functions_with_chat_models.yml,OK,0,no-change
microsoft_promptflow__.github__workflows__samples_flows_evaluation_eval_basic.yml,OK,0,no-change
microsoft_promptflow__.github__workflows__samples_flows_evaluation_eval_chat_math.yml,OK,0,no-change
microsoft_promptflow__.github__workflows__samples_flows_evaluation_eval_classification_accuracy.yml,OK,0,no-change
microsoft_promptflow__.github__workflows__samples_flows_evaluation_eval_entity_match_rate.yml,OK,0,no-change
microsoft_promptflow__.github__workflows__samples_flows_evaluation_eval_groundedness.yml,OK,0,no-change
microsoft_promptflow__.github__workflows__samples_flows_evaluation_eval_multi_turn_metrics.yml,OK,0,no-change
microsoft_promptflow__.github__workflows__samples_flows_evaluation_eval_perceived_intelligence.yml,OK,0,no-change
microsoft_promptflow__.github__workflows__samples_flows_evaluation_eval_qna_non_rag.yml,OK,0,no-change
microsoft_promptflow__.github__workflows__samples_flows_evaluation_eval_qna_rag_metrics.yml,OK,0,no-change
microsoft_promptflow__.github__workflows__samples_flows_evaluation_eval_single_turn_metrics.yml,OK,0,no-change
microsoft_promptflow__.github__workflows__samples_flows_evaluation_eval_summarization.yml,OK,0,no-change
microsoft_promptflow__.github__workflows__samples_flows_standard_autonomous_agent.yml,OK,0,no-change
microsoft_promptflow__.github__workflows__samples_flows_standard_basic.yml,OK,0,no-change
microsoft_promptflow__.github__workflows__samples_flows_standard_basic_with_builtin_llm.yml,OK,0,no-change
microsoft_promptflow__.github__workflows__samples_flows_standard_basic_with_connection.yml,OK,0,no-change
microsoft_promptflow__.github__workflows__samples_flows_standard_conditional_flow_for_if_else.yml,OK,0,no-change
microsoft_promptflow__.github__workflows__samples_flows_standard_conditional_flow_for_switch.yml,OK,0,no-change
microsoft_promptflow__.github__workflows__samples_flows_standard_customer_intent_extraction.yml,OK,0,no-change
microsoft_promptflow__.github__workflows__samples_flows_standard_describe_image.yml,OK,0,no-change
microsoft_promptflow__.github__workflows__samples_flows_standard_flow_with_additional_includes.yml,OK,0,no-change
microsoft_promptflow__.github__workflows__samples_flows_standard_flow_with_symlinks.yml,OK,0,no-change
microsoft_promptflow__.github__workflows__samples_flows_standard_gen_docstring.yml,OK,0,no-change
microsoft_promptflow__.github__workflows__samples_flows_standard_maths_to_code.yml,OK,0,no-change
microsoft_promptflow__.github__workflows__samples_flows_standard_named_entity_recognition.yml,OK,0,no-change
microsoft_promptflow__.github__workflows__samples_flows_standard_question_simulation.yml,OK,0,no-change
microsoft_promptflow__.github__workflows__samples_flows_standard_web_classification.yml,OK,0,no-change
microsoft_promptflow__.github__workflows__samples_getstarted_flowasfunction.yml,OK,0,no-change
microsoft_promptflow__.github__workflows__samples_getstarted_quickstart.yml,OK,0,no-change
microsoft_promptflow__.github__workflows__samples_getstarted_quickstartazure.yml,OK,0,no-change
microsoft_promptflow__.github__workflows__samples_prompty_basic.yml,OK,0,no-change
microsoft_promptflow__.github__workflows__samples_prompty_basic_promptyquickstart.yml,OK,0,no-change
microsoft_promptflow__.github__workflows__samples_prompty_chat_basic.yml,OK,0,no-change
microsoft_promptflow__.github__workflows__samples_prompty_chatbasic_chatwithprompty.yml,OK,0,no-change
microsoft_promptflow__.github__workflows__samples_prompty_eval_apology.yml,OK,0,no-change
microsoft_promptflow__.github__workflows__samples_prompty_eval_basic.yml,OK,0,no-change
microsoft_promptflow__.github__workflows__samples_prompty_format_output.yml,OK,0,no-change
microsoft_promptflow__.github__workflows__samples_prompty_formatoutput_promptyoutputformat.yml,OK,0,no-change
microsoft_promptflow__.github__workflows__samples_runflowwithpipeline_pipeline.yml,OK,0,no-change
microsoft_promptflow__.github__workflows__samples_runmanagement_cloudrunmanagement.yml,OK,0,no-change
microsoft_promptflow__.github__workflows__samples_runmanagement_runmanagement.yml,OK,0,no-change
microsoft_promptflow__.github__workflows__samples_tools_use_cases_cascading_inputs_tool_showcase.yml,OK,0,no-change
microsoft_promptflow__.github__workflows__samples_tools_use_cases_custom_llm_tool_showcase.yml,OK,0,no-change
microsoft_promptflow__.github__workflows__samples_tools_use_cases_custom_strong_type_connection_package_tool_showcase.yml,OK,0,no-change
microsoft_promptflow__.github__workflows__samples_tools_use_cases_custom_strong_type_connection_script_tool_showcase.yml,OK,0,no-change
microsoft_promptflow__.github__workflows__samples_tools_use_cases_dynamic_list_input_tool_showcase.yml,OK,0,no-change
microsoft_promptflow__.github__workflows__samples_tracing_autogengroupchat_traceautogengroupchat.yml,OK,0,no-change
microsoft_promptflow__.github__workflows__samples_tracing_customotlpcollector_otlptracecollector.yml,OK,0,no-change
microsoft_promptflow__.github__workflows__samples_tracing_langchain_tracelangchain.yml,OK,0,no-change
microsoft_promptflow__.github__workflows__samples_tracing_llm_tracellm.yml,OK,0,no-change
microsoft_promptflow__.github__workflows__samples_tutorials_e2e_development_chat_with_pdf.yml,OK,0,no-change
microsoft_promptflow__.github__workflows__samples_tutorials_flow_deploy_azure_app_service.yml,OK,0,no-change
microsoft_promptflow__.github__workflows__samples_tutorials_flow_deploy_create_service_with_flow.yml,OK,0,no-change
microsoft_promptflow__.github__workflows__samples_tutorials_flow_deploy_distribute_flow_as_executable_app.yml,OK,0,no-change
microsoft_promptflow__.github__workflows__samples_tutorials_flow_deploy_docker.yml,OK,0,no-change
microsoft_promptflow__.github__workflows__samples_tutorials_flow_deploy_kubernetes.yml,OK,0,no-change
microsoft_promptflow__.github__workflows__samples_tutorials_flow_fine_tuning_evaluation_promptflow_quality_improvement.yml,OK,0,no-change
microsoft_promptflow__.github__workflows__samples_tutorials_tracing.yml,OK,0,no-change
microsoft_promptflow__.github__workflows__sdk-cli-azure-test-production.yml,OK,0,no-change
microsoft_promptflow__.github__workflows__sdk-cli-azure-test-pull-request.yml,OK,0,no-change
microsoft_promptflow__.github__workflows__sdk-cli-perf-monitor-test.yml,OK,0,no-change
microsoft_promptflow__.github__workflows__spell_check.yml,OK,0,no-change
microsoft_promptflow__.github__workflows__stale.yml,OK,0,no-change
microsoft_promptflow__.github__workflows__tools_continuous_delivery.yml,OK,0,no-change
microsoft_promptflow__.github__workflows__tools_release_tag.yml,OK,0,no-change
microsoft_promptflow__.github__workflows__tools_tests.yml,OK,0,no-change
microsoft_promptflow__.github__workflows__update-ci-runtime.yml,OK,0,no-change
microsoft_promptflow__.github__workflows__wheel_distributing.yml,OK,0,no-change
microsoft_pxt__.github__workflows__check-if-merged-pr.yml,OK,0,no-change
microsoft_pxt__.github__workflows__codeql-analysis.yml,OK,0,no-change
microsoft_pxt__.github__workflows__documentation.lock.yml,OK,0,no-change
microsoft_pxt__.github__workflows__is-vtag.yml,OK,0,no-change
microsoft_pxt__.github__workflows__pxt-buildpush.yml,OK,0,no-change
microsoft_pxt__.github__workflows__pxt-buildvtag.yml,OK,0,no-change
microsoft_pxt__.github__workflows__tag-bump-commit.yml,OK,0,no-change
microsoft_pylance-release__.github__workflows__auto-label.yml,OK,0,no-change
microsoft_pylance-release__.github__workflows__dryRun.yml,OK,0,no-change
microsoft_pylance-release__.github__workflows__issue-assignment.lock.yml,OK,0,no-change
microsoft_pylance-release__.github__workflows__stale.yml,OK,0,no-change
microsoft_pyright__.github__workflows__build.yml,OK,0,no-change
microsoft_pyright__.github__workflows__mypy_primer_comment.yaml,OK,0,no-change
microsoft_pyright__.github__workflows__mypy_primer_pr.yaml,OK,0,no-change
microsoft_pyright__.github__workflows__mypy_primer_push.yaml,OK,0,no-change
microsoft_pyright__.github__workflows__validation.yml,OK,0,no-change
microsoft_qlib__.github__workflows__lint_title.yml,OK,0,no-change
microsoft_qlib__.github__workflows__release.yml,OK,0,no-change
microsoft_qlib__.github__workflows__stale.yml,OK,0,no-change
microsoft_qlib__.github__workflows__test_qlib_from_pip.yml,OK,0,no-change
microsoft_qlib__.github__workflows__test_qlib_from_source.yml,OK,0,no-change
microsoft_qlib__.github__workflows__test_qlib_from_source_slow.yml,OK,0,no-change
microsoft_react-native-macos__.github__workflows__autorebase.yml,OK,0,no-change
microsoft_react-native-macos__.github__workflows__bump-podfile-lock.yml,OK,0,no-change
microsoft_react-native-macos__.github__workflows__cache-reaper.yml,OK,0,no-change
microsoft_react-native-macos__.github__workflows__check-for-reproducer.yml,OK,0,no-change
microsoft_react-native-macos__.github__workflows__check-nightly.yml,OK,0,no-change
microsoft_react-native-macos__.github__workflows__close-pr.yml,OK,0,no-change
microsoft_react-native-macos__.github__workflows__codeql-analysis.yml,OK,0,no-change
microsoft_react-native-macos__.github__workflows__create-draft-release.yml,OK,0,no-change
microsoft_react-native-macos__.github__workflows__create-release.yml,OK,0,no-change
microsoft_react-native-macos__.github__workflows__danger-pr.yml,OK,0,no-change
microsoft_react-native-macos__.github__workflows__generate-changelog.yml,OK,0,no-change
microsoft_react-native-macos__.github__workflows__microsoft-build-rntester.yml,OK,0,no-change
microsoft_react-native-macos__.github__workflows__microsoft-build-website.yml,OK,0,no-change
microsoft_react-native-macos__.github__workflows__microsoft-pr.yml,OK,0,no-change
microsoft_react-native-macos__.github__workflows__microsoft-publish.yml,OK,0,no-change
microsoft_react-native-macos__.github__workflows__microsoft-react-native-test-app-integration.yml,OK,0,no-change
microsoft_react-native-macos__.github__workflows__microsoft-test-react-native-macos-init.yml,OK,0,no-change
microsoft_react-native-macos__.github__workflows__monitor-new-issues.yml,OK,0,no-change
microsoft_react-native-macos__.github__workflows__needs-attention.yml,OK,0,no-change
microsoft_react-native-macos__.github__workflows__nightly.yml,OK,0,no-change
microsoft_react-native-macos__.github__workflows__on-issue-labeled.yml,OK,0,no-change
microsoft_react-native-macos__.github__workflows__prebuild-ios-core.yml,OK,0,no-change
microsoft_react-native-macos__.github__workflows__prebuild-ios-dependencies.yml,OK,0,no-change
microsoft_react-native-macos__.github__workflows__publish-bumped-packages.yml,OK,0,no-change
microsoft_react-native-macos__.github__workflows__publish-release.yml,OK,0,no-change
microsoft_react-native-macos__.github__workflows__retry-workflow.yml,OK,0,no-change
microsoft_react-native-macos__.github__workflows__stale-bot.yml,OK,0,no-change
microsoft_react-native-macos__.github__workflows__test-all.yml,OK,0,no-change
microsoft_react-native-macos__.github__workflows__test-libraries-on-nightlies.yml,OK,0,no-change
microsoft_react-native-windows__.github__workflows__cherry-pick-commit.yml,OK,0,no-change
microsoft_react-native-windows__.github__workflows__cherry-pick.yml,OK,0,no-change
microsoft_react-native-windows__.github__workflows__cleanup-stale-branches.yml,OK,0,no-change
microsoft_react-native-windows__.github__workflows__compliance-yarn-lock.yml,OK,0,no-change
microsoft_react-native-windows__.github__workflows__dependabot-azp-trigger.yml,OK,0,no-change
microsoft_react-native-windows__.github__workflows__move-issues-milestones.yml,OK,0,no-change
microsoft_react-native-windows__.github__workflows__update-issue-remaining-days.yml,OK,0,no-change
microsoft_restler-fuzzer__.github__workflows__ci_build_test_pr.yaml,OK,0,no-change
microsoft_retina__.github__workflows__codeql.yaml,OK,0,no-change
microsoft_retina__.github__workflows__commit-message.yaml,OK,0,no-change
microsoft_retina__.github__workflows__daily-scale-test.yaml,OK,0,no-change
microsoft_retina__.github__workflows__docs.yaml,OK,0,no-change
microsoft_retina__.github__workflows__e2e-test-event-writer.yml,OK,0,no-change
microsoft_retina__.github__workflows__e2e.yaml,OK,0,no-change
microsoft_retina__.github__workflows__golangci-lint.yaml,OK,0,no-change
microsoft_retina__.github__workflows__goreleaser.yaml,OK,0,no-change
microsoft_retina__.github__workflows__images.yaml,OK,0,no-change
microsoft_retina__.github__workflows__kapinger.yaml,OK,0,no-change
microsoft_retina__.github__workflows__markdownlint.yaml,OK,0,no-change
microsoft_retina__.github__workflows__perf-manual.yaml,OK,0,no-change
microsoft_retina__.github__workflows__perf-schedule.yaml,OK,0,no-change
microsoft_retina__.github__workflows__perf-template.yaml,OK,0,no-change
microsoft_retina__.github__workflows__release-charts.yaml,OK,0,no-change
microsoft_retina__.github__workflows__release-images.yaml,OK,0,no-change
microsoft_retina__.github__workflows__release-validation.yaml,OK,0,no-change
microsoft_retina__.github__workflows__scale-test.yaml,OK,0,no-change
microsoft_retina__.github__workflows__stale.yaml,OK,0,no-change
microsoft_retina__.github__workflows__test-multicloud.yml,OK,0,no-change
microsoft_retina__.github__workflows__test.yaml,OK,0,no-change
microsoft_retina__.github__workflows__trivy.yaml,OK,0,no-change
microsoft_retina__.github__workflows__update-hubble.yaml,OK,0,no-change
microsoft_rushstack__.github__workflows__ci.yml,OK,0,no-change
microsoft_rushstack__.github__workflows__file-doc-tickets.yml,OK,0,no-change
microsoft_semantic-kernel__.github__workflows__close-inactive-issues.yml,OK,0,no-change
microsoft_semantic-kernel__.github__workflows__codeql-analysis.yml,OK,0,no-change
microsoft_semantic-kernel__.github__workflows__dotnet-build-and-test.yml,OK,0,no-change
microsoft_semantic-kernel__.github__workflows__dotnet-ci.yml,OK,0,no-change
microsoft_semantic-kernel__.github__workflows__dotnet-format.yml,OK,0,no-change
microsoft_semantic-kernel__.github__workflows__dotnet-integration-tests.yml,OK,0,no-change
microsoft_semantic-kernel__.github__workflows__label-discussions.yml,OK,0,no-change
microsoft_semantic-kernel__.github__workflows__label-issues.yml,OK,0,no-change
microsoft_semantic-kernel__.github__workflows__label-pr.yml,OK,0,no-change
microsoft_semantic-kernel__.github__workflows__label-title-prefix.yml,OK,0,no-change
microsoft_semantic-kernel__.github__workflows__markdown-link-check.yml,OK,0,no-change
microsoft_semantic-kernel__.github__workflows__merge-gatekeeper.yml,OK,0,no-change
microsoft_semantic-kernel__.github__workflows__python-build.yml,OK,0,no-change
microsoft_semantic-kernel__.github__workflows__python-integration-tests.yml,OK,0,no-change
microsoft_semantic-kernel__.github__workflows__python-lint.yml,OK,0,no-change
microsoft_semantic-kernel__.github__workflows__python-manual-release.yml,OK,0,no-change
microsoft_semantic-kernel__.github__workflows__python-test-coverage-report.yml,OK,0,no-change
microsoft_semantic-kernel__.github__workflows__python-test-coverage.yml,OK,0,no-change
microsoft_semantic-kernel__.github__workflows__python-unit-tests.yml,OK,0,no-change
microsoft_semantic-kernel__.github__workflows__typos.yaml,OK,0,no-change
microsoft_sudo__.github__workflows__pr-build.yaml,OK,0,no-change
microsoft_terminal__.github__workflows__addToProject.yml,OK,0,no-change
microsoft_terminal__.github__workflows__spelling2.yml,OK,0,no-change
microsoft_terminal__.github__workflows__winget.yml,OK,0,no-change
microsoft_tsdoc__.github__workflows__ci.yml,OK,0,no-change
microsoft_tsyringe__.github__workflows__build.yml,OK,0,no-change
microsoft_tsyringe__.github__workflows__publish.yml,OK,0,no-change
microsoft_typescript-go__.github__workflows__ci.yml,OK,0,no-change
microsoft_typescript-go__.github__workflows__codeql.yml,OK,0,no-change
microsoft_typescript-go__.github__workflows__copilot-setup-steps.yml,OK,0,no-change
microsoft_typescript-go__.github__workflows__create-cache.yml,OK,0,no-change
microsoft_typespec__.github__workflows__ci.yml,OK,0,no-change
microsoft_typespec__.github__workflows__codeql.yml,OK,0,no-change
microsoft_typespec__.github__workflows__commenter.yml,OK,0,no-change
microsoft_typespec__.github__workflows__consistency.yml,OK,0,no-change
microsoft_typespec__.github__workflows__external-integration.yml,OK,0,no-change
microsoft_typespec__.github__workflows__merge-release-in-main.yml,OK,0,no-change
microsoft_typespec__.github__workflows__sync-labels.yml,OK,0,no-change
microsoft_typespec__.github__workflows__verify-labels.yml,OK,0,no-change
microsoft_typespec__.github__workflows__website-gh-pages.yml,OK,0,no-change
microsoft_vcpkg__.github__workflows__check_issues.yml,OK,0,no-change
microsoft_vcpkg__.github__workflows__check_tools_sha.yml,OK,0,no-change
microsoft_vcpkg__.github__workflows__codeql.yml,OK,0,no-change
microsoft_vcpkg__.github__workflows__stale.yml,OK,0,no-change
microsoft_vcpkg__.github__workflows__untrustedPR.yml,OK,0,no-change
microsoft_verona__.github__workflows__cmake.yml,OK,0,no-change
microsoft_vscode-copilot-chat__.github__workflows__copilot-setup-steps.yml,OK,0,no-change
microsoft_vscode-copilot-chat__.github__workflows__ensure-node-modules-cache.yml,OK,0,no-change
microsoft_vscode-copilot-chat__.github__workflows__npm-package.yml,OK,0,no-change
microsoft_vscode-copilot-chat__.github__workflows__pr.yml,OK,0,no-change
microsoft_vscode-cpptools__.github__workflows__bug-debugger.yml,OK,0,no-change
microsoft_vscode-cpptools__.github__workflows__by-design-closer-debugger .yml,OK,0,no-change
microsoft_vscode-cpptools__.github__workflows__by-design-closer.yml,OK,0,no-change
microsoft_vscode-cpptools__.github__workflows__ci_linux.yml,OK,0,no-change
microsoft_vscode-cpptools__.github__workflows__ci_mac.yml,OK,0,no-change
microsoft_vscode-cpptools__.github__workflows__ci_windows.yml,OK,0,no-change
microsoft_vscode-cpptools__.github__workflows__codeql.yml,OK,0,no-change
microsoft_vscode-cpptools__.github__workflows__duplicate-closer.yml,OK,0,no-change
microsoft_vscode-cpptools__.github__workflows__enhancement-closer-no-milestone.yml,OK,0,no-change
microsoft_vscode-cpptools__.github__workflows__enhancement-closer-triage.yml,OK,0,no-change
microsoft_vscode-cpptools__.github__workflows__enhancement-reopener.yml,OK,0,no-change
microsoft_vscode-cpptools__.github__workflows__external-closer-debugger.yml,OK,0,no-change
microsoft_vscode-cpptools__.github__workflows__feature-request-closer-no-milestone.yml,OK,0,no-change
microsoft_vscode-cpptools__.github__workflows__feature-request-closer-triage.yml,OK,0,no-change
microsoft_vscode-cpptools__.github__workflows__feature-request-debugger.yml,OK,0,no-change
microsoft_vscode-cpptools__.github__workflows__feature-request-reopener.yml,OK,0,no-change
microsoft_vscode-cpptools__.github__workflows__investigate-closer-debugger.yml,OK,0,no-change
microsoft_vscode-cpptools__.github__workflows__investigate-costing-closer-debugger.yml,OK,0,no-change
microsoft_vscode-cpptools__.github__workflows__job-compile-and-test.yml,OK,0,no-change
microsoft_vscode-cpptools__.github__workflows__locker.yml,OK,0,no-change
microsoft_vscode-cpptools__.github__workflows__more-info-needed-closer-debugger.yml,OK,0,no-change
microsoft_vscode-cpptools__.github__workflows__more-info-needed-closer.yml,OK,0,no-change
microsoft_vscode-cpptools__.github__workflows__question-closer-debugger.yml,OK,0,no-change
microsoft_vscode-cpptools__.github__workflows__question-closer.yml,OK,0,no-change
microsoft_vscode-extension-samples__.github__workflows__ci.yml,OK,0,no-change
microsoft_vscode-extension-samples__.github__workflows__triage.yml,OK,0,no-change
microsoft_vscode-pull-request-github__.github__workflows__copilot-setup-steps.yml,OK,0,no-change
microsoft_vscode-python__.github__workflows__build.yml,OK,0,no-change
microsoft_vscode-python__.github__workflows__codeql-analysis.yml,OK,0,no-change
microsoft_vscode-python__.github__workflows__community-feedback-auto-comment.yml,OK,0,no-change
microsoft_vscode-python__.github__workflows__gen-issue-velocity.yml,OK,0,no-change
microsoft_vscode-python__.github__workflows__info-needed-closer.yml,OK,0,no-change
microsoft_vscode-python__.github__workflows__issue-labels.yml,OK,0,no-change
microsoft_vscode-python__.github__workflows__lock-issues.yml,OK,0,no-change
microsoft_vscode-python__.github__workflows__pr-check.yml,OK,0,no-change
microsoft_vscode-python__.github__workflows__pr-file-check.yml,OK,0,no-change
microsoft_vscode-python__.github__workflows__pr-issue-check.yml,OK,0,no-change
microsoft_vscode-python__.github__workflows__pr-labels.yml,OK,0,no-change
microsoft_vscode-python__.github__workflows__python27-issue-response.yml,OK,0,no-change
microsoft_vscode-python__.github__workflows__remove-needs-labels.yml,OK,0,no-change
microsoft_vscode-python__.github__workflows__test-plan-item-validator.yml,OK,0,no-change
microsoft_vscode-python__.github__workflows__triage-info-needed.yml,OK,0,no-change
microsoft_vscode__.github__workflows__copilot-setup-steps.yml,OK,0,no-change
microsoft_vscode__.github__workflows__monaco-editor.yml,OK,0,no-change
microsoft_vscode__.github__workflows__no-engineering-system-changes.yml,OK,0,no-change
microsoft_vscode__.github__workflows__no-package-lock-changes.yml,OK,0,no-change
microsoft_vscode__.github__workflows__pr-darwin-test.yml,OK,0,no-change
microsoft_vscode__.github__workflows__pr-linux-cli-test.yml,OK,0,no-change
microsoft_vscode__.github__workflows__pr-linux-test.yml,OK,0,no-change
microsoft_vscode__.github__workflows__pr-node-modules.yml,OK,0,no-change
microsoft_vscode__.github__workflows__pr-win32-test.yml,OK,0,no-change
microsoft_vscode__.github__workflows__pr.yml,OK,0,no-change
microsoft_vscode__.github__workflows__screenshot-test.yml,OK,0,no-change
microsoft_vscode__.github__workflows__telemetry.yml,OK,0,no-change
microsoft_wil__.github__workflows__ci.yml,OK,0,no-change
microsoft_wil__.github__workflows__format.yml,OK,0,no-change
microsoft_windows-rs__.github__workflows__clippy.yml,OK,0,no-change
microsoft_windows-rs__.github__workflows__cross.yml,OK,0,no-change
microsoft_windows-rs__.github__workflows__doc.yml,OK,0,no-change
microsoft_windows-rs__.github__workflows__fmt.yml,OK,0,no-change
microsoft_windows-rs__.github__workflows__gen.yml,OK,0,no-change
microsoft_windows-rs__.github__workflows__lib.yml,OK,0,no-change
microsoft_windows-rs__.github__workflows__linux.yml,OK,0,no-change
microsoft_windows-rs__.github__workflows__miri.yml,OK,0,no-change
microsoft_windows-rs__.github__workflows__msrv.yml,OK,0,no-change
microsoft_windows-rs__.github__workflows__no-default-features.yml,OK,0,no-change
microsoft_windows-rs__.github__workflows__no_std.yml,OK,0,no-change
microsoft_windows-rs__.github__workflows__publish.yml,OK,0,no-change
microsoft_windows-rs__.github__workflows__slim_errors.yml,OK,0,no-change
microsoft_windows-rs__.github__workflows__test.yml,OK,0,no-change
microsoft_windows-rs__.github__workflows__web.yml,OK,0,no-change
microsoft_winget-cli__.github__workflows__automatic-issue-deduplication.yml,OK,0,no-change
microsoft_winget-cli__.github__workflows__spelling.yml,OK,0,no-change
microsoft_winget-cli__.github__workflows__spelling2.yml,OK,0,no-change
microsoft_winget-cli__.github__workflows__spelling3.yml,OK,0,no-change
microsoft_winget-pkgs__.github__workflows__scriptAnalyzer.yaml,OK,0,no-change
microsoft_winget-pkgs__.github__workflows__spellCheck.yaml,OK,0,no-change
