workflow,line_number,weakness_type,evidence,explanation
Azure_Azure-Sentinel__.github__workflows__hyperlinkValidator.yaml,15,EPW,jobs:,"No permissions: block is declared at the workflow or job level, so the workflow does not explicitly restrict the GITHUB_TOKEN. Effective permissions depend on the repository default token settings, which may grant broad read/write scopes; the workflow itself does not enforce least privilege."
Azure_azure-rest-api-specs__.github__workflows__post-apiview.yaml,21,UDW,uses: actions/checkout@v6,The external dependency 'actions/checkout@v6' is referenced through the mutable ref 'v6' instead of a full 40-character commit SHA. A change to or compromise of the upstream tag/branch could silently alter the code executed by this workflow.
Azure_azure-rest-api-specs__.github__workflows__tsp-client-test.yaml,26,HGW,jobs:,"The workflow delegates build, lint, test, and coverage execution to _reusable-eng-tools-test.yaml, but the reusable pipeline contains no SAST or comparable security analysis step."
Azure_azure-rest-api-specs__.github__workflows__update-labels.yaml,8,PTW,on: workflow_run,
Azure_azure-rest-api-specs__.github__workflows__update-labels.yaml,31,UDW,uses: actions/checkout@v6,The external dependency 'actions/checkout@v6' is referenced through the mutable ref 'v6' instead of a full 40-character commit SHA. A change to or compromise of the upstream tag/branch could silently alter the code executed by this workflow.
Azure_azure-rest-api-specs__.github__workflows__update-labels.yaml,38,UDW,uses: actions/github-script@v8,The external dependency 'actions/github-script@v8' is referenced through the mutable ref 'v8' instead of a full 40-character commit SHA. A change to or compromise of the upstream tag/branch could silently alter the code executed by this workflow.
Azure_Azure-Sentinel__.github__workflows__hyperlinkValidator.yaml,45,UDW,Install-Module powershell-yaml,
IBM_mcp-context-forge__.github__workflows__rust-plugins.yml,26,EPW,jobs:,"No permissions: block is declared at the workflow or job level, so the workflow does not explicitly restrict the GITHUB_TOKEN. Effective permissions depend on the repository default token settings, which may grant broad read/write scopes; the workflow itself does not enforce least privilege."
IBM_mcp-context-forge__.github__workflows__rust-plugins.yml,40,UDW,uses: actions/checkout@v4,The external dependency 'actions/checkout@v4' is referenced through the mutable ref 'v4' instead of a full 40-character commit SHA. A change to or compromise of the upstream tag/branch could silently alter the code executed by this workflow.
IBM_mcp-context-forge__.github__workflows__rust-plugins.yml,49,UDW,uses: actions/cache@v4,The external dependency 'actions/cache@v4' is referenced through the mutable ref 'v4' instead of a full 40-character commit SHA. A change to or compromise of the upstream tag/branch could silently alter the code executed by this workflow.
IBM_mcp-context-forge__.github__workflows__rust-plugins.yml,55,UDW,uses: actions/cache@v4,The external dependency 'actions/cache@v4' is referenced through the mutable ref 'v4' instead of a full 40-character commit SHA. A change to or compromise of the upstream tag/branch could silently alter the code executed by this workflow.
IBM_mcp-context-forge__.github__workflows__rust-plugins.yml,61,UDW,uses: actions/cache@v4,The external dependency 'actions/cache@v4' is referenced through the mutable ref 'v4' instead of a full 40-character commit SHA. A change to or compromise of the upstream tag/branch could silently alter the code executed by this workflow.
IBM_mcp-context-forge__.github__workflows__rust-plugins.yml,91,UDW,uses: actions/checkout@v4,The external dependency 'actions/checkout@v4' is referenced through the mutable ref 'v4' instead of a full 40-character commit SHA. A change to or compromise of the upstream tag/branch could silently alter the code executed by this workflow.
IBM_mcp-context-forge__.github__workflows__rust-plugins.yml,94,UDW,uses: actions/setup-python@v5,The external dependency 'actions/setup-python@v5' is referenced through the mutable ref 'v5' instead of a full 40-character commit SHA. A change to or compromise of the upstream tag/branch could silently alter the code executed by this workflow.
IBM_mcp-context-forge__.github__workflows__rust-plugins.yml,102,UDW,run: pip install maturin,
IBM_mcp-context-forge__.github__workflows__rust-plugins.yml,109,UDW,uses: actions/upload-artifact@v4,The external dependency 'actions/upload-artifact@v4' is referenced through the mutable ref 'v4' instead of a full 40-character commit SHA. A change to or compromise of the upstream tag/branch could silently alter the code executed by this workflow.
IBM_mcp-context-forge__.github__workflows__rust-plugins.yml,129,UDW,uses: actions/checkout@v4,The external dependency 'actions/checkout@v4' is referenced through the mutable ref 'v4' instead of a full 40-character commit SHA. A change to or compromise of the upstream tag/branch could silently alter the code executed by this workflow.
IBM_mcp-context-forge__.github__workflows__rust-plugins.yml,132,UDW,uses: actions/setup-python@v5,The external dependency 'actions/setup-python@v5' is referenced through the mutable ref 'v5' instead of a full 40-character commit SHA. A change to or compromise of the upstream tag/branch could silently alter the code executed by this workflow.
IBM_mcp-context-forge__.github__workflows__rust-plugins.yml,140,UDW,uses: astral-sh/setup-uv@v5,The external dependency 'astral-sh/setup-uv@v5' is referenced through the mutable ref 'v5' instead of a full 40-character commit SHA. A change to or compromise of the upstream tag/branch could silently alter the code executed by this workflow.
IBM_mcp-context-forge__.github__workflows__rust-plugins.yml,145,UDW,run: uv tool install maturin,
IBM_mcp-context-forge__.github__workflows__rust-plugins.yml,152,UDW,uv pip install pytest pytest-cov pydantic,
IBM_mcp-context-forge__.github__workflows__rust-plugins.yml,174,UDW,uses: actions/checkout@v4,The external dependency 'actions/checkout@v4' is referenced through the mutable ref 'v4' instead of a full 40-character commit SHA. A change to or compromise of the upstream tag/branch could silently alter the code executed by this workflow.
IBM_mcp-context-forge__.github__workflows__rust-plugins.yml,180,UDW,run: cargo install cargo-audit,
IBM_mcp-context-forge__.github__workflows__rust-plugins.yml,194,UDW,uses: actions/checkout@v4,The external dependency 'actions/checkout@v4' is referenced through the mutable ref 'v4' instead of a full 40-character commit SHA. A change to or compromise of the upstream tag/branch could silently alter the code executed by this workflow.
IBM_mcp-context-forge__.github__workflows__rust-plugins.yml,197,UDW,uses: actions/setup-python@v5,The external dependency 'actions/setup-python@v5' is referenced through the mutable ref 'v5' instead of a full 40-character commit SHA. A change to or compromise of the upstream tag/branch could silently alter the code executed by this workflow.
IBM_mcp-context-forge__.github__workflows__rust-plugins.yml,207,UDW,uses: astral-sh/setup-uv@v5,The external dependency 'astral-sh/setup-uv@v5' is referenced through the mutable ref 'v5' instead of a full 40-character commit SHA. A change to or compromise of the upstream tag/branch could silently alter the code executed by this workflow.
IBM_mcp-context-forge__.github__workflows__rust-plugins.yml,212,UDW,run: uv tool install maturin,
IBM_mcp-context-forge__.github__workflows__rust-plugins.yml,219,UDW,uv pip install pytest pytest-cov pydantic,
IBM_mcp-context-forge__.github__workflows__rust-plugins.yml,220,UDW,cargo install cargo-tarpaulin,
IBM_mcp-context-forge__.github__workflows__rust-plugins.yml,231,UDW,uses: codecov/codecov-action@v4,The external dependency 'codecov/codecov-action@v4' is referenced through the mutable ref 'v4' instead of a full 40-character commit SHA. A change to or compromise of the upstream tag/branch could silently alter the code executed by this workflow.
IBM_mcp-context-forge__.github__workflows__rust-plugins.yml,245,UDW,uses: actions/checkout@v4,The external dependency 'actions/checkout@v4' is referenced through the mutable ref 'v4' instead of a full 40-character commit SHA. A change to or compromise of the upstream tag/branch could silently alter the code executed by this workflow.
IBM_mcp-context-forge__.github__workflows__rust-plugins.yml,255,UDW,uses: actions/upload-artifact@v4,The external dependency 'actions/upload-artifact@v4' is referenced through the mutable ref 'v4' instead of a full 40-character commit SHA. A change to or compromise of the upstream tag/branch could silently alter the code executed by this workflow.
IBM_mcp-context-forge__.github__workflows__rust-plugins.yml,272,UDW,uses: actions/checkout@v4,The external dependency 'actions/checkout@v4' is referenced through the mutable ref 'v4' instead of a full 40-character commit SHA. A change to or compromise of the upstream tag/branch could silently alter the code executed by this workflow.
IBM_mcp-context-forge__.github__workflows__rust-plugins.yml,275,UDW,uses: actions/setup-python@v5,The external dependency 'actions/setup-python@v5' is referenced through the mutable ref 'v5' instead of a full 40-character commit SHA. A change to or compromise of the upstream tag/branch could silently alter the code executed by this workflow.
IBM_mcp-context-forge__.github__workflows__rust-plugins.yml,283,UDW,run: pip install maturin,
IBM_mcp-context-forge__.github__workflows__rust-plugins.yml,290,UDW,uses: actions/upload-artifact@v4,The external dependency 'actions/upload-artifact@v4' is referenced through the mutable ref 'v4' instead of a full 40-character commit SHA. A change to or compromise of the upstream tag/branch could silently alter the code executed by this workflow.
NVIDIA_garak__.github__workflows__test_macos.yml,42,GRCW,uses: actions/checkout@v3,
NVIDIA_garak__.github__workflows__test_macos.yml,47,GRCW,uses: actions/setup-python@v4,
NVIDIA_garak__.github__workflows__test_macos.yml,35,HGW,jobs:,"This workflow installs dependencies and runs the pytest suite across a Python version matrix on macOS. This constitutes substantial CI/CD work, but the workflow integrates no security scanning, dependency/advisory auditing, or comparable control to detect vulnerable or malicious changes."
NVIDIA_garak__.github__workflows__test_macos.yml,42,UDW,uses: actions/checkout@v3,The external dependency 'actions/checkout@v3' is referenced through the mutable ref 'v3' instead of a full 40-character commit SHA. A change to or compromise of the upstream tag/branch could silently alter the code executed by this workflow.
NVIDIA_garak__.github__workflows__test_macos.yml,47,UDW,uses: actions/setup-python@v4,The external dependency 'actions/setup-python@v4' is referenced through the mutable ref 'v4' instead of a full 40-character commit SHA. A change to or compromise of the upstream tag/branch could silently alter the code executed by this workflow.
NVIDIA_garak__.github__workflows__test_macos.yml,61,UDW,uses: actions/cache/restore@v4,The external dependency 'actions/cache/restore@v4' is referenced through the mutable ref 'v4' instead of a full 40-character commit SHA. A change to or compromise of the upstream tag/branch could silently alter the code executed by this workflow.
NVIDIA_garak__.github__workflows__test_macos.yml,91,UDW,uses: actions/cache@v4,The external dependency 'actions/cache@v4' is referenced through the mutable ref 'v4' instead of a full 40-character commit SHA. A change to or compromise of the upstream tag/branch could silently alter the code executed by this workflow.
NVIDIA_gpu-operator__.github__workflows__cherrypick.yml,23,EPW,permissions: / contents: write / pull-requests: write / issues: write,
NVIDIA_gpu-operator__.github__workflows__cherrypick.yml,18,PTW,"on: issue_comment, pull_request_target",
NVIDIA_gpu-operator__.github__workflows__cherrypick.yml,40,UDW,uses: actions/checkout@v6,The external dependency 'actions/checkout@v6' is referenced through the mutable ref 'v6' instead of a full 40-character commit SHA. A change to or compromise of the upstream tag/branch could silently alter the code executed by this workflow.
NVIDIA_gpu-operator__.github__workflows__cherrypick.yml,51,UDW,uses: actions/github-script@v8,The external dependency 'actions/github-script@v8' is referenced through the mutable ref 'v8' instead of a full 40-character commit SHA. A change to or compromise of the upstream tag/branch could silently alter the code executed by this workflow.
NVIDIA_gpu-operator__.github__workflows__cherrypick.yml,68,UDW,uses: actions/checkout@v6,The external dependency 'actions/checkout@v6' is referenced through the mutable ref 'v6' instead of a full 40-character commit SHA. A change to or compromise of the upstream tag/branch could silently alter the code executed by this workflow.
NVIDIA_gpu-operator__.github__workflows__cherrypick.yml,76,UDW,uses: actions/github-script@v8,The external dependency 'actions/github-script@v8' is referenced through the mutable ref 'v8' instead of a full 40-character commit SHA. A change to or compromise of the upstream tag/branch could silently alter the code executed by this workflow.
NVIDIA_gpu-operator__.github__workflows__cherrypick.yml,91,UDW,uses: actions/github-script@v8,The external dependency 'actions/github-script@v8' is referenced through the mutable ref 'v8' instead of a full 40-character commit SHA. A change to or compromise of the upstream tag/branch could silently alter the code executed by this workflow.
NVIDIA_physicsnemo__.github__workflows__pre-commit.yml,24,EPW,jobs:,"No permissions: block is declared at the workflow or job level, so the workflow does not explicitly restrict the GITHUB_TOKEN. Effective permissions depend on the repository default token settings, which may grant broad read/write scopes; the workflow itself does not enforce least privilege."
NVIDIA_physicsnemo__.github__workflows__pre-commit.yml,1,HGW,CI build/test/deploy without security scanning,
NVIDIA_physicsnemo__.github__workflows__pre-commit.yml,42,KVCW,uses: pre-commit/action@v3.0.1,
NVIDIA_physicsnemo__.github__workflows__pre-commit.yml,29,UDW,uses: actions/checkout@v4,The external dependency 'actions/checkout@v4' is referenced through the mutable ref 'v4' instead of a full 40-character commit SHA. A change to or compromise of the upstream tag/branch could silently alter the code executed by this workflow.
NVIDIA_physicsnemo__.github__workflows__pre-commit.yml,33,UDW,uses: actions/setup-python@v5,The external dependency 'actions/setup-python@v5' is referenced through the mutable ref 'v5' instead of a full 40-character commit SHA. A change to or compromise of the upstream tag/branch could silently alter the code executed by this workflow.
NVIDIA_physicsnemo__.github__workflows__pre-commit.yml,42,UDW,uses: pre-commit/action@v3.0.1,The external dependency 'pre-commit/action@v3.0.1' is referenced through the mutable ref 'v3.0.1' instead of a full 40-character commit SHA. A change to or compromise of the upstream tag/branch could silently alter the code executed by this workflow.
NVIDIA_physicsnemo__.github__workflows__stale.yml,14,EPW,actions: write,"The stale job grants actions: write to the actions/stale run. actions/stale only needs issues: write and pull-requests: write to label/close stale items; actions: write (management of workflow runs, caches and secrets) is unnecessary and broadens the token beyond least privilege."
NVIDIA_physicsnemo__.github__workflows__stale.yml,16,UDW,uses: actions/stale@v10,The external dependency 'actions/stale@v10' is referenced through the mutable ref 'v10' instead of a full 40-character commit SHA. A change to or compromise of the upstream tag/branch could silently alter the code executed by this workflow.
Tencent_ncnn__.github__workflows__esp32.yml,27,HGW,jobs:,"This workflow builds NCNN for ESP32 via CMake/make against the ESP-IDF toolchain. This constitutes substantial CI/CD work, but the workflow integrates no security scanning, dependency/advisory auditing, or comparable control to detect vulnerable or malicious changes."
Tencent_ncnn__.github__workflows__esp32.yml,33,UDW,uses: actions/checkout@v6,The external dependency 'actions/checkout@v6' is referenced through the mutable ref 'v6' instead of a full 40-character commit SHA. A change to or compromise of the upstream tag/branch could silently alter the code executed by this workflow.
Tencent_ncnn__.github__workflows__esp32.yml,38,UDW,uses: actions/setup-python@v6,The external dependency 'actions/setup-python@v6' is referenced through the mutable ref 'v6' instead of a full 40-character commit SHA. A change to or compromise of the upstream tag/branch could silently alter the code executed by this workflow.
Tencent_ncnn__.github__workflows__esp32.yml,48,UDW,uses: actions/checkout@v6,The external dependency 'actions/checkout@v6' is referenced through the mutable ref 'v6' instead of a full 40-character commit SHA. A change to or compromise of the upstream tag/branch could silently alter the code executed by this workflow.
Tencent_tdesign__.github__workflows__publish.yml,11,EPW,jobs:,"No permissions: block is declared at the workflow or job level, so the workflow does not explicitly restrict the GITHUB_TOKEN. Effective permissions depend on the repository default token settings, which may grant broad read/write scopes; the workflow itself does not enforce least privilege."
Tencent_tdesign__.github__workflows__publish.yml,11,HGW,jobs:,"This workflow builds the site, publishes the npm package, deploys to surge, and force-pushes to the main branch. This constitutes substantial CI/CD work, but the workflow integrates no security scanning, dependency/advisory auditing, or comparable control to detect vulnerable or malicious changes."
Tencent_tdesign__.github__workflows__publish.yml,16,UDW,uses: actions/checkout@v4,The external dependency 'actions/checkout@v4' is referenced through the mutable ref 'v4' instead of a full 40-character commit SHA. A change to or compromise of the upstream tag/branch could silently alter the code executed by this workflow.
Tencent_tdesign__.github__workflows__publish.yml,19,UDW,uses: actions/setup-node@v4,The external dependency 'actions/setup-node@v4' is referenced through the mutable ref 'v4' instead of a full 40-character commit SHA. A change to or compromise of the upstream tag/branch could silently alter the code executed by this workflow.
Tencent_tdesign__.github__workflows__publish.yml,22,UDW,uses: actions/cache@v4,The external dependency 'actions/cache@v4' is referenced through the mutable ref 'v4' instead of a full 40-character commit SHA. A change to or compromise of the upstream tag/branch could silently alter the code executed by this workflow.
Tencent_tdesign__.github__workflows__publish.yml,40,IW,ref_name=${{ github.ref_name }},"The tag name is interpolated unquoted by the Actions expression engine into a bash variable assignment before the shell runs. Git ref names permit backtick, $, ;, &, | and parentheses, so a tag such as 'v1.0;curl$IFS-sX' escapes the assignment and executes arbitrary commands in the publish job, which holds the TDESIGN_SURGE_TOKEN and NPM publish secrets."
Tencent_tdesign__.github__workflows__publish.yml,47,UDW,uses: actions/setup-node@v6,The external dependency 'actions/setup-node@v6' is referenced through the mutable ref 'v6' instead of a full 40-character commit SHA. A change to or compromise of the upstream tag/branch could silently alter the code executed by this workflow.
Tencent_tdesign__.github__workflows__publish.yml,52,UDW,uses: JS-DevTools/npm-publish@v4,The external dependency 'JS-DevTools/npm-publish@v4' is referenced through the mutable ref 'v4' instead of a full 40-character commit SHA. A change to or compromise of the upstream tag/branch could silently alter the code executed by this workflow.
Tencent_tdesign__.github__workflows__publish.yml,62,UDW,uses: actions/checkout@v4,The external dependency 'actions/checkout@v4' is referenced through the mutable ref 'v4' instead of a full 40-character commit SHA. A change to or compromise of the upstream tag/branch could silently alter the code executed by this workflow.
aws_aws-cdk__.github__workflows__github-merit-badger.yml,13,UDW,uses: cdklabs/github-merit-badger@main,The external dependency 'cdklabs/github-merit-badger@main' is referenced through the mutable ref 'main' instead of a full 40-character commit SHA. A change to or compromise of the upstream tag/branch could silently alter the code executed by this workflow.
aws_aws-cdk__.github__workflows__sync-from-upstream.yml,23,EPW,check-secret:,"The check-secret job declares no permissions while the sibling sync-branch job does, so check-secret inherits the repository default token scopes. The job only reads a secret to set an output and requires no write access; effective permissions depend on repository defaults and are not restricted to least privilege."
aws_aws-cdk__.github__workflows__sync-from-upstream.yml,48,UDW,uses: actions/checkout@v6,The external dependency 'actions/checkout@v6' is referenced through the mutable ref 'v6' instead of a full 40-character commit SHA. A change to or compromise of the upstream tag/branch could silently alter the code executed by this workflow.
aws_aws-cdk__.github__workflows__sync-from-upstream.yml,55,UDW,uses: actions/checkout@v6,The external dependency 'actions/checkout@v6' is referenced through the mutable ref 'v6' instead of a full 40-character commit SHA. A change to or compromise of the upstream tag/branch could silently alter the code executed by this workflow.
aws_aws-sdk-java-v2__.github__workflows__issue-regression-labeler.yml,15,UDW,uses: actions/github-script@v8,The external dependency 'actions/github-script@v8' is referenced through the mutable ref 'v8' instead of a full 40-character commit SHA. A change to or compromise of the upstream tag/branch could silently alter the code executed by this workflow.
awslabs_amazon-ecr-credential-helper__.github__workflows__review-dependencies.yml,20,UDW,uses: actions/checkout@v6,The external dependency 'actions/checkout@v6' is referenced through the mutable ref 'v6' instead of a full 40-character commit SHA. A change to or compromise of the upstream tag/branch could silently alter the code executed by this workflow.
awslabs_amazon-ecr-credential-helper__.github__workflows__review-dependencies.yml,21,UDW,uses: actions/dependency-review-action@v4,The external dependency 'actions/dependency-review-action@v4' is referenced through the mutable ref 'v4' instead of a full 40-character commit SHA. A change to or compromise of the upstream tag/branch could silently alter the code executed by this workflow.
awslabs_amazon-eks-ami__.github__workflows__sync-eni-max-pods.yaml,34,UDW,ref: refs/heads/master,
awslabs_amazon-eks-ami__.github__workflows__sync-eni-max-pods.yaml,40,AIW,make generate-limits,
facebook_docusaurus__.github__workflows__build-perf.yml,31,EPW,permissions: / checks: write # for preactjs/compressed-size-action to create and update the checks / contents: read # for actions/checkout to fetch code / issues: write # for preactjs/compressed-size-action to create comments / pull-requests: write # for preactjs/compressed-size-action to write a PR review,
facebook_docusaurus__.github__workflows__build-perf.yml,1,HGW,CI build/test/deploy without security scanning,
facebook_lexical__.github__workflows__call-npm-publish.yml,21,EPW,jobs:,"No permissions: block is declared at the workflow or job level, so the workflow does not explicitly restrict the GITHUB_TOKEN. Effective permissions depend on the repository default token settings, which may grant broad read/write scopes; the workflow itself does not enforce least privilege."
facebook_lexical__.github__workflows__call-npm-publish.yml,21,HGW,jobs:,"This reusable workflow builds and publishes the package to the npm registry. This constitutes substantial CI/CD work, but the workflow integrates no security scanning, dependency/advisory auditing, or comparable control to detect vulnerable or malicious changes."
facebook_lexical__.github__workflows__call-npm-publish.yml,30,AIW,${{ inputs.ref }},
facebook_lexical__.github__workflows__call-npm-publish.yml,41,IW,node ./scripts/npm/release.js --non-interactive $DRY_RUN_ARG $IGNORE_PREVIOUSLY_PUBLISHED_ARG --channel='${{ inputs.channel }}',
facebook_lexical__.github__workflows__call-npm-publish.yml,28,UDW,uses: actions/checkout@v4,The external dependency 'actions/checkout@v4' is referenced through the mutable ref 'v4' instead of a full 40-character commit SHA. A change to or compromise of the upstream tag/branch could silently alter the code executed by this workflow.
facebook_lexical__.github__workflows__call-npm-publish.yml,32,UDW,uses: actions/setup-node@v4,The external dependency 'actions/setup-node@v4' is referenced through the mutable ref 'v4' instead of a full 40-character commit SHA. A change to or compromise of the upstream tag/branch could silently alter the code executed by this workflow.
facebook_lexical__.github__workflows__call-npm-publish.yml,36,UDW,uses: pnpm/action-setup@v4,The external dependency 'pnpm/action-setup@v4' is referenced through the mutable ref 'v4' instead of a full 40-character commit SHA. A change to or compromise of the upstream tag/branch could silently alter the code executed by this workflow.
facebookincubator_cinder__.github__workflows__reusable-san.yml,38,AIW,line 38: wget https://apt.llvm.org/llvm.sh | line 39: chmod +x llvm.sh | line 42/50: sudo ./llvm.sh 17|20,"The workflow downloads the LLVM installer script over the network with wget and then executes it with root privileges (sudo ./llvm.sh) without any checksum, signature, or provenance verification. A compromise of apt.llvm.org or a network MITM could substitute a malicious script that runs as root on the runner."
facebookincubator_cinder__.github__workflows__reusable-san.yml,18,EPW,jobs:,"No permissions: block is declared at the workflow or job level, so the workflow does not explicitly restrict the GITHUB_TOKEN. Effective permissions depend on the repository default token settings, which may grant broad read/write scopes; the workflow itself does not enforce least privilege."
facebookincubator_cinder__.github__workflows__reusable-san.yml,29,UDW,uses: actions/checkout@v6,The external dependency 'actions/checkout@v6' is referenced through the mutable ref 'v6' instead of a full 40-character commit SHA. A change to or compromise of the upstream tag/branch could silently alter the code executed by this workflow.
facebookincubator_cinder__.github__workflows__reusable-san.yml,102,UDW,uses: actions/upload-artifact@v6,The external dependency 'actions/upload-artifact@v6' is referenced through the mutable ref 'v6' instead of a full 40-character commit SHA. A change to or compromise of the upstream tag/branch could silently alter the code executed by this workflow.
facebookincubator_katran__.github__workflows__getdeps_linux.yml,16,HGW,jobs:,"This workflow fetches and builds many native dependencies and then builds and tests katran. This constitutes substantial CI/CD work, but the workflow integrates no security scanning, dependency/advisory auditing, or comparable control to detect vulnerable or malicious changes."
facebookincubator_katran__.github__workflows__getdeps_linux.yml,20,UDW,uses: actions/checkout@v6,The external dependency 'actions/checkout@v6' is referenced through the mutable ref 'v6' instead of a full 40-character commit SHA. A change to or compromise of the upstream tag/branch could silently alter the code executed by this workflow.
facebookincubator_katran__.github__workflows__getdeps_linux.yml,121,UDW,uses: actions/cache/restore@v4,The external dependency 'actions/cache/restore@v4' is referenced through the mutable ref 'v4' instead of a full 40-character commit SHA. A change to or compromise of the upstream tag/branch could silently alter the code executed by this workflow.
facebookincubator_katran__.github__workflows__getdeps_linux.yml,129,UDW,uses: actions/cache/save@v4,The external dependency 'actions/cache/save@v4' is referenced through the mutable ref 'v4' instead of a full 40-character commit SHA. A change to or compromise of the upstream tag/branch could silently alter the code executed by this workflow.
facebookincubator_katran__.github__workflows__getdeps_linux.yml,137,UDW,uses: actions/cache/restore@v4,The external dependency 'actions/cache/restore@v4' is referenced through the mutable ref 'v4' instead of a full 40-character commit SHA. A change to or compromise of the upstream tag/branch could silently alter the code executed by this workflow.
facebookincubator_katran__.github__workflows__getdeps_linux.yml,145,UDW,uses: actions/cache/save@v4,The external dependency 'actions/cache/save@v4' is referenced through the mutable ref 'v4' instead of a full 40-character commit SHA. A change to or compromise of the upstream tag/branch could silently alter the code executed by this workflow.
facebookincubator_katran__.github__workflows__getdeps_linux.yml,153,UDW,uses: actions/cache/restore@v4,The external dependency 'actions/cache/restore@v4' is referenced through the mutable ref 'v4' instead of a full 40-character commit SHA. A change to or compromise of the upstream tag/branch could silently alter the code executed by this workflow.
facebookincubator_katran__.github__workflows__getdeps_linux.yml,161,UDW,uses: actions/cache/save@v4,The external dependency 'actions/cache/save@v4' is referenced through the mutable ref 'v4' instead of a full 40-character commit SHA. A change to or compromise of the upstream tag/branch could silently alter the code executed by this workflow.
facebookincubator_katran__.github__workflows__getdeps_linux.yml,169,UDW,uses: actions/cache/restore@v4,The external dependency 'actions/cache/restore@v4' is referenced through the mutable ref 'v4' instead of a full 40-character commit SHA. A change to or compromise of the upstream tag/branch could silently alter the code executed by this workflow.
facebookincubator_katran__.github__workflows__getdeps_linux.yml,177,UDW,uses: actions/cache/save@v4,The external dependency 'actions/cache/save@v4' is referenced through the mutable ref 'v4' instead of a full 40-character commit SHA. A change to or compromise of the upstream tag/branch could silently alter the code executed by this workflow.
facebookincubator_katran__.github__workflows__getdeps_linux.yml,185,UDW,uses: actions/cache/restore@v4,The external dependency 'actions/cache/restore@v4' is referenced through the mutable ref 'v4' instead of a full 40-character commit SHA. A change to or compromise of the upstream tag/branch could silently alter the code executed by this workflow.
facebookincubator_katran__.github__workflows__getdeps_linux.yml,193,UDW,uses: actions/cache/save@v4,The external dependency 'actions/cache/save@v4' is referenced through the mutable ref 'v4' instead of a full 40-character commit SHA. A change to or compromise of the upstream tag/branch could silently alter the code executed by this workflow.
facebookincubator_katran__.github__workflows__getdeps_linux.yml,201,UDW,uses: actions/cache/restore@v4,The external dependency 'actions/cache/restore@v4' is referenced through the mutable ref 'v4' instead of a full 40-character commit SHA. A change to or compromise of the upstream tag/branch could silently alter the code executed by this workflow.
facebookincubator_katran__.github__workflows__getdeps_linux.yml,209,UDW,uses: actions/cache/save@v4,The external dependency 'actions/cache/save@v4' is referenced through the mutable ref 'v4' instead of a full 40-character commit SHA. A change to or compromise of the upstream tag/branch could silently alter the code executed by this workflow.
facebookincubator_katran__.github__workflows__getdeps_linux.yml,217,UDW,uses: actions/cache/restore@v4,The external dependency 'actions/cache/restore@v4' is referenced through the mutable ref 'v4' instead of a full 40-character commit SHA. A change to or compromise of the upstream tag/branch could silently alter the code executed by this workflow.
facebookincubator_katran__.github__workflows__getdeps_linux.yml,225,UDW,uses: actions/cache/save@v4,The external dependency 'actions/cache/save@v4' is referenced through the mutable ref 'v4' instead of a full 40-character commit SHA. A change to or compromise of the upstream tag/branch could silently alter the code executed by this workflow.
facebookincubator_katran__.github__workflows__getdeps_linux.yml,233,UDW,uses: actions/cache/restore@v4,The external dependency 'actions/cache/restore@v4' is referenced through the mutable ref 'v4' instead of a full 40-character commit SHA. A change to or compromise of the upstream tag/branch could silently alter the code executed by this workflow.
facebookincubator_katran__.github__workflows__getdeps_linux.yml,241,UDW,uses: actions/cache/save@v4,The external dependency 'actions/cache/save@v4' is referenced through the mutable ref 'v4' instead of a full 40-character commit SHA. A change to or compromise of the upstream tag/branch could silently alter the code executed by this workflow.
facebookincubator_katran__.github__workflows__getdeps_linux.yml,249,UDW,uses: actions/cache/restore@v4,The external dependency 'actions/cache/restore@v4' is referenced through the mutable ref 'v4' instead of a full 40-character commit SHA. A change to or compromise of the upstream tag/branch could silently alter the code executed by this workflow.
facebookincubator_katran__.github__workflows__getdeps_linux.yml,257,UDW,uses: actions/cache/save@v4,The external dependency 'actions/cache/save@v4' is referenced through the mutable ref 'v4' instead of a full 40-character commit SHA. A change to or compromise of the upstream tag/branch could silently alter the code executed by this workflow.
facebookincubator_katran__.github__workflows__getdeps_linux.yml,265,UDW,uses: actions/cache/restore@v4,The external dependency 'actions/cache/restore@v4' is referenced through the mutable ref 'v4' instead of a full 40-character commit SHA. A change to or compromise of the upstream tag/branch could silently alter the code executed by this workflow.
facebookincubator_katran__.github__workflows__getdeps_linux.yml,273,UDW,uses: actions/cache/save@v4,The external dependency 'actions/cache/save@v4' is referenced through the mutable ref 'v4' instead of a full 40-character commit SHA. A change to or compromise of the upstream tag/branch could silently alter the code executed by this workflow.
facebookincubator_katran__.github__workflows__getdeps_linux.yml,281,UDW,uses: actions/cache/restore@v4,The external dependency 'actions/cache/restore@v4' is referenced through the mutable ref 'v4' instead of a full 40-character commit SHA. A change to or compromise of the upstream tag/branch could silently alter the code executed by this workflow.
facebookincubator_katran__.github__workflows__getdeps_linux.yml,289,UDW,uses: actions/cache/save@v4,The external dependency 'actions/cache/save@v4' is referenced through the mutable ref 'v4' instead of a full 40-character commit SHA. A change to or compromise of the upstream tag/branch could silently alter the code executed by this workflow.
facebookincubator_katran__.github__workflows__getdeps_linux.yml,297,UDW,uses: actions/cache/restore@v4,The external dependency 'actions/cache/restore@v4' is referenced through the mutable ref 'v4' instead of a full 40-character commit SHA. A change to or compromise of the upstream tag/branch could silently alter the code executed by this workflow.
facebookincubator_katran__.github__workflows__getdeps_linux.yml,305,UDW,uses: actions/cache/save@v4,The external dependency 'actions/cache/save@v4' is referenced through the mutable ref 'v4' instead of a full 40-character commit SHA. A change to or compromise of the upstream tag/branch could silently alter the code executed by this workflow.
facebookincubator_katran__.github__workflows__getdeps_linux.yml,313,UDW,uses: actions/cache/restore@v4,The external dependency 'actions/cache/restore@v4' is referenced through the mutable ref 'v4' instead of a full 40-character commit SHA. A change to or compromise of the upstream tag/branch could silently alter the code executed by this workflow.
facebookincubator_katran__.github__workflows__getdeps_linux.yml,321,UDW,uses: actions/cache/save@v4,The external dependency 'actions/cache/save@v4' is referenced through the mutable ref 'v4' instead of a full 40-character commit SHA. A change to or compromise of the upstream tag/branch could silently alter the code executed by this workflow.
facebookincubator_katran__.github__workflows__getdeps_linux.yml,329,UDW,uses: actions/cache/restore@v4,The external dependency 'actions/cache/restore@v4' is referenced through the mutable ref 'v4' instead of a full 40-character commit SHA. A change to or compromise of the upstream tag/branch could silently alter the code executed by this workflow.
facebookincubator_katran__.github__workflows__getdeps_linux.yml,337,UDW,uses: actions/cache/save@v4,The external dependency 'actions/cache/save@v4' is referenced through the mutable ref 'v4' instead of a full 40-character commit SHA. A change to or compromise of the upstream tag/branch could silently alter the code executed by this workflow.
facebookincubator_katran__.github__workflows__getdeps_linux.yml,345,UDW,uses: actions/cache/restore@v4,The external dependency 'actions/cache/restore@v4' is referenced through the mutable ref 'v4' instead of a full 40-character commit SHA. A change to or compromise of the upstream tag/branch could silently alter the code executed by this workflow.
facebookincubator_katran__.github__workflows__getdeps_linux.yml,353,UDW,uses: actions/cache/save@v4,The external dependency 'actions/cache/save@v4' is referenced through the mutable ref 'v4' instead of a full 40-character commit SHA. A change to or compromise of the upstream tag/branch could silently alter the code executed by this workflow.
facebookincubator_katran__.github__workflows__getdeps_linux.yml,361,UDW,uses: actions/cache/restore@v4,The external dependency 'actions/cache/restore@v4' is referenced through the mutable ref 'v4' instead of a full 40-character commit SHA. A change to or compromise of the upstream tag/branch could silently alter the code executed by this workflow.
facebookincubator_katran__.github__workflows__getdeps_linux.yml,369,UDW,uses: actions/cache/save@v4,The external dependency 'actions/cache/save@v4' is referenced through the mutable ref 'v4' instead of a full 40-character commit SHA. A change to or compromise of the upstream tag/branch could silently alter the code executed by this workflow.
facebookincubator_katran__.github__workflows__getdeps_linux.yml,377,UDW,uses: actions/cache/restore@v4,The external dependency 'actions/cache/restore@v4' is referenced through the mutable ref 'v4' instead of a full 40-character commit SHA. A change to or compromise of the upstream tag/branch could silently alter the code executed by this workflow.
facebookincubator_katran__.github__workflows__getdeps_linux.yml,385,UDW,uses: actions/cache/save@v4,The external dependency 'actions/cache/save@v4' is referenced through the mutable ref 'v4' instead of a full 40-character commit SHA. A change to or compromise of the upstream tag/branch could silently alter the code executed by this workflow.
facebookincubator_katran__.github__workflows__getdeps_linux.yml,393,UDW,uses: actions/cache/restore@v4,The external dependency 'actions/cache/restore@v4' is referenced through the mutable ref 'v4' instead of a full 40-character commit SHA. A change to or compromise of the upstream tag/branch could silently alter the code executed by this workflow.
facebookincubator_katran__.github__workflows__getdeps_linux.yml,401,UDW,uses: actions/cache/save@v4,The external dependency 'actions/cache/save@v4' is referenced through the mutable ref 'v4' instead of a full 40-character commit SHA. A change to or compromise of the upstream tag/branch could silently alter the code executed by this workflow.
facebookincubator_katran__.github__workflows__getdeps_linux.yml,409,UDW,uses: actions/cache/restore@v4,The external dependency 'actions/cache/restore@v4' is referenced through the mutable ref 'v4' instead of a full 40-character commit SHA. A change to or compromise of the upstream tag/branch could silently alter the code executed by this workflow.
facebookincubator_katran__.github__workflows__getdeps_linux.yml,417,UDW,uses: actions/cache/save@v4,The external dependency 'actions/cache/save@v4' is referenced through the mutable ref 'v4' instead of a full 40-character commit SHA. A change to or compromise of the upstream tag/branch could silently alter the code executed by this workflow.
facebookincubator_katran__.github__workflows__getdeps_linux.yml,425,UDW,uses: actions/cache/restore@v4,The external dependency 'actions/cache/restore@v4' is referenced through the mutable ref 'v4' instead of a full 40-character commit SHA. A change to or compromise of the upstream tag/branch could silently alter the code executed by this workflow.
facebookincubator_katran__.github__workflows__getdeps_linux.yml,433,UDW,uses: actions/cache/save@v4,The external dependency 'actions/cache/save@v4' is referenced through the mutable ref 'v4' instead of a full 40-character commit SHA. A change to or compromise of the upstream tag/branch could silently alter the code executed by this workflow.
facebookincubator_katran__.github__workflows__getdeps_linux.yml,441,UDW,uses: actions/cache/restore@v4,The external dependency 'actions/cache/restore@v4' is referenced through the mutable ref 'v4' instead of a full 40-character commit SHA. A change to or compromise of the upstream tag/branch could silently alter the code executed by this workflow.
facebookincubator_katran__.github__workflows__getdeps_linux.yml,449,UDW,uses: actions/cache/save@v4,The external dependency 'actions/cache/save@v4' is referenced through the mutable ref 'v4' instead of a full 40-character commit SHA. A change to or compromise of the upstream tag/branch could silently alter the code executed by this workflow.
facebookincubator_katran__.github__workflows__getdeps_linux.yml,457,UDW,uses: actions/cache/restore@v4,The external dependency 'actions/cache/restore@v4' is referenced through the mutable ref 'v4' instead of a full 40-character commit SHA. A change to or compromise of the upstream tag/branch could silently alter the code executed by this workflow.
facebookincubator_katran__.github__workflows__getdeps_linux.yml,465,UDW,uses: actions/cache/save@v4,The external dependency 'actions/cache/save@v4' is referenced through the mutable ref 'v4' instead of a full 40-character commit SHA. A change to or compromise of the upstream tag/branch could silently alter the code executed by this workflow.
facebookincubator_katran__.github__workflows__getdeps_linux.yml,473,UDW,uses: actions/cache/restore@v4,The external dependency 'actions/cache/restore@v4' is referenced through the mutable ref 'v4' instead of a full 40-character commit SHA. A change to or compromise of the upstream tag/branch could silently alter the code executed by this workflow.
facebookincubator_katran__.github__workflows__getdeps_linux.yml,481,UDW,uses: actions/cache/save@v4,The external dependency 'actions/cache/save@v4' is referenced through the mutable ref 'v4' instead of a full 40-character commit SHA. A change to or compromise of the upstream tag/branch could silently alter the code executed by this workflow.
facebookincubator_katran__.github__workflows__getdeps_linux.yml,489,UDW,uses: actions/cache/restore@v4,The external dependency 'actions/cache/restore@v4' is referenced through the mutable ref 'v4' instead of a full 40-character commit SHA. A change to or compromise of the upstream tag/branch could silently alter the code executed by this workflow.
facebookincubator_katran__.github__workflows__getdeps_linux.yml,497,UDW,uses: actions/cache/save@v4,The external dependency 'actions/cache/save@v4' is referenced through the mutable ref 'v4' instead of a full 40-character commit SHA. A change to or compromise of the upstream tag/branch could silently alter the code executed by this workflow.
facebookincubator_katran__.github__workflows__getdeps_linux.yml,505,UDW,uses: actions/cache/restore@v4,The external dependency 'actions/cache/restore@v4' is referenced through the mutable ref 'v4' instead of a full 40-character commit SHA. A change to or compromise of the upstream tag/branch could silently alter the code executed by this workflow.
facebookincubator_katran__.github__workflows__getdeps_linux.yml,513,UDW,uses: actions/cache/save@v4,The external dependency 'actions/cache/save@v4' is referenced through the mutable ref 'v4' instead of a full 40-character commit SHA. A change to or compromise of the upstream tag/branch could silently alter the code executed by this workflow.
facebookincubator_katran__.github__workflows__getdeps_linux.yml,521,UDW,uses: actions/cache/restore@v4,The external dependency 'actions/cache/restore@v4' is referenced through the mutable ref 'v4' instead of a full 40-character commit SHA. A change to or compromise of the upstream tag/branch could silently alter the code executed by this workflow.
facebookincubator_katran__.github__workflows__getdeps_linux.yml,529,UDW,uses: actions/cache/save@v4,The external dependency 'actions/cache/save@v4' is referenced through the mutable ref 'v4' instead of a full 40-character commit SHA. A change to or compromise of the upstream tag/branch could silently alter the code executed by this workflow.
facebookincubator_katran__.github__workflows__getdeps_linux.yml,537,UDW,uses: actions/cache/restore@v4,The external dependency 'actions/cache/restore@v4' is referenced through the mutable ref 'v4' instead of a full 40-character commit SHA. A change to or compromise of the upstream tag/branch could silently alter the code executed by this workflow.
facebookincubator_katran__.github__workflows__getdeps_linux.yml,545,UDW,uses: actions/cache/save@v4,The external dependency 'actions/cache/save@v4' is referenced through the mutable ref 'v4' instead of a full 40-character commit SHA. A change to or compromise of the upstream tag/branch could silently alter the code executed by this workflow.
facebookincubator_katran__.github__workflows__getdeps_linux.yml,553,UDW,uses: actions/cache/restore@v4,The external dependency 'actions/cache/restore@v4' is referenced through the mutable ref 'v4' instead of a full 40-character commit SHA. A change to or compromise of the upstream tag/branch could silently alter the code executed by this workflow.
facebookincubator_katran__.github__workflows__getdeps_linux.yml,561,UDW,uses: actions/cache/save@v4,The external dependency 'actions/cache/save@v4' is referenced through the mutable ref 'v4' instead of a full 40-character commit SHA. A change to or compromise of the upstream tag/branch could silently alter the code executed by this workflow.
facebookincubator_katran__.github__workflows__getdeps_linux.yml,569,UDW,uses: actions/cache/restore@v4,The external dependency 'actions/cache/restore@v4' is referenced through the mutable ref 'v4' instead of a full 40-character commit SHA. A change to or compromise of the upstream tag/branch could silently alter the code executed by this workflow.
facebookincubator_katran__.github__workflows__getdeps_linux.yml,577,UDW,uses: actions/cache/save@v4,The external dependency 'actions/cache/save@v4' is referenced through the mutable ref 'v4' instead of a full 40-character commit SHA. A change to or compromise of the upstream tag/branch could silently alter the code executed by this workflow.
facebookincubator_katran__.github__workflows__getdeps_linux.yml,585,UDW,uses: actions/cache/restore@v4,The external dependency 'actions/cache/restore@v4' is referenced through the mutable ref 'v4' instead of a full 40-character commit SHA. A change to or compromise of the upstream tag/branch could silently alter the code executed by this workflow.
facebookincubator_katran__.github__workflows__getdeps_linux.yml,593,UDW,uses: actions/cache/save@v4,The external dependency 'actions/cache/save@v4' is referenced through the mutable ref 'v4' instead of a full 40-character commit SHA. A change to or compromise of the upstream tag/branch could silently alter the code executed by this workflow.
facebookincubator_katran__.github__workflows__getdeps_linux.yml,602,UDW,uses: actions/upload-artifact@v6,The external dependency 'actions/upload-artifact@v6' is referenced through the mutable ref 'v6' instead of a full 40-character commit SHA. A change to or compromise of the upstream tag/branch could silently alter the code executed by this workflow.
facebookresearch_faiss__.github__workflows__build-release.yml,9,EPW,jobs:,"No permissions: block is declared at the workflow or job level, so the workflow does not explicitly restrict the GITHUB_TOKEN. Effective permissions depend on the repository default token settings, which may grant broad read/write scopes; the workflow itself does not enforce least privilege."
facebookresearch_faiss__.github__workflows__build-release.yml,9,HGW,jobs:,"This reusable workflow builds and packages faiss conda packages across several OS/GPU targets. This constitutes substantial CI/CD work, but the workflow integrates no security scanning, dependency/advisory auditing, or comparable control to detect vulnerable or malicious changes."
facebookresearch_faiss__.github__workflows__build-release.yml,15,UDW,uses: actions/checkout@v4,The external dependency 'actions/checkout@v4' is referenced through the mutable ref 'v4' instead of a full 40-character commit SHA. A change to or compromise of the upstream tag/branch could silently alter the code executed by this workflow.
facebookresearch_faiss__.github__workflows__build-release.yml,32,UDW,uses: actions/checkout@v4,The external dependency 'actions/checkout@v4' is referenced through the mutable ref 'v4' instead of a full 40-character commit SHA. A change to or compromise of the upstream tag/branch could silently alter the code executed by this workflow.
facebookresearch_faiss__.github__workflows__build-release.yml,50,UDW,uses: actions/checkout@v4,The external dependency 'actions/checkout@v4' is referenced through the mutable ref 'v4' instead of a full 40-character commit SHA. A change to or compromise of the upstream tag/branch could silently alter the code executed by this workflow.
facebookresearch_faiss__.github__workflows__build-release.yml,67,UDW,uses: actions/checkout@v4,The external dependency 'actions/checkout@v4' is referenced through the mutable ref 'v4' instead of a full 40-character commit SHA. A change to or compromise of the upstream tag/branch could silently alter the code executed by this workflow.
facebookresearch_faiss__.github__workflows__build-release.yml,82,UDW,uses: actions/checkout@v4,The external dependency 'actions/checkout@v4' is referenced through the mutable ref 'v4' instead of a full 40-character commit SHA. A change to or compromise of the upstream tag/branch could silently alter the code executed by this workflow.
facebookresearch_faiss__.github__workflows__build-release.yml,97,UDW,uses: actions/checkout@v4,The external dependency 'actions/checkout@v4' is referenced through the mutable ref 'v4' instead of a full 40-character commit SHA. A change to or compromise of the upstream tag/branch could silently alter the code executed by this workflow.
facebookresearch_faiss__.github__workflows__update-doxygen.yml,8,EPW,jobs:,"No permissions: block is declared at the workflow or job level, so the workflow does not explicitly restrict the GITHUB_TOKEN. Effective permissions depend on the repository default token settings, which may grant broad read/write scopes; the workflow itself does not enforce least privilege."
facebookresearch_faiss__.github__workflows__update-doxygen.yml,12,GRCW,uses: actions/checkout@v2,
facebookresearch_faiss__.github__workflows__update-doxygen.yml,14,GRCW,uses: actions/setup-python@v2,
facebookresearch_faiss__.github__workflows__update-doxygen.yml,12,UDW,uses: actions/checkout@v2,The external dependency 'actions/checkout@v2' is referenced through the mutable ref 'v2' instead of a full 40-character commit SHA. A change to or compromise of the upstream tag/branch could silently alter the code executed by this workflow.
facebookresearch_faiss__.github__workflows__update-doxygen.yml,14,UDW,uses: actions/setup-python@v2,The external dependency 'actions/setup-python@v2' is referenced through the mutable ref 'v2' instead of a full 40-character commit SHA. A change to or compromise of the upstream tag/branch could silently alter the code executed by this workflow.
facebookresearch_faiss__.github__workflows__update-doxygen.yml,21,UDW,pip install breathe,
facebookresearch_fvcore__.github__workflows__workflow.yml,6,EPW,jobs:,"No permissions: block is declared at the workflow or job level, so the workflow does not explicitly restrict the GITHUB_TOKEN. Effective permissions depend on the repository default token settings, which may grant broad read/write scopes; the workflow itself does not enforce least privilege."
facebookresearch_fvcore__.github__workflows__workflow.yml,14,GRCW,uses: actions/checkout@v2,
facebookresearch_fvcore__.github__workflows__workflow.yml,16,GRCW,uses: actions/setup-python@v2,
facebookresearch_fvcore__.github__workflows__workflow.yml,1,HGW,CI build/test/deploy without security scanning,
facebookresearch_fvcore__.github__workflows__workflow.yml,14,UDW,uses: actions/checkout@v2,The external dependency 'actions/checkout@v2' is referenced through the mutable ref 'v2' instead of a full 40-character commit SHA. A change to or compromise of the upstream tag/branch could silently alter the code executed by this workflow.
facebookresearch_fvcore__.github__workflows__workflow.yml,16,UDW,uses: actions/setup-python@v2,The external dependency 'actions/setup-python@v2' is referenced through the mutable ref 'v2' instead of a full 40-character commit SHA. A change to or compromise of the upstream tag/branch could silently alter the code executed by this workflow.
facebookresearch_fvcore__.github__workflows__workflow.yml,22,UDW,pip install flake8==3.8.1 flake8-bugbear flake8-comprehensions isort==4.3.21,
facebookresearch_hydra__.github__workflows__publish.yml,17,EPW,build-artifacts:,"The build-artifacts job declares no permissions while the sibling pypi-publish job restricts itself to id-token: write. build-artifacts only builds and uploads a dist artifact yet inherits the repository default token scopes, which may include write access; it does not enforce least privilege."
facebookresearch_hydra__.github__workflows__publish.yml,16,HGW,jobs:,"This workflow builds Python distribution artifacts and publishes the release to PyPI. This constitutes substantial CI/CD work, but the workflow integrates no security scanning, dependency/advisory auditing, or comparable control to detect vulnerable or malicious changes."
facebookresearch_hydra__.github__workflows__publish.yml,22,UDW,uses: actions/checkout@v5,The external dependency 'actions/checkout@v5' is referenced through the mutable ref 'v5' instead of a full 40-character commit SHA. A change to or compromise of the upstream tag/branch could silently alter the code executed by this workflow.
facebookresearch_hydra__.github__workflows__publish.yml,25,UDW,uses: actions/setup-python@v6,The external dependency 'actions/setup-python@v6' is referenced through the mutable ref 'v6' instead of a full 40-character commit SHA. A change to or compromise of the upstream tag/branch could silently alter the code executed by this workflow.
facebookresearch_hydra__.github__workflows__publish.yml,30,UDW,uses: actions/setup-java@v5,The external dependency 'actions/setup-java@v5' is referenced through the mutable ref 'v5' instead of a full 40-character commit SHA. A change to or compromise of the upstream tag/branch could silently alter the code executed by this workflow.
facebookresearch_hydra__.github__workflows__publish.yml,38,UDW,pip install build,
facebookresearch_hydra__.github__workflows__publish.yml,46,UDW,python -m pip install twine,
facebookresearch_hydra__.github__workflows__publish.yml,50,UDW,uses: actions/upload-artifact@v4,The external dependency 'actions/upload-artifact@v4' is referenced through the mutable ref 'v4' instead of a full 40-character commit SHA. A change to or compromise of the upstream tag/branch could silently alter the code executed by this workflow.
facebookresearch_hydra__.github__workflows__publish.yml,65,UDW,uses: actions/download-artifact@v5,The external dependency 'actions/download-artifact@v5' is referenced through the mutable ref 'v5' instead of a full 40-character commit SHA. A change to or compromise of the upstream tag/branch could silently alter the code executed by this workflow.
facebookresearch_hydra__.github__workflows__publish.yml,71,UDW,uses: pypa/gh-action-pypi-publish@release/v1,The external dependency 'pypa/gh-action-pypi-publish@release/v1' is referenced through the mutable ref 'release/v1' instead of a full 40-character commit SHA. A change to or compromise of the upstream tag/branch could silently alter the code executed by this workflow.
facebookresearch_nevergrad__.github__workflows__every_commit.yml,80,EPW,static:,"The static job (mypy/pylint/black) declares no permissions while the install job sets contents: write. static only reads code but inherits the repository default token scopes, which may include write; effective permissions depend on repository defaults and are not minimized."
facebookresearch_nevergrad__.github__workflows__every_commit.yml,104,EPW,pytests:,"The pytests job declares no permissions while the install job sets contents: write. Running the test suite requires no write access, but the job inherits the repository default token scopes, which may include write; least privilege is not enforced."
facebookresearch_nevergrad__.github__workflows__every_commit.yml,7,HGW,jobs:,"This workflow installs dependencies, builds sdist/wheel packages, runs the pytest suite, and deploys docs. This constitutes substantial CI/CD work, but the workflow integrates no security scanning, dependency/advisory auditing, or comparable control to detect vulnerable or malicious changes."
facebookresearch_nevergrad__.github__workflows__every_commit.yml,13,UDW,uses: actions/setup-python@v5,The external dependency 'actions/setup-python@v5' is referenced through the mutable ref 'v5' instead of a full 40-character commit SHA. A change to or compromise of the upstream tag/branch could silently alter the code executed by this workflow.
facebookresearch_nevergrad__.github__workflows__every_commit.yml,16,UDW,uses: actions/checkout@v4.1.0,The external dependency 'actions/checkout@v4.1.0' is referenced through the mutable ref 'v4.1.0' instead of a full 40-character commit SHA. A change to or compromise of the upstream tag/branch could silently alter the code executed by this workflow.
facebookresearch_nevergrad__.github__workflows__every_commit.yml,18,UDW,uses: actions/cache@v4,The external dependency 'actions/cache@v4' is referenced through the mutable ref 'v4' instead of a full 40-character commit SHA. A change to or compromise of the upstream tag/branch could silently alter the code executed by this workflow.
facebookresearch_nevergrad__.github__workflows__every_commit.yml,39,UDW,uses: actions/cache@v4,The external dependency 'actions/cache@v4' is referenced through the mutable ref 'v4' instead of a full 40-character commit SHA. A change to or compromise of the upstream tag/branch could silently alter the code executed by this workflow.
facebookresearch_nevergrad__.github__workflows__every_commit.yml,50,UDW,pip install wheel,
facebookresearch_nevergrad__.github__workflows__every_commit.yml,75,UDW,uses: peaceiris/actions-gh-pages@v3,The external dependency 'peaceiris/actions-gh-pages@v3' is referenced through the mutable ref 'v3' instead of a full 40-character commit SHA. A change to or compromise of the upstream tag/branch could silently alter the code executed by this workflow.
facebookresearch_nevergrad__.github__workflows__every_commit.yml,75,GRCW,uses: peaceiris/actions-gh-pages@v3,
facebookresearch_nevergrad__.github__workflows__every_commit.yml,83,UDW,uses: actions/setup-python@v5,The external dependency 'actions/setup-python@v5' is referenced through the mutable ref 'v5' instead of a full 40-character commit SHA. A change to or compromise of the upstream tag/branch could silently alter the code executed by this workflow.
facebookresearch_nevergrad__.github__workflows__every_commit.yml,86,UDW,uses: actions/checkout@v4.1.0,The external dependency 'actions/checkout@v4.1.0' is referenced through the mutable ref 'v4.1.0' instead of a full 40-character commit SHA. A change to or compromise of the upstream tag/branch could silently alter the code executed by this workflow.
facebookresearch_nevergrad__.github__workflows__every_commit.yml,101,UDW,pip install black,
facebookresearch_nevergrad__.github__workflows__every_commit.yml,107,UDW,uses: actions/setup-python@v5,The external dependency 'actions/setup-python@v5' is referenced through the mutable ref 'v5' instead of a full 40-character commit SHA. A change to or compromise of the upstream tag/branch could silently alter the code executed by this workflow.
facebookresearch_nevergrad__.github__workflows__every_commit.yml,110,UDW,uses: actions/checkout@v4.1.0,The external dependency 'actions/checkout@v4.1.0' is referenced through the mutable ref 'v4.1.0' instead of a full 40-character commit SHA. A change to or compromise of the upstream tag/branch could silently alter the code executed by this workflow.
facebookresearch_nevergrad__.github__workflows__every_commit.yml,115,UDW,pip install pytest,
google_adk-python__.github__workflows__analyze-releases-for-adk-docs-updates.yml,13,EPW,permissions: / contents: read / issues: write / steps: / - name: Checkout repository,
google_adk-python__.github__workflows__analyze-releases-for-adk-docs-updates.yml,19,UDW,uses: actions/checkout@v6,The external dependency 'actions/checkout@v6' is referenced through the mutable ref 'v6' instead of a full 40-character commit SHA. A change to or compromise of the upstream tag/branch could silently alter the code executed by this workflow.
google_adk-python__.github__workflows__analyze-releases-for-adk-docs-updates.yml,22,UDW,uses: actions/setup-python@v6,The external dependency 'actions/setup-python@v6' is referenced through the mutable ref 'v6' instead of a full 40-character commit SHA. A change to or compromise of the upstream tag/branch could silently alter the code executed by this workflow.
google_adk-python__.github__workflows__analyze-releases-for-adk-docs-updates.yml,27,UDW,uses: webfactory/ssh-agent@v0.9.1,The external dependency 'webfactory/ssh-agent@v0.9.1' is referenced through the mutable ref 'v0.9.1' instead of a full 40-character commit SHA. A change to or compromise of the upstream tag/branch could silently alter the code executed by this workflow.
google_adk-python__.github__workflows__analyze-releases-for-adk-docs-updates.yml,34,UDW,pip install requests google-adk,
google_flax__.github__workflows__flax_test.yml,19,EPW,jobs:,"No permissions: block is declared at the workflow or job level, so the workflow does not explicitly restrict the GITHUB_TOKEN. Effective permissions depend on the repository default token settings, which may grant broad read/write scopes; the workflow itself does not enforce least privilege."
google_flax__.github__workflows__flax_test.yml,1,HGW,CI build/test/deploy without security scanning,
google_flax__.github__workflows__flax_test.yml,29,UDW,- run: python -m pip install pre-commit,
google_flax__.github__workflows__flax_test.yml,80,UDW,uv pip install -U --pre jax jaxlib -i https://us-python.pkg.dev/ml-oss-artifacts-published/jax/simple/ --reinstall,
google_flax__.github__workflows__flax_test.yml,119,UDW,uv pip install -U jax jaxlib,
google_flax__.github__workflows__flax_test.yml,124,UDW,uv pip install -U tensorflow-datasets,
google_flax__.github__workflows__flax_test.yml,127,UDW,uv pip install -U --pre jax jaxlib -i https://us-python.pkg.dev/ml-oss-artifacts-published/jax/simple/ --reinstall,
google_flax__.github__workflows__flax_test.yml,189,UDW,uv pip install -U --pre jax jaxlib -i https://us-python.pkg.dev/ml-oss-artifacts-published/jax/simple/,
google_gnostic__.github__workflows__go.yml,26,AIW,line 26: sudo curl -L https://github.com/.../protoc-3.15.0-linux-x86_64.zip > /tmp/protoc.zip | line 27: sudo unzip ... -d /usr/local,"The workflow downloads the protoc release archive with curl and unpacks it into /usr/local without verifying a checksum or signature. A compromised or MITM'd download would place attacker-controlled binaries onto the build PATH, which are then used during the build."
google_gnostic__.github__workflows__go.yml,9,EPW,jobs:,"No permissions: block is declared at the workflow or job level, so the workflow does not explicitly restrict the GITHUB_TOKEN. Effective permissions depend on the repository default token settings, which may grant broad read/write scopes; the workflow itself does not enforce least privilege."
google_gnostic__.github__workflows__go.yml,22,GRCW,uses: actions/checkout@v2,
google_gnostic__.github__workflows__go.yml,9,HGW,jobs:,"This workflow builds the Go project (make all) and runs its test suite (make test). This constitutes substantial CI/CD work, but the workflow integrates no security scanning, dependency/advisory auditing, or comparable control to detect vulnerable or malicious changes."
google_gnostic__.github__workflows__go.yml,17,UDW,uses: actions/setup-go@v2,The external dependency 'actions/setup-go@v2' is referenced through the mutable ref 'v2' instead of a full 40-character commit SHA. A change to or compromise of the upstream tag/branch could silently alter the code executed by this workflow.
google_gnostic__.github__workflows__go.yml,22,UDW,uses: actions/checkout@v2,The external dependency 'actions/checkout@v2' is referenced through the mutable ref 'v2' instead of a full 40-character commit SHA. A change to or compromise of the upstream tag/branch could silently alter the code executed by this workflow.
google_or-tools__.github__workflows__amd64_macos_bazel.yml,19,EPW,jobs:,"No permissions: block is declared at the workflow or job level, so the workflow does not explicitly restrict the GITHUB_TOKEN. Effective permissions depend on the repository default token settings, which may grant broad read/write scopes; the workflow itself does not enforce least privilege."
google_or-tools__.github__workflows__amd64_macos_bazel.yml,19,HGW,jobs:,"This workflow builds and tests the OR-Tools project with Bazel. This constitutes substantial CI/CD work, but the workflow integrates no security scanning, dependency/advisory auditing, or comparable control to detect vulnerable or malicious changes."
google_or-tools__.github__workflows__amd64_macos_bazel.yml,35,UDW,uses: actions/checkout@v6,The external dependency 'actions/checkout@v6' is referenced through the mutable ref 'v6' instead of a full 40-character commit SHA. A change to or compromise of the upstream tag/branch could silently alter the code executed by this workflow.
google_or-tools__.github__workflows__amd64_macos_bazel.yml,37,UDW,uses: actions/setup-java@v5,The external dependency 'actions/setup-java@v5' is referenced through the mutable ref 'v5' instead of a full 40-character commit SHA. A change to or compromise of the upstream tag/branch could silently alter the code executed by this workflow.
google_or-tools__.github__workflows__amd64_macos_bazel.yml,44,UDW,uses: actions/setup-python@v6,The external dependency 'actions/setup-python@v6' is referenced through the mutable ref 'v6' instead of a full 40-character commit SHA. A change to or compromise of the upstream tag/branch could silently alter the code executed by this workflow.
google_or-tools__.github__workflows__amd64_macos_bazel.yml,60,UDW,uses: actions/cache/restore@v5,The external dependency 'actions/cache/restore@v5' is referenced through the mutable ref 'v5' instead of a full 40-character commit SHA. A change to or compromise of the upstream tag/branch could silently alter the code executed by this workflow.
google_or-tools__.github__workflows__amd64_macos_bazel.yml,70,UDW,uses: actions/cache/save@v5,The external dependency 'actions/cache/save@v5' is referenced through the mutable ref 'v5' instead of a full 40-character commit SHA. A change to or compromise of the upstream tag/branch could silently alter the code executed by this workflow.
google_or-tools__.github__workflows__amd64_macos_bazel.yml,81,UDW,uses: actions/checkout@v6,The external dependency 'actions/checkout@v6' is referenced through the mutable ref 'v6' instead of a full 40-character commit SHA. A change to or compromise of the upstream tag/branch could silently alter the code executed by this workflow.
microsoft_DirectXTK__.github__workflows__bvt.yml,37,HGW,jobs:,"This workflow configures, builds, and runs BVT tests for DirectXTK across a build-type matrix. This constitutes substantial CI/CD work, but the workflow integrates no security scanning, dependency/advisory auditing, or comparable control to detect vulnerable or malicious changes."
microsoft_DirectXTK__.github__workflows__bvt.yml,61,UDW,run: choco install ninja,
microsoft_FluidFramework__.github__workflows__duplicate-code-detector.lock.yml,1002,EPW,permissions: / contents: read / issues: write / timeout-minutes: 15 / env:,
microsoft_agent-lightning__.github__workflows__badge-examples.yml,28,UDW,uses: actions/checkout@v6,The external dependency 'actions/checkout@v6' is referenced through the mutable ref 'v6' instead of a full 40-character commit SHA. A change to or compromise of the upstream tag/branch could silently alter the code executed by this workflow.
microsoft_agent-lightning__.github__workflows__badge-examples.yml,29,UDW,uses: actions/github-script@v8,The external dependency 'actions/github-script@v8' is referenced through the mutable ref 'v8' instead of a full 40-character commit SHA. A change to or compromise of the upstream tag/branch could silently alter the code executed by this workflow.
microsoft_agent-lightning__.github__workflows__examples-unsloth.yml,24,HGW,jobs:,"This workflow builds the environment and runs the Unsloth SFT example/integration jobs on a self-hosted GPU runner. This constitutes substantial CI/CD work, but the workflow integrates no security scanning, dependency/advisory auditing, or comparable control to detect vulnerable or malicious changes."
microsoft_agent-lightning__.github__workflows__examples-unsloth.yml,49,PTW,"line 11: repository_dispatch: types: [ci-unsloth, ci-all] | line 31: runs-on: [self-hosted, 1ES.Pool=agl-runner-gpu] | line 49: ref: ${{ ... github.event.client_payload.pr_ref ... }}","The repository_dispatch trigger runs in the trusted repository context and checks out an attacker-influenceable ref (client_payload.pr_ref, typically a pull-request head from a fork). The checked-out code is then executed (python sft_rollout_runners.py / sft_algorithm.py) on a persistent self-hosted GPU runner with organization secrets available, allowing untrusted code to run with secret access and to potentially persist on internal infrastructure."
microsoft_agent-lightning__.github__workflows__examples-unsloth.yml,113,SEW,line 49: ref: ${{ ... client_payload.pr_ref ... }} | line 113: WANDB_API_KEY: ${{ secrets.MSR_WANDB_API_KEY }},The MSR_WANDB_API_KEY (and WANDB base URL) secrets are placed in the environment of a step that executes code checked out from an attacker-influenceable ref (client_payload.pr_ref) on a self-hosted runner. Untrusted pull-request code therefore runs with these credentials in its environment and can exfiltrate them.
microsoft_agent-lightning__.github__workflows__examples-unsloth.yml,129,SEW,line 49: ref: ${{ ... client_payload.pr_ref ... }} | line 129: WANDB_API_KEY: ${{ secrets.MSR_WANDB_API_KEY }},"The all-in-one example step likewise exposes MSR_WANDB_API_KEY to code executed from the attacker-influenceable checked-out ref on the self-hosted runner, allowing untrusted pull-request code to read and exfiltrate the credential."
microsoft_agent-lightning__.github__workflows__examples-unsloth.yml,47,UDW,uses: actions/checkout@v6,The external dependency 'actions/checkout@v6' is referenced through the mutable ref 'v6' instead of a full 40-character commit SHA. A change to or compromise of the upstream tag/branch could silently alter the code executed by this workflow.
microsoft_agent-lightning__.github__workflows__examples-unsloth.yml,50,UDW,uses: astral-sh/setup-uv@v7,The external dependency 'astral-sh/setup-uv@v7' is referenced through the mutable ref 'v7' instead of a full 40-character commit SHA. A change to or compromise of the upstream tag/branch could silently alter the code executed by this workflow.
microsoft_agent-lightning__.github__workflows__examples-unsloth.yml,68,UDW,uses: actions/upload-artifact@v6,The external dependency 'actions/upload-artifact@v6' is referenced through the mutable ref 'v6' instead of a full 40-character commit SHA. A change to or compromise of the upstream tag/branch could silently alter the code executed by this workflow.
microsoft_autogen__.github__workflows__checks.yml,13,EPW,jobs:,"No permissions: block is declared at the workflow or job level, so the workflow does not explicitly restrict the GITHUB_TOKEN. Effective permissions depend on the repository default token settings, which may grant broad read/write scopes; the workflow itself does not enforce least privilege."
microsoft_autogen__.github__workflows__checks.yml,13,HGW,jobs:,"This workflow performs the primary Python CI: dependency sync, lint, type checks (mypy/pyright), and the test suite. This constitutes substantial CI/CD work, but the workflow integrates no security scanning, dependency/advisory auditing, or comparable control to detect vulnerable or malicious changes."
microsoft_autogen__.github__workflows__checks.yml,251,KVCW,uses: actions/download-artifact@v4,
microsoft_autogen__.github__workflows__checks.yml,255,KVCW,uses: codecov/codecov-action@v5,
microsoft_autogen__.github__workflows__checks.yml,17,UDW,uses: actions/checkout@v4,The external dependency 'actions/checkout@v4' is referenced through the mutable ref 'v4' instead of a full 40-character commit SHA. A change to or compromise of the upstream tag/branch could silently alter the code executed by this workflow.
microsoft_autogen__.github__workflows__checks.yml,18,UDW,uses: astral-sh/setup-uv@v5,The external dependency 'astral-sh/setup-uv@v5' is referenced through the mutable ref 'v5' instead of a full 40-character commit SHA. A change to or compromise of the upstream tag/branch could silently alter the code executed by this workflow.
microsoft_autogen__.github__workflows__checks.yml,21,UDW,uses: actions/setup-python@v5,The external dependency 'actions/setup-python@v5' is referenced through the mutable ref 'v5' instead of a full 40-character commit SHA. A change to or compromise of the upstream tag/branch could silently alter the code executed by this workflow.
microsoft_autogen__.github__workflows__checks.yml,35,UDW,uses: actions/checkout@v4,The external dependency 'actions/checkout@v4' is referenced through the mutable ref 'v4' instead of a full 40-character commit SHA. A change to or compromise of the upstream tag/branch could silently alter the code executed by this workflow.
microsoft_autogen__.github__workflows__checks.yml,36,UDW,uses: astral-sh/setup-uv@v5,The external dependency 'astral-sh/setup-uv@v5' is referenced through the mutable ref 'v5' instead of a full 40-character commit SHA. A change to or compromise of the upstream tag/branch could silently alter the code executed by this workflow.
microsoft_autogen__.github__workflows__checks.yml,39,UDW,uses: actions/setup-python@v5,The external dependency 'actions/setup-python@v5' is referenced through the mutable ref 'v5' instead of a full 40-character commit SHA. A change to or compromise of the upstream tag/branch could silently alter the code executed by this workflow.
microsoft_autogen__.github__workflows__checks.yml,63,UDW,uses: actions/checkout@v4,The external dependency 'actions/checkout@v4' is referenced through the mutable ref 'v4' instead of a full 40-character commit SHA. A change to or compromise of the upstream tag/branch could silently alter the code executed by this workflow.
microsoft_autogen__.github__workflows__checks.yml,64,UDW,uses: astral-sh/setup-uv@v5,The external dependency 'astral-sh/setup-uv@v5' is referenced through the mutable ref 'v5' instead of a full 40-character commit SHA. A change to or compromise of the upstream tag/branch could silently alter the code executed by this workflow.
microsoft_autogen__.github__workflows__checks.yml,67,UDW,uses: actions/setup-python@v5,The external dependency 'actions/setup-python@v5' is referenced through the mutable ref 'v5' instead of a full 40-character commit SHA. A change to or compromise of the upstream tag/branch could silently alter the code executed by this workflow.
microsoft_autogen__.github__workflows__checks.yml,81,UDW,uses: actions/checkout@v4,The external dependency 'actions/checkout@v4' is referenced through the mutable ref 'v4' instead of a full 40-character commit SHA. A change to or compromise of the upstream tag/branch could silently alter the code executed by this workflow.
microsoft_autogen__.github__workflows__checks.yml,82,UDW,uses: astral-sh/setup-uv@v5,The external dependency 'astral-sh/setup-uv@v5' is referenced through the mutable ref 'v5' instead of a full 40-character commit SHA. A change to or compromise of the upstream tag/branch could silently alter the code executed by this workflow.
microsoft_autogen__.github__workflows__checks.yml,85,UDW,uses: actions/setup-python@v5,The external dependency 'actions/setup-python@v5' is referenced through the mutable ref 'v5' instead of a full 40-character commit SHA. A change to or compromise of the upstream tag/branch could silently alter the code executed by this workflow.
microsoft_autogen__.github__workflows__checks.yml,109,UDW,uses: actions/checkout@v4,The external dependency 'actions/checkout@v4' is referenced through the mutable ref 'v4' instead of a full 40-character commit SHA. A change to or compromise of the upstream tag/branch could silently alter the code executed by this workflow.
microsoft_autogen__.github__workflows__checks.yml,110,UDW,uses: astral-sh/setup-uv@v5,The external dependency 'astral-sh/setup-uv@v5' is referenced through the mutable ref 'v5' instead of a full 40-character commit SHA. A change to or compromise of the upstream tag/branch could silently alter the code executed by this workflow.
microsoft_autogen__.github__workflows__checks.yml,113,UDW,uses: actions/setup-python@v5,The external dependency 'actions/setup-python@v5' is referenced through the mutable ref 'v5' instead of a full 40-character commit SHA. A change to or compromise of the upstream tag/branch could silently alter the code executed by this workflow.
microsoft_autogen__.github__workflows__checks.yml,135,UDW,uses: actions/checkout@v4,The external dependency 'actions/checkout@v4' is referenced through the mutable ref 'v4' instead of a full 40-character commit SHA. A change to or compromise of the upstream tag/branch could silently alter the code executed by this workflow.
microsoft_autogen__.github__workflows__checks.yml,136,UDW,uses: astral-sh/setup-uv@v5,The external dependency 'astral-sh/setup-uv@v5' is referenced through the mutable ref 'v5' instead of a full 40-character commit SHA. A change to or compromise of the upstream tag/branch could silently alter the code executed by this workflow.
microsoft_autogen__.github__workflows__checks.yml,139,UDW,uses: actions/setup-python@v5,The external dependency 'actions/setup-python@v5' is referenced through the mutable ref 'v5' instead of a full 40-character commit SHA. A change to or compromise of the upstream tag/branch could silently alter the code executed by this workflow.
microsoft_autogen__.github__workflows__checks.yml,160,UDW,uses: actions/upload-artifact@v4,The external dependency 'actions/upload-artifact@v4' is referenced through the mutable ref 'v4' instead of a full 40-character commit SHA. A change to or compromise of the upstream tag/branch could silently alter the code executed by this workflow.
microsoft_autogen__.github__workflows__checks.yml,168,UDW,uses: actions/checkout@v4,The external dependency 'actions/checkout@v4' is referenced through the mutable ref 'v4' instead of a full 40-character commit SHA. A change to or compromise of the upstream tag/branch could silently alter the code executed by this workflow.
microsoft_autogen__.github__workflows__checks.yml,169,UDW,uses: astral-sh/setup-uv@v5,The external dependency 'astral-sh/setup-uv@v5' is referenced through the mutable ref 'v5' instead of a full 40-character commit SHA. A change to or compromise of the upstream tag/branch could silently alter the code executed by this workflow.
microsoft_autogen__.github__workflows__checks.yml,172,UDW,uses: actions/setup-python@v5,The external dependency 'actions/setup-python@v5' is referenced through the mutable ref 'v5' instead of a full 40-character commit SHA. A change to or compromise of the upstream tag/branch could silently alter the code executed by this workflow.
microsoft_autogen__.github__workflows__checks.yml,191,UDW,uses: actions/upload-artifact@v4,The external dependency 'actions/upload-artifact@v4' is referenced through the mutable ref 'v4' instead of a full 40-character commit SHA. A change to or compromise of the upstream tag/branch could silently alter the code executed by this workflow.
microsoft_autogen__.github__workflows__checks.yml,199,UDW,uses: actions/checkout@v4,The external dependency 'actions/checkout@v4' is referenced through the mutable ref 'v4' instead of a full 40-character commit SHA. A change to or compromise of the upstream tag/branch could silently alter the code executed by this workflow.
microsoft_autogen__.github__workflows__checks.yml,201,UDW,uses: astral-sh/setup-uv@v5,The external dependency 'astral-sh/setup-uv@v5' is referenced through the mutable ref 'v5' instead of a full 40-character commit SHA. A change to or compromise of the upstream tag/branch could silently alter the code executed by this workflow.
microsoft_autogen__.github__workflows__checks.yml,205,UDW,uses: actions/setup-python@v5,The external dependency 'actions/setup-python@v5' is referenced through the mutable ref 'v5' instead of a full 40-character commit SHA. A change to or compromise of the upstream tag/branch could silently alter the code executed by this workflow.
microsoft_autogen__.github__workflows__checks.yml,228,UDW,uses: actions/upload-artifact@v4,The external dependency 'actions/upload-artifact@v4' is referenced through the mutable ref 'v4' instead of a full 40-character commit SHA. A change to or compromise of the upstream tag/branch could silently alter the code executed by this workflow.
microsoft_autogen__.github__workflows__checks.yml,246,UDW,uses: actions/checkout@v4,The external dependency 'actions/checkout@v4' is referenced through the mutable ref 'v4' instead of a full 40-character commit SHA. A change to or compromise of the upstream tag/branch could silently alter the code executed by this workflow.
microsoft_autogen__.github__workflows__checks.yml,250,UDW,uses: actions/checkout@v4,The external dependency 'actions/checkout@v4' is referenced through the mutable ref 'v4' instead of a full 40-character commit SHA. A change to or compromise of the upstream tag/branch could silently alter the code executed by this workflow.
microsoft_autogen__.github__workflows__checks.yml,251,UDW,uses: actions/download-artifact@v4,The external dependency 'actions/download-artifact@v4' is referenced through the mutable ref 'v4' instead of a full 40-character commit SHA. A change to or compromise of the upstream tag/branch could silently alter the code executed by this workflow.
microsoft_autogen__.github__workflows__checks.yml,255,UDW,uses: codecov/codecov-action@v5,The external dependency 'codecov/codecov-action@v5' is referenced through the mutable ref 'v5' instead of a full 40-character commit SHA. A change to or compromise of the upstream tag/branch could silently alter the code executed by this workflow.
microsoft_autogen__.github__workflows__checks.yml,266,UDW,uses: actions/checkout@v4,The external dependency 'actions/checkout@v4' is referenced through the mutable ref 'v4' instead of a full 40-character commit SHA. A change to or compromise of the upstream tag/branch could silently alter the code executed by this workflow.
microsoft_autogen__.github__workflows__checks.yml,267,UDW,uses: astral-sh/setup-uv@v5,The external dependency 'astral-sh/setup-uv@v5' is referenced through the mutable ref 'v5' instead of a full 40-character commit SHA. A change to or compromise of the upstream tag/branch could silently alter the code executed by this workflow.
microsoft_autogen__.github__workflows__checks.yml,270,UDW,uses: actions/setup-python@v5,The external dependency 'actions/setup-python@v5' is referenced through the mutable ref 'v5' instead of a full 40-character commit SHA. A change to or compromise of the upstream tag/branch could silently alter the code executed by this workflow.
microsoft_autogen__.github__workflows__checks.yml,284,UDW,uses: actions/checkout@v4,The external dependency 'actions/checkout@v4' is referenced through the mutable ref 'v4' instead of a full 40-character commit SHA. A change to or compromise of the upstream tag/branch could silently alter the code executed by this workflow.
microsoft_autogen__.github__workflows__checks.yml,285,UDW,uses: astral-sh/setup-uv@v5,The external dependency 'astral-sh/setup-uv@v5' is referenced through the mutable ref 'v5' instead of a full 40-character commit SHA. A change to or compromise of the upstream tag/branch could silently alter the code executed by this workflow.
microsoft_autogen__.github__workflows__checks.yml,288,UDW,uses: actions/setup-python@v5,The external dependency 'actions/setup-python@v5' is referenced through the mutable ref 'v5' instead of a full 40-character commit SHA. A change to or compromise of the upstream tag/branch could silently alter the code executed by this workflow.
microsoft_autogen__.github__workflows__checks.yml,302,UDW,uses: actions/checkout@v4,The external dependency 'actions/checkout@v4' is referenced through the mutable ref 'v4' instead of a full 40-character commit SHA. A change to or compromise of the upstream tag/branch could silently alter the code executed by this workflow.
microsoft_autogen__.github__workflows__checks.yml,303,UDW,uses: astral-sh/setup-uv@v5,The external dependency 'astral-sh/setup-uv@v5' is referenced through the mutable ref 'v5' instead of a full 40-character commit SHA. A change to or compromise of the upstream tag/branch could silently alter the code executed by this workflow.
microsoft_autogen__.github__workflows__checks.yml,306,UDW,uses: actions/setup-python@v5,The external dependency 'actions/setup-python@v5' is referenced through the mutable ref 'v5' instead of a full 40-character commit SHA. A change to or compromise of the upstream tag/branch could silently alter the code executed by this workflow.
microsoft_autogen__.github__workflows__checks.yml,320,UDW,uses: actions/checkout@v4,The external dependency 'actions/checkout@v4' is referenced through the mutable ref 'v4' instead of a full 40-character commit SHA. A change to or compromise of the upstream tag/branch could silently alter the code executed by this workflow.
microsoft_autogen__.github__workflows__checks.yml,321,UDW,uses: astral-sh/setup-uv@v3,The external dependency 'astral-sh/setup-uv@v3' is referenced through the mutable ref 'v3' instead of a full 40-character commit SHA. A change to or compromise of the upstream tag/branch could silently alter the code executed by this workflow.
microsoft_autogen__.github__workflows__checks.yml,324,UDW,uses: actions/setup-python@v5,The external dependency 'actions/setup-python@v5' is referenced through the mutable ref 'v5' instead of a full 40-character commit SHA. A change to or compromise of the upstream tag/branch could silently alter the code executed by this workflow.
microsoft_autogen__.github__workflows__checks.yml,338,UDW,uses: actions/checkout@v4,The external dependency 'actions/checkout@v4' is referenced through the mutable ref 'v4' instead of a full 40-character commit SHA. A change to or compromise of the upstream tag/branch could silently alter the code executed by this workflow.
microsoft_autogen__.github__workflows__checks.yml,339,UDW,uses: astral-sh/setup-uv@v5,The external dependency 'astral-sh/setup-uv@v5' is referenced through the mutable ref 'v5' instead of a full 40-character commit SHA. A change to or compromise of the upstream tag/branch could silently alter the code executed by this workflow.
microsoft_autogen__.github__workflows__checks.yml,342,UDW,uses: actions/setup-python@v5,The external dependency 'actions/setup-python@v5' is referenced through the mutable ref 'v5' instead of a full 40-character commit SHA. A change to or compromise of the upstream tag/branch could silently alter the code executed by this workflow.
microsoft_autogen__.github__workflows__checks.yml,355,UDW,uses: UnicornGlobal/has-changes-action@v1.0.11,The external dependency 'UnicornGlobal/has-changes-action@v1.0.11' is referenced through the mutable ref 'v1.0.11' instead of a full 40-character commit SHA. A change to or compromise of the upstream tag/branch could silently alter the code executed by this workflow.
microsoft_autogen__.github__workflows__codeql.yml,31,EPW,permissions: / security-events: write / packages: read,
microsoft_autogen__.github__workflows__codeql.yml,86,KVCW,uses: github/codeql-action/init@v3,
microsoft_autogen__.github__workflows__codeql.yml,122,KVCW,uses: github/codeql-action/analyze@v3,
microsoft_autogen__.github__workflows__codeql.yml,62,UDW,uses: actions/checkout@v4,The external dependency 'actions/checkout@v4' is referenced through the mutable ref 'v4' instead of a full 40-character commit SHA. A change to or compromise of the upstream tag/branch could silently alter the code executed by this workflow.
microsoft_autogen__.github__workflows__codeql.yml,65,UDW,uses: actions/setup-python@v5,The external dependency 'actions/setup-python@v5' is referenced through the mutable ref 'v5' instead of a full 40-character commit SHA. A change to or compromise of the upstream tag/branch could silently alter the code executed by this workflow.
microsoft_autogen__.github__workflows__codeql.yml,71,UDW,python -m pip install jupyter,
microsoft_autogen__.github__workflows__codeql.yml,72,UDW,python -m pip install ipykernel,
microsoft_autogen__.github__workflows__codeql.yml,76,UDW,uses: astral-sh/setup-uv@v5,The external dependency 'astral-sh/setup-uv@v5' is referenced through the mutable ref 'v5' instead of a full 40-character commit SHA. A change to or compromise of the upstream tag/branch could silently alter the code executed by this workflow.
microsoft_autogen__.github__workflows__codeql.yml,86,UDW,uses: github/codeql-action/init@v3,The external dependency 'github/codeql-action/init@v3' is referenced through the mutable ref 'v3' instead of a full 40-character commit SHA. A change to or compromise of the upstream tag/branch could silently alter the code executed by this workflow.
microsoft_autogen__.github__workflows__codeql.yml,105,UDW,uses: actions/setup-dotnet@v4,The external dependency 'actions/setup-dotnet@v4' is referenced through the mutable ref 'v4' instead of a full 40-character commit SHA. A change to or compromise of the upstream tag/branch could silently alter the code executed by this workflow.
microsoft_autogen__.github__workflows__codeql.yml,110,UDW,uses: actions/setup-dotnet@v4,The external dependency 'actions/setup-dotnet@v4' is referenced through the mutable ref 'v4' instead of a full 40-character commit SHA. A change to or compromise of the upstream tag/branch could silently alter the code executed by this workflow.
microsoft_autogen__.github__workflows__codeql.yml,122,UDW,uses: github/codeql-action/analyze@v3,The external dependency 'github/codeql-action/analyze@v3' is referenced through the mutable ref 'v3' instead of a full 40-character commit SHA. A change to or compromise of the upstream tag/branch could silently alter the code executed by this workflow.
microsoft_autogen__.github__workflows__dotnet-build.yml,313,AIW,uses: actions/download-artifact@v4,
microsoft_autogen__.github__workflows__dotnet-build.yml,21,EPW,packages: write,"packages: write is declared at the top level and is therefore inherited by every job (paths-filter, build, integration-test, aot-test, openai-test), yet only the publish job pushes NuGet packages. The build/test jobs receive package write access they do not need, violating least privilege."
microsoft_autogen__.github__workflows__dotnet-build.yml,26,EPW,line 26: permissions: | lines 27-29: contents: write / pull-requests: write / repository-projects: write,"The paths-filter job only runs dorny/paths-filter to detect changed files, which requires at most contents: read, but it grants contents: write, pull-requests: write and repository-projects: write. These write scopes are unnecessary for change detection and give the token broad, exploitable capabilities."
microsoft_autogen__.github__workflows__dotnet-build.yml,34,GRCW,uses: dorny/paths-filter@v2,
microsoft_autogen__.github__workflows__dotnet-build.yml,23,HGW,jobs:,"This workflow builds, tests, packages, and publishes the .NET (AutoGen) project. This constitutes substantial CI/CD work, but the workflow integrates no security scanning, dependency/advisory auditing, or comparable control to detect vulnerable or malicious changes."
microsoft_autogen__.github__workflows__dotnet-build.yml,130,KVCW,uses: codecov/codecov-action@v5,
microsoft_autogen__.github__workflows__dotnet-build.yml,313,KVCW,uses: actions/download-artifact@v4,
microsoft_autogen__.github__workflows__dotnet-build.yml,317,KVCW,uses: actions/download-artifact@v4,
microsoft_autogen__.github__workflows__dotnet-build.yml,33,UDW,uses: actions/checkout@v4,The external dependency 'actions/checkout@v4' is referenced through the mutable ref 'v4' instead of a full 40-character commit SHA. A change to or compromise of the upstream tag/branch could silently alter the code executed by this workflow.
microsoft_autogen__.github__workflows__dotnet-build.yml,34,UDW,uses: dorny/paths-filter@v2,The external dependency 'dorny/paths-filter@v2' is referenced through the mutable ref 'v2' instead of a full 40-character commit SHA. A change to or compromise of the upstream tag/branch could silently alter the code executed by this workflow.
microsoft_autogen__.github__workflows__dotnet-build.yml,65,UDW,uses: actions/checkout@v4,The external dependency 'actions/checkout@v4' is referenced through the mutable ref 'v4' instead of a full 40-character commit SHA. A change to or compromise of the upstream tag/branch could silently alter the code executed by this workflow.
microsoft_autogen__.github__workflows__dotnet-build.yml,68,UDW,uses: astral-sh/setup-uv@v5,The external dependency 'astral-sh/setup-uv@v5' is referenced through the mutable ref 'v5' instead of a full 40-character commit SHA. A change to or compromise of the upstream tag/branch could silently alter the code executed by this workflow.
microsoft_autogen__.github__workflows__dotnet-build.yml,71,UDW,uses: actions/setup-python@v5,The external dependency 'actions/setup-python@v5' is referenced through the mutable ref 'v5' instead of a full 40-character commit SHA. A change to or compromise of the upstream tag/branch could silently alter the code executed by this workflow.
microsoft_autogen__.github__workflows__dotnet-build.yml,80,UDW,uses: actions/setup-dotnet@v4,The external dependency 'actions/setup-dotnet@v4' is referenced through the mutable ref 'v4' instead of a full 40-character commit SHA. A change to or compromise of the upstream tag/branch could silently alter the code executed by this workflow.
microsoft_autogen__.github__workflows__dotnet-build.yml,84,UDW,uses: actions/setup-dotnet@v4,The external dependency 'actions/setup-dotnet@v4' is referenced through the mutable ref 'v4' instead of a full 40-character commit SHA. A change to or compromise of the upstream tag/branch could silently alter the code executed by this workflow.
microsoft_autogen__.github__workflows__dotnet-build.yml,112,UDW,dotnet tool install -g dotnet-reportgenerator-globaltool || dotnet tool update -g dotnet-reportgenerator-globaltool,
microsoft_autogen__.github__workflows__dotnet-build.yml,123,UDW,uses: actions/upload-artifact@v4,The external dependency 'actions/upload-artifact@v4' is referenced through the mutable ref 'v4' instead of a full 40-character commit SHA. A change to or compromise of the upstream tag/branch could silently alter the code executed by this workflow.
microsoft_autogen__.github__workflows__dotnet-build.yml,130,UDW,uses: codecov/codecov-action@v5,The external dependency 'codecov/codecov-action@v5' is referenced through the mutable ref 'v5' instead of a full 40-character commit SHA. A change to or compromise of the upstream tag/branch could silently alter the code executed by this workflow.
microsoft_autogen__.github__workflows__dotnet-build.yml,150,UDW,uses: actions/checkout@v4,The external dependency 'actions/checkout@v4' is referenced through the mutable ref 'v4' instead of a full 40-character commit SHA. A change to or compromise of the upstream tag/branch could silently alter the code executed by this workflow.
microsoft_autogen__.github__workflows__dotnet-build.yml,153,UDW,uses: astral-sh/setup-uv@v5,The external dependency 'astral-sh/setup-uv@v5' is referenced through the mutable ref 'v5' instead of a full 40-character commit SHA. A change to or compromise of the upstream tag/branch could silently alter the code executed by this workflow.
microsoft_autogen__.github__workflows__dotnet-build.yml,156,UDW,uses: actions/setup-python@v5,The external dependency 'actions/setup-python@v5' is referenced through the mutable ref 'v5' instead of a full 40-character commit SHA. A change to or compromise of the upstream tag/branch could silently alter the code executed by this workflow.
microsoft_autogen__.github__workflows__dotnet-build.yml,165,UDW,uses: actions/setup-dotnet@v4,The external dependency 'actions/setup-dotnet@v4' is referenced through the mutable ref 'v4' instead of a full 40-character commit SHA. A change to or compromise of the upstream tag/branch could silently alter the code executed by this workflow.
microsoft_autogen__.github__workflows__dotnet-build.yml,169,UDW,uses: actions/setup-dotnet@v4,The external dependency 'actions/setup-dotnet@v4' is referenced through the mutable ref 'v4' instead of a full 40-character commit SHA. A change to or compromise of the upstream tag/branch could silently alter the code executed by this workflow.
microsoft_autogen__.github__workflows__dotnet-build.yml,204,UDW,uses: actions/checkout@v4,The external dependency 'actions/checkout@v4' is referenced through the mutable ref 'v4' instead of a full 40-character commit SHA. A change to or compromise of the upstream tag/branch could silently alter the code executed by this workflow.
microsoft_autogen__.github__workflows__dotnet-build.yml,209,UDW,uses: actions/setup-dotnet@v4,The external dependency 'actions/setup-dotnet@v4' is referenced through the mutable ref 'v4' instead of a full 40-character commit SHA. A change to or compromise of the upstream tag/branch could silently alter the code executed by this workflow.
microsoft_autogen__.github__workflows__dotnet-build.yml,213,UDW,uses: actions/setup-dotnet@v4,The external dependency 'actions/setup-dotnet@v4' is referenced through the mutable ref 'v4' instead of a full 40-character commit SHA. A change to or compromise of the upstream tag/branch could silently alter the code executed by this workflow.
microsoft_autogen__.github__workflows__dotnet-build.yml,230,UDW,uses: actions/checkout@v4,The external dependency 'actions/checkout@v4' is referenced through the mutable ref 'v4' instead of a full 40-character commit SHA. A change to or compromise of the upstream tag/branch could silently alter the code executed by this workflow.
microsoft_autogen__.github__workflows__dotnet-build.yml,234,UDW,uses: actions/setup-python@v5,The external dependency 'actions/setup-python@v5' is referenced through the mutable ref 'v5' instead of a full 40-character commit SHA. A change to or compromise of the upstream tag/branch could silently alter the code executed by this workflow.
microsoft_autogen__.github__workflows__dotnet-build.yml,240,UDW,python -m pip install jupyter,
microsoft_autogen__.github__workflows__dotnet-build.yml,241,UDW,python -m pip install ipykernel,
microsoft_autogen__.github__workflows__dotnet-build.yml,245,UDW,uses: astral-sh/setup-uv@v5,The external dependency 'astral-sh/setup-uv@v5' is referenced through the mutable ref 'v5' instead of a full 40-character commit SHA. A change to or compromise of the upstream tag/branch could silently alter the code executed by this workflow.
microsoft_autogen__.github__workflows__dotnet-build.yml,248,UDW,uses: actions/setup-python@v5,The external dependency 'actions/setup-python@v5' is referenced through the mutable ref 'v5' instead of a full 40-character commit SHA. A change to or compromise of the upstream tag/branch could silently alter the code executed by this workflow.
microsoft_autogen__.github__workflows__dotnet-build.yml,253,UDW,uses: actions/setup-dotnet@v4,The external dependency 'actions/setup-dotnet@v4' is referenced through the mutable ref 'v4' instead of a full 40-character commit SHA. A change to or compromise of the upstream tag/branch could silently alter the code executed by this workflow.
microsoft_autogen__.github__workflows__dotnet-build.yml,258,UDW,uses: actions/setup-dotnet@v4,The external dependency 'actions/setup-dotnet@v4' is referenced through the mutable ref 'v4' instead of a full 40-character commit SHA. A change to or compromise of the upstream tag/branch could silently alter the code executed by this workflow.
microsoft_autogen__.github__workflows__dotnet-build.yml,288,UDW,uses: actions/upload-artifact@v4,The external dependency 'actions/upload-artifact@v4' is referenced through the mutable ref 'v4' instead of a full 40-character commit SHA. A change to or compromise of the upstream tag/branch could silently alter the code executed by this workflow.
microsoft_autogen__.github__workflows__dotnet-build.yml,293,UDW,uses: actions/upload-artifact@v4,The external dependency 'actions/upload-artifact@v4' is referenced through the mutable ref 'v4' instead of a full 40-character commit SHA. A change to or compromise of the upstream tag/branch could silently alter the code executed by this workflow.
microsoft_autogen__.github__workflows__dotnet-build.yml,307,UDW,uses: actions/setup-dotnet@v4,The external dependency 'actions/setup-dotnet@v4' is referenced through the mutable ref 'v4' instead of a full 40-character commit SHA. A change to or compromise of the upstream tag/branch could silently alter the code executed by this workflow.
microsoft_autogen__.github__workflows__dotnet-build.yml,313,UDW,uses: actions/download-artifact@v4,The external dependency 'actions/download-artifact@v4' is referenced through the mutable ref 'v4' instead of a full 40-character commit SHA. A change to or compromise of the upstream tag/branch could silently alter the code executed by this workflow.
microsoft_autogen__.github__workflows__dotnet-build.yml,317,UDW,uses: actions/download-artifact@v4,The external dependency 'actions/download-artifact@v4' is referenced through the mutable ref 'v4' instead of a full 40-character commit SHA. A change to or compromise of the upstream tag/branch could silently alter the code executed by this workflow.
microsoft_autogen__.github__workflows__dotnet-build.yml,336,SEW,${{ secrets.GITHUB_TOKEN }},
microsoft_autogen__.github__workflows__dotnet-build.yml,343,SEW,${{ secrets.MYGET_TOKEN }},
microsoft_debugpy__.github__workflows__stale.yml,28,UDW,uses: actions/stale@v5,The external dependency 'actions/stale@v5' is referenced through the mutable ref 'v5' instead of a full 40-character commit SHA. A change to or compromise of the upstream tag/branch could silently alter the code executed by this workflow.
microsoft_debugpy__.github__workflows__stale.yml,28,GRCW,uses: actions/stale@v5,
microsoft_fluentui__.github__workflows__create-experimental-branch.yml,19,IW,"FEATURE_NAME=""${{ github.event.inputs.feature-name }}""","The workflow_dispatch input feature-name is interpolated by the Actions expression engine directly into the shell script text before execution. Because the substitution happens on line 19 while the kebab-case regex validation only runs afterwards on line 21, a crafted input such as '""; <cmd>; ""' breaks out of the double quotes and executes arbitrary commands on the runner with the job's contents: write token."
microsoft_fluentui__.github__workflows__create-experimental-branch.yml,28,IW,"FEATURE_NAME=""${{ github.event.inputs.feature-name }}""",
microsoft_kiota__.github__workflows__idempotency-tests.yml,15,EPW,jobs:,"No permissions: block is declared at the workflow or job level, so the workflow does not explicitly restrict the GITHUB_TOKEN. Effective permissions depend on the repository default token settings, which may grant broad read/write scopes; the workflow itself does not enforce least privilege."
microsoft_kiota__.github__workflows__idempotency-tests.yml,15,HGW,jobs:,"This workflow builds the kiota generator and runs idempotency generation tests across many languages. This constitutes substantial CI/CD work, but the workflow integrates no security scanning, dependency/advisory auditing, or comparable control to detect vulnerable or malicious changes."
microsoft_kiota__.github__workflows__idempotency-tests.yml,19,UDW,uses: actions/checkout@v6,The external dependency 'actions/checkout@v6' is referenced through the mutable ref 'v6' instead of a full 40-character commit SHA. A change to or compromise of the upstream tag/branch could silently alter the code executed by this workflow.
microsoft_kiota__.github__workflows__idempotency-tests.yml,21,UDW,uses: actions/setup-dotnet@v5,The external dependency 'actions/setup-dotnet@v5' is referenced through the mutable ref 'v5' instead of a full 40-character commit SHA. A change to or compromise of the upstream tag/branch could silently alter the code executed by this workflow.
microsoft_kiota__.github__workflows__idempotency-tests.yml,29,UDW,uses: actions/upload-artifact@v7,The external dependency 'actions/upload-artifact@v7' is referenced through the mutable ref 'v7' instead of a full 40-character commit SHA. A change to or compromise of the upstream tag/branch could silently alter the code executed by this workflow.
microsoft_kiota__.github__workflows__idempotency-tests.yml,53,UDW,uses: actions/checkout@v6,The external dependency 'actions/checkout@v6' is referenced through the mutable ref 'v6' instead of a full 40-character commit SHA. A change to or compromise of the upstream tag/branch could silently alter the code executed by this workflow.
microsoft_kiota__.github__workflows__idempotency-tests.yml,54,UDW,uses: actions/download-artifact@v8,The external dependency 'actions/download-artifact@v8' is referenced through the mutable ref 'v8' instead of a full 40-character commit SHA. A change to or compromise of the upstream tag/branch could silently alter the code executed by this workflow.
microsoft_kiota__.github__workflows__idempotency-tests.yml,65,UDW,uses: actions/upload-artifact@v7,The external dependency 'actions/upload-artifact@v7' is referenced through the mutable ref 'v7' instead of a full 40-character commit SHA. A change to or compromise of the upstream tag/branch could silently alter the code executed by this workflow.
microsoft_kiota__.github__workflows__idempotency-tests.yml,100,UDW,uses: actions/checkout@v6,The external dependency 'actions/checkout@v6' is referenced through the mutable ref 'v6' instead of a full 40-character commit SHA. A change to or compromise of the upstream tag/branch could silently alter the code executed by this workflow.
microsoft_kiota__.github__workflows__idempotency-tests.yml,104,UDW,uses: actions/download-artifact@v8,The external dependency 'actions/download-artifact@v8' is referenced through the mutable ref 'v8' instead of a full 40-character commit SHA. A change to or compromise of the upstream tag/branch could silently alter the code executed by this workflow.
microsoft_kiota__.github__workflows__idempotency-tests.yml,109,UDW,uses: actions/download-artifact@v8,The external dependency 'actions/download-artifact@v8' is referenced through the mutable ref 'v8' instead of a full 40-character commit SHA. A change to or compromise of the upstream tag/branch could silently alter the code executed by this workflow.
microsoft_kiota__.github__workflows__idempotency-tests.yml,124,UDW,uses: actions/upload-artifact@v7,The external dependency 'actions/upload-artifact@v7' is referenced through the mutable ref 'v7' instead of a full 40-character commit SHA. A change to or compromise of the upstream tag/branch could silently alter the code executed by this workflow.
microsoft_kiota__.github__workflows__idempotency-tests.yml,134,UDW,uses: jimschubert/delete-artifacts-action@v1,The external dependency 'jimschubert/delete-artifacts-action@v1' is referenced through the mutable ref 'v1' instead of a full 40-character commit SHA. A change to or compromise of the upstream tag/branch could silently alter the code executed by this workflow.
microsoft_msquic__.github__workflows__build-reuse-winkernel.yml,59,HGW,jobs:,"This reusable workflow restores, builds, and signs the msquic Windows kernel driver, then uploads the artifacts. This constitutes substantial CI/CD work, but the workflow integrates no security scanning, dependency/advisory auditing, or comparable control to detect vulnerable or malicious changes."
microsoft_msquic__.github__workflows__build-reuse-winkernel.yml,67,AIW,${{ inputs.repo }},
microsoft_msquic__.github__workflows__build-reuse-winkernel.yml,68,AIW,${{ inputs.ref }},
microsoft_msquic__.github__workflows__build-reuse-winkernel.yml,76,IW,${{ inputs.config }},
microsoft_msquic__.github__workflows__build-reuse-winkernel.yml,76,IW,${{ inputs.arch }},
microsoft_msquic__.github__workflows__build-reuse-winkernel.yml,80,IW,${{ inputs.config }},
microsoft_msquic__.github__workflows__build-reuse-winkernel.yml,80,IW,${{ inputs.arch }},
microsoft_msquic__.github__workflows__build-reuse-winkernel.yml,84,IW,${{ inputs.config }},
microsoft_msquic__.github__workflows__build-reuse-winkernel.yml,84,IW,${{ inputs.arch }},
microsoft_msquic__.github__workflows__build-reuse-winkernel.yml,87,IW,${{ inputs.config }},
microsoft_msquic__.github__workflows__build-reuse-winkernel.yml,87,IW,${{ inputs.arch }},
microsoft_msquic__.github__workflows__build-reuse-winkernel.yml,87,IW,${{ inputs.tls }},
microsoft_onnxruntime__.github__workflows__reusable_linux_build.yml,70,HGW,jobs:,"This reusable workflow builds a Docker image and builds/tests ONNX Runtime on a self-hosted runner. This constitutes substantial CI/CD work, but the workflow integrates no security scanning, dependency/advisory auditing, or comparable control to detect vulnerable or malicious changes."
microsoft_onnxruntime__.github__workflows__reusable_linux_build.yml,79,EPW,attestations: write,"The job does not generate artifact attestations or call the attestations API; this permission is unnecessary."
microsoft_onnxruntime__.github__workflows__reusable_linux_build.yml,80,EPW,id-token: write,"The job does not request a GitHub OIDC token. ACR authentication in build-docker-image@v0.0.9 uses az login --identity on the self-hosted runner, so GitHub id-token permission is unnecessary."
microsoft_onnxruntime__.github__workflows__reusable_linux_build.yml,147,IW,"BUILD_DIR=""${{ runner.temp }}/${{ inputs.build_config }}""",
microsoft_onnxruntime__.github__workflows__reusable_linux_build.yml,83,UDW,uses: actions/checkout@v6,The external dependency 'actions/checkout@v6' is referenced through the mutable ref 'v6' instead of a full 40-character commit SHA. A change to or compromise of the upstream tag/branch could silently alter the code executed by this workflow.
microsoft_onnxruntime__.github__workflows__reusable_linux_build.yml,87,UDW,uses: actions/setup-python@v6,The external dependency 'actions/setup-python@v6' is referenced through the mutable ref 'v6' instead of a full 40-character commit SHA. A change to or compromise of the upstream tag/branch could silently alter the code executed by this workflow.
microsoft_onnxruntime__.github__workflows__reusable_linux_build.yml,92,UDW,uses: microsoft/onnxruntime-github-actions/build-docker-image@v0.0.9,The external dependency 'microsoft/onnxruntime-github-actions/build-docker-image@v0.0.9' is referenced through the mutable ref 'v0.0.9' instead of a full 40-character commit SHA. A change to or compromise of the upstream tag/branch could silently alter the code executed by this workflow.
microsoft_onnxruntime__.github__workflows__reusable_linux_build.yml,106,UDW,uses: microsoft/onnxruntime-github-actions/run-build-script-in-docker@v0.0.9,The external dependency 'microsoft/onnxruntime-github-actions/run-build-script-in-docker@v0.0.9' is referenced through the mutable ref 'v0.0.9' instead of a full 40-character commit SHA. A change to or compromise of the upstream tag/branch could silently alter the code executed by this workflow.
microsoft_onnxruntime__.github__workflows__reusable_linux_build.yml,118,UDW,uses: microsoft/onnxruntime-github-actions/run-build-script-in-docker@v0.0.9,The external dependency 'microsoft/onnxruntime-github-actions/run-build-script-in-docker@v0.0.9' is referenced through the mutable ref 'v0.0.9' instead of a full 40-character commit SHA. A change to or compromise of the upstream tag/branch could silently alter the code executed by this workflow.
microsoft_onnxruntime__.github__workflows__reusable_linux_build.yml,131,UDW,uses: microsoft/onnxruntime-github-actions/run-build-script-in-docker@v0.0.9,The external dependency 'microsoft/onnxruntime-github-actions/run-build-script-in-docker@v0.0.9' is referenced through the mutable ref 'v0.0.9' instead of a full 40-character commit SHA. A change to or compromise of the upstream tag/branch could silently alter the code executed by this workflow.
microsoft_onnxruntime__.github__workflows__reusable_linux_build.yml,172,UDW,uses: actions/upload-artifact@v6,The external dependency 'actions/upload-artifact@v6' is referenced through the mutable ref 'v6' instead of a full 40-character commit SHA. A change to or compromise of the upstream tag/branch could silently alter the code executed by this workflow.
microsoft_onnxruntime__.github__workflows__reusable_linux_build.yml,181,UDW,uses: actions/upload-artifact@v6,The external dependency 'actions/upload-artifact@v6' is referenced through the mutable ref 'v6' instead of a full 40-character commit SHA. A change to or compromise of the upstream tag/branch could silently alter the code executed by this workflow.
microsoft_playwright-python__.github__workflows__test_docker.yml,19,EPW,jobs:,"No permissions: block is declared at the workflow or job level, so the workflow does not explicitly restrict the GITHUB_TOKEN. Effective permissions depend on the repository default token settings, which may grant broad read/write scopes; the workflow itself does not enforce least privilege."
microsoft_playwright-python__.github__workflows__test_docker.yml,19,HGW,jobs:,"This workflow builds a Docker image and runs the playwright-python build and pytest suites inside it. This constitutes substantial CI/CD work, but the workflow integrates no security scanning, dependency/advisory auditing, or comparable control to detect vulnerable or malicious changes."
microsoft_playwright-python__.github__workflows__test_docker.yml,33,UDW,uses: actions/checkout@v5,The external dependency 'actions/checkout@v5' is referenced through the mutable ref 'v5' instead of a full 40-character commit SHA. A change to or compromise of the upstream tag/branch could silently alter the code executed by this workflow.
microsoft_playwright-python__.github__workflows__test_docker.yml,35,UDW,uses: actions/setup-python@v6,The external dependency 'actions/setup-python@v6' is referenced through the mutable ref 'v6' instead of a full 40-character commit SHA. A change to or compromise of the upstream tag/branch could silently alter the code executed by this workflow.
microsoft_playwright__.github__workflows__infra.yml,16,EPW,jobs:,"No permissions: block is declared at the workflow or job level, so the workflow does not explicitly restrict the GITHUB_TOKEN. Effective permissions depend on the repository default token settings, which may grant broad read/write scopes; the workflow itself does not enforce least privilege."
microsoft_playwright__.github__workflows__infra.yml,38,HGW,line 36: Audit prod NPM dependencies | line 37: run: node utils/check_audit.js | line 38: continue-on-error: true,"The only dependency/security check in this build-and-lint workflow (the NPM audit via check_audit.js) is marked continue-on-error: true, so its result can never fail the run or block later steps. The security control is present but rendered non-enforcing, leaving vulnerable dependencies undetected in practice."
microsoft_playwright__.github__workflows__infra.yml,21,UDW,uses: actions/checkout@v6,The external dependency 'actions/checkout@v6' is referenced through the mutable ref 'v6' instead of a full 40-character commit SHA. A change to or compromise of the upstream tag/branch could silently alter the code executed by this workflow.
microsoft_playwright__.github__workflows__infra.yml,22,UDW,uses: actions/setup-node@v6,The external dependency 'actions/setup-node@v6' is referenced through the mutable ref 'v6' instead of a full 40-character commit SHA. A change to or compromise of the upstream tag/branch could silently alter the code executed by this workflow.
microsoft_playwright__.github__workflows__infra.yml,43,UDW,uses: actions/checkout@v6,The external dependency 'actions/checkout@v6' is referenced through the mutable ref 'v6' instead of a full 40-character commit SHA. A change to or compromise of the upstream tag/branch could silently alter the code executed by this workflow.
microsoft_playwright__.github__workflows__infra.yml,44,UDW,uses: actions/setup-node@v6,The external dependency 'actions/setup-node@v6' is referenced through the mutable ref 'v6' instead of a full 40-character commit SHA. A change to or compromise of the upstream tag/branch could silently alter the code executed by this workflow.
microsoft_playwright__.github__workflows__infra.yml,47,UDW,uses: actions/setup-python@v6,The external dependency 'actions/setup-python@v6' is referenced through the mutable ref 'v6' instead of a full 40-character commit SHA. A change to or compromise of the upstream tag/branch could silently alter the code executed by this workflow.
microsoft_playwright__.github__workflows__infra.yml,50,UDW,uses: actions/setup-dotnet@v5,The external dependency 'actions/setup-dotnet@v5' is referenced through the mutable ref 'v5' instead of a full 40-character commit SHA. A change to or compromise of the upstream tag/branch could silently alter the code executed by this workflow.
microsoft_playwright__.github__workflows__infra.yml,53,UDW,uses: actions/setup-java@v5,The external dependency 'actions/setup-java@v5' is referenced through the mutable ref 'v5' instead of a full 40-character commit SHA. A change to or compromise of the upstream tag/branch could silently alter the code executed by this workflow.
microsoft_promptflow__.github__workflows__promptflow-executor-unit-test.yml,6,EPW,permissions: / id-token: write / contents: read,Explicit workflow-level write permission requires manual review to confirm that every granted scope is necessary.
microsoft_promptflow__.github__workflows__promptflow-executor-unit-test.yml,151,EPW,permissions: / checks: write / pull-requests: write / contents: read / issues: read,
microsoft_promptflow__.github__workflows__promptflow-executor-unit-test.yml,54,GRCW,uses: actions/upload-artifact@v3,
microsoft_promptflow__.github__workflows__promptflow-executor-unit-test.yml,89,GRCW,uses: actions/download-artifact@v3,
microsoft_promptflow__.github__workflows__promptflow-executor-unit-test.yml,112,GRCW,uses: azure/login@v1,
microsoft_promptflow__.github__workflows__promptflow-executor-unit-test.yml,141,GRCW,uses: actions/upload-artifact@v3,
microsoft_promptflow__.github__workflows__promptflow-executor-unit-test.yml,15,HGW,jobs:,"This workflow builds a wheel and runs the promptflow executor unit-test suite with coverage. This constitutes substantial CI/CD work, but the workflow integrates no security scanning, dependency/advisory auditing, or comparable control to detect vulnerable or malicious changes."
microsoft_promptflow__.github__workflows__promptflow-executor-unit-test.yml,32,UDW,uses: actions/checkout@v4,The external dependency 'actions/checkout@v4' is referenced through the mutable ref 'v4' instead of a full 40-character commit SHA. A change to or compromise of the upstream tag/branch could silently alter the code executed by this workflow.
microsoft_promptflow__.github__workflows__promptflow-executor-unit-test.yml,54,UDW,uses: actions/upload-artifact@v3,The external dependency 'actions/upload-artifact@v3' is referenced through the mutable ref 'v3' instead of a full 40-character commit SHA. A change to or compromise of the upstream tag/branch could silently alter the code executed by this workflow.
microsoft_promptflow__.github__workflows__promptflow-executor-unit-test.yml,73,UDW,uses: actions/checkout@v4,The external dependency 'actions/checkout@v4' is referenced through the mutable ref 'v4' instead of a full 40-character commit SHA. A change to or compromise of the upstream tag/branch could silently alter the code executed by this workflow.
microsoft_promptflow__.github__workflows__promptflow-executor-unit-test.yml,89,UDW,uses: actions/download-artifact@v3,The external dependency 'actions/download-artifact@v3' is referenced through the mutable ref 'v3' instead of a full 40-character commit SHA. A change to or compromise of the upstream tag/branch could silently alter the code executed by this workflow.
microsoft_promptflow__.github__workflows__promptflow-executor-unit-test.yml,108,UDW,pip install vcrpy,
microsoft_promptflow__.github__workflows__promptflow-executor-unit-test.yml,112,UDW,uses: azure/login@v1,The external dependency 'azure/login@v1' is referenced through the mutable ref 'v1' instead of a full 40-character commit SHA. A change to or compromise of the upstream tag/branch could silently alter the code executed by this workflow.
microsoft_promptflow__.github__workflows__promptflow-executor-unit-test.yml,122,UDW,uses: SimenB/github-actions-cpu-cores@v1,The external dependency 'SimenB/github-actions-cpu-cores@v1' is referenced through the mutable ref 'v1' instead of a full 40-character commit SHA. A change to or compromise of the upstream tag/branch could silently alter the code executed by this workflow.
microsoft_promptflow__.github__workflows__promptflow-executor-unit-test.yml,130,UDW,pip install langchain-community tenacity<8.4.0,
microsoft_promptflow__.github__workflows__promptflow-executor-unit-test.yml,141,UDW,uses: actions/upload-artifact@v3,The external dependency 'actions/upload-artifact@v3' is referenced through the mutable ref 'v3' instead of a full 40-character commit SHA. A change to or compromise of the upstream tag/branch could silently alter the code executed by this workflow.
microsoft_promptflow__.github__workflows__promptflow-executor-unit-test.yml,160,UDW,uses: actions/checkout@v4,The external dependency 'actions/checkout@v4' is referenced through the mutable ref 'v4' instead of a full 40-character commit SHA. A change to or compromise of the upstream tag/branch could silently alter the code executed by this workflow.
microsoft_promptflow__.github__workflows__samples_flows_chat_chat_with_image.yml,31,GRCW,uses: actions/setup-python@v4,
microsoft_promptflow__.github__workflows__samples_flows_chat_chat_with_image.yml,78,GRCW,uses: azure/login@v1,
microsoft_promptflow__.github__workflows__samples_flows_chat_chat_with_image.yml,22,HGW,jobs:,"This workflow builds the sample environment and executes the chat-with-image sample flow against Azure as a test. This constitutes substantial CI/CD work, but the workflow integrates no security scanning, dependency/advisory auditing, or comparable control to detect vulnerable or malicious changes."
microsoft_promptflow__.github__workflows__samples_flows_chat_chat_with_image.yml,29,UDW,uses: actions/checkout@v4,The external dependency 'actions/checkout@v4' is referenced through the mutable ref 'v4' instead of a full 40-character commit SHA. A change to or compromise of the upstream tag/branch could silently alter the code executed by this workflow.
microsoft_promptflow__.github__workflows__samples_flows_chat_chat_with_image.yml,31,UDW,uses: actions/setup-python@v4,The external dependency 'actions/setup-python@v4' is referenced through the mutable ref 'v4' instead of a full 40-character commit SHA. A change to or compromise of the upstream tag/branch could silently alter the code executed by this workflow.
microsoft_promptflow__.github__workflows__samples_flows_chat_chat_with_image.yml,73,UDW,uses: AliSajid/random-wait-action@main,The external dependency 'AliSajid/random-wait-action@main' is referenced through the mutable ref 'main' instead of a full 40-character commit SHA. A change to or compromise of the upstream tag/branch could silently alter the code executed by this workflow.
microsoft_promptflow__.github__workflows__samples_flows_chat_chat_with_image.yml,78,UDW,uses: azure/login@v1,The external dependency 'azure/login@v1' is referenced through the mutable ref 'v1' instead of a full 40-character commit SHA. A change to or compromise of the upstream tag/branch could silently alter the code executed by this workflow.
microsoft_promptflow__.github__workflows__samples_flows_chat_chat_with_image.yml,118,UDW,uses: actions/upload-artifact@v4,The external dependency 'actions/upload-artifact@v4' is referenced through the mutable ref 'v4' instead of a full 40-character commit SHA. A change to or compromise of the upstream tag/branch could silently alter the code executed by this workflow.
microsoft_qlib__.github__workflows__test_qlib_from_source_slow.yml,9,EPW,jobs:,"No permissions: block is declared at the workflow or job level, so the workflow does not explicitly restrict the GITHUB_TOKEN. Effective permissions depend on the repository default token settings, which may grant broad read/write scopes; the workflow itself does not enforce least privilege."
microsoft_qlib__.github__workflows__test_qlib_from_source_slow.yml,30,GRCW,uses: actions/setup-python@v4,
microsoft_qlib__.github__workflows__test_qlib_from_source_slow.yml,9,HGW,jobs:,"This workflow builds qlib from source and runs the slow pytest suite across an OS/Python matrix. This constitutes substantial CI/CD work, but the workflow integrates no security scanning, dependency/advisory auditing, or comparable control to detect vulnerable or malicious changes."
microsoft_qlib__.github__workflows__test_qlib_from_source_slow.yml,25,UDW,uses: actions/checkout@v4,The external dependency 'actions/checkout@v4' is referenced through the mutable ref 'v4' instead of a full 40-character commit SHA. A change to or compromise of the upstream tag/branch could silently alter the code executed by this workflow.
microsoft_qlib__.github__workflows__test_qlib_from_source_slow.yml,30,UDW,uses: actions/setup-python@v4,The external dependency 'actions/setup-python@v4' is referenced through the mutable ref 'v4' instead of a full 40-character commit SHA. A change to or compromise of the upstream tag/branch could silently alter the code executed by this workflow.
microsoft_qlib__.github__workflows__test_qlib_from_source_slow.yml,47,UDW,python -m pip install --no-binary=:all: lightgbm,
microsoft_qlib__.github__workflows__test_qlib_from_source_slow.yml,50,UDW,uses: nick-fields/retry@v2,The external dependency 'nick-fields/retry@v2' is referenced through the mutable ref 'v2' instead of a full 40-character commit SHA. A change to or compromise of the upstream tag/branch could silently alter the code executed by this workflow.
microsoft_react-native-macos__.github__workflows__codeql-analysis.yml,27,EPW,permissions: / actions: read / contents: read / security-events: write / strategy:,
microsoft_react-native-macos__.github__workflows__codeql-analysis.yml,41,GRCW,uses: actions/checkout@v2,
microsoft_react-native-macos__.github__workflows__codeql-analysis.yml,41,UDW,uses: actions/checkout@v2,The external dependency 'actions/checkout@v2' is referenced through the mutable ref 'v2' instead of a full 40-character commit SHA. A change to or compromise of the upstream tag/branch could silently alter the code executed by this workflow.
microsoft_react-native-macos__.github__workflows__codeql-analysis.yml,45,UDW,uses: github/codeql-action/init@v2,The external dependency 'github/codeql-action/init@v2' is referenced through the mutable ref 'v2' instead of a full 40-character commit SHA. A change to or compromise of the upstream tag/branch could silently alter the code executed by this workflow.
microsoft_react-native-macos__.github__workflows__codeql-analysis.yml,56,UDW,uses: github/codeql-action/autobuild@v1,The external dependency 'github/codeql-action/autobuild@v1' is referenced through the mutable ref 'v1' instead of a full 40-character commit SHA. A change to or compromise of the upstream tag/branch could silently alter the code executed by this workflow.
microsoft_react-native-macos__.github__workflows__codeql-analysis.yml,70,UDW,uses: github/codeql-action/analyze@v2,The external dependency 'github/codeql-action/analyze@v2' is referenced through the mutable ref 'v2' instead of a full 40-character commit SHA. A change to or compromise of the upstream tag/branch could silently alter the code executed by this workflow.
microsoft_semantic-kernel__.github__workflows__label-discussions.yml,23,UDW,uses: octokit/graphql-action@v2.x,The external dependency 'octokit/graphql-action@v2.x' is referenced through the mutable ref 'v2.x' instead of a full 40-character commit SHA. A change to or compromise of the upstream tag/branch could silently alter the code executed by this workflow.
microsoft_semantic-kernel__.github__workflows__label-discussions.yml,51,UDW,uses: octokit/graphql-action@v2.x,The external dependency 'octokit/graphql-action@v2.x' is referenced through the mutable ref 'v2.x' instead of a full 40-character commit SHA. A change to or compromise of the upstream tag/branch could silently alter the code executed by this workflow.
microsoft_semantic-kernel__.github__workflows__label-discussions.yml,91,UDW,uses: octokit/graphql-action@v2.x,The external dependency 'octokit/graphql-action@v2.x' is referenced through the mutable ref 'v2.x' instead of a full 40-character commit SHA. A change to or compromise of the upstream tag/branch could silently alter the code executed by this workflow.
microsoft_typespec__.github__workflows__ci.yml,14,EPW,jobs:,"No permissions: block is declared at the workflow or job level, so the workflow does not explicitly restrict the GITHUB_TOKEN. Effective permissions depend on the repository default token settings, which may grant broad read/write scopes; the workflow itself does not enforce least privilege."
microsoft_typespec__.github__workflows__ci.yml,14,HGW,jobs:,"This workflow installs, builds, versions, and publishes preview packages (pkg-pr-new) for pull requests. This constitutes substantial CI/CD work, but the workflow integrates no security scanning, dependency/advisory auditing, or comparable control to detect vulnerable or malicious changes."
microsoft_typespec__.github__workflows__ci.yml,19,UDW,uses: actions/checkout@v4,The external dependency 'actions/checkout@v4' is referenced through the mutable ref 'v4' instead of a full 40-character commit SHA. A change to or compromise of the upstream tag/branch could silently alter the code executed by this workflow.
microsoft_typespec__.github__workflows__ci.yml,23,UDW,uses: actions/setup-dotnet@v5,The external dependency 'actions/setup-dotnet@v5' is referenced through the mutable ref 'v5' instead of a full 40-character commit SHA. A change to or compromise of the upstream tag/branch could silently alter the code executed by this workflow.
microsoft_windows-rs__.github__workflows__lib.yml,22,HGW,jobs:,"This workflow builds the windows-rs GNU/MSVC import libraries across architectures and uploads them. This constitutes substantial CI/CD work, but the workflow integrates no security scanning, dependency/advisory auditing, or comparable control to detect vulnerable or malicious changes."
microsoft_windows-rs__.github__workflows__lib.yml,27,UDW,uses: actions/checkout@v6,The external dependency 'actions/checkout@v6' is referenced through the mutable ref 'v6' instead of a full 40-character commit SHA. A change to or compromise of the upstream tag/branch could silently alter the code executed by this workflow.
microsoft_windows-rs__.github__workflows__lib.yml,65,UDW,uses: actions/upload-artifact@v7,The external dependency 'actions/upload-artifact@v7' is referenced through the mutable ref 'v7' instead of a full 40-character commit SHA. A change to or compromise of the upstream tag/branch could silently alter the code executed by this workflow.
