workflow,actionlint,frizbee,ggshield,pinny,poutine,scharf,scorecard,semgrep,zizmor
apple_axlearn__.github__workflows__build.yml,0,3,0,3,0,3,2,0,3
apple_axlearn__.github__workflows__pre-commit.yml,0,2,0,2,0,2,2,0,1
apple_axlearn__.github__workflows__stale.yml,0,1,0,1,0,1,2,0,0
apple_container__.github__workflows__common.yml,1,2,0,7,0,2,2,1,2
apple_container__.github__workflows__docs-release.yml,1,1,0,1,0,1,2,0,2
apple_container__.github__workflows__merge-build.yml,1,0,0,0,0,0,1,0,1
apple_container__.github__workflows__pr-build.yml,1,0,0,0,0,0,1,0,1
apple_container__.github__workflows__pr-label-analysis.yml,0,0,0,1,0,0,1,0,0
apple_container__.github__workflows__pr-label-apply.yml,0,0,0,3,0,0,1,0,2
apple_container__.github__workflows__release-build.yml,3,1,0,2,0,1,2,0,2
apple_container__.github__workflows__release.yml,3,1,0,2,0,1,2,0,2
apple_containerization__.github__workflows__build-test-images.yml,0,3,0,4,0,3,2,2,12
apple_containerization__.github__workflows__containerization-build-template.yml,1,1,0,6,0,1,2,1,3
apple_containerization__.github__workflows__containerization-build.yml,1,0,0,0,0,0,1,0,1
apple_containerization__.github__workflows__docs-release.yml,1,1,0,1,0,1,2,0,2
apple_containerization__.github__workflows__release.yml,3,2,0,2,0,2,2,0,2
apple_embedding-atlas__.github__workflows__ci.yml,0,16,0,16,0,15,2,0,4
apple_foundationdb__.github__workflows__windows-boost-test.yml,0,2,0,2,0,1,3,0,3
apple_password-manager-resources__.github__workflows__lint.yml,0,7,0,7,0,7,2,0,6
apple_pkl__.github__workflows____lockfile__.yml,1,0,0,0,0,8,1,0,2
apple_pkl__.github__workflows__build.yml,17,0,0,0,0,0,1,0,17
apple_pkl__.github__workflows__main.yml,18,0,0,0,0,0,1,0,18
apple_pkl__.github__workflows__prb.yml,14,0,0,0,6,0,1,0,0
apple_pkl__.github__workflows__release-branch.yml,17,0,0,0,0,0,1,0,17
apple_pkl__.github__workflows__release.yml,18,0,0,0,0,0,1,0,18
apple_pkl__.github__workflows__test_report.yml,0,0,0,0,0,0,1,0,1
apple_swift-algorithms__.github__workflows__pull_request.yml,0,1,0,3,0,1,2,0,1
apple_swift-argument-parser__.github__workflows__pull_request.yml,0,4,0,4,0,2,2,0,2
apple_swift-async-algorithms__.github__workflows__pull_request.yml,0,0,0,2,0,0,1,0,0
apple_swift-collections__.github__workflows__pull_request.yml,0,3,0,3,0,0,1,0,0
apple_swift-log__.github__workflows__main.yml,0,0,0,9,0,0,1,0,0
apple_swift-log__.github__workflows__pull_request.yml,0,1,0,10,0,0,1,0,0
apple_swift-log__.github__workflows__pull_request_label.yml,0,1,0,2,0,2,2,0,1
apple_swift-nio__.github__workflows__android_swift_sdk.yml,0,0,0,2,3,0,1,1,2
apple_swift-nio__.github__workflows__benchmarks.yml,0,0,0,2,1,0,2,1,1
apple_swift-nio__.github__workflows__cmake_tests.yml,0,0,0,0,2,0,2,2,4
apple_swift-nio__.github__workflows__cxx_interop.yml,0,0,0,2,1,0,2,1,2
apple_swift-nio__.github__workflows__macos_benchmarks.yml,0,0,0,0,0,0,2,2,4
apple_swift-nio__.github__workflows__macos_tests.yml,3,0,0,0,0,0,1,1,8
apple_swift-nio__.github__workflows__main.yml,0,0,0,10,1,0,2,0,0
apple_swift-nio__.github__workflows__pull_request.yml,0,1,0,12,1,0,2,0,0
apple_swift-nio__.github__workflows__pull_request_label.yml,0,0,0,0,0,0,1,0,0
apple_swift-nio__.github__workflows__release_builds.yml,0,0,0,2,1,0,2,1,2
apple_swift-nio__.github__workflows__static_sdk.yml,0,0,0,2,2,0,1,1,3
apple_swift-nio__.github__workflows__swift_6_language_mode.yml,0,0,0,0,0,0,1,0,0
apple_swift-nio__.github__workflows__swift_load_test_matrix.yml,0,0,0,2,0,0,1,1,1
apple_swift-nio__.github__workflows__swift_matrix.yml,0,0,0,0,1,0,2,2,6
apple_swift-nio__.github__workflows__swift_test_matrix.yml,0,0,0,0,0,0,1,0,16
apple_swift-nio__.github__workflows__unit_tests.yml,0,0,0,2,1,0,2,1,2
apple_swift-nio__.github__workflows__wasm_swift_sdk.yml,0,0,0,2,2,0,1,1,2
apple_swift-protobuf__.github__workflows__build.yml,0,5,0,5,0,5,2,0,9
apple_swift-protobuf__.github__workflows__check_upstream_protos.yml,0,2,0,2,0,2,2,0,2
apple_swift-protobuf__.github__workflows__head_conformance.yml,0,2,0,2,0,2,2,0,3
apple_swift-protobuf__.github__workflows__pull_request_label.yml,0,1,0,2,0,2,2,0,1
apple_swift-protobuf__.github__workflows__update_protobuf.yml,0,2,0,2,0,2,3,0,6
aws_amazon-ecs-agent__.github__workflows__gitsecrets.yml,0,1,0,1,0,1,2,0,1
aws_amazon-ecs-agent__.github__workflows__gomod.yml,0,2,0,2,0,2,2,0,1
aws_amazon-ecs-agent__.github__workflows__linux.yml,0,2,0,2,0,2,2,0,1
aws_amazon-ecs-agent__.github__workflows__static.yml,0,9,0,9,0,9,2,0,7
aws_amazon-ecs-agent__.github__workflows__windows.yml,2,3,0,3,0,3,2,0,2
aws_amazon-vpc-cni-k8s__.github__workflows__deps.yml,0,0,0,0,0,0,1,0,2
aws_amazon-vpc-cni-k8s__.github__workflows__generate-limits.yml,0,0,0,4,0,0,2,0,1
aws_amazon-vpc-cni-k8s__.github__workflows__integration-tests.yml,0,0,0,0,0,0,1,0,2
aws_amazon-vpc-cni-k8s__.github__workflows__issue-closed-message.yml,0,0,0,0,0,0,1,0,0
aws_amazon-vpc-cni-k8s__.github__workflows__issue-stale-pr.yml,0,0,0,0,0,0,1,0,0
aws_amazon-vpc-cni-k8s__.github__workflows__kops-test.yml,0,0,0,0,0,0,1,0,1
aws_amazon-vpc-cni-k8s__.github__workflows__nightly-cron-tests.yml,0,0,0,0,0,0,1,0,1
aws_amazon-vpc-cni-k8s__.github__workflows__pr-automated-tests.yml,0,0,0,0,0,0,2,0,3
aws_amazon-vpc-cni-k8s__.github__workflows__pr-manual-tests.yml,0,0,0,0,0,0,1,0,1
aws_amazon-vpc-cni-k8s__.github__workflows__release.yml,0,0,0,0,0,0,1,0,1
aws_amazon-vpc-cni-k8s__.github__workflows__soak-tests.yml,0,0,0,3,0,0,1,0,1
aws_amazon-vpc-cni-k8s__.github__workflows__weekly-cron-tests.yml,0,0,0,0,0,0,1,0,1
aws_aws-cdk__.github__workflows__analytics-metadata-updater.yml,1,2,0,2,1,2,4,1,5
aws_aws-cdk__.github__workflows__auto-approve.yml,0,1,0,1,0,1,3,0,2
aws_aws-cdk__.github__workflows__check-lfs.yml,0,1,0,1,0,1,3,0,2
aws_aws-cdk__.github__workflows__close-stale-issues.yml,0,1,0,1,0,1,3,0,1
aws_aws-cdk__.github__workflows__close-stale-prs.yml,0,0,0,1,0,1,3,0,1
aws_aws-cdk__.github__workflows__codebuild-pr-build.yml,0,7,0,7,1,7,3,0,6
aws_aws-cdk__.github__workflows__codecov-collect.yml,0,3,0,3,0,3,2,0,1
aws_aws-cdk__.github__workflows__codecov-upload.yml,0,3,0,3,0,3,3,0,3
aws_aws-cdk__.github__workflows__codeql.yml,1,3,0,3,1,3,2,0,1
aws_aws-cdk__.github__workflows__enum-auto-updater.yml,0,2,0,2,0,2,3,0,1
aws_aws-cdk__.github__workflows__enum-static-mapping-updater.yml,0,2,0,2,0,2,3,0,1
aws_aws-cdk__.github__workflows__github-merit-badger.yml,0,0,0,1,0,1,3,0,2
aws_aws-cdk__.github__workflows__handle-stale-discussions.yml,0,1,0,1,0,1,3,0,1
aws_aws-cdk__.github__workflows__integration-test-deployment-auto.yml,0,7,0,7,0,7,3,0,3
aws_aws-cdk__.github__workflows__integration-test-deployment.yml,0,6,0,6,5,6,3,1,3
aws_aws-cdk__.github__workflows__issue-label-assign.yml,0,0,0,3,0,3,3,0,4
aws_aws-cdk__.github__workflows__issue-regression-labeler.yml,0,1,0,1,0,1,3,0,1
aws_aws-cdk__.github__workflows__issue-reprioritization.yml,0,0,0,2,0,2,3,0,2
aws_aws-cdk__.github__workflows__issue-sync.yml,0,4,0,4,1,4,3,0,2
aws_aws-cdk__.github__workflows__lambda-runtime-tests.yml,1,2,0,2,1,2,4,1,5
aws_aws-cdk__.github__workflows__lock-issue-pr-with-message.yml,0,1,0,1,0,1,3,0,2
aws_aws-cdk__.github__workflows__pr-build.yml,1,6,0,6,1,6,3,0,5
aws_aws-cdk__.github__workflows__pr-labeler.yml,0,0,0,1,0,1,3,0,2
aws_aws-cdk__.github__workflows__pr-linter-exemption-labeler.yml,0,0,0,1,0,1,3,0,1
aws_aws-cdk__.github__workflows__pr-linter-review-trigger.yml,0,1,0,1,0,1,3,0,1
aws_aws-cdk__.github__workflows__pr-linter.yml,0,2,0,0,1,2,3,0,7
aws_aws-cdk__.github__workflows__project-prioritization-added-on.yml,0,2,0,2,0,2,3,0,2
aws_aws-cdk__.github__workflows__project-prioritization-assignment.yml,0,2,0,2,1,2,3,0,3
aws_aws-cdk__.github__workflows__project-prioritization-bug.yml,0,2,0,2,0,2,3,0,2
aws_aws-cdk__.github__workflows__project-prioritization-needs-attention.yml,0,2,0,2,0,2,3,0,2
aws_aws-cdk__.github__workflows__project-prioritization-r2-assignment.yml,0,2,0,2,0,2,3,0,2
aws_aws-cdk__.github__workflows__project-prioritization-r5-assignment.yml,0,2,0,2,0,2,3,0,2
aws_aws-cdk__.github__workflows__request-cli-integ-test.yml,0,2,0,4,1,2,4,2,5
aws_aws-cdk__.github__workflows__security-guardian.yml,0,2,0,0,0,2,3,0,4
aws_aws-cdk__.github__workflows__security-report.yml,0,5,0,5,0,5,3,0,3
aws_aws-cdk__.github__workflows__spec-update.yml,0,12,0,12,0,12,3,0,3
aws_aws-cdk__.github__workflows__sync-from-upstream.yml,0,2,0,2,0,2,3,0,4
aws_aws-cdk__.github__workflows__unlock-reopened-issue-pr-with-message.yml,0,1,0,1,0,1,3,0,2
aws_aws-cdk__.github__workflows__update-contributors.yml,0,3,0,3,0,3,3,0,4
aws_aws-cdk__.github__workflows__update-metadata-regions.yml,0,6,0,6,0,6,3,0,5
aws_aws-cdk__.github__workflows__yarn-upgrade-need-manual-work.yml,0,7,0,7,0,7,3,0,3
aws_aws-cdk__.github__workflows__yarn-upgrade.yml,0,7,0,7,0,7,3,0,5
aws_aws-cli__.github__workflows__changelog.yml,1,2,0,2,1,2,3,1,4
aws_aws-cli__.github__workflows__closed-issue-update.yml,0,2,0,2,0,2,2,0,2
aws_aws-cli__.github__workflows__doc-pr-cherry-pick.yml,0,0,0,0,0,0,2,0,1
aws_aws-cli__.github__workflows__fail-master-prs.yml,0,0,0,0,0,0,1,0,0
aws_aws-cli__.github__workflows__handle-stale-discussions.yml,0,1,0,1,0,1,3,0,1
aws_aws-cli__.github__workflows__issue-regression-labeler.yml,0,0,0,0,0,0,1,0,1
aws_aws-cli__.github__workflows__run-bundle-test.yml,0,2,0,2,0,2,2,0,1
aws_aws-cli__.github__workflows__run-dep-tests.yml,0,0,0,0,0,0,1,0,1
aws_aws-cli__.github__workflows__run-tests.yml,0,3,0,3,0,3,2,0,2
aws_aws-cli__.github__workflows__stale_community_prs.yml,0,0,0,3,0,0,1,0,1
aws_aws-cli__.github__workflows__stale_issue.yml,0,1,0,1,0,1,3,0,1
aws_aws-cli__.github__workflows__update-lockfiles.yml,0,2,0,2,0,2,3,0,1
aws_aws-lambda-go__.github__workflows__build-lambda-zip.yml,0,1,0,1,0,1,3,0,1
aws_aws-lambda-go__.github__workflows__codeql-analysis.yml,0,4,0,4,0,5,2,0,1
aws_aws-lambda-go__.github__workflows__lint.yml,0,3,0,3,0,3,3,0,2
aws_aws-lambda-go__.github__workflows__tests.yml,0,5,0,5,0,5,3,0,6
aws_aws-lambda-rust-runtime__.github__workflows__build-events.yml,0,7,0,7,0,6,2,0,7
aws_aws-lambda-rust-runtime__.github__workflows__build-extension.yml,0,4,0,4,0,4,2,0,4
aws_aws-lambda-rust-runtime__.github__workflows__build-integration-test.yml,0,1,0,1,0,1,2,0,1
aws_aws-lambda-rust-runtime__.github__workflows__build-runtime.yml,0,4,0,4,0,4,2,0,4
aws_aws-lambda-rust-runtime__.github__workflows__check-docs.yml,0,2,0,2,0,1,2,0,2
aws_aws-lambda-rust-runtime__.github__workflows__check-examples.yml,0,3,0,3,0,2,2,0,3
aws_aws-lambda-rust-runtime__.github__workflows__closed-issue-message.yml,0,1,0,1,0,1,2,0,1
aws_aws-lambda-rust-runtime__.github__workflows__dockerized-test.yml,0,3,0,4,0,3,2,0,4
aws_aws-lambda-rust-runtime__.github__workflows__format.yml,0,6,0,6,0,4,2,0,6
aws_aws-lambda-rust-runtime__.github__workflows__release-plz.yml,4,5,0,5,0,4,3,0,0
aws_aws-lambda-rust-runtime__.github__workflows__run-integration-test.yml,0,5,0,5,0,5,2,0,5
aws_aws-lambda-rust-runtime__.github__workflows__test-rie.yml,0,1,0,1,0,1,2,0,1
aws_aws-sam-cli__.github__workflows__automated-updates-to-sam-cli.yml,0,10,0,10,0,10,3,0,8
aws_aws-sam-cli__.github__workflows__build.yml,1,16,0,16,0,16,3,0,13
aws_aws-sam-cli__.github__workflows__close-issue-on-release.yml,0,0,0,0,0,0,2,0,2
aws_aws-sam-cli__.github__workflows__close-stale-issues.yml,0,1,0,1,0,1,3,0,1
aws_aws-sam-cli__.github__workflows__closed-issue-message.yml,0,1,0,1,0,1,3,0,1
aws_aws-sam-cli__.github__workflows__codeql.yml,0,4,0,4,0,4,2,0,1
aws_aws-sam-cli__.github__workflows__integration-tests.yml,0,14,0,14,0,14,2,1,14
aws_aws-sam-cli__.github__workflows__notify-slack.yml,0,0,0,0,0,0,2,0,0
aws_aws-sam-cli__.github__workflows__pr-labeler.yml,0,2,0,3,0,2,3,0,1
aws_aws-sam-cli__.github__workflows__sync-to-mirror-repo.yml,0,1,0,1,0,1,3,0,1
aws_aws-sam-cli__.github__workflows__update-reproducibles.yml,0,3,0,3,0,3,3,0,2
aws_aws-sam-cli__.github__workflows__validate_pyinstaller.yml,0,6,0,6,0,6,3,0,5
aws_aws-sdk-cpp__.github__workflows__clang-format.yml,0,1,0,1,3,1,2,0,1
aws_aws-sdk-cpp__.github__workflows__closed-issue-message.yml,0,1,0,1,0,1,2,0,1
aws_aws-sdk-cpp__.github__workflows__cspell.yml,1,1,0,1,0,1,2,0,1
aws_aws-sdk-cpp__.github__workflows__handle-stale-discussions.yml,0,1,0,1,0,1,3,0,1
aws_aws-sdk-cpp__.github__workflows__issue-regression-labeler.yml,1,3,0,3,0,3,3,0,0
aws_aws-sdk-cpp__.github__workflows__pull-request-build.yml,0,0,0,1,0,1,3,0,1
aws_aws-sdk-cpp__.github__workflows__stale_issue.yml,0,1,0,1,0,1,2,0,1
aws_aws-sdk-go-v2__.github__workflows__closed-issue-message.yml,0,1,0,1,0,1,2,0,1
aws_aws-sdk-go-v2__.github__workflows__codegen.yml,3,3,0,3,0,3,2,0,1
aws_aws-sdk-go-v2__.github__workflows__go.yml,6,6,0,6,0,6,2,0,3
aws_aws-sdk-go-v2__.github__workflows__handle-stale-discussions.yml,0,1,0,1,0,1,3,0,1
aws_aws-sdk-go-v2__.github__workflows__integration-tests.yml,0,2,0,2,0,2,2,0,2
aws_aws-sdk-go-v2__.github__workflows__issue-regression-labeler.yml,0,1,0,1,0,1,3,0,1
aws_aws-sdk-go-v2__.github__workflows__license-check.yml,4,4,0,4,0,4,2,0,3
aws_aws-sdk-go-v2__.github__workflows__slack.yml,0,0,0,0,0,0,1,0,0
aws_aws-sdk-go-v2__.github__workflows__snapshot.yml,2,2,0,2,0,2,2,0,1
aws_aws-sdk-go-v2__.github__workflows__stale_issue.yml,0,1,0,1,0,1,2,0,1
aws_aws-sdk-java-v2__.github__workflows__api-surface-area-review-verification.yml,0,1,0,1,0,1,2,0,3
aws_aws-sdk-java-v2__.github__workflows__changelog-verification.yml,0,1,0,1,0,1,2,0,4
aws_aws-sdk-java-v2__.github__workflows__closed-issue-message.yml,0,1,0,1,0,1,3,0,1
aws_aws-sdk-java-v2__.github__workflows__codebuild-ci-integration-tests.yml,0,2,0,2,0,2,2,0,2
aws_aws-sdk-java-v2__.github__workflows__codebuild-ci.yml,0,20,0,20,0,20,2,0,21
aws_aws-sdk-java-v2__.github__workflows__codeql.yml,0,3,0,0,0,4,2,0,1
aws_aws-sdk-java-v2__.github__workflows__handle-stale-discussions.yml,0,1,0,1,0,1,3,0,1
aws_aws-sdk-java-v2__.github__workflows__issue-regression-labeler.yml,0,1,0,1,0,1,3,0,1
aws_aws-sdk-java-v2__.github__workflows__lock-conversation-closed-pr.yml,0,1,0,1,0,1,3,0,0
aws_aws-sdk-java-v2__.github__workflows__merge-queue-metric.yml,0,2,0,2,0,2,2,0,3
aws_aws-sdk-java-v2__.github__workflows__mixed-version-compatibility-review.yml,0,1,0,1,0,1,2,0,5
aws_aws-sdk-java-v2__.github__workflows__new-module-verification.yml,0,1,0,1,0,1,2,0,4
aws_aws-sdk-java-v2__.github__workflows__s3-regression-tests.yml,0,13,0,13,0,13,2,0,17
aws_aws-sdk-java-v2__.github__workflows__stale-issue.yml,0,1,0,1,0,1,3,0,1
aws_aws-sdk-java__.github__workflows__closed-issue-message.yml,0,1,0,1,0,1,3,0,1
aws_aws-sdk-java__.github__workflows__issue-regression-labeler.yml,0,1,0,1,0,1,3,0,1
aws_aws-sdk-java__.github__workflows__stale-issue.yml,0,1,0,1,0,1,3,0,1
aws_aws-sdk-js-v3__.github__workflows__closed-issue-message.yml,0,1,0,1,0,1,3,0,1
aws_aws-sdk-js-v3__.github__workflows__codegen-ci.yml,0,3,0,3,0,3,3,0,3
aws_aws-sdk-js-v3__.github__workflows__commit-message-lint.yml,0,2,0,2,0,2,3,0,3
aws_aws-sdk-js-v3__.github__workflows__git-sync.yml,0,1,0,1,0,1,3,0,2
aws_aws-sdk-js-v3__.github__workflows__handle-stale-discussions.yml,0,1,0,1,0,1,3,0,1
aws_aws-sdk-js-v3__.github__workflows__issue-regression-labeler.yml,0,1,0,1,0,1,3,0,1
aws_aws-sdk-js-v3__.github__workflows__lock.yml,1,1,0,1,0,1,3,0,1
aws_aws-sdk-js-v3__.github__workflows__pre-commit-hooks.yml,0,2,0,2,0,2,3,0,2
aws_aws-sdk-js-v3__.github__workflows__pull-request-build.yml,0,1,0,1,0,1,3,0,1
aws_aws-sdk-js-v3__.github__workflows__stale_issues.yml,0,1,0,1,0,1,3,0,1
aws_aws-sdk-js__.github__workflows__git-sync.yml,0,1,0,1,0,1,3,0,2
aws_aws-sdk-js__.github__workflows__handle-stale-discussions.yml,0,1,0,1,0,1,3,0,1
aws_aws-sdk-js__.github__workflows__issue-regression-labeler.yml,0,1,0,1,0,1,3,0,0
aws_aws-sdk-js__.github__workflows__stale_issues.yml,0,1,0,1,0,1,3,0,2
aws_aws-sdk-pandas__.github__workflows__bandit.yml,0,2,0,2,0,2,2,0,1
aws_aws-sdk-pandas__.github__workflows__cfn-nag.yml,0,6,0,7,0,7,2,0,4
aws_aws-sdk-pandas__.github__workflows__check-pytest-xfails.yml,0,1,0,1,0,1,2,0,1
aws_aws-sdk-pandas__.github__workflows__dependabot-prs.yml,0,1,0,1,0,1,3,0,1
aws_aws-sdk-pandas__.github__workflows__git-hygiene.yml,0,1,0,1,0,1,3,0,0
aws_aws-sdk-pandas__.github__workflows__minimal-tests.yml,0,3,0,3,0,3,2,0,2
aws_aws-sdk-pandas__.github__workflows__minimum-response-time.yml,0,1,0,1,0,0,3,0,1
aws_aws-sdk-pandas__.github__workflows__pr-linter.yml,0,1,0,1,0,1,3,0,2
aws_aws-sdk-pandas__.github__workflows__publish.yml,0,4,0,4,0,3,2,0,3
aws_aws-sdk-pandas__.github__workflows__snyk.yml,0,2,0,3,0,2,2,0,2
aws_aws-sdk-pandas__.github__workflows__static-checking.yml,0,3,0,3,0,3,2,0,2
aws_aws-sdk-pandas__.github__workflows__unlabel-assigned-issue.yml,0,0,0,1,0,1,2,0,1
aws_aws-sdk-php__.github__workflows__closed-issue-message.yml,0,1,0,1,0,1,2,0,1
aws_aws-sdk-php__.github__workflows__coverage.yml,1,3,0,3,0,3,2,0,3
aws_aws-sdk-php__.github__workflows__docs-build.yml,0,2,0,2,0,2,2,0,2
aws_aws-sdk-php__.github__workflows__git-secrets-scan.yml,0,1,0,1,0,1,2,0,4
aws_aws-sdk-php__.github__workflows__handle-stale-discussions.yml,0,1,0,1,0,1,3,0,1
aws_aws-sdk-php__.github__workflows__issue-regression-labeler.yml,0,1,0,1,0,1,3,0,1
aws_aws-sdk-php__.github__workflows__model-changes.yml,0,1,0,1,0,1,2,0,2
aws_aws-sdk-php__.github__workflows__stale_issues.yml,0,1,0,1,0,1,2,0,1
aws_aws-sdk-php__.github__workflows__tests-windows.yml,0,2,0,2,0,2,2,0,2
aws_aws-sdk-php__.github__workflows__tests.yml,0,2,0,2,0,2,2,0,2
aws_aws-sdk-ruby__.github__workflows__benchmark.yml,0,3,0,4,0,4,2,0,4
aws_aws-sdk-ruby__.github__workflows__changelog.yml,0,0,0,2,0,1,2,0,1
aws_aws-sdk-ruby__.github__workflows__ci.yml,0,4,0,4,0,4,2,0,4
aws_aws-sdk-ruby__.github__workflows__closed-issue-message.yml,0,1,0,1,0,1,2,0,1
aws_aws-sdk-ruby__.github__workflows__depsreview.yml,0,2,0,2,0,2,2,0,1
aws_aws-sdk-ruby__.github__workflows__handle-stale-discussions.yml,0,1,0,1,0,1,3,0,1
aws_aws-sdk-ruby__.github__workflows__issue-regression-labeler.yml,0,1,0,1,0,1,3,0,1
aws_aws-sdk-ruby__.github__workflows__pull-request-build.yml,1,1,0,2,0,2,3,0,3
aws_aws-sdk-ruby__.github__workflows__stale_issues.yml,0,1,0,1,0,1,2,0,1
aws_chalice__.github__workflows__run-tests.yml,5,5,0,7,0,7,3,0,5
aws_chalice__.github__workflows__stale-issue.yml,0,1,0,1,0,1,3,0,2
aws_containers-roadmap__.github__workflows__stale.yml,1,1,0,1,0,1,3,0,1
aws_copilot-cli__.github__workflows__ci.yml,14,14,0,14,0,14,3,0,12
aws_copilot-cli__.github__workflows__ci_size_computer.yml,4,5,0,5,0,5,3,0,13
aws_copilot-cli__.github__workflows__ci_size_writer.yml,3,4,0,4,0,4,3,0,5
aws_copilot-cli__.github__workflows__commit.yml,5,5,0,5,0,5,3,0,4
aws_copilot-cli__.github__workflows__doc_builder.yml,1,1,0,2,0,1,3,0,2
aws_copilot-cli__.github__workflows__homebrew.yml,3,6,0,6,0,6,3,0,10
aws_copilot-cli__.github__workflows__stale.yml,1,1,0,1,0,1,2,0,0
aws_eks-anywhere__.github__workflows__go-coverage.yml,0,3,0,3,0,3,2,0,3
aws_eks-anywhere__.github__workflows__golangci-lint.yml,0,3,0,3,0,3,2,0,3
aws_eks-anywhere__.github__workflows__label.yml,0,1,0,1,0,1,3,0,1
aws_eks-anywhere__.github__workflows__stale-labeler.yml,0,1,0,1,0,1,2,0,0
aws_eks-anywhere__.github__workflows__vulnerability.yml,0,5,0,5,0,5,2,0,4
aws_jsii__.github__workflows__auto-approve.yml,0,0,0,0,0,0,2,0,0
aws_jsii__.github__workflows__close-stale-issues.yml,0,1,0,1,0,1,3,0,1
aws_jsii__.github__workflows__closed-issue-message.yml,0,1,0,1,0,1,3,0,1
aws_jsii__.github__workflows__gh-pages.yml,0,5,0,5,0,5,3,0,2
aws_jsii__.github__workflows__handle-stale-discussions.yml,0,1,0,1,0,1,3,0,1
aws_jsii__.github__workflows__issue-regression-labeler.yml,0,1,0,1,0,1,3,0,1
aws_jsii__.github__workflows__main.yml,0,30,0,30,0,30,3,0,21
aws_jsii__.github__workflows__pull-request-lint.yml,0,1,0,1,0,1,3,0,2
aws_jsii__.github__workflows__yarn-upgrade.yml,0,6,0,6,0,6,3,0,7
aws_karpenter-provider-aws__.github__workflows__approval-comment.yml,0,0,0,0,0,0,2,0,2
aws_karpenter-provider-aws__.github__workflows__ci-test.yml,0,0,0,0,0,0,2,0,2
aws_karpenter-provider-aws__.github__workflows__ci.yml,0,0,0,0,0,0,2,0,2
aws_karpenter-provider-aws__.github__workflows__codegen.yml,0,0,0,3,0,1,2,0,1
aws_karpenter-provider-aws__.github__workflows__codeql-analysis.yml,0,0,0,7,0,4,1,0,2
aws_karpenter-provider-aws__.github__workflows__dryrun-gen-pr.yml,0,0,0,0,0,0,2,0,2
aws_karpenter-provider-aws__.github__workflows__dryrun-gen.yml,0,0,0,0,0,1,2,0,1
aws_karpenter-provider-aws__.github__workflows__e2e-cleanup.yml,0,0,0,0,0,1,2,0,1
aws_karpenter-provider-aws__.github__workflows__e2e-matrix-trigger.yml,2,0,0,0,0,1,2,0,3
aws_karpenter-provider-aws__.github__workflows__e2e-matrix.yml,2,0,0,0,0,2,2,0,0
aws_karpenter-provider-aws__.github__workflows__e2e-private-cluster-trigger.yml,1,0,0,0,0,1,2,0,0
aws_karpenter-provider-aws__.github__workflows__e2e-scale-trigger.yml,2,0,0,0,0,1,2,0,3
aws_karpenter-provider-aws__.github__workflows__e2e-soak-trigger.yml,1,0,0,0,0,2,2,0,1
aws_karpenter-provider-aws__.github__workflows__e2e-upgrade.yml,0,0,0,0,10,1,2,0,12
aws_karpenter-provider-aws__.github__workflows__e2e-version-compatibility-trigger.yml,2,0,0,0,0,1,2,0,3
aws_karpenter-provider-aws__.github__workflows__e2e.yml,0,0,0,0,9,1,2,0,12
aws_karpenter-provider-aws__.github__workflows__image-canary.yml,0,0,0,0,0,1,2,0,1
aws_karpenter-provider-aws__.github__workflows__postsubmit.yml,0,0,0,1,0,0,2,0,2
aws_karpenter-provider-aws__.github__workflows__release.yml,0,0,0,0,0,2,2,0,1
aws_karpenter-provider-aws__.github__workflows__resolve-args.yml,0,0,0,0,0,0,2,0,1
aws_karpenter-provider-aws__.github__workflows__resource-count.yml,0,0,0,0,0,1,1,0,1
aws_karpenter-provider-aws__.github__workflows__snapshot-pr.yml,0,0,0,0,0,0,2,0,5
aws_karpenter-provider-aws__.github__workflows__snapshot.yml,0,0,0,0,0,1,2,0,1
aws_karpenter-provider-aws__.github__workflows__stale.yml,0,0,0,0,0,2,2,0,0
aws_karpenter-provider-aws__.github__workflows__sweeper.yml,0,0,0,0,0,1,2,0,1
aws_karpenter-provider-aws__.github__workflows__website-cleanup-preview.yml,0,0,0,0,0,0,2,0,6
aws_karpenter-provider-aws__.github__workflows__website-deploy.yml,0,0,0,0,0,0,2,0,1
aws_karpenter-provider-aws__.github__workflows__website-preview-trigger.yml,0,0,0,0,0,0,2,0,2
aws_karpenter-provider-aws__.github__workflows__website-preview.yml,0,0,0,0,3,0,2,0,5
aws_s2n-tls__.github__workflows__boringssl-fork-freshness.yml,0,1,0,1,0,1,3,0,2
aws_s2n-tls__.github__workflows__ci_aws_kms_tls_auth.yml,0,3,0,3,0,3,2,0,3
aws_s2n-tls__.github__workflows__ci_compliance.yml,0,2,0,2,0,2,3,0,2
aws_s2n-tls__.github__workflows__ci_freebsd.yml,0,2,0,3,0,3,2,0,2
aws_s2n-tls__.github__workflows__ci_linting.yml,0,13,0,13,0,13,2,0,12
aws_s2n-tls__.github__workflows__ci_openbsd.yml,0,2,0,3,0,3,2,0,2
aws_s2n-tls__.github__workflows__ci_pr_title.yml,0,2,0,2,0,2,2,0,2
aws_s2n-tls__.github__workflows__ci_rust.yml,0,29,0,29,0,29,2,0,30
aws_s2n-tls__.github__workflows__codebuild.yml,0,3,0,3,0,3,3,0,5
aws_s2n-tls__.github__workflows__codeql.yml,0,5,0,5,0,5,2,0,2
aws_s2n-tls__.github__workflows__dashboard.yml,0,4,0,4,0,4,3,0,4
aws_s2n-tls__.github__workflows__dependencies.yml,0,3,0,3,0,3,3,0,3
aws_s2n-tls__.github__workflows__docs.yml,0,5,0,5,0,5,3,0,6
aws_s2n-tls__.github__workflows__gha_osx_tests.yml,0,1,0,1,0,1,2,0,1
aws_s2n-tls__.github__workflows__policy_snapshot.yml,0,1,0,1,0,1,2,0,1
aws_s2n-tls__.github__workflows__private_sync.yml,0,1,0,3,0,3,3,0,2
aws_s2n-tls__.github__workflows__proof_ci.yml,1,2,0,2,1,2,3,0,5
aws_s2n-tls__.github__workflows__regression_ci.yml,0,2,0,2,0,2,2,0,1
aws_s2n-tls__.github__workflows__seccomp.yml,0,2,0,2,0,2,2,0,2
aws_s2n-tls__.github__workflows__stale.yml,0,1,0,1,0,1,3,0,0
aws_s2n-tls__.github__workflows__team_label.yml,0,1,0,1,0,1,2,0,2
aws_s2n-tls__.github__workflows__usage_guide.yml,0,6,0,6,0,5,3,0,6
aws_sagemaker-python-sdk__.github__workflows__ci-health.yml,0,4,0,4,0,4,2,0,5
aws_sagemaker-python-sdk__.github__workflows__codeql.yml,0,0,0,3,0,0,1,0,1
aws_sagemaker-python-sdk__.github__workflows__pr-checks-master-v2.yml,0,7,0,7,0,7,2,0,11
aws_sagemaker-python-sdk__.github__workflows__pr-checks-master.yml,1,8,0,8,0,8,3,1,13
aws_sagemaker-python-sdk__.github__workflows__security-monitoring.yml,0,0,0,4,0,0,1,0,7
aws_serverless-application-model__.github__workflows__build.yml,0,2,0,2,0,2,3,0,2
aws_serverless-application-model__.github__workflows__check_compatibility.yml,0,3,0,3,0,3,3,0,3
aws_serverless-application-model__.github__workflows__close_issue_message.yml,0,1,0,1,0,1,3,0,1
aws_serverless-application-model__.github__workflows__codeql.yml,0,4,0,4,0,4,2,0,1
aws_serverless-application-model__.github__workflows__schema.yml,0,2,0,2,0,2,3,0,1
awslabs_agent-squad__.github__workflows__npm-publish.yml,0,0,0,2,0,0,3,0,2
awslabs_agent-squad__.github__workflows__on-docs-update.yml,0,3,0,4,0,3,2,0,4
awslabs_agent-squad__.github__workflows__on-issue-opened.yml,0,0,0,0,0,0,1,0,0
awslabs_agent-squad__.github__workflows__on-push.yml,1,0,0,0,0,0,1,0,1
awslabs_agent-squad__.github__workflows__pr-issue-link-checker.yml,1,1,0,1,0,1,3,0,1
awslabs_agent-squad__.github__workflows__py-run-tests.yml,0,0,0,0,0,0,2,0,1
awslabs_agent-squad__.github__workflows__pypi-publish.yml,0,0,0,2,0,0,3,0,2
awslabs_agent-squad__.github__workflows__ts-run-lint.yml,0,0,0,0,0,0,2,0,1
awslabs_agent-squad__.github__workflows__ts-run-security-checks.yml,0,2,0,2,1,2,2,0,2
awslabs_agent-squad__.github__workflows__ts-run-tests.yml,0,0,0,0,0,0,2,0,1
awslabs_amazon-bedrock-agentcore-samples__.github__workflows__ash-full-repository-scan.yml,1,4,0,4,0,4,2,0,4
awslabs_amazon-bedrock-agentcore-samples__.github__workflows__ash-security-comment.yml,0,2,0,2,1,2,2,0,3
awslabs_amazon-bedrock-agentcore-samples__.github__workflows__ash-security-scan.yml,1,4,0,4,0,4,2,0,5
awslabs_amazon-bedrock-agentcore-samples__.github__workflows__codeql.yml,0,3,0,0,0,4,2,0,1
awslabs_amazon-bedrock-agentcore-samples__.github__workflows__dependabot.yml,0,0,0,1,0,0,1,0,0
awslabs_amazon-bedrock-agentcore-samples__.github__workflows__js-lint.yml,0,3,0,3,0,3,2,0,5
awslabs_amazon-bedrock-agentcore-samples__.github__workflows__label.yml,1,1,0,1,0,1,3,0,1
awslabs_amazon-bedrock-agentcore-samples__.github__workflows__python-lint.yml,0,4,0,4,0,4,2,0,6
awslabs_amazon-ecr-credential-helper__.github__workflows__build.yml,0,5,0,5,0,5,3,0,8
awslabs_amazon-ecr-credential-helper__.github__workflows__check-links.yml,0,2,0,2,0,2,3,0,3
awslabs_amazon-ecr-credential-helper__.github__workflows__codeql.yml,0,3,0,3,0,3,2,0,1
awslabs_amazon-ecr-credential-helper__.github__workflows__new-pull-requests.yml,0,1,0,1,0,1,2,0,1
awslabs_amazon-ecr-credential-helper__.github__workflows__review-dependencies.yml,0,2,0,2,0,2,3,0,1
awslabs_amazon-eks-ami__.github__workflows__bot-trigger.yml,0,0,0,0,0,0,2,0,2
awslabs_amazon-eks-ami__.github__workflows__ci-auto.yml,0,0,0,0,0,0,1,0,9
awslabs_amazon-eks-ami__.github__workflows__ci-canary.yml,1,0,0,0,0,0,1,0,1
awslabs_amazon-eks-ami__.github__workflows__ci-manual.yml,1,0,0,0,0,0,1,1,14
awslabs_amazon-eks-ami__.github__workflows__ci.yml,0,0,0,0,0,0,2,1,4
awslabs_amazon-eks-ami__.github__workflows__dependency-review.yml,0,0,0,0,0,0,2,0,3
awslabs_amazon-eks-ami__.github__workflows__deploy-docs.yml,0,0,0,0,0,0,3,0,1
awslabs_amazon-eks-ami__.github__workflows__janitor.yml,0,0,0,0,0,0,1,0,3
awslabs_amazon-eks-ami__.github__workflows__stale.yml,0,1,0,1,0,1,3,0,0
awslabs_amazon-eks-ami__.github__workflows__sync-eni-max-pods.yml,0,0,0,0,0,0,2,0,2
awslabs_amazon-eks-ami__.github__workflows__sync-to-codecommit.yml,0,0,0,0,0,0,2,0,1
awslabs_amazon-eks-ami__.github__workflows__update-changelog.yml,0,0,0,0,0,0,2,0,5
awslabs_amazon-eks-ami__.github__workflows__update-dependency.yml,0,0,0,0,0,0,1,0,1
awslabs_aws-lambda-web-adapter__.github__workflows__benchmark.yml,0,5,0,5,0,5,2,0,3
awslabs_aws-lambda-web-adapter__.github__workflows__changelog.yml,0,3,0,3,0,3,3,0,3
awslabs_aws-lambda-web-adapter__.github__workflows__commitlint.yml,0,2,0,2,0,2,2,0,1
awslabs_aws-lambda-web-adapter__.github__workflows__docs.yml,0,3,0,3,0,3,2,0,3
awslabs_aws-lambda-web-adapter__.github__workflows__examples.yml,3,14,0,14,2,14,2,0,8
awslabs_aws-lambda-web-adapter__.github__workflows__merge.yml,5,36,0,36,4,36,2,0,24
awslabs_aws-lambda-web-adapter__.github__workflows__pr.yml,1,6,0,6,0,6,2,0,5
awslabs_aws-lambda-web-adapter__.github__workflows__release.yml,9,78,0,78,0,78,2,0,122
awslabs_aws-lambda-web-adapter__.github__workflows__security_audit.yml,0,2,0,2,0,2,3,0,3
awslabs_aws-sdk-rust__.github__workflows__audit.yml,2,2,0,4,0,4,2,0,4
awslabs_aws-sdk-rust__.github__workflows__canary.yml,0,4,0,6,0,6,3,0,8
awslabs_aws-sdk-rust__.github__workflows__ci.yml,4,4,0,9,0,6,2,0,8
awslabs_aws-sdk-rust__.github__workflows__closed-issue-message.yml,0,1,0,1,0,1,2,0,1
awslabs_aws-sdk-rust__.github__workflows__handle-stale-discussions.yml,0,1,0,1,0,1,3,0,1
awslabs_aws-sdk-rust__.github__workflows__issue-regression-labeler.yml,0,1,0,1,0,1,3,0,1
awslabs_aws-sdk-rust__.github__workflows__release-checks.yml,0,2,0,2,0,2,2,0,2
awslabs_aws-sdk-rust__.github__workflows__stale_issue.yml,0,1,0,1,0,1,2,0,1
awslabs_aws-well-architected-labs__.github__workflows__cfn_nag.yml,2,2,0,6,0,5,3,0,6
awslabs_deequ__.github__workflows__maven.yml,2,2,0,2,0,2,3,0,2
awslabs_deequ__.github__workflows__publish.yml,0,0,0,0,0,0,1,0,1
awslabs_git-secrets__.github__workflows__test.yml,1,1,0,1,0,1,3,0,2
awslabs_gluonts__.github__workflows__codeql.yml,4,4,0,4,0,4,2,0,1
awslabs_gluonts__.github__workflows__docs.yml,3,4,0,4,0,4,3,0,3
awslabs_gluonts__.github__workflows__doctests.yml,2,2,0,2,0,2,3,0,2
awslabs_gluonts__.github__workflows__lints.yml,2,2,0,2,0,2,3,0,2
awslabs_gluonts__.github__workflows__pypi.yml,1,3,0,3,0,2,3,0,4
awslabs_gluonts__.github__workflows__style_type_checks.yml,2,3,0,3,0,3,3,0,3
awslabs_gluonts__.github__workflows__tests-nixtla.yml,2,2,0,2,0,2,3,0,2
awslabs_gluonts__.github__workflows__tests-nursery.yml,2,2,0,2,0,2,3,0,2
awslabs_gluonts__.github__workflows__tests-prophet.yml,2,2,0,2,0,2,3,0,2
awslabs_gluonts__.github__workflows__tests-r.yml,2,3,0,3,0,3,3,0,3
awslabs_gluonts__.github__workflows__tests-torch.yml,2,2,0,2,0,2,3,0,2
awslabs_gluonts__.github__workflows__tests-xgboost.yml,2,2,0,2,0,2,3,0,2
awslabs_gluonts__.github__workflows__tests.yml,2,2,0,2,0,2,3,0,2
awslabs_llrt__.github__workflows__build-modules.yml,0,3,0,3,0,3,2,1,6
awslabs_llrt__.github__workflows__build.yml,0,6,0,6,0,6,3,4,16
awslabs_llrt__.github__workflows__ci.yml,2,2,0,2,0,2,3,0,6
awslabs_llrt__.github__workflows__publish.yml,0,2,0,2,0,2,3,0,2
awslabs_llrt__.github__workflows__release.yml,2,2,0,2,0,2,3,0,4
awslabs_mcp__.github__workflows__aws-api-mcp-upgrade-version.yml,2,0,0,0,0,0,1,0,10
awslabs_mcp__.github__workflows__bandit.yml,0,0,0,0,0,0,1,0,1
awslabs_mcp__.github__workflows__cfn_nag.yml,0,0,0,0,0,0,1,0,1
awslabs_mcp__.github__workflows__check-gh-pages-builds.yml,0,0,0,0,0,0,1,0,1
awslabs_mcp__.github__workflows__check-license-header.yml,0,0,0,0,0,0,1,0,1
awslabs_mcp__.github__workflows__checkov.yml,0,0,0,0,0,0,1,0,1
awslabs_mcp__.github__workflows__codeql.yml,0,0,0,0,0,1,0,0,1
awslabs_mcp__.github__workflows__dependency-review-action.yml,0,0,0,0,0,1,1,0,1
awslabs_mcp__.github__workflows__gh-pages.yml,0,0,0,0,0,0,1,0,1
awslabs_mcp__.github__workflows__merge-prevention.yml,1,0,0,0,0,0,1,0,0
awslabs_mcp__.github__workflows__powershell.yml,0,0,0,0,0,0,1,0,1
awslabs_mcp__.github__workflows__pre-commit.yml,1,0,0,0,0,0,1,0,3
awslabs_mcp__.github__workflows__pull-request-lint.yml,0,0,0,0,0,0,1,0,1
awslabs_mcp__.github__workflows__python.yml,0,0,0,0,0,0,1,0,9
awslabs_mcp__.github__workflows__release-initiate-branch.yml,2,0,0,0,0,0,1,0,14
awslabs_mcp__.github__workflows__release-merge-tag.yml,2,0,0,0,0,0,1,0,2
awslabs_mcp__.github__workflows__release.yml,2,0,0,0,0,0,1,0,17
awslabs_mcp__.github__workflows__scanners.yml,0,0,0,0,0,0,1,0,1
awslabs_mcp__.github__workflows__scorecard-analysis.yml,0,0,0,0,0,0,1,0,0
awslabs_mcp__.github__workflows__semgrep.yml,0,0,0,0,0,0,1,0,1
awslabs_mcp__.github__workflows__stale.yml,0,0,0,0,0,0,1,0,0
awslabs_mcp__.github__workflows__trivy.yml,0,0,0,0,0,0,1,0,18
awslabs_mcp__.github__workflows__typescript.yml,0,0,0,0,0,0,1,0,3
awslabs_mountpoint-s3__.github__workflows__bench.yml,3,14,0,14,15,14,3,0,11
awslabs_mountpoint-s3__.github__workflows__bench_main.yml,2,0,0,0,0,0,2,0,2
awslabs_mountpoint-s3__.github__workflows__bench_pr.yml,2,0,0,0,0,0,2,0,3
awslabs_mountpoint-s3__.github__workflows__bench_s3express.yml,2,9,0,9,10,9,3,0,7
awslabs_mountpoint-s3__.github__workflows__crates.yml,0,2,0,2,0,2,2,0,2
awslabs_mountpoint-s3__.github__workflows__integration.yml,0,23,0,23,14,23,2,0,19
awslabs_mountpoint-s3__.github__workflows__integration_main.yml,1,0,0,0,0,0,1,0,0
awslabs_mountpoint-s3__.github__workflows__integration_pr.yml,1,0,0,0,0,0,1,0,1
awslabs_mountpoint-s3__.github__workflows__merge_queue_dco_mock.yml,0,0,0,0,0,0,1,0,0
awslabs_mountpoint-s3__.github__workflows__notify_slack.yml,0,2,0,2,0,2,2,0,3
awslabs_mountpoint-s3__.github__workflows__package.yml,0,3,0,3,0,3,2,0,2
awslabs_mountpoint-s3__.github__workflows__release.yml,0,2,0,2,0,2,3,0,2
awslabs_mountpoint-s3__.github__workflows__tests.yml,0,39,0,39,0,39,2,0,30
Azure_AKS__.github__workflows__codespell.yml,1,1,0,2,0,2,2,0,2
Azure_AKS__.github__workflows__website-check.yml,0,0,0,0,0,0,3,0,4
Azure_AKS__.github__workflows__website-publish.yml,0,4,0,4,0,4,3,0,3
Azure_autorest__.github__workflows__codeql.yml,3,4,0,4,0,4,2,0,1
Azure_autorest__.github__workflows__consitency-checks.yml,0,2,0,2,0,2,3,0,2
Azure_autorest__.github__workflows__prepare-auto-release-branch.yml,0,2,0,2,0,2,3,0,1
Azure_azure-cli__.github__workflows__AddIssueComment.yml,0,1,0,1,0,1,3,0,1
Azure_azure-cli__.github__workflows__AddIssueCommentWithLabel.yml,0,2,0,2,0,2,3,0,2
Azure_azure-cli__.github__workflows__AddPRComment.yml,0,0,0,0,1,0,1,0,1
Azure_azure-cli__.github__workflows__AzdevLinter.yml,0,1,0,1,0,1,2,0,2
Azure_azure-cli__.github__workflows__AzdevStyle.yml,0,1,0,1,0,1,2,0,2
Azure_azure-cli__.github__workflows__BlockPRMerge.yml,0,1,0,1,1,1,3,0,2
Azure_azure-cli__.github__workflows__CCOA.yml,0,1,0,1,0,1,2,0,1
Azure_azure-cli__.github__workflows__GitHookNotice.yml,0,2,0,2,0,2,2,0,3
Azure_azure-cli__.github__workflows__RunIssueSentinel.yml,0,1,0,1,0,1,3,0,1
Azure_azure-cli__.github__workflows__TriggerReferenceDocsCI.yml,0,1,0,1,0,1,2,0,1
Azure_azure-functions-host__.github__workflows__backport.yml,3,3,0,3,1,3,3,0,3
Azure_azure-functions-host__.github__workflows__dependency-review.yml,0,2,0,2,0,2,2,0,1
Azure_azure-functions-host__.github__workflows__round-robin-assign.yml,0,0,0,0,0,0,2,0,0
Azure_azure-powershell__.github__workflows__issue-metrics.yml,0,2,0,2,0,2,2,0,1
Azure_azure-powershell__.github__workflows__issue-sentinel.yml,0,1,0,1,0,1,3,0,1
Azure_azure-powershell__.github__workflows__pr-labeled.yml,0,1,0,1,0,1,3,0,2
Azure_azure-quickstart-templates__.github__workflows__auto-fix.yml,0,3,0,3,0,3,2,0,2
Azure_azure-rest-api-specs__.github__workflows___reusable-eng-tools-test.yml,0,2,0,2,0,2,2,0,1
Azure_azure-rest-api-specs__.github__workflows___reusable-set-check-status.yml,1,2,0,2,0,2,3,0,4
Azure_azure-rest-api-specs__.github__workflows__arm-auto-signoff-code.yml,0,2,0,2,0,2,2,0,1
Azure_azure-rest-api-specs__.github__workflows__arm-auto-signoff-status.yml,1,2,0,2,1,2,2,0,3
Azure_azure-rest-api-specs__.github__workflows__avocado-code.yml,0,3,0,3,0,3,2,0,1
Azure_azure-rest-api-specs__.github__workflows__avocado-status.yml,1,0,0,0,0,0,2,0,2
Azure_azure-rest-api-specs__.github__workflows__breaking-change-add-label-artifacts.yml,1,2,0,2,0,2,2,0,2
Azure_azure-rest-api-specs__.github__workflows__breaking-change-code.yml,0,3,0,3,0,3,2,0,2
Azure_azure-rest-api-specs__.github__workflows__breaking-change-cross-version-code.yml,0,3,0,3,0,3,2,0,2
Azure_azure-rest-api-specs__.github__workflows__breaking-change-cross-version-status.yml,1,0,0,0,0,0,2,0,2
Azure_azure-rest-api-specs__.github__workflows__breaking-change-status.yml,1,0,0,0,0,0,2,0,2
Azure_azure-rest-api-specs__.github__workflows__codeql.yml,0,3,0,0,0,4,2,0,1
Azure_azure-rest-api-specs__.github__workflows__copilot-setup-steps.yml,0,2,0,2,0,2,3,0,2
Azure_azure-rest-api-specs__.github__workflows__github-test.yml,0,3,0,3,0,3,2,0,1
Azure_azure-rest-api-specs__.github__workflows__lintdiff-code.yml,0,5,0,5,0,5,2,0,4
Azure_azure-rest-api-specs__.github__workflows__lintdiff-status.yml,1,0,0,0,0,0,2,0,2
Azure_azure-rest-api-specs__.github__workflows__lintdiff-test.yml,1,0,0,0,0,0,1,0,0
Azure_azure-rest-api-specs__.github__workflows__oav-runner-tests.yml,1,0,0,0,0,0,1,0,0
Azure_azure-rest-api-specs__.github__workflows__openapi-diff-runner-test.yml,1,0,0,0,0,0,1,0,0
Azure_azure-rest-api-specs__.github__workflows__post-apiview.yml,1,1,0,1,0,1,2,0,2
Azure_azure-rest-api-specs__.github__workflows__protected-files.yml,1,1,0,1,1,1,2,0,2
Azure_azure-rest-api-specs__.github__workflows__sdk-breaking-change-labels.yml,1,3,0,3,0,3,2,0,2
Azure_azure-rest-api-specs__.github__workflows__sdk-generation-agent.lock.yml,4,0,0,0,1,0,1,0,0
Azure_azure-rest-api-specs__.github__workflows__SDK-Suppressions-Label.yml,0,2,0,2,0,2,2,0,1
Azure_azure-rest-api-specs__.github__workflows__sdk-suppressions-test.yml,1,0,0,0,0,0,1,0,0
Azure_azure-rest-api-specs__.github__workflows__spec-gen-sdk-runner-test.yml,1,0,0,0,0,0,1,0,0
Azure_azure-rest-api-specs__.github__workflows__spec-gen-sdk-status.yml,1,3,0,3,0,3,3,0,2
Azure_azure-rest-api-specs__.github__workflows__spelling-all.yml,0,1,0,1,0,1,2,0,1
Azure_azure-rest-api-specs__.github__workflows__spelling.yml,1,1,0,1,1,1,2,0,1
Azure_azure-rest-api-specs__.github__workflows__summarize-checks.yml,1,4,0,4,1,4,3,0,3
Azure_azure-rest-api-specs__.github__workflows__summarize-impact-test.yml,1,0,0,0,0,0,1,0,0
Azure_azure-rest-api-specs__.github__workflows__summarize-impact.yml,0,3,0,3,0,3,2,0,4
Azure_azure-rest-api-specs__.github__workflows__suppressions-test.yml,1,0,0,0,0,0,1,0,0
Azure_azure-rest-api-specs__.github__workflows__swagger-modelvalidation-code.yml,0,2,0,2,0,2,2,0,1
Azure_azure-rest-api-specs__.github__workflows__swagger-modelvalidation-status.yml,1,0,0,0,0,0,2,0,2
Azure_azure-rest-api-specs__.github__workflows__swagger-semanticvalidation-code.yml,0,2,0,2,0,2,2,0,1
Azure_azure-rest-api-specs__.github__workflows__swagger-semanticvalidation-status.yml,1,0,0,0,0,0,2,0,2
Azure_azure-rest-api-specs__.github__workflows__tsp-client-test.yml,1,0,0,0,0,0,1,0,0
Azure_azure-rest-api-specs__.github__workflows__typespec-migration-validation.yml,0,1,0,1,0,1,2,0,1
Azure_azure-rest-api-specs__.github__workflows__typespec-requirement-test.yml,1,0,0,0,0,0,1,0,0
Azure_azure-rest-api-specs__.github__workflows__typespec-requirement.yml,1,1,0,1,1,1,2,0,1
Azure_azure-rest-api-specs__.github__workflows__typespec-validation-all.yml,0,1,0,1,0,1,2,0,1
Azure_azure-rest-api-specs__.github__workflows__typespec-validation-test.yml,1,0,0,0,0,0,1,0,0
Azure_azure-rest-api-specs__.github__workflows__typespec-validation.yml,0,1,0,1,0,1,2,0,1
Azure_azure-rest-api-specs__.github__workflows__update-labels.yml,1,2,0,2,0,2,2,0,2
Azure_azure-sdk-for-java__.github__workflows__copilot-setup-steps.yml,0,1,0,1,0,1,3,0,1
Azure_azure-sdk-for-java__.github__workflows__event-processor.yml,0,2,0,3,0,3,2,0,5
Azure_azure-sdk-for-java__.github__workflows__event.yml,0,0,0,1,0,1,2,0,1
Azure_azure-sdk-for-java__.github__workflows__post-apiview.yml,1,1,0,1,0,1,2,0,2
Azure_azure-sdk-for-java__.github__workflows__scheduled-event-processor.yml,0,1,0,2,0,2,2,0,7
Azure_azure-sdk-for-js__.github__workflows__copilot-setup-steps.yml,0,2,0,2,0,2,3,0,1
Azure_azure-sdk-for-js__.github__workflows__docs-consistency-check.lock.yml,5,0,0,0,0,0,1,0,0
Azure_azure-sdk-for-js__.github__workflows__event-processor.yml,0,2,0,3,0,3,2,0,5
Azure_azure-sdk-for-js__.github__workflows__event.yml,0,0,0,1,0,1,2,0,1
Azure_azure-sdk-for-js__.github__workflows__post-apiview.yml,1,1,0,1,0,1,2,0,2
Azure_azure-sdk-for-js__.github__workflows__scheduled-event-processor.yml,0,1,0,2,0,2,2,0,7
Azure_azure-sdk-for-net__.github__workflows__copilot-setup-steps.yml,0,2,0,2,0,2,3,0,1
Azure_azure-sdk-for-net__.github__workflows__event-processor.yml,0,2,0,3,0,3,2,0,5
Azure_azure-sdk-for-net__.github__workflows__event.yml,0,0,0,1,0,1,2,0,1
Azure_azure-sdk-for-net__.github__workflows__post-apiview.yml,1,1,0,1,0,1,2,0,2
Azure_azure-sdk-for-net__.github__workflows__scheduled-event-processor.yml,0,1,0,2,0,2,2,0,7
Azure_azure-sdk-for-python__.github__workflows__azure-sdk-tools.yml,8,8,0,8,1,8,3,0,9
Azure_azure-sdk-for-python__.github__workflows__copilot-setup-steps.yml,1,2,0,2,0,2,3,0,1
Azure_azure-sdk-for-python__.github__workflows__dependency-checker.yml,2,2,0,2,0,2,2,0,1
Azure_azure-sdk-for-python__.github__workflows__event-processor.yml,0,2,0,3,0,3,2,0,5
Azure_azure-sdk-for-python__.github__workflows__event.yml,0,0,0,1,0,1,2,0,1
Azure_azure-sdk-for-python__.github__workflows__post-apiview.yml,1,1,0,1,0,1,2,0,2
Azure_azure-sdk-for-python__.github__workflows__scheduled-event-processor.yml,0,1,0,2,0,2,2,0,7
Azure_Azure-Sentinel__.github__workflows__addComment.yml,0,0,0,0,0,0,2,0,0
Azure_Azure-Sentinel__.github__workflows__addCommentOnPackagedPR.yml,0,0,0,0,0,0,2,0,0
Azure_Azure-Sentinel__.github__workflows__addCommentToRemindUpdatingTemplateVersion.yml,1,1,0,1,0,1,3,0,6
Azure_Azure-Sentinel__.github__workflows__AddLabel.yml,2,0,0,0,0,0,2,0,6
Azure_Azure-Sentinel__.github__workflows__addLabelOnPr.yml,0,0,0,2,0,0,2,0,1
Azure_Azure-Sentinel__.github__workflows__allowedWorkflowRun.yml,0,0,0,0,0,0,2,0,1
Azure_Azure-Sentinel__.github__workflows__arm-ttk-validations.yml,0,0,0,0,0,0,1,0,1
Azure_Azure-Sentinel__.github__workflows__aws-s3-bundle-update.yml,1,2,0,2,1,2,4,1,4
Azure_Azure-Sentinel__.github__workflows__checkAutomatedPR.yml,0,0,0,0,0,0,2,0,0
Azure_Azure-Sentinel__.github__workflows__checkPRContentChange.yml,2,0,0,1,0,0,2,0,10
Azure_Azure-Sentinel__.github__workflows__checkSkipPackagingInfo.yml,0,0,0,0,2,0,2,1,5
Azure_Azure-Sentinel__.github__workflows__cleanup-stale-branch.yml,0,0,0,1,0,0,2,0,0
Azure_Azure-Sentinel__.github__workflows__codeql-analysis.yml,1,5,0,5,0,6,2,0,1
Azure_Azure-Sentinel__.github__workflows__content-validations.yml,0,1,0,1,0,1,3,0,2
Azure_Azure-Sentinel__.github__workflows__convertKqlFunctionYamlToArmTemplate.yml,1,3,0,6,0,4,3,0,4
Azure_Azure-Sentinel__.github__workflows__data-connector-validations.yml,0,1,0,1,0,1,3,0,2
Azure_Azure-Sentinel__.github__workflows__detection-template-schema-validations.yml,0,2,0,2,0,2,3,0,2
Azure_Azure-Sentinel__.github__workflows__detection-validations.yml,0,1,0,1,0,1,3,0,2
Azure_Azure-Sentinel__.github__workflows__documents-link-validation.yml,0,1,0,1,0,1,3,0,2
Azure_Azure-Sentinel__.github__workflows__getSolutionName.yml,0,0,0,0,2,0,2,0,4
Azure_Azure-Sentinel__.github__workflows__hyperlinkValidator.yml,0,0,0,0,0,0,2,0,2
Azure_Azure-Sentinel__.github__workflows__IssueComment.yml,0,0,0,0,0,0,2,0,0
Azure_Azure-Sentinel__.github__workflows__json-syntax-validation.yml,0,1,0,1,0,1,3,0,2
Azure_Azure-Sentinel__.github__workflows__kql-validations.yml,0,2,0,2,0,2,3,0,2
Azure_Azure-Sentinel__.github__workflows__logo-validation.yml,0,1,0,1,0,1,3,0,2
Azure_Azure-Sentinel__.github__workflows__neworexistingsolution.yml,0,0,0,1,2,0,2,1,4
Azure_Azure-Sentinel__.github__workflows__non-ascii-validations.yml,0,2,0,2,0,2,3,0,2
Azure_Azure-Sentinel__.github__workflows__package-command.yml,0,0,0,0,0,0,2,0,0
Azure_Azure-Sentinel__.github__workflows__playbook-validations.yml,0,1,0,1,0,1,3,0,2
Azure_Azure-Sentinel__.github__workflows__pullRequestStatus.yml,0,0,0,0,0,0,2,0,0
Azure_Azure-Sentinel__.github__workflows__runAsimSchemaAndDataTesters.yml,6,12,0,13,0,12,2,0,10
Azure_Azure-Sentinel__.github__workflows__sample-data-validation.yml,0,2,0,2,0,2,3,0,2
Azure_Azure-Sentinel__.github__workflows__ScanSecrets.yml,0,1,0,2,0,2,3,0,3
Azure_Azure-Sentinel__.github__workflows__slash-command-armttk.yml,0,1,0,3,2,1,2,0,0
Azure_Azure-Sentinel__.github__workflows__slash-command-dispatch.yml,2,0,0,2,0,0,1,0,3
Azure_Azure-Sentinel__.github__workflows__solution-validations.yml,0,1,0,1,0,1,3,0,2
Azure_Azure-Sentinel__.github__workflows__solutionIntegration.yml,2,2,0,5,0,2,2,0,1
Azure_Azure-Sentinel__.github__workflows__validateClassicAppInsights.yml,0,0,0,0,0,0,2,0,2
Azure_Azure-Sentinel__.github__workflows__validateFieldTypes.yml,0,0,0,0,0,0,2,0,2
Azure_Azure-Sentinel__.github__workflows__validateVersionChangedInDetections.yml,1,1,0,1,0,1,3,0,2
Azure_Azure-Sentinel__.github__workflows__workbook-metadata-validations.yml,0,1,0,1,0,1,3,0,2
Azure_Azure-Sentinel__.github__workflows__workbook-template-validations.yml,0,1,0,1,0,1,3,0,2
Azure_Azure-Sentinel__.github__workflows__yaml-syntax-validation.yml,0,1,0,1,0,1,3,0,2
Azure_Azurite__.github__workflows__codeql.yml,4,4,0,4,0,4,2,0,2
Azure_Azurite__.github__workflows__PrValidation.yml,0,62,2,0,0,63,3,0,65
Azure_bicep__.github__workflows__build.yml,0,61,0,0,0,62,3,0,21
Azure_bicep__.github__workflows__codeql.yml,0,6,0,6,0,6,2,0,2
Azure_bicep__.github__workflows__github-pages.yml,0,5,0,5,0,5,3,0,3
Azure_bicep__.github__workflows__lockfiles-command.yml,0,3,0,3,0,3,3,0,2
Azure_bicep__.github__workflows__pr-compliance.yml,0,0,0,0,0,0,2,0,1
Azure_bicep__.github__workflows__run-benchmarks.yml,0,3,0,3,0,3,3,0,2
Azure_bicep__.github__workflows__run-compile-samples.yml,0,2,0,2,1,2,2,1,2
Azure_bicep__.github__workflows__run-formatter.yml,0,4,0,4,0,4,3,0,2
Azure_bicep__.github__workflows__slash-command-dispatch.yml,0,3,0,3,0,3,3,0,3
Azure_bicep__.github__workflows__test-azure-cli-integration.yml,0,4,0,4,0,4,3,0,4
Azure_bicep__.github__workflows__update-baselines.yml,0,2,0,2,0,2,3,0,1
Azure_bicep__.github__workflows__update-dependencies.yml,0,4,0,4,0,4,3,0,3
Azure_bicep__.github__workflows__update-notices.yml,0,5,0,5,0,5,3,0,3
Azure_PyRIT__.github__workflows__build_and_test.yml,5,9,0,9,0,10,3,0,6
Azure_PyRIT__.github__workflows__docker_build.yml,0,20,0,20,8,20,3,0,16
Azure_PyRIT__.github__workflows__docs.yml,0,5,0,5,0,5,2,0,2
Azure_PyRIT__.github__workflows__frontend_tests.yml,0,11,0,11,0,11,3,0,4
cisco_ChezScheme__.github__workflows__ci.yml,0,2,0,2,0,2,3,0,2
cisco_openh264__.github__workflows__build.yml,8,10,0,0,0,12,3,0,21
facebook_Ax__.github__workflows__build-and-test.yml,1,3,0,3,0,3,3,0,6
facebook_Ax__.github__workflows__cron.yml,2,3,0,4,0,3,3,0,8
facebook_Ax__.github__workflows__cron_pinned.yml,2,0,0,0,0,0,2,0,6
facebook_Ax__.github__workflows__deploy.yml,2,3,0,4,0,3,3,0,8
facebook_Ax__.github__workflows__lint.yml,0,3,0,3,0,3,3,0,3
facebook_Ax__.github__workflows__publish_website.yml,0,5,0,5,0,5,3,2,5
facebook_Ax__.github__workflows__reusable_test.yml,0,4,0,4,0,4,3,2,4
facebook_Ax__.github__workflows__reusable_tutorials.yml,0,3,0,3,0,3,3,0,3
facebook_Ax__.github__workflows__test_website.yml,1,0,0,0,0,0,2,0,1
facebook_Ax__.github__workflows__tutorials.yml,1,0,0,0,0,0,2,0,1
facebook_buck2__.github__workflows__build-and-examples.yml,1,4,0,4,0,4,3,0,8
facebook_buck2__.github__workflows__build-and-test.yml,2,4,0,4,2,4,3,0,8
facebook_buck2__.github__workflows__upload_buck2.yml,0,13,0,13,0,13,3,0,28
facebook_docusaurus__.github__workflows__argos.yml,0,0,0,0,0,0,2,0,2
facebook_docusaurus__.github__workflows__build-blog-only.yml,0,0,0,0,0,0,1,0,1
facebook_docusaurus__.github__workflows__build-hash-router.yml,0,0,0,0,0,0,2,0,1
facebook_docusaurus__.github__workflows__build-perf.yml,0,0,0,0,0,0,1,0,2
facebook_docusaurus__.github__workflows__codeql-analysis.yml,0,0,0,3,0,0,1,0,1
facebook_docusaurus__.github__workflows__continuous-releases.yml,0,0,0,0,0,0,2,0,2
facebook_docusaurus__.github__workflows__dependency-review.yml,0,0,0,0,0,0,1,0,1
facebook_docusaurus__.github__workflows__lighthouse-report.yml,0,0,0,0,0,0,1,0,3
facebook_docusaurus__.github__workflows__lint-autofix.yml,0,0,0,0,0,0,2,0,1
facebook_docusaurus__.github__workflows__lint.yml,0,0,0,0,0,0,1,0,1
facebook_docusaurus__.github__workflows__publish.yml,0,0,0,0,0,0,1,0,1
facebook_docusaurus__.github__workflows__showcase-test.yml,0,0,0,0,0,0,1,0,1
facebook_docusaurus__.github__workflows__tests-e2e.yml,1,0,0,0,1,0,2,0,5
facebook_docusaurus__.github__workflows__tests-swizzle.yml,0,0,0,0,0,0,1,0,1
facebook_docusaurus__.github__workflows__tests-windows.yml,0,0,0,0,0,0,1,0,1
facebook_docusaurus__.github__workflows__tests.yml,0,0,0,0,0,0,1,0,1
facebook_duckling__.github__workflows__ci.yml,2,3,0,3,0,3,3,0,3
facebook_facebook-android-sdk__.github__workflows__needs-attention.yml,1,2,0,2,1,2,3,0,3
facebook_facebook-android-sdk__.github__workflows__stale.yml,1,1,0,1,0,1,3,0,1
facebook_facebook-ios-sdk__.github__workflows__needs-attention.yml,1,2,0,2,1,2,3,0,3
facebook_facebook-ios-sdk__.github__workflows__stale.yml,1,1,0,1,0,1,2,0,0
facebook_FBRetainCycleDetector__.github__workflows__ci.yml,2,1,0,1,0,1,3,0,2
facebook_fbthrift__.github__workflows__devcontainer.yml,0,4,0,4,0,4,3,0,4
facebook_fbthrift__.github__workflows__getdeps_linux.yml,0,62,0,62,0,62,2,0,1
facebook_fbthrift__.github__workflows__getdeps_mac.yml,0,56,0,56,0,56,2,0,1
facebook_fbthrift__.github__workflows__getdeps_python_linux.yml,0,68,0,68,0,68,2,0,1
facebook_fbthrift__.github__workflows__getdeps_python_linux_container.yml,0,68,0,68,0,68,2,0,2
facebook_fbthrift__.github__workflows__getdeps_windows.yml,0,52,0,52,0,52,2,0,1
facebook_flow__.github__workflows__build_and_test.yml,1,58,0,59,1,59,3,0,54
facebook_folly__.github__workflows__devcontainer.yml,0,1,0,4,0,1,3,0,2
facebook_folly__.github__workflows__getdeps_linux.yml,0,48,0,48,0,48,2,0,1
facebook_folly__.github__workflows__getdeps_mac.yml,0,42,0,42,0,42,2,0,1
facebook_folly__.github__workflows__getdeps_shared-libs_linux.yml,0,48,0,48,0,48,2,0,1
facebook_folly__.github__workflows__getdeps_windows.yml,0,40,0,40,0,40,2,0,1
facebook_folly__.github__workflows__oss-build-and-test.yml,0,17,0,17,0,10,3,0,19
facebook_folly__.github__workflows__TagIt.yml,0,4,0,4,0,4,2,0,7
facebook_fresco__.github__workflows__build.yml,0,4,0,4,0,4,3,0,3
facebook_fresco__.github__workflows__gradle-wrapper-validation.yml,0,2,0,2,0,2,3,0,3
facebook_fresco__.github__workflows__release.yml,0,4,0,4,0,4,3,0,5
facebook_Haxl__.github__workflows__haskell-ci.yml,0,3,0,3,0,3,3,0,2
facebook_hermes__.github__workflows__build-android.yml,1,2,0,2,0,2,3,1,3
facebook_hermes__.github__workflows__build-apple-slices-hermes.yml,0,3,0,3,1,3,3,0,1
facebook_hermes__.github__workflows__build-hermes-macos.yml,1,6,0,6,1,6,3,0,1
facebook_hermes__.github__workflows__build-hermesc-apple.yml,0,2,0,2,0,2,3,0,1
facebook_hermes__.github__workflows__build-hermesc-linux.yml,0,2,0,2,0,2,3,0,1
facebook_hermes__.github__workflows__build-hermesc-windows.yml,0,3,0,3,0,3,3,0,2
facebook_hermes__.github__workflows__build.yml,3,8,0,8,1,8,3,0,13
facebook_hermes__.github__workflows__create-tag.yml,1,2,0,2,0,2,3,1,4
facebook_hermes__.github__workflows__publish.yml,1,10,0,10,8,10,3,2,4
facebook_hermes__.github__workflows__rn-build-hermes.yml,8,1,0,1,1,1,3,1,16
facebook_hhvm__.github__workflows__ubuntu.yml,1,2,0,2,1,2,3,0,2
facebook_idb__.github__workflows__build_and_deploy.yml,0,2,0,2,0,2,3,0,2
facebook_igl__.github__workflows__c-cpp.yml,3,10,0,10,0,10,3,0,29
facebook_igl__.github__workflows__cmake-install-test.yml,9,4,0,4,0,4,3,0,9
facebook_igl__.github__workflows__doc-build.yml,0,2,0,2,0,2,3,0,4
facebook_infer__.github__workflows__deploy.yml,0,3,0,3,0,3,3,0,2
facebook_infer__.github__workflows__devsetup.yml,1,3,0,3,0,3,3,0,3
facebook_infer__.github__workflows__install.yml,0,8,0,8,0,8,3,0,7
facebook_jscodeshift__.github__workflows__cr.yml,3,2,0,2,0,2,3,0,2
facebook_jscodeshift__.github__workflows__pull_request.yml,1,0,0,0,0,0,2,0,1
facebook_jscodeshift__.github__workflows__push.yml,1,3,0,3,0,3,3,0,4
facebook_jscodeshift__.github__workflows__test.yml,0,2,0,2,0,2,3,0,1
facebook_lexical__.github__workflows__after-approval.yml,2,1,0,1,0,1,2,0,1
facebook_lexical__.github__workflows__call-core-tests.yml,0,6,0,6,0,6,2,0,4
facebook_lexical__.github__workflows__call-e2e-all-tests.yml,1,0,0,0,0,0,1,0,0
facebook_lexical__.github__workflows__call-e2e-canary-tests.yml,1,0,0,0,0,0,1,0,0
facebook_lexical__.github__workflows__call-e2e-test.yml,0,6,0,6,0,7,2,1,3
facebook_lexical__.github__workflows__call-increment-version.yml,0,3,0,4,0,4,3,0,3
facebook_lexical__.github__workflows__call-integration-tests.yml,0,3,0,3,0,3,2,0,2
facebook_lexical__.github__workflows__call-npm-publish.yml,0,3,0,3,1,3,3,1,3
facebook_lexical__.github__workflows__call-post-release.yml,1,4,0,5,1,5,3,0,4
facebook_lexical__.github__workflows__close-stale-pr.yml,0,0,0,0,0,0,2,0,0
facebook_lexical__.github__workflows__devtools-extension-publish.yml,0,3,0,3,0,3,3,0,3
facebook_lexical__.github__workflows__nightly-release.yml,2,0,0,0,0,0,2,0,3
facebook_lexical__.github__workflows__pre-release.yml,2,0,0,0,0,0,2,0,3
facebook_lexical__.github__workflows__tests-extended.yml,2,0,0,0,0,0,1,0,0
facebook_lexical__.github__workflows__tests.yml,2,0,0,0,0,0,1,0,0
facebook_lexical__.github__workflows__version.yml,1,0,0,0,0,0,2,0,1
facebook_litho__.github__workflows__ci.yml,16,23,0,23,0,23,3,0,16
facebook_litho__.github__workflows__docs.yml,4,5,0,5,0,5,3,0,2
facebook_litho__.github__workflows__release.yml,11,13,0,13,0,13,3,0,14
facebook_litho__.github__workflows__tagit-weekly.yml,1,2,0,2,0,2,3,0,3
facebook_mcrouter__.github__workflows__build.yml,0,1,0,1,0,1,3,0,2
facebook_memlab__.github__workflows__gh-pages.yml,3,4,0,4,0,4,3,0,3
facebook_metro__.github__workflows__build-test-and-deploy.yml,1,3,0,3,0,3,2,0,3
facebook_metro__.github__workflows__deploy-website.yml,0,3,0,3,0,3,2,0,1
facebook_metro__.github__workflows__nightly-tests.yml,1,1,0,1,0,1,3,0,4
facebook_metro__.github__workflows__test.yml,0,1,0,1,0,1,3,0,1
facebook_openzl__.github__workflows__cmake-ci.yml,0,3,0,3,0,3,3,0,7
facebook_openzl__.github__workflows__cross-platform-ci.yml,0,1,0,1,0,1,3,0,2
facebook_openzl__.github__workflows__deploy-docs.yml,0,5,0,5,0,5,2,0,3
facebook_openzl__.github__workflows__dev-ci.yml,0,12,0,13,0,12,3,0,21
facebook_openzl__.github__workflows__openzl-demo-wheels.yml,0,5,0,5,0,5,3,0,6
facebook_openzl__.github__workflows__test-deploy-docs.yml,0,3,0,3,0,3,3,0,2
facebook_openzl__.github__workflows__wheels.yml,1,8,0,8,1,7,3,0,9
facebook_openzl__.github__workflows__windows-ci.yml,0,6,0,7,0,7,3,0,10
facebook_prophet__.github__workflows__build-and-test.yml,0,10,0,10,0,10,3,0,11
facebook_prophet__.github__workflows__wheel.yml,0,8,0,8,1,8,3,0,7
facebook_proxygen__.github__workflows__close_stale.yml,0,1,0,1,0,1,3,0,0
facebook_proxygen__.github__workflows__getdeps_linux.yml,0,64,0,64,0,64,2,0,1
facebook_proxygen__.github__workflows__getdeps_mac.yml,0,58,0,58,0,58,2,0,1
facebook_proxygen__.github__workflows__publish_mvfst_interop.yml,0,1,0,4,0,1,3,0,1
facebook_proxygen__.github__workflows__TagIt.yml,0,4,0,4,0,4,2,0,7
facebook_pyre-check__.github__workflows__publish_website.yml,0,0,0,0,0,0,2,0,2
facebook_pyre-check__.github__workflows__pysa.yml,0,0,0,0,0,0,3,0,2
facebook_pyre-check__.github__workflows__tests.yml,0,0,0,0,0,0,3,0,2
facebook_pyrefly__.github__workflows__build_and_test_website.yml,0,3,0,3,0,3,3,0,2
facebook_pyrefly__.github__workflows__build_binaries.yml,0,18,0,18,0,18,3,0,11
facebook_pyrefly__.github__workflows__build_extension.yml,1,7,0,7,0,6,3,0,9
facebook_pyrefly__.github__workflows__deploy_extension.yml,2,2,0,2,0,2,3,0,5
facebook_pyrefly__.github__workflows__deploy_website.yml,3,4,0,5,1,4,3,0,4
facebook_pyrefly__.github__workflows__mypy_primer.yml,0,5,0,6,0,6,2,0,1
facebook_pyrefly__.github__workflows__mypy_primer_classify.yml,0,5,0,5,0,5,2,0,0
facebook_pyrefly__.github__workflows__mypy_primer_comment.yml,0,2,0,3,0,2,2,0,0
facebook_pyrefly__.github__workflows__needs_triage.yml,0,2,0,2,0,2,2,0,2
facebook_pyrefly__.github__workflows__publish_to_pypi.yml,2,2,0,3,0,2,3,0,5
facebook_pyrefly__.github__workflows__pyrefly.yml,0,2,0,3,0,3,3,0,4
facebook_pyrefly__.github__workflows__release_binaries.yml,1,4,0,4,1,3,3,0,3
facebook_pyrefly__.github__workflows__rollback_website.yml,1,0,0,0,0,0,2,0,1
facebook_pyrefly__.github__workflows__stale.yml,0,1,0,1,0,1,2,0,0
facebook_pyrefly__.github__workflows__test_extension.yml,1,3,0,3,0,3,3,0,4
facebook_react-native-website__.github__workflows__pre-merge.yml,0,6,0,6,0,6,3,0,7
facebook_react-native-website__.github__workflows__stale-bot.yml,0,1,0,1,0,1,3,0,0
facebook_react-native__.github__workflows__analyze-pr.yml,0,3,0,3,0,3,2,0,2
facebook_react-native__.github__workflows__api-changes.yml,0,1,0,1,0,1,2,0,2
facebook_react-native__.github__workflows__autorebase.yml,0,2,0,2,0,2,2,0,2
facebook_react-native__.github__workflows__bump-podfile-lock.yml,0,1,0,1,0,1,3,0,2
facebook_react-native__.github__workflows__cache-reaper.yml,0,1,0,1,0,1,3,0,2
facebook_react-native__.github__workflows__check-for-reproducer.yml,0,2,0,2,0,2,3,0,2
facebook_react-native__.github__workflows__close-pr.yml,0,1,0,1,0,1,2,0,0
facebook_react-native__.github__workflows__create-draft-release.yml,0,3,0,3,0,3,3,0,5
facebook_react-native__.github__workflows__create-release.yml,0,1,0,1,0,1,3,1,4
facebook_react-native__.github__workflows__generate-changelog.yml,0,2,0,2,0,2,3,0,2
facebook_react-native__.github__workflows__monitor-new-issues.yml,0,2,0,2,0,2,3,0,3
facebook_react-native__.github__workflows__needs-attention.yml,0,2,0,2,0,2,2,0,3
facebook_react-native__.github__workflows__nightly.yml,4,2,0,2,0,2,3,0,12
facebook_react-native__.github__workflows__on-issue-labeled.yml,0,5,0,5,0,5,3,0,4
facebook_react-native__.github__workflows__prebuild-ios-core.yml,0,14,0,14,0,14,3,2,6
facebook_react-native__.github__workflows__prebuild-ios-dependencies.yml,0,17,0,17,0,17,3,0,4
facebook_react-native__.github__workflows__publish-bumped-packages.yml,0,1,0,1,0,1,3,0,2
facebook_react-native__.github__workflows__publish-release.yml,6,6,0,6,0,6,3,0,24
facebook_react-native__.github__workflows__retry-workflow.yml,0,0,0,0,0,0,2,1,3
facebook_react-native__.github__workflows__stale-bot.yml,0,4,0,4,0,4,3,0,0
facebook_react-native__.github__workflows__test-all.yml,10,31,0,33,6,31,3,1,52
facebook_react-native__.github__workflows__test-hermes-v1-android.yml,1,4,0,4,0,4,3,0,2
facebook_react-native__.github__workflows__test-hermes-v1-ios.yml,0,4,0,4,0,4,3,0,3
facebook_react-native__.github__workflows__test-hermes-v1.yml,2,1,0,1,0,1,3,0,5
facebook_react-native__.github__workflows__validate-dotslash-artifacts.yml,0,2,0,2,0,2,3,0,2
facebook_react-strict-dom__.github__workflows__benchmarks.yml,0,6,0,6,0,6,3,0,7
facebook_react-strict-dom__.github__workflows__labels.yml,0,2,0,2,0,2,2,0,2
facebook_react-strict-dom__.github__workflows__react-integration.yml,0,2,0,2,0,2,3,0,2
facebook_react-strict-dom__.github__workflows__tests.yml,0,8,0,8,0,8,3,0,9
facebook_react-strict-dom__.github__workflows__website.yml,0,4,0,4,0,4,2,0,3
facebook_react__.github__workflows__compiler_discord_notify.yml,0,0,0,0,1,0,1,0,1
facebook_react__.github__workflows__compiler_playground.yml,0,5,0,5,0,5,2,0,1
facebook_react__.github__workflows__compiler_prereleases.yml,1,3,0,3,0,3,2,2,7
facebook_react__.github__workflows__compiler_prereleases_manual.yml,0,0,0,0,0,0,1,0,0
facebook_react__.github__workflows__compiler_prereleases_nightly.yml,0,0,0,0,0,0,1,0,0
facebook_react__.github__workflows__compiler_typescript.yml,0,10,0,10,0,10,2,0,6
facebook_react__.github__workflows__devtools_discord_notify.yml,0,0,0,0,1,0,1,0,1
facebook_react__.github__workflows__devtools_regression_tests.yml,0,21,0,21,3,21,2,1,5
facebook_react__.github__workflows__runtime_build_and_test.yml,0,83,0,83,0,83,2,2,46
facebook_react__.github__workflows__runtime_commit_artifacts.yml,0,14,0,14,3,14,2,6,33
facebook_react__.github__workflows__runtime_discord_notify.yml,0,0,0,2,1,0,1,0,1
facebook_react__.github__workflows__runtime_eslint_plugin_e2e.yml,0,3,0,3,0,3,2,0,1
facebook_react__.github__workflows__runtime_fuzz_tests.yml,0,2,0,2,0,2,2,0,1
facebook_react__.github__workflows__runtime_prereleases.yml,2,3,0,4,0,3,2,4,8
facebook_react__.github__workflows__runtime_prereleases_manual.yml,0,0,0,0,0,0,1,0,0
facebook_react__.github__workflows__runtime_prereleases_nightly.yml,0,0,0,2,0,0,1,0,0
facebook_react__.github__workflows__runtime_releases_from_npm_manual.yml,0,4,0,5,0,4,2,4,13
facebook_react__.github__workflows__shared_check_maintainer.yml,0,1,0,1,0,1,2,0,1
facebook_react__.github__workflows__shared_cleanup_merged_branch_caches.yml,0,0,0,0,0,0,1,0,0
facebook_react__.github__workflows__shared_cleanup_stale_branch_caches.yml,0,0,0,0,0,0,1,0,0
facebook_react__.github__workflows__shared_close_direct_sync_branch_prs.yml,0,1,0,1,0,1,2,0,1
facebook_react__.github__workflows__shared_label_core_team_prs.yml,0,1,0,2,1,1,2,0,1
facebook_react__.github__workflows__shared_lint.yml,0,12,0,12,0,12,2,0,4
facebook_react__.github__workflows__shared_stale.yml,0,1,0,1,0,1,2,0,0
facebook_redex__.github__workflows__build_and_test.yml,2,3,0,3,0,3,3,0,3
facebook_redex__.github__workflows__build_nightly.yml,1,2,0,2,0,2,3,0,4
facebook_redex__.github__workflows__build_pull_request.yml,1,0,0,0,0,0,2,0,1
facebook_redex__.github__workflows__build_push.yml,1,0,0,0,0,0,2,0,1
facebook_redex__.github__workflows__deploy-gh-pages.yml,0,4,0,4,0,4,3,0,3
facebook_relay__.github__workflows__ci.yml,5,26,0,26,0,27,3,0,23
facebook_relay__.github__workflows__docusaurus.yml,1,8,0,8,1,8,3,0,4
facebook_relay__.github__workflows__update-cargo-lock.yml,1,3,0,3,0,3,3,0,4
facebook_relay__.github__workflows__update-yarn-lock.yml,3,3,0,3,0,3,3,0,3
facebook_relay__.github__workflows__vscode.yml,0,2,0,2,0,2,3,0,2
facebook_rocksdb__.github__workflows__benchmark-linux.yml,0,1,0,1,0,1,2,0,1
facebook_rocksdb__.github__workflows__clang-tidy-comment.yml,0,2,0,2,1,2,2,0,1
facebook_rocksdb__.github__workflows__clang-tidy.yml,1,2,0,2,1,2,2,0,2
facebook_rocksdb__.github__workflows__nightly-candidate.yml,1,1,0,1,0,1,2,0,1
facebook_rocksdb__.github__workflows__nightly.yml,10,11,0,11,0,11,2,0,11
facebook_rocksdb__.github__workflows__pr-jobs-candidate.yml,2,2,0,2,0,2,2,0,2
facebook_rocksdb__.github__workflows__pr-jobs.yml,21,35,0,36,21,36,2,0,33
facebook_rocksdb__.github__workflows__weekly.yml,1,1,0,1,0,1,2,0,1
facebook_sapling__.github__workflows__edenfs_linux.yml,0,105,0,105,0,104,2,0,2
facebook_sapling__.github__workflows__edenscm-libs.yml,0,1,0,1,0,1,3,0,2
facebook_sapling__.github__workflows__manylinux_2_34.yml,0,6,0,6,0,6,3,0,6
facebook_sapling__.github__workflows__mononoke-integration_linux.yml,0,93,0,93,0,92,2,0,2
facebook_sapling__.github__workflows__mononoke_linux.yml,0,69,0,69,0,69,2,0,2
facebook_sapling__.github__workflows__mononoke_mac.yml,0,63,0,63,0,63,2,0,2
facebook_sapling__.github__workflows__reviewstack.dev-deploy.yml,0,3,0,3,0,3,3,0,3
facebook_sapling__.github__workflows__sapling-addons.yml,0,1,0,1,0,1,3,0,2
facebook_sapling__.github__workflows__sapling-cli-getdeps_linux.yml,0,81,0,81,0,80,2,0,2
facebook_sapling__.github__workflows__sapling-cli-homebrew-macos-arm64-release.yml,0,4,0,4,0,4,3,0,5
facebook_sapling__.github__workflows__sapling-cli-manylinux-release.yml,0,4,0,4,0,4,3,0,5
facebook_sapling__.github__workflows__sapling-cli-windows-amd64-release.yml,0,4,0,4,0,4,3,0,5
facebook_sapling__.github__workflows__sapling-website-deploy.yml,0,3,0,3,0,3,3,0,2
facebook_stylex__.github__workflows__benchmarks.yml,0,6,0,6,0,6,3,0,7
facebook_stylex__.github__workflows__tests.yml,0,9,0,10,0,10,3,0,12
facebook_wangle__.github__workflows__getdeps_linux.yml,0,56,0,56,0,56,2,0,1
facebook_wangle__.github__workflows__getdeps_mac.yml,0,50,0,50,0,50,2,0,1
facebook_wangle__.github__workflows__getdeps_windows.yml,0,46,0,46,0,46,2,0,1
facebook_wangle__.github__workflows__TagIt.yml,0,4,0,4,0,4,2,0,7
facebook_watchman__.github__workflows__getdeps_linux.yml,0,75,0,75,0,74,2,0,2
facebook_watchman__.github__workflows__getdeps_mac.yml,0,69,0,69,0,68,2,0,2
facebook_watchman__.github__workflows__getdeps_windows.yml,0,65,0,65,0,64,2,0,2
facebook_watchman__.github__workflows__package.yml,0,5,0,5,0,5,3,0,8
facebook_watchman__.github__workflows__release.yml,2,37,0,37,0,37,3,0,39
facebook_yoga__.github__workflows__publish-android-release.yml,1,2,0,2,0,2,3,0,2
facebook_yoga__.github__workflows__publish-android-snashot.yml,1,2,0,2,0,2,3,0,2
facebook_yoga__.github__workflows__publish-npm-release.yml,1,1,0,1,0,1,3,0,2
facebook_yoga__.github__workflows__validate-android.yml,1,1,0,1,0,1,3,0,2
facebook_yoga__.github__workflows__validate-cpp.yml,4,4,0,4,0,4,3,0,9
facebook_yoga__.github__workflows__validate-js.yml,6,7,0,7,0,7,3,0,13
facebook_yoga__.github__workflows__validate-swiftpm.yml,1,1,0,1,0,1,3,0,2
facebook_yoga__.github__workflows__validate-tests.yml,1,1,0,1,0,1,3,0,2
facebook_yoga__.github__workflows__validate-website.yml,2,2,0,2,0,2,3,0,5
facebook_zstd__.github__workflows__android-ndk-build.yml,0,0,0,0,0,0,1,0,1
facebook_zstd__.github__workflows__cmake-tests.yml,1,0,0,0,0,0,1,0,6
facebook_zstd__.github__workflows__commit.yml,0,5,0,5,0,5,2,0,4
facebook_zstd__.github__workflows__dev-long-tests.yml,0,0,0,31,0,2,2,0,29
facebook_zstd__.github__workflows__dev-short-tests.yml,0,0,0,0,0,0,2,0,39
facebook_zstd__.github__workflows__nightly.yml,0,1,0,1,0,1,2,0,1
facebook_zstd__.github__workflows__publish-release-artifacts.yml,0,0,0,0,0,0,1,0,1
facebook_zstd__.github__workflows__release_check.yml,0,2,0,2,0,2,2,0,3
facebook_zstd__.github__workflows__scorecards.yml,0,0,0,0,0,0,1,0,0
facebook_zstd__.github__workflows__windows-artifacts.yml,0,0,0,3,0,0,1,0,9
facebookincubator_AITemplate__.github__workflows__docs.yml,2,2,0,2,0,2,3,0,2
facebookincubator_AITemplate__.github__workflows__pages.yml,4,5,0,5,0,5,2,0,1
facebookincubator_AITemplate__.github__workflows__pylint.yml,2,2,0,2,0,2,3,0,2
facebookincubator_AITemplate__.github__workflows__rocm_ci.yml,2,1,0,1,1,1,3,0,2
facebookincubator_below__.github__workflows__ci.yml,1,1,0,1,0,1,3,0,2
facebookincubator_below__.github__workflows__dockerhub.yml,1,1,0,1,0,1,3,0,2
facebookincubator_cinder__.github__workflows__add-issue-header.yml,0,1,0,1,0,1,3,0,0
facebookincubator_cinder__.github__workflows__build.yml,12,18,0,19,0,18,2,0,1
facebookincubator_cinder__.github__workflows__documentation-links.yml,0,1,0,1,0,1,3,0,2
facebookincubator_cinder__.github__workflows__jit.yml,2,5,0,7,0,7,2,0,0
facebookincubator_cinder__.github__workflows__lint.yml,0,2,0,2,0,2,2,0,1
facebookincubator_cinder__.github__workflows__mypy.yml,0,2,0,2,0,2,2,0,0
facebookincubator_cinder__.github__workflows__new-bugs-announce-notifier.yml,0,2,0,2,0,2,2,0,0
facebookincubator_cinder__.github__workflows__project-updater.yml,0,1,0,1,0,1,2,0,0
facebookincubator_cinder__.github__workflows__require-pr-label.yml,0,4,0,4,0,4,3,0,4
facebookincubator_cinder__.github__workflows__reusable-cifuzz.yml,0,2,0,0,0,4,3,0,2
facebookincubator_cinder__.github__workflows__reusable-context.yml,0,2,0,2,1,2,3,0,0
facebookincubator_cinder__.github__workflows__reusable-docs.yml,0,6,0,6,3,6,2,0,0
facebookincubator_cinder__.github__workflows__reusable-macos.yml,0,1,0,1,0,1,3,1,0
facebookincubator_cinder__.github__workflows__reusable-san.yml,4,2,0,2,0,2,3,3,0
facebookincubator_cinder__.github__workflows__reusable-ubuntu.yml,2,2,0,2,0,2,3,1,0
facebookincubator_cinder__.github__workflows__reusable-wasi.yml,0,4,0,4,0,4,3,0,1
facebookincubator_cinder__.github__workflows__reusable-windows-msi.yml,0,1,0,1,0,1,2,0,0
facebookincubator_cinder__.github__workflows__reusable-windows.yml,2,1,0,1,0,1,3,2,0
facebookincubator_cinder__.github__workflows__stale.yml,0,1,0,1,0,1,3,0,0
facebookincubator_cinder__.github__workflows__tail-call.yml,1,2,0,2,0,2,2,0,0
facebookincubator_cinder__.github__workflows__verify-ensurepip-wheels.yml,0,2,0,2,0,2,2,0,0
facebookincubator_katran__.github__workflows__getdeps_linux.yml,0,62,0,62,0,62,2,0,1
facebookincubator_katran__.github__workflows__stale.yml,1,1,0,1,0,1,3,0,1
facebookincubator_oomd__.github__workflows__ci.yml,1,1,0,1,0,1,3,0,2
facebookincubator_velox__.github__workflows__benchmark.yml,1,0,0,6,1,0,2,0,0
facebookincubator_velox__.github__workflows__breeze.yml,1,2,0,4,1,2,2,0,0
facebookincubator_velox__.github__workflows__build-metrics.yml,1,2,0,5,0,2,2,0,0
facebookincubator_velox__.github__workflows__build_pyvelox.yml,1,0,0,11,0,0,1,0,1
facebookincubator_velox__.github__workflows__claude-review.yml,0,0,0,0,0,0,1,0,0
facebookincubator_velox__.github__workflows__docker.yml,0,0,0,0,0,0,1,0,0
facebookincubator_velox__.github__workflows__docs.yml,1,0,0,4,1,0,2,0,0
facebookincubator_velox__.github__workflows__linux-build-base.yml,3,3,0,10,0,3,3,0,0
facebookincubator_velox__.github__workflows__linux-build.yml,1,0,0,0,0,0,1,0,0
facebookincubator_velox__.github__workflows__macos.yml,0,1,0,3,0,1,2,0,0
facebookincubator_velox__.github__workflows__preliminary_checks.yml,0,0,0,0,0,0,1,0,0
facebookincubator_velox__.github__workflows__scheduled.yml,2,0,0,75,1,0,1,0,0
facebookincubator_velox__.github__workflows__tag.yml,0,0,0,0,0,0,1,0,0
facebookresearch_audiocraft__.github__workflows__audiocraft_docs.yml,1,1,0,1,0,1,3,0,2
facebookresearch_audiocraft__.github__workflows__audiocraft_linter.yml,1,1,0,1,0,1,3,0,2
facebookresearch_audiocraft__.github__workflows__audiocraft_tests.yml,1,1,0,1,0,1,3,0,2
facebookresearch_AugLy__.github__workflows__lint_python.yml,2,2,0,2,0,2,3,0,2
facebookresearch_AugLy__.github__workflows__test_python.yml,2,2,0,2,0,2,3,0,2
facebookresearch_blt__.github__workflows__black.yml,0,2,0,2,0,1,3,0,3
facebookresearch_blt__.github__workflows__isort.yml,0,1,0,2,0,2,3,0,3
facebookresearch_detectron2__.github__workflows__check-template.yml,2,2,0,2,0,2,3,0,2
facebookresearch_detectron2__.github__workflows__needs-reply.yml,2,2,0,2,0,2,3,0,4
facebookresearch_detectron2__.github__workflows__remove-needs-reply.yml,0,1,0,1,1,1,3,0,2
facebookresearch_detectron2__.github__workflows__workflow.yml,7,13,0,14,1,14,3,0,11
facebookresearch_dinov2__.github__workflows__lint.yml,2,2,0,2,0,2,3,0,2
facebookresearch_dinov3__.github__workflows__lint.yml,0,2,0,2,0,2,3,0,2
facebookresearch_fairscale__.github__workflows__pre-commit.yml,2,3,0,3,0,3,3,0,3
facebookresearch_fairscale__.github__workflows__release.yml,6,6,0,6,2,6,3,2,9
facebookresearch_fairseq__.github__workflows__build.yml,2,2,0,2,0,2,3,0,2
facebookresearch_fairseq__.github__workflows__depreview.yml,0,2,0,2,0,2,2,0,1
facebookresearch_fairseq__.github__workflows__release.yml,12,11,0,11,2,11,3,2,12
facebookresearch_faiss__.github__workflows__autoclose.yml,1,1,0,1,0,1,3,0,0
facebookresearch_faiss__.github__workflows__build-pull-request.yml,9,14,0,14,0,14,3,0,15
facebookresearch_faiss__.github__workflows__build-release.yml,3,6,0,6,0,6,3,0,6
facebookresearch_faiss__.github__workflows__build.yml,2,0,0,0,0,0,2,0,3
facebookresearch_faiss__.github__workflows__index-io-backward-compatibility.yml,0,4,0,4,0,4,3,0,2
facebookresearch_faiss__.github__workflows__nightly.yml,4,6,0,6,0,6,3,0,14
facebookresearch_faiss__.github__workflows__publish-docs.yml,4,2,0,2,0,2,3,0,3
facebookresearch_faiss__.github__workflows__retry_build.yml,0,0,0,0,0,0,2,1,4
facebookresearch_faiss__.github__workflows__update-doxygen.yml,2,2,0,2,0,2,3,0,2
facebookresearch_flow_matching__.github__workflows__ci.yml,2,3,0,3,0,3,3,0,4
facebookresearch_flow_matching__.github__workflows__notebooks.yml,2,2,0,2,0,2,3,0,3
facebookresearch_fvcore__.github__workflows__workflow.yml,2,2,0,2,0,2,3,0,2
facebookresearch_habitat-lab__.github__workflows__deploy_pypi.yml,1,3,0,4,0,3,3,0,3
facebookresearch_habitat-lab__.github__workflows__install_and_test.yml,1,8,0,9,1,9,3,0,10
facebookresearch_habitat-sim__.github__workflows__install_and_test.yml,3,11,0,12,3,12,3,0,16
facebookresearch_hydra__.github__workflows__codeql.yml,4,4,0,4,0,4,2,0,1
facebookresearch_hydra__.github__workflows__core_tests.yml,0,5,0,5,0,5,3,0,11
facebookresearch_hydra__.github__workflows__deploy_website.yml,1,1,0,1,0,1,3,0,2
facebookresearch_hydra__.github__workflows__publish-test.yml,0,6,0,6,0,5,3,0,4
facebookresearch_hydra__.github__workflows__publish.yml,0,6,0,6,0,5,3,0,4
facebookresearch_Kats__.github__workflows__build_and_test.yml,2,2,0,2,0,2,3,0,2
facebookresearch_mmf__.github__workflows__cpu_test.yml,3,4,0,4,0,4,3,0,3
facebookresearch_mmf__.github__workflows__deploy_website.yml,4,5,0,5,0,6,3,0,3
facebookresearch_mmf__.github__workflows__linter_test.yml,1,2,0,2,0,2,3,0,3
facebookresearch_nevergrad__.github__workflows__every_commit.yml,2,9,0,9,1,9,3,0,7
facebookresearch_nevergrad__.github__workflows__main.yml,0,2,0,2,0,2,3,0,2
facebookresearch_nevergrad__.github__workflows__version.yml,0,2,0,2,0,2,3,0,2
facebookresearch_omnilingual-asr__.github__workflows__lint_and_test.yml,2,2,0,2,1,2,3,0,2
facebookresearch_Pearl__.github__workflows__CI.yml,1,4,0,4,0,4,3,0,3
facebookresearch_pytorch3d__.github__workflows__build.yml,1,1,0,1,1,1,3,0,2
facebookresearch_sam-audio__.github__workflows__ci.yml,1,3,0,3,1,3,3,0,3
facebookresearch_sam3__.github__workflows__format.yml,0,1,0,1,0,0,3,0,2
facebookresearch_vjepa2__.github__workflows__base_tests.yml,0,2,0,2,0,2,3,0,2
facebookresearch_vjepa2__.github__workflows__linters.yml,0,2,0,2,0,2,3,0,2
facebookresearch_xformers__.github__workflows__gh-pages.yml,4,4,0,4,0,4,3,0,3
facebookresearch_xformers__.github__workflows__gpu_test_gh.yml,1,2,0,2,0,2,3,0,3
facebookresearch_xformers__.github__workflows__linters.yml,1,0,0,0,0,0,2,0,1
facebookresearch_xformers__.github__workflows__linters_reusable.yml,1,2,0,2,0,2,3,1,2
facebookresearch_xformers__.github__workflows__rocm_build.yml,2,0,0,0,1,0,2,0,3
facebookresearch_xformers__.github__workflows__rocm_ci.yml,2,2,0,2,2,2,3,0,5
facebookresearch_xformers__.github__workflows__rocm_docker.yml,1,3,0,3,0,3,3,0,4
facebookresearch_xformers__.github__workflows__wheels.yml,3,0,0,0,0,0,2,0,5
facebookresearch_xformers__.github__workflows__wheels_build.yml,1,2,0,2,0,2,3,1,4
facebookresearch_xformers__.github__workflows__wheels_upload_pip.yml,1,2,0,2,1,2,3,2,4
facebookresearch_xformers__.github__workflows__wheels_upload_s3.yml,1,3,0,3,1,3,3,2,7
facebookresearch_xformers__.github__workflows__win-build.yml,2,1,0,2,1,2,3,0,2
google_A2UI__.github__workflows__check_private_index.yml,0,1,0,1,0,1,3,0,2
google_A2UI__.github__workflows__docs.yml,0,3,0,3,0,3,3,0,1
google_A2UI__.github__workflows__editor_build.yml,0,2,0,2,0,2,3,0,2
google_A2UI__.github__workflows__inspector_build.yml,0,2,0,2,0,2,3,0,2
google_A2UI__.github__workflows__java_build_and_test.yml,2,2,0,2,0,2,3,0,2
google_A2UI__.github__workflows__lit_samples_build.yml,0,2,0,2,0,2,3,0,2
google_A2UI__.github__workflows__ng_build_and_test.yml,0,2,0,2,0,2,3,0,2
google_A2UI__.github__workflows__python_a2ui_agent_build_and_test.yml,2,2,0,2,0,2,3,0,2
google_A2UI__.github__workflows__python_samples_build.yml,2,2,0,2,0,2,3,0,2
google_A2UI__.github__workflows__web_build_and_test.yml,0,2,0,2,0,2,3,0,2
google_accompanist__.github__workflows__automerger.yml,1,1,0,1,0,1,3,0,2
google_accompanist__.github__workflows__build-snapshot.yml,11,13,0,13,0,13,3,0,8
google_accompanist__.github__workflows__build.yml,6,13,0,13,3,13,3,0,11
google_accompanist__.github__workflows__issues-stale.yml,1,1,0,1,0,1,3,0,1
google_accompanist__.github__workflows__publish-docs.yml,4,5,0,5,1,5,3,0,4
google_accompanist__.github__workflows__update-release.yml,0,0,0,0,0,0,2,0,1
google_adk-go__.github__workflows__go.yml,0,0,0,0,0,0,2,0,5
google_adk-go__.github__workflows__nightly.yml,0,0,0,2,0,0,2,0,4
google_adk-python__.github__workflows__analyze-releases-for-adk-docs-updates.yml,0,3,0,3,0,3,3,0,2
google_adk-python__.github__workflows__check-file-contents.yml,0,1,0,1,0,1,3,0,2
google_adk-python__.github__workflows__copybara-pr-handler.yml,0,1,0,1,0,1,3,0,0
google_adk-python__.github__workflows__discussion_answering.yml,0,2,0,0,0,3,3,0,4
google_adk-python__.github__workflows__isort.yml,0,2,0,2,0,2,3,0,2
google_adk-python__.github__workflows__mypy-new-errors.yml,0,3,0,3,0,3,3,0,3
google_adk-python__.github__workflows__mypy.yml,0,3,0,3,0,3,3,0,3
google_adk-python__.github__workflows__pr-triage.yml,0,2,0,2,0,2,3,0,2
google_adk-python__.github__workflows__pyink.yml,0,2,0,2,0,2,3,0,2
google_adk-python__.github__workflows__python-unit-tests.yml,0,3,0,3,0,3,3,0,3
google_adk-python__.github__workflows__release-cherry-pick.yml,0,1,0,1,0,1,3,0,1
google_adk-python__.github__workflows__release-cut.yml,0,1,0,1,0,1,3,0,1
google_adk-python__.github__workflows__release-finalize.yml,0,1,0,1,0,1,3,0,1
google_adk-python__.github__workflows__release-please.yml,0,2,0,2,0,2,3,0,2
google_adk-python__.github__workflows__release-publish.yml,0,3,0,3,0,3,3,0,2
google_adk-python__.github__workflows__stale-bot.yml,0,2,0,2,0,2,3,0,1
google_adk-python__.github__workflows__triage.yml,0,2,0,2,0,2,3,0,1
google_adk-python__.github__workflows__upload-adk-docs-to-vertex-ai-search.yml,0,2,0,0,0,3,3,0,3
google_adk-samples__.github__workflows__dependabot-auto-merge.yml,0,2,0,2,0,2,3,0,4
google_adk-samples__.github__workflows__gemini-cli.yml,0,0,0,0,0,4,3,0,3
google_adk-samples__.github__workflows__gemini-issue-automated-triage.yml,0,0,0,0,0,3,3,0,2
google_adk-samples__.github__workflows__gemini-issue-scheduled-triage.yml,0,0,0,0,0,3,3,0,2
google_adk-samples__.github__workflows__gemini-pr-review.yml,0,0,0,0,0,3,3,0,4
google_adk-samples__.github__workflows__ruff-checks.yml,0,3,0,3,0,3,2,0,3
google_adk-samples__.github__workflows__test_templated_agent.yml,0,3,0,0,0,4,3,0,7
google_auto__.github__workflows__ci.yml,0,0,0,0,0,0,2,0,6
google_autocxx__.github__workflows__ci.yml,14,19,0,21,0,20,3,0,31
google_autocxx__.github__workflows__site.yml,2,3,0,3,0,3,3,0,3
google_automl__.github__workflows__python-app.yml,3,2,0,2,0,2,3,0,2
google_benchmark__.github__workflows__bazel.yml,0,0,0,0,0,0,1,0,1
google_benchmark__.github__workflows__build-and-test-min-cmake.yml,4,0,0,0,0,0,2,0,3
google_benchmark__.github__workflows__build-and-test-perfcounters.yml,3,0,0,0,0,0,1,0,2
google_benchmark__.github__workflows__build-and-test.yml,5,0,0,0,0,0,2,0,10
google_benchmark__.github__workflows__clang-format-lint.yml,0,0,0,0,0,0,1,0,1
google_benchmark__.github__workflows__clang-tidy-lint.yml,0,0,0,0,0,0,1,0,1
google_benchmark__.github__workflows__doxygen.yml,0,0,0,0,0,0,1,0,1
google_benchmark__.github__workflows__ossf.yml,0,0,0,0,0,0,1,0,1
google_benchmark__.github__workflows__pre-commit.yml,0,0,0,0,0,0,2,0,1
google_benchmark__.github__workflows__sanitizer.yml,4,0,0,0,0,0,2,0,3
google_benchmark__.github__workflows__test_bindings.yml,0,0,0,0,0,0,2,0,1
google_benchmark__.github__workflows__wheels.yml,1,0,0,0,0,0,3,0,5
google_bindiff__.github__workflows__cmake.yml,7,6,0,6,0,6,3,0,10
google_bloaty__.github__workflows__build.yml,6,12,0,14,0,14,3,0,12
google_bloaty__.github__workflows__cifuzz.yml,0,1,0,3,0,3,3,0,3
google_boringssl__.github__workflows__branch-time.yml,0,1,0,1,0,1,3,0,2
google_brax__.github__workflows__ci.yml,2,2,0,2,0,2,3,0,2
google_brax__.github__workflows__pypi.yml,2,3,0,3,0,2,3,0,1
google_breakpad__.github__workflows__build-test-ci.yml,0,0,0,0,0,0,2,0,1
google_breakpad__.github__workflows__close-pull-request.yml,0,1,0,1,1,1,3,0,3
google_breakpad__.github__workflows__coverity.yml,0,1,0,1,0,1,3,0,2
google_brotli__.github__workflows__build_test.yml,0,0,0,0,0,0,2,0,2
google_brotli__.github__workflows__build_test_wasm.yml,0,0,0,0,0,0,1,0,1
google_brotli__.github__workflows__codeql.yml,0,0,0,6,0,0,1,0,1
google_brotli__.github__workflows__fuzz.yml,0,0,0,4,0,0,1,0,0
google_brotli__.github__workflows__lint.yml,0,0,0,0,0,0,1,0,1
google_brotli__.github__workflows__release.yml,2,0,0,0,0,0,1,0,5
google_brotli__.github__workflows__scorecard.yml,0,0,0,0,0,0,1,0,0
google_cadvisor__.github__workflows__publish-container.yml,0,6,0,6,0,6,3,0,6
google_cadvisor__.github__workflows__release-binaries.yml,0,7,0,7,0,7,3,0,7
google_cadvisor__.github__workflows__stale.yml,0,1,0,1,0,1,3,0,0
google_cadvisor__.github__workflows__test.yml,0,6,0,6,0,6,3,0,7
google_cel-spec__.github__workflows__publish_to_bcr.yml,0,1,0,1,0,0,2,0,0
google_clasp__.github__workflows__ci.yml,2,2,0,2,0,2,3,0,2
google_clasp__.github__workflows__release.yml,3,3,0,3,0,3,3,0,2
google_closure-compiler__.github__workflows__release.yml,1,1,0,5,0,1,2,0,6
google_closure-compiler__.github__workflows__run_tests.yml,0,0,0,0,1,0,1,0,3
google_closure-compiler__.github__workflows__scorecard.yml,0,0,0,3,0,2,1,0,0
google_clusterfuzz__.github__workflows__codeql-analysis.yml,3,4,0,4,0,5,2,0,1
google_clusterfuzz__.github__workflows__kubernetes-e2e-tests.yml,0,2,0,3,0,2,2,0,1
google_clusterfuzz__.github__workflows__publish-to-pypi.yml,0,0,0,0,0,0,2,0,2
google_clusterfuzz__.github__workflows__staleness.yml,0,0,0,0,0,0,1,0,0
google_clusterfuzz__.github__workflows__tests.yml,1,1,0,2,0,1,2,0,1
google_comprehensive-rust__.github__workflows__build.yml,0,9,0,9,0,9,2,0,9
google_comprehensive-rust__.github__workflows__check-msgid-changes.yml,0,1,0,1,0,1,2,0,1
google_comprehensive-rust__.github__workflows__labeler.yml,0,1,0,1,0,1,3,0,1
google_comprehensive-rust__.github__workflows__lint.yml,0,5,0,5,0,5,2,0,5
google_comprehensive-rust__.github__workflows__publish.yml,0,4,0,4,0,4,2,0,1
google_copybara__.github__workflows__docker-deploy.yml,0,1,0,0,0,3,2,0,3
google_copybara__.github__workflows__release.yml,3,5,0,5,0,5,3,0,1
google_cpu_features__.github__workflows__aarch64_linux_bazel.yml,0,1,0,1,1,1,3,0,2
google_cpu_features__.github__workflows__aarch64_linux_cmake.yml,0,1,0,1,0,1,3,0,2
google_cpu_features__.github__workflows__aarch64_linux_zig.yml,0,2,0,2,1,2,3,0,3
google_cpu_features__.github__workflows__amd64_linux_bazel.yml,0,2,0,2,0,2,3,0,3
google_cpu_features__.github__workflows__amd64_linux_cmake.yml,0,1,0,1,0,1,3,0,2
google_cpu_features__.github__workflows__amd64_linux_zig.yml,0,2,0,2,0,2,3,0,3
google_cpu_features__.github__workflows__amd64_macos_bazel.yml,1,1,0,1,1,1,3,0,2
google_cpu_features__.github__workflows__amd64_macos_cmake.yml,1,2,0,2,1,2,3,0,5
google_cpu_features__.github__workflows__amd64_macos_zig.yml,1,2,0,2,1,2,3,0,3
google_cpu_features__.github__workflows__amd64_windows_bazel.yml,0,1,0,1,0,1,3,0,2
google_cpu_features__.github__workflows__amd64_windows_cmake.yml,0,1,0,1,0,1,3,0,2
google_cpu_features__.github__workflows__amd64_windows_zig.yml,0,2,0,2,0,2,3,0,3
google_cpu_features__.github__workflows__arm64_macos_bazel.yml,0,1,0,1,0,1,3,0,2
google_cpu_features__.github__workflows__arm64_macos_cmake.yml,0,2,0,2,0,2,3,0,5
google_cpu_features__.github__workflows__arm64_macos_zig.yml,0,2,0,2,0,2,3,0,3
google_cpu_features__.github__workflows__arm_linux_cmake.yml,0,1,0,1,0,1,3,0,2
google_cpu_features__.github__workflows__clang_format.yml,0,1,0,1,0,1,3,0,2
google_cpu_features__.github__workflows__mips_linux_cmake.yml,0,1,0,1,0,1,3,0,2
google_cpu_features__.github__workflows__power_linux_cmake.yml,0,1,0,1,0,1,3,0,2
google_cpu_features__.github__workflows__riscv_linux_cmake.yml,0,1,0,1,0,1,3,0,2
google_cpu_features__.github__workflows__s390x_linux_cmake.yml,0,1,0,1,0,1,3,0,2
google_cpu_features__.github__workflows__zig.yml,0,2,0,2,0,2,3,0,3
google_dagger__.github__workflows__ci.yml,2,16,0,16,2,16,3,0,24
google_dagger__.github__workflows__release.yml,1,12,0,12,0,12,3,0,16
google_differential-privacy__.github__workflows__bazel.yml,0,11,0,11,0,11,3,0,11
google_differential-privacy__.github__workflows__go.yml,0,2,0,2,0,2,3,0,2
google_differential-privacy__.github__workflows__maven.yml,0,3,0,3,0,3,3,0,2
google_docsy__.github__workflows__smoke.yml,0,3,0,3,0,3,2,0,1
google_docsy__.github__workflows__test.yml,0,3,0,3,0,3,2,0,1
google_draco__.github__workflows__ci.yml,2,2,0,2,0,2,3,0,5
google_draco__.github__workflows__gemini-cli.yml,0,0,0,0,0,4,3,0,3
google_draco__.github__workflows__gemini-issue-automated-triage.yml,0,0,0,0,0,3,3,0,2
google_draco__.github__workflows__gemini-issue-scheduled-triage.yml,0,0,0,0,0,3,3,0,2
google_draco__.github__workflows__gemini-pr-review.yml,0,0,0,0,0,3,3,0,4
google_earthengine-api__.github__workflows__ci-tests.yml,0,2,0,2,0,2,3,0,2
google_earthengine-api__.github__workflows__ci-type-verification.yml,0,3,0,3,0,3,3,0,3
google_earthengine-api__.github__workflows__publish-to-npm.yml,0,4,0,0,0,5,3,0,5
google_earthengine-api__.github__workflows__publish-to-pypi.yml,1,9,0,0,1,10,3,0,9
google_error-prone__.github__workflows__ci.yml,1,14,0,14,0,14,2,0,6
google_error-prone__.github__workflows__release.yml,0,5,0,5,0,5,3,0,5
google_filament__.github__workflows__cocopods-deploy.yml,0,0,0,0,0,0,2,0,1
google_filament__.github__workflows__npm-deploy.yml,1,2,0,2,0,2,3,0,2
google_filament__.github__workflows__postsubmit-main.yml,3,4,0,4,0,4,3,0,12
google_filament__.github__workflows__postsubmit.yml,4,11,0,11,0,11,3,0,13
google_filament__.github__workflows__presubmit.yml,7,13,0,13,6,13,3,0,25
google_filament__.github__workflows__release.yml,11,13,0,13,0,13,3,0,7
google_filament__.github__workflows__verify-release-notes.yml,0,0,0,0,0,0,2,0,1
google_flatbuffers__.github__workflows__build.yml,3,54,0,54,3,52,2,0,48
google_flatbuffers__.github__workflows__docs.yml,0,3,0,3,0,3,3,0,1
google_flatbuffers__.github__workflows__label.yml,0,1,0,1,0,1,2,0,1
google_flatbuffers__.github__workflows__main.yml,0,1,0,3,0,3,2,0,2
google_flatbuffers__.github__workflows__release.yml,3,14,0,14,0,14,2,0,10
google_flatbuffers__.github__workflows__stale.yml,0,1,0,1,0,1,2,0,0
google_flax__.github__workflows__flax_publish.yml,1,0,0,0,0,0,2,0,4
google_flax__.github__workflows__flax_test.yml,2,0,0,0,2,1,3,0,12
google_flax__.github__workflows__flaxlib_publish.yml,0,0,0,9,0,0,3,0,5
google_flax__.github__workflows__jax_nightly.yml,0,0,0,4,0,0,2,0,1
google_fonts__.github__workflows__ci.yml,2,2,0,2,0,2,3,0,2
google_fonts__.github__workflows__designers.yml,2,2,0,2,0,2,3,0,2
google_fonts__.github__workflows__font_tags.yml,2,2,0,2,0,2,3,0,2
google_fonts__.github__workflows__fontspectorall.yml,0,3,0,3,0,3,3,0,3
google_fonts__.github__workflows__pushlists.yml,2,2,0,2,0,2,3,0,2
google_fonts__.github__workflows__report.yml,3,5,0,5,1,5,3,0,1
google_fonts__.github__workflows__scorecard.yml,0,1,0,4,0,1,2,0,0
google_fonts__.github__workflows__test.yml,3,17,0,18,0,16,3,0,16
google_fonts__.github__workflows__update_sandbox.yml,0,2,0,2,0,2,3,0,1
google_gemma.cpp__.github__workflows__build.yml,0,3,0,7,0,3,3,0,6
google_generative-ai-docs__.github__workflows__labeler.yml,1,1,0,1,0,1,3,0,1
google_generative-ai-docs__.github__workflows__notebooks.yml,5,5,0,5,0,5,3,0,6
google_generative-ai-docs__.github__workflows__remove-issue-labels.yml,0,1,0,1,0,1,3,0,1
google_generative-ai-docs__.github__workflows__remove-pr-labels.yml,1,1,0,1,0,1,3,0,2
google_generative-ai-docs__.github__workflows__stale.yml,1,1,0,1,0,1,3,0,0
google_gnostic__.github__workflows__go.yml,2,2,0,2,0,2,3,0,2
google_go-cloud__.github__workflows__tests.yml,0,2,0,2,0,2,3,0,2
google_go-cmp__.github__workflows__test.yml,0,0,0,0,0,0,1,0,1
google_go-containerregistry__.github__workflows__analyze.yml,0,4,0,4,0,4,2,0,1
google_go-containerregistry__.github__workflows__boilerplate.yml,0,1,0,2,0,2,3,0,3
google_go-containerregistry__.github__workflows__build.yml,0,2,0,2,0,2,3,0,2
google_go-containerregistry__.github__workflows__bump-deps.yml,0,3,0,3,0,3,3,0,2
google_go-containerregistry__.github__workflows__donotsubmit.yml,0,1,0,2,0,2,3,0,3
google_go-containerregistry__.github__workflows__e2e.yml,0,2,0,2,0,2,3,0,2
google_go-containerregistry__.github__workflows__ecr-auth.yml,0,6,0,6,0,6,2,0,6
google_go-containerregistry__.github__workflows__ghcr-auth.yml,0,2,0,2,0,2,2,0,2
google_go-containerregistry__.github__workflows__presubmit.yml,0,2,0,2,0,2,3,0,2
google_go-containerregistry__.github__workflows__release.yml,0,5,0,5,0,4,3,0,5
google_go-containerregistry__.github__workflows__stale.yml,0,0,0,0,0,1,3,0,1
google_go-containerregistry__.github__workflows__style.yml,0,7,0,10,0,10,3,0,11
google_go-containerregistry__.github__workflows__test.yml,0,3,0,3,0,3,3,0,3
google_go-github__.github__workflows__linter.yml,0,0,0,0,0,0,1,0,1
google_go-github__.github__workflows__tests.yml,0,0,0,0,0,0,1,0,1
google_go-querystring__.github__workflows__linter.yml,0,0,0,0,0,0,2,0,2
google_go-querystring__.github__workflows__tests.yml,0,0,0,0,0,0,2,0,2
google_google-java-format__.github__workflows__ci.yml,1,9,0,9,0,9,3,0,11
google_google-java-format__.github__workflows__release.yml,0,5,0,5,2,5,3,2,7
google_gops__.github__workflows__test.yml,0,2,0,2,0,2,3,0,2
google_grr__.github__workflows__build.yml,1,25,0,25,3,25,3,0,19
google_grr__.github__workflows__publish-pypi.yml,0,27,0,27,8,19,3,0,11
google_gson__.github__workflows__build.yml,0,0,0,0,0,0,1,0,4
google_gson__.github__workflows__check-android-compatibility.yml,0,0,0,0,0,0,1,0,1
google_gson__.github__workflows__check-api-compatibility.yml,0,0,0,0,0,0,1,0,2
google_gson__.github__workflows__cifuzz.yml,0,0,0,4,0,2,2,0,2
google_gson__.github__workflows__codeql-analysis.yml,0,0,0,4,0,0,0,0,1
google_gson__.github__workflows__scorecard.yml,0,0,0,0,0,0,1,0,0
google_gts__.github__workflows__ci.yml,0,6,0,11,0,6,3,0,12
google_gts__.github__workflows__release.yml,0,1,0,2,0,1,3,0,2
google_guava__.github__workflows__ci.yml,0,0,0,0,0,0,1,0,3
google_guava__.github__workflows__scorecard.yml,0,0,0,0,0,0,1,0,0
google_guice__.github__workflows__ci.yml,0,0,0,0,0,0,2,0,11
google_gvisor__.github__workflows__build.yml,0,2,0,2,0,2,3,0,2
google_gvisor__.github__workflows__codeql.yml,0,5,0,5,0,5,2,0,1
google_gvisor__.github__workflows__go.yml,0,3,0,3,0,3,3,0,5
google_gvisor__.github__workflows__issue_reviver.yml,0,1,0,1,0,1,3,0,1
google_gvisor__.github__workflows__labeler.yml,0,1,0,1,0,1,3,0,1
google_gvisor__.github__workflows__stale.yml,0,1,0,1,0,1,3,0,1
google_highway__.github__workflows__build_test.yml,1,0,0,0,0,0,1,0,4
google_highway__.github__workflows__docs_pages_workflow.yml,0,0,0,0,0,0,2,0,0
google_highway__.github__workflows__meson_build_test.yml,5,2,0,10,1,2,2,0,7
google_highway__.github__workflows__multiarch.yml,1,2,0,6,1,2,2,0,4
google_j2objc__.github__workflows__main.yml,0,1,0,1,0,1,3,0,2
google_jimfs__.github__workflows__ci.yml,0,0,0,0,0,0,2,0,6
google_jsonnet__.github__workflows__build_and_test.yml,0,8,0,8,0,8,2,0,7
google_jsonnet__.github__workflows__doc_update.yml,1,12,0,13,0,12,2,0,3
google_jsonnet__.github__workflows__publish-python.yml,0,7,0,9,2,7,3,0,2
google_jsonnet__.github__workflows__release.yml,0,1,0,2,0,1,3,0,1
google_ksp__.github__workflows__auto-merge.yml,0,5,0,5,0,5,3,0,1
google_ksp__.github__workflows__main.yml,2,6,0,6,0,6,3,0,5
google_ksp__.github__workflows__release.yml,0,5,0,5,0,5,3,0,1
google_langextract__.github__workflows__auto-update-pr.yml,0,1,0,1,0,1,3,0,0
google_langextract__.github__workflows__check-infrastructure-changes.yml,0,1,0,1,0,1,2,0,1
google_langextract__.github__workflows__check-linked-issue.yml,0,1,0,1,0,1,2,0,1
google_langextract__.github__workflows__check-pr-size.yml,0,2,0,2,1,2,2,0,2
google_langextract__.github__workflows__check-pr-up-to-date.yml,0,2,0,2,0,2,2,0,2
google_langextract__.github__workflows__ci.yml,0,20,0,20,1,20,3,1,3
google_langextract__.github__workflows__publish.yml,0,3,0,3,0,2,2,0,2
google_langextract__.github__workflows__revalidate-pr.yml,0,5,0,5,0,5,3,0,12
google_langextract__.github__workflows__validate-community-providers.yml,0,2,0,2,0,2,2,0,1
google_langextract__.github__workflows__validate_pr_template.yml,0,1,0,1,0,1,2,0,2
google_langextract__.github__workflows__zenodo-publish.yml,0,2,0,2,0,2,3,0,1
google_libphonenumber__.github__workflows__codeql.yml,0,0,0,6,0,0,0,0,1
google_libphonenumber__.github__workflows__cpp-unit-test.yml,0,0,0,0,0,0,1,0,1
google_libphonenumber__.github__workflows__dependency-review.yml,0,0,0,0,0,0,1,0,1
google_libphonenumber__.github__workflows__java-unit-test.yml,0,0,0,0,0,0,2,0,2
google_libphonenumber__.github__workflows__osv-scanner-unified.yml,0,0,0,0,0,0,2,0,1
google_libphonenumber__.github__workflows__scorecards.yml,0,0,0,0,0,0,1,0,0
google_magika__.github__workflows__cli-latest.yml,0,0,0,0,0,0,2,0,1
google_magika__.github__workflows__cli-release.yml,1,17,0,0,0,17,3,0,7
google_magika__.github__workflows__codeql.yml,0,0,0,4,0,0,0,0,1
google_magika__.github__workflows__docs-check.yml,0,0,0,0,1,0,2,0,1
google_magika__.github__workflows__github-issue-labeler.yml,0,0,0,0,0,0,1,0,0
google_magika__.github__workflows__github-pages.yml,0,0,0,0,0,0,1,0,1
google_magika__.github__workflows__go-test.yml,0,0,0,0,0,0,1,0,1
google_magika__.github__workflows__js-check-import-scenarios.yml,0,0,0,0,0,0,2,0,2
google_magika__.github__workflows__js-docs-builder.yml,0,0,0,0,0,0,1,0,1
google_magika__.github__workflows__js-publish.yml,0,0,0,2,0,1,2,0,1
google_magika__.github__workflows__js-test.yml,0,0,0,0,0,0,1,0,1
google_magika__.github__workflows__python-build-and-release-package.yml,0,18,0,24,11,16,2,0,11
google_magika__.github__workflows__python-test-published-package.yml,0,0,0,0,1,0,2,0,1
google_magika__.github__workflows__python-test-published-rc-package.yml,0,0,0,0,1,0,2,0,1
google_magika__.github__workflows__python-test-suite.yml,0,0,0,0,1,0,2,0,2
google_magika__.github__workflows__rust-test.yml,0,0,0,0,0,0,1,0,3
google_magika__.github__workflows__scorecard.yml,0,0,0,0,0,0,1,0,0
google_magika__.github__workflows__website-test.yml,0,0,0,0,0,0,1,0,1
google_material-design-icons__.github__workflows__main.yml,2,2,0,2,0,2,3,0,1
google_model-viewer__.github__workflows__deploy-documentation.yml,0,3,0,3,0,3,3,0,2
google_model-viewer__.github__workflows__fidelity-tests.yml,0,3,0,3,0,3,3,0,3
google_model-viewer__.github__workflows__unit-tests.yml,0,2,0,2,0,2,3,0,2
google_mozc__.github__workflows__android.yml,0,5,0,5,0,5,2,0,0
google_mozc__.github__workflows__lint.yml,0,1,0,1,0,1,2,0,0
google_mozc__.github__workflows__linux.yml,0,3,0,3,0,3,2,0,0
google_mozc__.github__workflows__macos.yml,0,13,0,13,0,13,2,0,0
google_mozc__.github__workflows__windows.yml,0,10,0,10,0,10,2,0,0
google_mtail__.github__workflows__auto-review.yml,0,1,0,0,0,2,3,0,2
google_mtail__.github__workflows__automerge.yml,0,1,0,2,0,1,3,0,2
google_mtail__.github__workflows__benchmark.yml,0,4,0,4,0,4,3,0,2
google_mtail__.github__workflows__ci-done.yml,0,2,0,2,0,2,3,0,2
google_mtail__.github__workflows__ci.yml,1,10,0,11,0,11,2,0,10
google_mtail__.github__workflows__codeql-analysis.yml,0,4,0,4,0,5,2,0,1
google_mtail__.github__workflows__golangci-lint.yml,0,2,0,2,0,2,3,0,2
google_mtail__.github__workflows__oss-fuzz.yml,0,1,0,3,0,3,2,0,2
google_mtail__.github__workflows__release.yml,0,9,0,9,0,7,3,0,7
google_mtail__.github__workflows__remove-old-package-versions.yml,0,1,0,1,0,1,3,0,0
google_mtail__.github__workflows__stale.yml,0,1,0,1,0,1,2,0,0
google_mtail__.github__workflows__tag-new-release.yml,0,2,0,2,0,2,3,0,3
google_nsjail__.github__workflows__dockerpush.yml,2,2,0,2,0,2,3,0,5
google_oboe__.github__workflows__build-ci.yml,0,5,0,5,0,5,2,0,2
google_oboe__.github__workflows__update-docs.yml,0,3,0,3,0,3,3,0,3
google_open-location-code__.github__workflows__main.yml,1,22,0,22,0,22,3,0,31
google_OpenSK__.github__workflows__cargo_audit.yml,1,3,0,3,0,3,3,0,3
google_OpenSK__.github__workflows__cargo_bloat.yml,1,4,0,4,0,4,3,0,4
google_OpenSK__.github__workflows__ci.yml,0,2,0,2,0,2,3,0,1
google_OpenSK__.github__workflows__cifuzz.yml,0,1,0,0,0,3,3,0,3
google_OpenSK__.github__workflows__coveralls.yml,1,4,0,4,0,4,3,0,4
google_OpenSK__.github__workflows__mdlint.yml,0,2,0,2,0,2,3,0,3
google_OpenSK__.github__workflows__reproducible.yml,0,3,0,3,0,3,3,0,2
google_or-tools__.github__workflows__aarch64_toolchain.yml,0,1,0,1,0,1,3,0,2
google_or-tools__.github__workflows__amd64_cmake_glop_cpp.yml,0,2,0,2,0,2,3,0,5
google_or-tools__.github__workflows__amd64_docker_bazel.yml,0,1,0,1,0,1,3,0,2
google_or-tools__.github__workflows__amd64_docker_cmake.yml,0,1,0,1,0,1,3,0,2
google_or-tools__.github__workflows__amd64_freebsd_cmake.yml,0,2,0,2,0,2,3,0,5
google_or-tools__.github__workflows__amd64_linux_bazel.yml,0,5,0,5,0,5,3,0,5
google_or-tools__.github__workflows__amd64_linux_cmake_coinor_off.yml,0,9,0,9,0,9,3,0,5
google_or-tools__.github__workflows__amd64_linux_cmake_cpp.yml,0,8,0,8,0,8,3,0,5
google_or-tools__.github__workflows__amd64_linux_cmake_dotnet.yml,0,9,0,9,0,9,3,0,5
google_or-tools__.github__workflows__amd64_linux_cmake_glpk_on.yml,0,9,0,9,0,9,3,0,5
google_or-tools__.github__workflows__amd64_linux_cmake_java.yml,0,8,0,8,0,8,3,0,5
google_or-tools__.github__workflows__amd64_linux_cmake_python.yml,0,9,0,9,0,9,3,0,5
google_or-tools__.github__workflows__amd64_linux_cmake_scip_off.yml,0,9,0,9,0,9,3,0,5
google_or-tools__.github__workflows__amd64_linux_cmake_system_deps.yml,0,1,0,1,0,1,3,0,2
google_or-tools__.github__workflows__amd64_macos_bazel.yml,1,6,0,6,0,6,3,0,5
google_or-tools__.github__workflows__amd64_macos_cmake_cpp.yml,1,8,0,8,0,8,3,0,5
google_or-tools__.github__workflows__amd64_macos_cmake_dotnet.yml,1,9,0,9,0,9,3,0,5
google_or-tools__.github__workflows__amd64_macos_cmake_java.yml,1,8,0,8,0,8,3,0,5
google_or-tools__.github__workflows__amd64_macos_cmake_python.yml,1,9,0,9,0,9,3,0,5
google_or-tools__.github__workflows__amd64_web.yml,0,1,0,1,0,1,3,0,2
google_or-tools__.github__workflows__amd64_windows_bazel.yml,0,6,0,6,0,6,3,0,5
google_or-tools__.github__workflows__amd64_windows_cmake_cpp.yml,0,4,0,4,0,4,3,0,5
google_or-tools__.github__workflows__amd64_windows_cmake_dotnet.yml,0,5,0,5,0,5,3,0,5
google_or-tools__.github__workflows__amd64_windows_cmake_java.yml,0,5,0,5,0,5,3,0,5
google_or-tools__.github__workflows__amd64_windows_cmake_python.yml,0,5,0,5,0,5,3,0,5
google_or-tools__.github__workflows__arm64_macos_bazel.yml,0,6,0,6,0,6,3,0,5
google_or-tools__.github__workflows__arm64_macos_cmake_cpp.yml,0,8,0,8,0,8,3,0,5
google_or-tools__.github__workflows__arm64_macos_cmake_dotnet.yml,0,9,0,9,0,9,3,0,5
google_or-tools__.github__workflows__arm64_macos_cmake_java.yml,0,8,0,8,0,8,3,0,5
google_or-tools__.github__workflows__arm64_macos_cmake_python.yml,0,9,0,9,0,9,3,0,5
google_or-tools__.github__workflows__check_format.yml,0,1,0,1,0,1,3,0,2
google_or-tools__.github__workflows__mips_toolchain.yml,0,1,0,1,0,1,3,0,2
google_or-tools__.github__workflows__powerpc_toolchain.yml,0,1,0,1,0,1,3,0,2
google_or-tools__.github__workflows__presubmit.yml,3,9,0,9,0,9,3,0,9
google_oss-fuzz__.github__workflows__cflite_pr.yml,0,2,0,2,0,2,2,0,2
google_oss-fuzz__.github__workflows__check_base_os.yml,0,2,0,2,0,2,3,0,2
google_oss-fuzz__.github__workflows__codeql-analysis.yml,3,4,0,4,0,5,2,0,1
google_oss-fuzz__.github__workflows__index_build_tests.yml,0,2,0,2,1,2,2,0,1
google_oss-fuzz__.github__workflows__indexer_build.yml,0,1,0,1,0,1,2,0,1
google_oss-fuzz__.github__workflows__infra_tests.yml,0,4,0,4,0,4,2,0,2
google_oss-fuzz__.github__workflows__pr_helper.yml,0,5,0,5,0,5,3,0,2
google_oss-fuzz__.github__workflows__presubmit.yml,0,2,0,2,0,2,2,0,1
google_oss-fuzz__.github__workflows__project_tests.yml,0,2,0,2,0,2,2,0,1
google_oss-fuzz__.github__workflows__ubuntu_version_sync.yml,0,1,0,1,0,1,3,0,2
google_osv-scanner__.github__workflows__cassettes.yml,0,0,0,0,0,0,1,0,0
google_osv-scanner__.github__workflows__checks.yml,0,0,0,0,0,0,1,0,3
google_osv-scanner__.github__workflows__codeql-analysis.yml,0,0,0,5,0,1,0,0,1
google_osv-scanner__.github__workflows__dependencies.yml,0,0,0,0,0,0,1,0,0
google_osv-scanner__.github__workflows__goreleaser-nightly.yml,1,0,0,0,0,0,1,0,2
google_osv-scanner__.github__workflows__goreleaser.yml,0,1,0,7,0,0,1,0,2
google_osv-scanner__.github__workflows__links.yml,0,0,0,0,0,0,1,0,1
google_osv-scanner__.github__workflows__osv-scanner-reusable-pr.yml,0,0,0,0,0,0,2,0,0
google_osv-scanner__.github__workflows__osv-scanner-reusable.yml,0,0,0,0,0,0,2,0,0
google_osv-scanner__.github__workflows__osv-scanner-unified-action.yml,0,0,0,0,0,0,1,0,0
google_osv-scanner__.github__workflows__prerelease-check.yml,0,0,0,15,0,0,1,0,1
google_osv-scanner__.github__workflows__renovate-validator.yml,0,0,0,0,0,0,1,0,1
google_osv-scanner__.github__workflows__scorecards.yml,0,0,0,0,0,0,1,0,0
google_osv-scanner__.github__workflows__snapshots.yml,0,0,0,0,0,0,1,0,0
google_osv-scanner__.github__workflows__staleness.yml,0,0,0,0,0,0,1,0,0
google_osv-scanner__.github__workflows__title.yml,0,0,0,0,0,0,1,0,0
google_osv.dev__.github__workflows__codeql-analysis.yml,0,0,0,4,0,1,0,0,1
google_osv.dev__.github__workflows__issue-signposting.yml,0,0,0,0,0,0,1,0,0
google_osv.dev__.github__workflows__links.yml,0,0,0,0,0,0,1,0,1
google_osv.dev__.github__workflows__lint.yml,0,0,0,0,0,0,2,0,1
google_osv.dev__.github__workflows__osv-scanner-unified.yml,0,0,0,0,0,0,1,0,0
google_osv.dev__.github__workflows__pr-check.yml,0,0,0,0,0,0,1,0,1
google_osv.dev__.github__workflows__publish-to-pypi.yml,0,0,0,0,0,0,2,0,2
google_osv.dev__.github__workflows__renovate-validator.yml,0,0,0,0,0,0,1,0,1
google_osv.dev__.github__workflows__scorecards.yml,0,0,0,0,0,0,1,0,0
google_osv.dev__.github__workflows__snapshots.yml,0,0,0,0,0,0,1,0,0
google_osv.dev__.github__workflows__staleness.yml,0,0,0,0,0,0,1,0,0
google_perfetto__.github__workflows__analyze.yml,7,1,0,1,0,1,2,0,14
google_perfetto__.github__workflows__android-tests.yml,0,1,0,1,0,1,3,0,1
google_perfetto__.github__workflows__bazel-tests.yml,0,1,0,1,0,1,3,0,1
google_perfetto__.github__workflows__chromium-copybara-import.yml,1,1,0,1,0,1,2,0,0
google_perfetto__.github__workflows__fuzzer-tests.yml,0,1,0,1,0,1,3,0,1
google_perfetto__.github__workflows__linux-tests.yml,0,1,0,1,0,1,3,0,1
google_perfetto__.github__workflows__merge-canary-to-stable.yml,0,1,0,1,0,1,3,0,1
google_perfetto__.github__workflows__merge-main-to-canary.yml,0,1,0,1,0,1,3,0,1
google_perfetto__.github__workflows__pr-branch-check.yml,0,0,0,0,0,0,2,0,3
google_perfetto__.github__workflows__repo-checks.yml,0,1,0,1,0,1,3,0,3
google_perfetto__.github__workflows__require-two-reviewers-for-fork-prs.yml,0,0,0,0,0,0,1,0,4
google_perfetto__.github__workflows__rust-sdk-tests.yml,0,1,0,1,0,1,2,0,3
google_perfetto__.github__workflows__sync-protos.yml,0,2,0,2,0,2,3,0,2
google_perfetto__.github__workflows__ui-tests.yml,1,2,0,2,0,2,2,0,3
google_perfetto__.github__workflows__update-codeowners.yml,0,3,0,3,0,3,3,0,2
google_pprof__.github__workflows__ci.yml,0,0,0,0,0,4,3,0,8
google_python-fire__.github__workflows__build.yml,0,2,0,2,0,2,3,0,2
google_pytype__.github__workflows__build.yml,0,7,0,7,0,7,3,0,7
google_pytype__.github__workflows__ci.yml,0,5,0,5,0,5,3,0,6
google_re2__.github__workflows__ci-bazel.yml,0,3,0,3,0,3,2,0,2
google_re2__.github__workflows__ci-cmake.yml,0,3,0,3,0,3,2,0,3
google_re2__.github__workflows__ci.yml,0,3,0,3,0,3,2,0,3
google_re2__.github__workflows__pages.yml,0,5,0,5,0,5,2,0,4
google_re2__.github__workflows__python.yml,1,15,0,15,0,15,2,1,10
google_re2__.github__workflows__release-bazel.yml,0,1,0,1,0,0,2,0,0
google_re2__.github__workflows__release.yml,1,2,0,2,0,2,2,0,2
google_recaptcha__.github__workflows__php.yml,2,2,0,2,0,2,2,0,1
google_s2geometry__.github__workflows__build.yml,1,0,0,0,0,0,1,0,3
google_security-research__.github__workflows__kernel-codeql-release.yml,1,4,0,4,0,4,2,1,8
google_security-research__.github__workflows__kernelctf-auto-releaser.yml,1,3,0,3,0,3,2,0,5
google_security-research__.github__workflows__kernelctf-release-build.yml,0,5,0,0,1,6,2,4,8
google_security-research__.github__workflows__kernelctf-submission-verification.yml,0,15,0,0,0,16,2,0,12
google_security-research__.github__workflows__kernelctf-verify-all.yml,1,2,0,0,0,3,2,0,3
google_security-research__.github__workflows__v8ctf-challenge-updater.yml,0,1,0,1,0,1,3,0,1
google_seesaw__.github__workflows__ci.yml,3,2,0,2,0,2,3,0,2
google_sentencepiece__.github__workflows__cifuzz.yml,0,1,0,3,0,3,2,0,2
google_sentencepiece__.github__workflows__cmake.yml,2,1,0,3,0,1,2,0,1
google_sentencepiece__.github__workflows__cross_build.yml,0,0,0,0,0,0,1,0,1
google_sentencepiece__.github__workflows__wheel.yml,1,2,0,9,0,1,2,0,3
google_shaderc__.github__workflows__autoroll.yml,1,1,0,1,0,1,2,0,1
google_snappy__.github__workflows__build.yml,1,1,0,1,0,1,2,0,1
google_snappy__.github__workflows__riscv64-qemu-test.yml,0,1,0,1,0,1,3,0,2
google_starlark-go__.github__workflows__tests.yml,2,2,0,2,0,2,3,0,2
google_syzkaller__.github__workflows__ci.yml,4,0,0,18,4,0,1,0,9
google_syzkaller__.github__workflows__depsreview.yml,0,0,0,0,0,0,1,0,1
google_syzkaller__.github__workflows__gemini-pr-review.yml,0,0,0,0,0,3,3,0,4
google_syzkaller__.github__workflows__oss-fuzz.yml,2,2,0,4,0,4,3,0,3
google_tamperchrome__.github__workflows__ci.yml,3,3,0,3,0,3,3,0,7
google_tamperchrome__.github__workflows__codeql-analysis.yml,4,4,0,4,0,5,2,0,2
google_tamperchrome__.github__workflows__post-commit.yml,2,4,0,4,0,4,3,0,7
google_tamperchrome__.github__workflows__release.yml,1,3,0,3,0,3,3,0,2
google_tarpc__.github__workflows__main.yml,0,10,0,10,0,5,3,0,18
google_tarpc__.github__workflows__pr_review.yml,0,3,0,3,0,2,3,0,4
google_timesketch__.github__workflows__build_frontend-ng.yml,0,1,0,2,0,1,3,0,2
google_timesketch__.github__workflows__build_frontend-v3.yml,0,1,0,2,0,1,3,0,2
google_timesketch__.github__workflows__documentation.yml,0,2,0,3,0,2,3,0,3
google_timesketch__.github__workflows__e2e-tests.yml,0,2,0,4,0,2,3,0,7
google_timesketch__.github__workflows__linters.yml,0,5,0,8,0,4,3,0,8
google_timesketch__.github__workflows__unit-tests.yml,0,4,0,6,0,4,3,0,5
google_trillian__.github__workflows__codeql.yml,0,0,0,4,0,0,0,0,1
google_trillian__.github__workflows__golangci-lint.yml,0,0,0,0,0,0,1,0,1
google_trillian__.github__workflows__govulncheck.yml,0,0,0,0,0,0,1,0,0
google_trillian__.github__workflows__scorecard.yml,0,0,0,0,0,0,1,0,0
google_trillian__.github__workflows__test_crdb.yml,0,0,0,0,0,0,1,0,3
google_trillian__.github__workflows__test_pgdb.yml,0,0,1,0,0,0,1,0,3
google_truth__.github__workflows__ci.yml,0,0,0,0,0,0,2,0,6
google_tsunami-security-scanner__.github__workflows__core-build.yml,1,2,0,2,0,2,3,0,2
google_tsunami-security-scanner__.github__workflows__core-push.yml,0,5,0,5,0,5,3,0,4
google_tsunami-security-scanner__.github__workflows__devel-push.yml,0,5,0,5,0,5,3,0,4
google_tsunami-security-scanner__.github__workflows__full-push.yml,0,5,0,5,0,5,3,0,4
google_tunix__.github__workflows__build_and_test_tunix.yml,3,0,0,0,0,0,1,0,0
google_tunix__.github__workflows__build_and_test_tunix_nightly_regression.yml,2,0,0,0,0,0,1,0,0
google_tunix__.github__workflows__build_docs.yml,0,0,0,0,0,0,2,0,0
google_tunix__.github__workflows__build_package.yml,1,1,0,3,0,1,2,0,1
google_tunix__.github__workflows__cpu-tests.yml,1,2,0,3,0,2,2,0,1
google_tunix__.github__workflows__issue-auto-assign.yml,0,2,0,2,0,2,2,0,1
google_tunix__.github__workflows__pypi_release.yml,0,5,0,8,0,4,2,0,3
google_tunix__.github__workflows__tpu-nightly-regression.yml,1,2,0,2,0,2,3,0,1
google_tunix__.github__workflows__tpu-tests.yml,2,4,0,4,0,4,3,0,3
google_wireit__.github__workflows__codeql.yml,0,4,0,4,0,4,2,0,1
google_wireit__.github__workflows__dependency-review.yml,0,2,0,2,0,2,2,0,1
google_wireit__.github__workflows__lint.yml,0,2,0,2,0,2,3,0,2
google_wireit__.github__workflows__test-real-github-actions-cache-service.yml,0,3,0,3,0,2,3,0,3
google_wireit__.github__workflows__tests.yml,1,3,0,3,0,2,3,0,3
google_wuffs__.github__workflows__fuzz.yml,1,1,0,3,0,3,3,0,3
google_XNNPACK__.github__workflows__build-linux-windows.yml,0,6,0,7,0,7,3,0,5
google_XNNPACK__.github__workflows__build.yml,15,33,0,36,0,36,3,0,36
google_XNNPACK__.github__workflows__on-pr-approved.yml,1,0,0,0,0,0,2,0,1
google_XNNPACK__.github__workflows__on-pr-merge-to-master.yml,1,0,0,0,0,0,2,0,1
google_XNNPACK__.github__workflows__on-push.yml,1,0,0,0,0,0,2,0,1
google_XNNPACK__.github__workflows__publish-docker.yml,0,5,0,5,0,5,3,0,5
google_XNNPACK__.github__workflows__sde-tests-linux-windows.yml,1,1,0,1,0,1,3,0,3
google_yapf__.github__workflows__ci.yml,0,0,0,0,0,0,3,0,2
google_yapf__.github__workflows__pre-commit-autoupdate.yml,0,0,0,0,0,0,3,0,2
google_yapf__.github__workflows__pre-commit.yml,0,0,0,0,0,0,2,0,1
google_zerocopy__.github__workflows__backport-pr.yml,0,0,0,0,0,0,1,0,0
google_zerocopy__.github__workflows__ci.yml,0,0,0,0,0,3,1,0,0
google_zerocopy__.github__workflows__dependency-review.yml,0,0,0,0,0,0,1,0,0
google_zerocopy__.github__workflows__docs.yml,0,0,0,0,0,0,1,0,0
google_zerocopy__.github__workflows__release-crate-version.yml,0,0,0,0,0,0,1,0,0
google_zerocopy__.github__workflows__roll-pinned-toolchain-versions.yml,0,0,0,0,0,0,1,0,0
google_zerocopy__.github__workflows__scorecard.yml,0,0,0,0,0,0,1,0,0
google_zx__.github__workflows__codeql.yml,0,3,0,3,0,3,1,0,0
google_zx__.github__workflows__dev-publish.yml,0,13,0,16,0,13,2,0,0
google_zx__.github__workflows__docs.yml,0,4,0,4,0,5,2,0,0
google_zx__.github__workflows__jsr-publish.yml,0,6,0,6,0,6,2,0,0
google_zx__.github__workflows__osv.yml,0,0,0,0,0,0,1,0,0
google_zx__.github__workflows__publish.yml,0,13,0,16,0,13,2,0,0
google_zx__.github__workflows__test.yml,0,26,0,29,0,27,2,0,0
google_zx__.github__workflows__zizmor.yml,0,1,0,2,0,1,2,0,0
IBM_mcp-context-forge__.github__workflows__alembic-upgrade-validation.yml,0,4,0,4,0,4,2,0,3
IBM_mcp-context-forge__.github__workflows__bandit.yml,0,1,0,2,0,1,3,0,1
IBM_mcp-context-forge__.github__workflows__codeql.yml,0,5,0,5,0,5,2,0,1
IBM_mcp-context-forge__.github__workflows__dependency-review.yml,0,2,0,2,0,2,3,0,1
IBM_mcp-context-forge__.github__workflows__docker-multiplatform.yml,0,12,0,12,0,12,3,0,14
IBM_mcp-context-forge__.github__workflows__docker-release.yml,0,2,0,2,0,2,3,0,10
IBM_mcp-context-forge__.github__workflows__docker-scan.yml,0,10,0,11,1,11,3,0,7
IBM_mcp-context-forge__.github__workflows__ibm-cloud-code-engine.yml,0,4,0,4,0,4,2,0,3
IBM_mcp-context-forge__.github__workflows__license-check.yml,0,5,0,5,0,4,2,0,2
IBM_mcp-context-forge__.github__workflows__lint-web.yml,0,4,0,4,0,4,2,0,2
IBM_mcp-context-forge__.github__workflows__lint.yml,0,5,0,5,0,5,2,0,3
IBM_mcp-context-forge__.github__workflows__linting-full.yml,0,5,0,5,0,5,2,0,4
IBM_mcp-context-forge__.github__workflows__playwright.yml,0,4,0,4,0,4,2,0,2
IBM_mcp-context-forge__.github__workflows__pytest.yml,0,3,0,5,0,5,3,0,3
IBM_mcp-context-forge__.github__workflows__python-package.yml,0,3,0,3,0,3,3,0,2
IBM_mcp-context-forge__.github__workflows__rust-plugins.yml,0,20,0,20,0,20,3,0,18
IBM_mcp-context-forge__.github__workflows__rust-tools.yml,0,4,0,4,0,4,3,0,7
IBM_mcp-context-forge__.github__workflows__vitest.yml,0,2,0,2,0,2,2,0,1
IBM_plex__.github__workflows__publish-cdn-test.yml,0,0,0,2,0,0,2,0,2
IBM_plex__.github__workflows__publish-cdn.yml,0,1,0,4,0,3,3,0,4
IBM_sarama__.github__workflows__apidiff.yml,0,0,0,0,0,1,1,0,0
IBM_sarama__.github__workflows__cache-cleanup.yml,0,0,0,0,0,0,1,0,0
IBM_sarama__.github__workflows__ci.yml,0,0,0,0,0,0,1,0,0
IBM_sarama__.github__workflows__codeql-analysis.yml,0,0,0,5,0,0,0,0,0
IBM_sarama__.github__workflows__dependency-review.yml,0,0,0,0,0,0,1,0,0
IBM_sarama__.github__workflows__fuzz.yml,0,0,0,0,0,0,1,0,0
IBM_sarama__.github__workflows__fvt-main.yml,1,0,0,0,0,0,1,0,0
IBM_sarama__.github__workflows__fvt-pr.yml,1,0,0,0,0,0,1,0,0
IBM_sarama__.github__workflows__fvt.yml,0,0,0,0,0,1,1,0,0
IBM_sarama__.github__workflows__i386.yml,0,0,0,0,0,0,1,0,0
IBM_sarama__.github__workflows__renovate-config.yml,0,0,0,0,0,0,1,0,1
IBM_sarama__.github__workflows__scorecard.yml,0,0,0,0,0,0,1,0,0
IBM_sarama__.github__workflows__stale.yml,0,0,0,0,0,0,1,0,0
microsoft_agent-framework__.github__workflows__codeql-analysis.yml,0,4,0,4,0,4,2,0,0
microsoft_agent-framework__.github__workflows__dotnet-build-and-test.yml,0,9,0,9,0,9,2,0,6
microsoft_agent-framework__.github__workflows__dotnet-format.yml,0,2,0,2,0,2,3,0,5
microsoft_agent-framework__.github__workflows__dotnet-integration-tests.yml,0,3,0,3,2,3,2,0,1
microsoft_agent-framework__.github__workflows__integration-tests-manual.yml,2,0,0,0,0,0,1,0,3
microsoft_agent-framework__.github__workflows__label-issues.yml,0,1,0,1,0,1,3,0,0
microsoft_agent-framework__.github__workflows__label-pr.yml,0,1,0,1,0,1,3,0,1
microsoft_agent-framework__.github__workflows__label-title-prefix.yml,0,1,0,1,0,1,3,0,1
microsoft_agent-framework__.github__workflows__markdown-link-check.yml,0,2,0,2,0,2,2,0,1
microsoft_agent-framework__.github__workflows__merge-gatekeeper.yml,0,1,0,1,0,1,3,0,1
microsoft_agent-framework__.github__workflows__python-code-quality.yml,0,6,0,6,0,6,3,0,10
microsoft_agent-framework__.github__workflows__python-docs.yml,0,2,0,2,0,2,3,0,2
microsoft_agent-framework__.github__workflows__python-integration-tests.yml,0,11,0,11,7,11,2,0,3
microsoft_agent-framework__.github__workflows__python-lab-tests.yml,0,4,0,4,0,4,3,0,4
microsoft_agent-framework__.github__workflows__python-merge-tests.yml,0,19,0,19,0,19,2,0,18
microsoft_agent-framework__.github__workflows__python-release.yml,1,2,0,2,0,2,3,0,4
microsoft_agent-framework__.github__workflows__python-sample-validation.yml,0,14,0,14,0,14,2,0,8
microsoft_agent-framework__.github__workflows__python-test-coverage-report.yml,0,3,0,3,0,3,2,0,4
microsoft_agent-framework__.github__workflows__python-test-coverage.yml,1,2,0,2,0,2,3,0,2
microsoft_agent-framework__.github__workflows__python-tests.yml,0,2,0,2,0,2,3,0,2
microsoft_agent-lightning__.github__workflows__backport.yml,0,2,0,2,0,2,3,0,3
microsoft_agent-lightning__.github__workflows__badge-apo.yml,0,2,0,2,0,2,2,0,2
microsoft_agent-lightning__.github__workflows__badge-azure.yml,0,2,0,2,0,2,2,0,2
microsoft_agent-lightning__.github__workflows__badge-calc-x.yml,0,2,0,2,0,2,2,0,2
microsoft_agent-lightning__.github__workflows__badge-chartqa.yml,0,2,0,2,0,2,2,0,2
microsoft_agent-lightning__.github__workflows__badge-claude-code.yml,0,2,0,2,0,2,2,0,2
microsoft_agent-lightning__.github__workflows__badge-compat.yml,0,2,0,2,0,2,2,0,2
microsoft_agent-lightning__.github__workflows__badge-examples.yml,0,2,0,2,0,2,2,0,2
microsoft_agent-lightning__.github__workflows__badge-latest.yml,0,2,0,2,0,2,2,0,2
microsoft_agent-lightning__.github__workflows__badge-rag.yml,0,2,0,2,0,2,2,0,2
microsoft_agent-lightning__.github__workflows__badge-spider.yml,0,2,0,2,0,2,2,0,2
microsoft_agent-lightning__.github__workflows__badge-tinker.yml,0,2,0,2,0,2,2,0,2
microsoft_agent-lightning__.github__workflows__badge-unit.yml,0,2,0,2,0,2,2,0,2
microsoft_agent-lightning__.github__workflows__badge-unsloth.yml,0,2,0,2,0,2,2,0,2
microsoft_agent-lightning__.github__workflows__benchmark.yml,0,6,0,6,0,6,2,0,4
microsoft_agent-lightning__.github__workflows__dashboard.yml,0,3,0,3,0,3,2,0,2
microsoft_agent-lightning__.github__workflows__docs.yml,0,3,0,3,0,3,3,0,3
microsoft_agent-lightning__.github__workflows__examples-apo.yml,0,3,0,3,0,3,2,0,2
microsoft_agent-lightning__.github__workflows__examples-azure.yml,1,3,0,3,0,3,2,0,2
microsoft_agent-lightning__.github__workflows__examples-calc-x.yml,2,6,0,6,0,6,2,0,22
microsoft_agent-lightning__.github__workflows__examples-chartqa.yml,1,3,0,3,0,3,2,0,4
microsoft_agent-lightning__.github__workflows__examples-claude-code.yml,1,5,0,5,0,5,2,0,2
microsoft_agent-lightning__.github__workflows__examples-compat.yml,1,3,0,3,0,3,2,0,4
microsoft_agent-lightning__.github__workflows__examples-rag.yml,1,3,0,3,0,3,2,0,4
microsoft_agent-lightning__.github__workflows__examples-spider.yml,1,3,0,3,0,3,2,0,4
microsoft_agent-lightning__.github__workflows__examples-tinker.yml,1,3,0,3,0,3,2,0,2
microsoft_agent-lightning__.github__workflows__examples-unsloth.yml,1,3,0,3,0,3,2,0,2
microsoft_agent-lightning__.github__workflows__issue-comment.yml,0,5,0,5,0,5,3,0,3
microsoft_agent-lightning__.github__workflows__playground.yml,0,1,0,1,0,1,2,0,1
microsoft_agent-lightning__.github__workflows__pypi-nightly.yml,0,5,0,5,0,4,3,0,4
microsoft_agent-lightning__.github__workflows__pypi-release.yml,0,6,0,6,0,5,3,0,8
microsoft_agent-lightning__.github__workflows__tests-full.yml,1,7,0,7,0,7,2,0,4
microsoft_agent-lightning__.github__workflows__tests.yml,0,16,0,16,0,16,2,0,10
microsoft_ai-agents-for-beginners__.github__workflows__welcome-issue.yml,0,2,0,2,0,2,2,0,1
microsoft_ai-agents-for-beginners__.github__workflows__welcome-pr.yml,0,2,0,2,0,2,2,0,2
microsoft_AI-For-Beginners__.github__workflows__codeql.yml,0,3,0,0,0,4,2,0,1
microsoft_AI-For-Beginners__.github__workflows__scorecard.yml,0,0,0,0,0,0,1,0,0
microsoft_AirSim__.github__workflows__clang_format.yml,1,2,0,2,0,2,3,0,3
microsoft_AirSim__.github__workflows__test_docs.yml,3,3,0,3,0,3,3,0,3
microsoft_AirSim__.github__workflows__test_macos.yml,3,1,0,1,0,1,3,0,2
microsoft_AirSim__.github__workflows__test_ubuntu.yml,2,1,0,1,0,1,3,0,2
microsoft_AirSim__.github__workflows__test_windows.yml,1,2,0,2,0,2,3,0,3
microsoft_autogen__.github__workflows__checks.yml,0,47,0,47,1,47,3,0,45
microsoft_autogen__.github__workflows__codeql.yml,0,7,0,7,0,7,2,0,2
microsoft_autogen__.github__workflows__docs.yml,1,21,0,21,1,21,2,0,9
microsoft_autogen__.github__workflows__dotnet-build.yml,1,28,1,28,2,28,3,0,11
microsoft_autogen__.github__workflows__dotnet-release.yml,0,3,0,3,0,3,3,0,1
microsoft_autogen__.github__workflows__integration.yml,0,4,0,4,0,4,3,0,3
microsoft_autogen__.github__workflows__issue-user-responded.yml,0,0,0,0,0,0,2,0,0
microsoft_autogen__.github__workflows__lfs-check.yml,0,1,0,1,0,1,2,0,1
microsoft_autogen__.github__workflows__pytest-mem0.yml,3,3,0,3,0,3,3,0,3
microsoft_autogen__.github__workflows__pytest-redis-memory.yml,3,3,0,3,0,3,3,0,4
microsoft_autogen__.github__workflows__python-package-0.2.yml,0,2,0,2,0,1,2,0,2
microsoft_autogen__.github__workflows__single-python-package.yml,0,3,0,3,2,2,3,2,5
microsoft_azure-pipelines-tasks__.github__workflows__autoAssignABTT.yml,0,1,0,1,0,1,3,0,0
microsoft_azure-pipelines-tasks__.github__workflows__autoAssignRM.yml,0,1,0,1,0,1,3,0,0
microsoft_azure-pipelines-tasks__.github__workflows__blank.yml,1,1,0,3,0,4,3,0,2
microsoft_azure-pipelines-tasks__.github__workflows__branch-cleanup-preview.yml,0,1,0,1,0,1,3,0,2
microsoft_azure-pipelines-tasks__.github__workflows__localization-automerge.yml,1,1,0,1,0,1,3,0,0
microsoft_azure-pipelines-tasks__.github__workflows__stale.yml,2,2,0,2,1,2,3,0,0
microsoft_azure-pipelines-tasks__.github__workflows__trackNodeMigration.yml,0,0,0,1,0,1,3,0,2
microsoft_azuredatastudio__.github__workflows__bad-tag.yml,0,1,0,1,0,1,3,0,2
microsoft_azuredatastudio__.github__workflows__basic.yml,0,10,0,14,0,14,3,0,5
microsoft_azuredatastudio__.github__workflows__ci.yml,0,20,0,20,0,20,3,0,18
microsoft_azuredatastudio__.github__workflows__codeql.yml,0,3,0,3,0,3,2,0,1
microsoft_azuredatastudio__.github__workflows__on-label.yml,0,2,0,2,0,2,3,0,2
microsoft_azuredatastudio__.github__workflows__on-pr-open.yml,0,1,0,1,0,1,2,0,1
microsoft_azuredatastudio__.github__workflows__telemetry.yml,0,0,0,0,0,2,3,0,2
microsoft_azurelinux__.github__workflows__check-circular-deps.yml,0,1,0,1,0,1,3,0,6
microsoft_azurelinux__.github__workflows__check-clean-stage.yml,0,1,0,1,0,1,3,0,4
microsoft_azurelinux__.github__workflows__check-entangled-specs.yml,0,2,0,2,0,2,3,0,2
microsoft_azurelinux__.github__workflows__check-files.yml,0,1,0,1,0,1,3,0,5
microsoft_azurelinux__.github__workflows__check-license-map.yml,0,2,0,2,0,2,3,0,2
microsoft_azurelinux__.github__workflows__check-manifests.yml,0,1,0,1,0,1,3,0,2
microsoft_azurelinux__.github__workflows__check-package-builds.yml,0,1,0,1,0,1,3,0,2
microsoft_azurelinux__.github__workflows__check-package-cgmanifest.yml,0,1,0,1,0,1,3,0,5
microsoft_azurelinux__.github__workflows__check-package-update-gate.yml,0,1,0,1,0,1,3,0,5
microsoft_azurelinux__.github__workflows__check-source-signatures.yml,0,2,0,2,0,2,3,0,5
microsoft_azurelinux__.github__workflows__check-spec.yml,0,3,0,3,0,3,3,0,6
microsoft_azurelinux__.github__workflows__check-srpm-duplicates.yml,0,2,0,2,0,2,3,0,2
microsoft_azurelinux__.github__workflows__check-static-glibc.yml,0,2,0,2,0,2,3,0,2
microsoft_azurelinux__.github__workflows__go-test-coverage.yml,0,3,0,3,0,3,3,0,2
microsoft_azurelinux__.github__workflows__lint-specs.yml,0,5,0,5,0,5,3,0,7
microsoft_azurelinux__.github__workflows__merge-conflict-check.yml,0,1,0,1,0,1,3,0,5
microsoft_azurelinux__.github__workflows__quickstart_2.0.yml,0,4,0,4,0,4,3,0,5
microsoft_azurelinux__.github__workflows__spec-review-stub.yml,0,1,0,0,0,0,1,0,0
microsoft_azurelinux__.github__workflows__verify-osguard-imageconfigs.yml,0,2,0,2,0,2,3,0,2
microsoft_calculator__.github__workflows__action-ci.yml,0,11,0,11,0,11,3,0,12
microsoft_call-center-ai__.github__workflows__codeql.yml,0,3,0,3,0,3,2,0,1
microsoft_call-center-ai__.github__workflows__pipeline.yml,0,20,0,21,0,21,3,0,24
microsoft_clarity__.github__workflows__npm-publish.yml,0,4,0,4,0,4,3,0,9
microsoft_clarity__.github__workflows__pr-check.yml,0,2,0,2,0,2,2,0,1
microsoft_code-with-engineering-playbook__.github__workflows__mega-linter.yml,0,3,0,3,0,3,3,0,2
microsoft_code-with-engineering-playbook__.github__workflows__mkdocs.yml,3,3,0,3,0,3,3,0,2
microsoft_codetour__.github__workflows__release.yml,2,2,0,2,0,2,3,0,2
microsoft_CsWin32__.github__workflows__copilot-setup-steps.yml,0,0,0,0,0,0,2,0,1
microsoft_CsWin32__.github__workflows__docs.yml,0,0,0,0,0,0,2,0,1
microsoft_CsWin32__.github__workflows__docs_validate.yml,0,0,0,0,0,0,2,0,2
microsoft_CsWin32__.github__workflows__libtemplate-update.yml,0,0,0,0,0,0,2,0,1
microsoft_data-formulator__.github__workflows__python-build.yml,0,4,0,6,0,5,3,0,2
microsoft_debugpy__.github__workflows__auto-label.yml,1,1,0,1,0,1,2,0,0
microsoft_debugpy__.github__workflows__codeql.yml,4,4,0,4,0,4,2,0,1
microsoft_debugpy__.github__workflows__round-robin.yml,0,5,0,5,0,5,2,0,4
microsoft_debugpy__.github__workflows__stale.yml,1,1,0,1,0,1,3,0,0
microsoft_Detours__.github__workflows__main.yml,0,5,0,5,0,5,2,0,2
microsoft_DirectXShaderCompiler__.github__workflows__clang-format-checker.yml,3,5,0,11,4,6,4,1,7
microsoft_DirectXShaderCompiler__.github__workflows__coverage-gh-pages.yml,0,4,0,4,0,4,2,0,3
microsoft_DirectXShaderCompiler__.github__workflows__pr-description-checker.yml,1,2,0,2,1,2,3,0,4
microsoft_DirectXTex__.github__workflows__arm64.yml,1,0,0,2,1,0,1,0,1
microsoft_DirectXTex__.github__workflows__arm64bvt.yml,1,0,0,4,1,0,1,0,2
microsoft_DirectXTex__.github__workflows__bvt.yml,0,0,0,4,0,0,1,0,2
microsoft_DirectXTex__.github__workflows__clangcl.yml,1,0,0,0,1,0,1,0,3
microsoft_DirectXTex__.github__workflows__codeql.yml,0,0,0,4,0,0,0,0,1
microsoft_DirectXTex__.github__workflows__lint.yml,0,0,0,2,0,0,1,0,1
microsoft_DirectXTex__.github__workflows__main.yml,1,0,0,4,1,0,1,0,2
microsoft_DirectXTex__.github__workflows__msbuild.yml,1,0,0,4,1,0,1,0,2
microsoft_DirectXTex__.github__workflows__msvc.yml,0,0,0,4,0,0,1,0,1
microsoft_DirectXTex__.github__workflows__test.yml,1,0,0,7,1,0,1,0,4
microsoft_DirectXTex__.github__workflows__uwp.yml,0,0,0,2,0,0,1,0,1
microsoft_DirectXTex__.github__workflows__vcpkg.yml,0,0,0,3,0,0,1,0,1
microsoft_DirectXTex__.github__workflows__wsl.yml,0,0,0,3,0,0,1,0,1
microsoft_DirectXTK__.github__workflows__arm64.yml,1,0,0,2,1,0,1,0,1
microsoft_DirectXTK__.github__workflows__arm64bvt.yml,1,0,0,3,1,0,1,0,2
microsoft_DirectXTK__.github__workflows__bvt.yml,0,0,0,3,0,0,1,0,2
microsoft_DirectXTK__.github__workflows__clangcl.yml,1,0,0,0,1,0,1,0,3
microsoft_DirectXTK__.github__workflows__codeql.yml,0,0,0,4,0,0,0,0,1
microsoft_DirectXTK__.github__workflows__lint.yml,0,0,0,2,0,0,1,0,1
microsoft_DirectXTK__.github__workflows__main.yml,0,0,0,2,0,0,1,0,1
microsoft_DirectXTK__.github__workflows__msbuild.yml,1,0,0,4,1,0,1,0,2
microsoft_DirectXTK__.github__workflows__msvc.yml,0,0,0,4,0,0,1,0,1
microsoft_DirectXTK__.github__workflows__test.yml,1,0,0,6,1,0,1,0,4
microsoft_DirectXTK__.github__workflows__uwp.yml,0,0,0,2,0,0,1,0,1
microsoft_DirectXTK__.github__workflows__vcpkg.yml,0,0,0,3,0,0,1,0,1
microsoft_DirectXTK__.github__workflows__win10.yml,1,0,0,4,1,0,1,0,2
microsoft_ebpf-for-windows__.github__workflows__check-pr-fork.yml,1,0,0,0,0,0,1,0,2
microsoft_ebpf-for-windows__.github__workflows__check-pr-local.yml,1,0,0,0,0,0,1,0,1
microsoft_ebpf-for-windows__.github__workflows__check-pr.yml,0,1,0,1,0,1,3,1,5
microsoft_ebpf-for-windows__.github__workflows__check_wdk.yml,0,0,0,0,0,0,1,0,1
microsoft_ebpf-for-windows__.github__workflows__cicd.yml,5,0,0,0,0,0,2,0,4
microsoft_ebpf-for-windows__.github__workflows__codeql.yml,1,0,0,0,0,0,2,0,0
microsoft_ebpf-for-windows__.github__workflows__dependency-review.yml,0,0,0,0,0,0,1,0,1
microsoft_ebpf-for-windows__.github__workflows__netperf.yml,1,0,0,0,0,0,1,1,3
microsoft_ebpf-for-windows__.github__workflows__nuget_update.yml,0,0,0,0,0,0,1,0,1
microsoft_ebpf-for-windows__.github__workflows__ossar-scan.yml,0,0,0,0,0,0,2,0,1
microsoft_ebpf-for-windows__.github__workflows__perf.yml,2,0,0,0,0,0,1,0,1
microsoft_ebpf-for-windows__.github__workflows__release-scheduler.yml,0,0,0,0,0,0,1,0,0
microsoft_ebpf-for-windows__.github__workflows__reusable-build.yml,0,0,0,17,0,0,0,2,5
microsoft_ebpf-for-windows__.github__workflows__reusable-test.yml,1,0,0,0,0,0,1,0,13
microsoft_ebpf-for-windows__.github__workflows__scorecards-analysis.yml,0,0,0,0,0,0,1,0,0
microsoft_ebpf-for-windows__.github__workflows__update-bpf-conformance-version.yml,0,1,0,1,0,1,3,0,3
microsoft_ebpf-for-windows__.github__workflows__update-docs.yml,0,0,0,0,0,0,1,0,1
microsoft_ebpf-for-windows__.github__workflows__upload-perf-results.yml,0,0,0,0,0,0,2,2,2
microsoft_ebpf-for-windows__.github__workflows__validate-yaml.yml,0,0,0,0,0,0,1,0,1
microsoft_edit__.github__workflows__ci.yml,0,2,0,2,0,2,3,0,2
microsoft_edit__.github__workflows__winget.yml,0,0,0,0,0,0,2,0,3
microsoft_fast__.github__workflows__cd-gh-pages.yml,3,4,0,4,0,4,3,0,2
microsoft_fast__.github__workflows__ci-validate-platforms.yml,1,2,0,2,0,2,3,0,2
microsoft_fast__.github__workflows__ci-validate-pr.yml,0,2,0,2,0,2,3,0,3
microsoft_FLAML__.github__workflows__CD.yml,0,2,0,2,0,2,3,0,2
microsoft_FLAML__.github__workflows__deploy-website.yml,9,7,0,7,0,7,3,0,4
microsoft_FLAML__.github__workflows__openai.yml,3,3,0,3,0,3,2,0,2
microsoft_FLAML__.github__workflows__pre-commit.yml,3,4,0,4,0,4,2,0,2
microsoft_FLAML__.github__workflows__python-package.yml,1,3,0,3,0,3,3,0,2
microsoft_fluentui-blazor__.github__workflows__build-core-lib.yml,0,7,0,8,0,8,3,0,5
microsoft_fluentui-blazor__.github__workflows__codeql-analysis.yml,1,4,0,4,0,4,2,0,1
microsoft_fluentui-blazor__.github__workflows__deploy_demo.yml,0,5,0,6,0,6,3,0,6
microsoft_fluentui-blazor__.github__workflows__deploy_preview.yml,0,5,0,6,0,6,3,0,6
microsoft_fluentui-system-icons__.github__workflows__bump-version.yml,0,1,0,1,0,1,3,0,2
microsoft_fluentui-system-icons__.github__workflows__bundle-size.baseline.yml,0,3,0,3,0,3,3,0,1
microsoft_fluentui-system-icons__.github__workflows__cocoapods-publish.yml,0,1,0,1,0,1,3,0,2
microsoft_fluentui-system-icons__.github__workflows__copilot-setup-steps.yml,0,2,0,2,0,2,3,0,1
microsoft_fluentui-system-icons__.github__workflows__pr.yml,1,13,0,18,0,16,3,0,13
microsoft_fluentui-system-icons__.github__workflows__publish-prerelease.yml,0,2,0,2,0,2,3,4,12
microsoft_fluentui-system-icons__.github__workflows__publish.yml,1,10,0,17,0,17,3,0,7
microsoft_fluentui__.github__workflows__azure-static-web-apps-deploy.yml,0,1,0,2,0,1,2,0,1
microsoft_fluentui__.github__workflows__bundle-size-base.yml,0,2,0,3,0,2,3,0,1
microsoft_fluentui__.github__workflows__bundle-size-comment.yml,1,1,0,2,1,1,3,0,1
microsoft_fluentui__.github__workflows__bundle-size.yml,0,3,0,4,0,3,3,0,2
microsoft_fluentui__.github__workflows__check-packages.yml,0,8,0,9,0,8,3,0,7
microsoft_fluentui__.github__workflows__check-tooling.yml,0,2,0,2,0,2,3,0,2
microsoft_fluentui__.github__workflows__copilot-setup-steps.yml,0,2,0,2,0,2,3,0,1
microsoft_fluentui__.github__workflows__create-experimental-branch.yml,0,0,0,0,2,0,2,2,2
microsoft_fluentui__.github__workflows__docsite-publish-ghpages.yml,0,4,0,5,0,4,3,0,3
microsoft_fluentui__.github__workflows__issues.yml,0,2,0,2,0,2,3,0,1
microsoft_fluentui__.github__workflows__pr-housekeeping.yml,0,1,0,1,0,1,2,0,1
microsoft_fluentui__.github__workflows__pr-vrt-comment.yml,1,5,0,6,1,5,3,0,2
microsoft_fluentui__.github__workflows__pr-vrt.yml,0,5,0,6,0,5,2,0,1
microsoft_fluentui__.github__workflows__pr-website-deploy-comment.yml,1,6,0,9,1,6,3,0,7
microsoft_fluentui__.github__workflows__pr-website-deploy.yml,0,4,0,5,0,4,3,0,1
microsoft_fluentui__.github__workflows__pr.yml,0,8,0,11,0,8,3,0,5
microsoft_fluentui__.github__workflows__vrt-baseline.yml,0,3,0,4,0,3,2,0,2
microsoft_FluidFramework__.github__workflows__agentics-maintenance.yml,1,1,0,0,0,1,2,0,0
microsoft_FluidFramework__.github__workflows__changeset-reporter.yml,0,0,0,0,0,5,1,0,1
microsoft_FluidFramework__.github__workflows__code-simplifier.lock.yml,4,0,0,0,0,0,1,0,0
microsoft_FluidFramework__.github__workflows__duplicate-code-detector.lock.yml,3,0,0,0,0,0,1,0,0
microsoft_FluidFramework__.github__workflows__linkcheck-reporter.yml,0,0,0,0,0,2,1,0,1
microsoft_FluidFramework__.github__workflows__pr-changeset-review.yml,0,0,0,0,0,2,1,0,0
microsoft_FluidFramework__.github__workflows__pr-check-changeset.yml,0,0,0,0,0,5,1,0,2
microsoft_FluidFramework__.github__workflows__pr-labeler.yml,0,0,0,0,0,3,1,0,1
microsoft_FluidFramework__.github__workflows__pr-release-branch-warning.yml,0,0,0,0,0,2,1,0,1
microsoft_FluidFramework__.github__workflows__pr-validation.yml,0,0,0,0,0,3,1,0,0
microsoft_FluidFramework__.github__workflows__push-tag-create-release.yml,0,0,0,0,0,8,1,0,7
microsoft_FluidFramework__.github__workflows__release-approval.yml,0,0,0,0,0,8,1,0,2
microsoft_FluidFramework__.github__workflows__release-branches.yml,0,0,0,0,0,1,1,0,1
microsoft_FluidFramework__.github__workflows__release-notes-issue.yml,0,0,0,0,0,7,1,0,1
microsoft_FluidFramework__.github__workflows__stale-branches.yml,0,0,0,0,0,2,1,0,1
microsoft_FluidFramework__.github__workflows__website-validation.yml,0,0,0,0,0,16,1,0,5
microsoft_garnet__.github__workflows__ci-bdnbenchmark.yml,0,5,0,7,0,5,3,0,5
microsoft_garnet__.github__workflows__ci.yml,0,14,0,15,0,14,2,0,6
microsoft_garnet__.github__workflows__codeql.yml,0,4,0,4,0,4,2,0,1
microsoft_garnet__.github__workflows__deploy-website.yml,0,7,0,8,1,7,3,0,7
microsoft_garnet__.github__workflows__docker-linux.yml,0,1,0,6,0,1,3,0,2
microsoft_garnet__.github__workflows__docker-windows.yml,0,1,0,3,0,1,3,0,8
microsoft_garnet__.github__workflows__helm-chart.yml,0,1,0,2,0,1,3,0,2
microsoft_garnet__.github__workflows__locker.yml,0,1,0,1,0,1,2,0,1
microsoft_garnet__.github__workflows__nightly.yml,0,10,0,10,3,10,3,0,3
microsoft_genaiscript__.github__workflows__ai-inference.yml,1,1,0,1,0,1,2,0,2
microsoft_genaiscript__.github__workflows__anthropic.yml,0,2,0,2,0,2,2,0,1
microsoft_genaiscript__.github__workflows__azure.yml,0,2,0,2,0,2,2,0,1
microsoft_genaiscript__.github__workflows__build-genai-commit.yml,1,2,0,2,0,2,2,0,1
microsoft_genaiscript__.github__workflows__build-genai.yml,0,2,0,2,0,2,3,0,2
microsoft_genaiscript__.github__workflows__build.yml,1,2,0,2,0,2,2,0,1
microsoft_genaiscript__.github__workflows__cli-test.yml,0,0,0,2,0,2,2,0,1
microsoft_genaiscript__.github__workflows__docs.yml,0,0,0,3,0,3,3,0,2
microsoft_genaiscript__.github__workflows__genai-azure-service-principal.yml,0,0,0,3,0,3,2,0,2
microsoft_genaiscript__.github__workflows__genai-blog-post.yml,1,0,0,3,0,3,3,0,2
microsoft_genaiscript__.github__workflows__genai-commander.yml,1,0,0,5,0,5,2,0,4
microsoft_genaiscript__.github__workflows__genai-commit-tests.yml,1,0,0,2,0,2,2,0,1
microsoft_genaiscript__.github__workflows__genai-docs.yml,1,0,0,4,0,4,3,0,2
microsoft_genaiscript__.github__workflows__genai-iat.yml,1,0,0,3,0,3,3,0,2
microsoft_genaiscript__.github__workflows__genai-investigator.yml,1,0,0,2,0,2,2,0,2
microsoft_genaiscript__.github__workflows__genai-issue-bot.yml,1,0,0,2,0,2,2,0,1
microsoft_genaiscript__.github__workflows__genai-issue-review.yml,1,0,0,2,0,2,2,0,1
microsoft_genaiscript__.github__workflows__genai-linters.yml,1,0,0,3,0,3,3,0,1
microsoft_genaiscript__.github__workflows__genai-pr-commit-review.yml,1,0,0,2,0,2,3,0,1
microsoft_genaiscript__.github__workflows__genai-pr-docs-commit-review.yml,1,0,0,3,0,3,3,0,1
microsoft_genaiscript__.github__workflows__genai-pr-review.yml,1,0,0,3,0,3,3,0,1
microsoft_genaiscript__.github__workflows__google.yml,0,0,0,2,0,2,2,0,1
microsoft_genaiscript__.github__workflows__huggingface.yml,0,0,0,2,0,2,2,0,1
microsoft_genaiscript__.github__workflows__large_runs.yml,0,0,0,1,0,1,3,0,2
microsoft_genaiscript__.github__workflows__licenses.yml,0,0,0,3,0,3,3,0,2
microsoft_genaiscript__.github__workflows__npm-check.yml,0,0,0,3,0,3,3,0,4
microsoft_genaiscript__.github__workflows__ollama.yml,0,0,0,2,0,2,2,0,1
microsoft_genaiscript__.github__workflows__openai.yml,0,0,0,2,0,2,2,0,1
microsoft_genaiscript__.github__workflows__playwright.yml,0,0,0,2,0,2,2,0,1
microsoft_Generative-AI-for-beginners-dotnet__.github__workflows__build-validation.yml,0,2,0,2,0,2,3,0,2
microsoft_Generative-AI-for-beginners-dotnet__.github__workflows__copilot-setup-steps.yml,0,2,0,2,0,2,3,0,1
microsoft_Generative-AI-for-beginners-dotnet__.github__workflows__profanity-filter.yml,0,0,0,1,0,1,3,0,1
microsoft_Generative-AI-for-beginners-dotnet__.github__workflows__squad-ci.yml,0,1,0,1,0,1,2,0,1
microsoft_Generative-AI-for-beginners-dotnet__.github__workflows__squad-docs.yml,0,1,0,1,0,1,2,0,1
microsoft_Generative-AI-for-beginners-dotnet__.github__workflows__squad-heartbeat.yml,0,3,0,3,0,3,2,0,1
microsoft_Generative-AI-for-beginners-dotnet__.github__workflows__squad-insider-release.yml,0,1,0,1,0,1,3,0,1
microsoft_Generative-AI-for-beginners-dotnet__.github__workflows__squad-issue-assign.yml,0,3,0,3,0,3,2,0,1
microsoft_Generative-AI-for-beginners-dotnet__.github__workflows__squad-label-enforce.yml,0,2,0,2,0,2,2,0,1
microsoft_Generative-AI-for-beginners-dotnet__.github__workflows__squad-main-guard.yml,0,2,0,2,0,2,2,0,1
microsoft_Generative-AI-for-beginners-dotnet__.github__workflows__squad-preview.yml,0,1,0,1,0,1,2,0,1
microsoft_Generative-AI-for-beginners-dotnet__.github__workflows__squad-promote.yml,0,2,0,2,0,2,3,0,3
microsoft_Generative-AI-for-beginners-dotnet__.github__workflows__squad-release.yml,0,1,0,1,0,1,3,0,1
microsoft_Generative-AI-for-beginners-dotnet__.github__workflows__squad-triage.yml,0,2,0,2,0,2,2,0,1
microsoft_Generative-AI-for-beginners-dotnet__.github__workflows__stale-bot.yml,0,1,0,1,0,1,3,0,1
microsoft_Generative-AI-for-beginners-dotnet__.github__workflows__sync-squad-labels.yml,0,2,0,2,0,2,2,0,1
microsoft_Generative-AI-for-beginners-dotnet__.github__workflows__welcome-issue.yml,1,2,0,2,0,2,2,0,1
microsoft_Generative-AI-for-beginners-dotnet__.github__workflows__welcome-pr.yml,1,2,0,2,0,2,2,0,2
microsoft_generative-ai-for-beginners__.github__workflows__lock.yml,0,0,0,1,0,1,2,0,1
microsoft_generative-ai-for-beginners__.github__workflows__stale.yml,0,0,0,1,0,1,2,0,0
microsoft_generative-ai-for-beginners__.github__workflows__validate-markdown.yml,1,0,0,10,0,10,3,5,12
microsoft_generative-ai-for-beginners__.github__workflows__welcome-issue.yml,0,0,0,2,0,2,2,0,1
microsoft_generative-ai-for-beginners__.github__workflows__welcome-pr.yml,0,0,0,2,0,2,2,0,2
microsoft_graphrag__.github__workflows__gh-pages.yml,0,0,0,4,0,4,3,0,2
microsoft_graphrag__.github__workflows__issues-autoresolve.yml,0,0,0,1,0,1,3,0,0
microsoft_graphrag__.github__workflows__python-checks.yml,0,0,0,4,0,4,2,0,3
microsoft_graphrag__.github__workflows__python-integration-tests.yml,0,0,0,4,0,4,2,0,3
microsoft_graphrag__.github__workflows__python-notebook-tests.yml,0,0,0,4,0,4,2,0,3
microsoft_graphrag__.github__workflows__python-publish.yml,0,0,0,3,0,3,3,0,2
microsoft_graphrag__.github__workflows__python-smoke-tests.yml,0,0,0,5,0,5,2,0,3
microsoft_graphrag__.github__workflows__python-unit-tests.yml,0,0,0,4,0,4,2,0,3
microsoft_graphrag__.github__workflows__semver.yml,0,0,0,1,0,1,3,0,2
microsoft_graphrag__.github__workflows__spellcheck.yml,0,0,0,1,0,1,3,0,2
microsoft_GSL__.github__workflows__android.yml,0,2,0,2,0,2,3,0,2
microsoft_GSL__.github__workflows__cmake_find_package.yml,0,2,0,2,0,1,3,0,3
microsoft_GSL__.github__workflows__compilers.yml,0,5,0,5,0,5,3,0,10
microsoft_GSL__.github__workflows__copilot-setup-steps.yml,0,1,0,1,0,1,3,0,1
microsoft_GSL__.github__workflows__ios.yml,0,1,0,1,0,1,3,0,2
microsoft_hummingbird__.github__workflows__pythonapp.yml,1,0,0,7,0,7,2,0,5
microsoft_inshellisense__.github__workflows__ci.yml,1,0,0,2,0,2,3,0,2
microsoft_inshellisense__.github__workflows__pkg.yml,3,0,0,5,1,5,2,0,1
microsoft_kernel-memory__.github__workflows__build.yml,0,0,0,2,0,2,3,0,2
microsoft_kernel-memory__.github__workflows__coverage.yml,0,0,0,3,0,3,3,0,2
microsoft_kiota__.github__workflows__auto-merge-dependabot.yml,0,0,0,1,0,1,3,0,0
microsoft_kiota__.github__workflows__build-vscode-extension.yml,0,0,0,8,0,8,2,0,6
microsoft_kiota__.github__workflows__check-translations.yml,0,0,0,3,0,3,2,0,1
microsoft_kiota__.github__workflows__codeql-analysis.yml,0,0,0,0,0,6,2,0,1
microsoft_kiota__.github__workflows__codeql-required-workaround.yml,0,0,0,0,0,0,2,0,1
microsoft_kiota__.github__workflows__dotnet-required-workaround.yml,0,0,0,0,0,0,2,0,1
microsoft_kiota__.github__workflows__dotnet.yml,1,0,0,0,0,6,3,0,5
microsoft_kiota__.github__workflows__idempotency-tests.yml,0,0,0,0,0,11,3,0,11
microsoft_kiota__.github__workflows__integration-tests.yml,0,0,0,0,0,19,3,0,14
microsoft_kiota__.github__workflows__load-tests.yml,0,0,0,0,0,2,3,0,2
microsoft_kiota__.github__workflows__project-auto-add.yml,0,0,0,0,0,1,3,0,2
microsoft_kiota__.github__workflows__sonarcloud.yml,0,0,0,0,0,4,2,0,1
microsoft_LightGBM__.github__workflows__build.yml,0,3,0,3,0,3,3,0,4
microsoft_LightGBM__.github__workflows__cpp.yml,2,2,0,2,0,2,3,0,4
microsoft_LightGBM__.github__workflows__cuda.yml,1,2,0,2,1,2,3,0,4
microsoft_LightGBM__.github__workflows__lock.yml,0,1,0,1,0,1,2,0,1
microsoft_LightGBM__.github__workflows__lychee.yml,0,2,0,2,0,2,3,0,2
microsoft_LightGBM__.github__workflows__no_response.yml,0,1,0,1,0,1,2,0,1
microsoft_LightGBM__.github__workflows__optional_checks.yml,0,1,0,1,0,1,3,0,1
microsoft_LightGBM__.github__workflows__python_package.yml,27,11,0,11,1,11,3,0,9
microsoft_LightGBM__.github__workflows__r_configure.yml,0,1,0,1,0,1,3,0,0
microsoft_LightGBM__.github__workflows__r_package.yml,3,8,0,8,0,8,3,0,9
microsoft_LightGBM__.github__workflows__r_valgrind.yml,0,1,0,1,0,1,3,2,6
microsoft_LightGBM__.github__workflows__release_drafter.yml,0,1,0,1,0,1,2,0,1
microsoft_LightGBM__.github__workflows__static_analysis.yml,0,4,0,4,0,4,3,0,6
microsoft_LightGBM__.github__workflows__swig.yml,1,3,0,3,0,3,3,0,4
microsoft_litebox__.github__workflows__ci.yml,0,0,0,0,0,20,2,0,16
microsoft_litebox__.github__workflows__copilot-setup-steps.yml,0,0,0,0,0,1,3,0,1
microsoft_litebox__.github__workflows__semver-checks.yml,0,0,0,0,0,1,2,0,4
microsoft_LLMLingua__.github__workflows__release.yml,1,3,0,3,0,2,2,0,2
microsoft_LLMLingua__.github__workflows__unittest.yml,0,2,0,2,0,2,2,0,1
microsoft_magentic-ui__.github__workflows__checks.yml,0,0,0,0,0,16,2,0,8
microsoft_magentic-ui__.github__workflows__codeql.yml,0,0,0,0,0,4,2,0,1
microsoft_magentic-ui__.github__workflows__deploy-github-pages.yml,0,0,0,0,0,4,2,0,1
microsoft_magentic-ui__.github__workflows__docker-build-push.yml,0,0,0,0,0,3,3,0,3
microsoft_markitdown__.github__workflows__pre-commit.yml,0,0,0,0,0,2,3,0,2
microsoft_markitdown__.github__workflows__tests.yml,0,0,0,0,0,2,3,0,2
microsoft_Mastering-GitHub-Copilot-for-Paired-Programming__.github__workflows__codeql.yml,0,3,0,0,0,4,2,0,1
microsoft_mcp__.github__workflows__auto-milestone-bugbash.yml,0,0,0,0,0,1,2,0,0
microsoft_mcp__.github__workflows__event-processor.yml,0,0,0,0,0,3,2,0,5
microsoft_mcp__.github__workflows__event.yml,0,0,0,0,0,1,2,0,1
microsoft_mcp__.github__workflows__post-apiview.yml,0,0,0,0,0,1,2,0,2
microsoft_mcp__.github__workflows__scheduled-event-processor.yml,0,0,0,0,0,2,2,0,7
microsoft_microsoft-ui-xaml__.github__workflows__docs.yml,0,0,0,0,0,1,3,0,2
microsoft_microsoft-ui-xaml__.github__workflows__similar-issues-bot.yml,0,0,0,0,0,2,3,0,4
microsoft_Microsoft.IO.RecyclableMemoryStream__.github__workflows__benchmark.yml,0,3,0,3,0,3,3,0,2
microsoft_Microsoft.IO.RecyclableMemoryStream__.github__workflows__ci-cd.yml,0,4,0,4,0,4,3,0,3
microsoft_Microsoft.IO.RecyclableMemoryStream__.github__workflows__codeql-analysis.yml,0,5,0,5,0,5,2,0,1
microsoft_Microsoft365DSC__.github__workflows__AzureCloud - Full-Circle - EXO.yml,0,1,0,1,0,1,3,0,2
microsoft_Microsoft365DSC__.github__workflows__AzureCloud - Full-Circle - O365.yml,0,1,0,1,0,1,3,0,2
microsoft_Microsoft365DSC__.github__workflows__AzureCloud - Full-Circle - OD.yml,0,1,0,1,0,1,3,0,2
microsoft_Microsoft365DSC__.github__workflows__AzureCloud - Full-Circle - PP.yml,0,1,0,1,0,1,3,0,2
microsoft_Microsoft365DSC__.github__workflows__AzureCloud - Full-Circle - SC.yml,0,1,0,1,0,1,3,0,2
microsoft_Microsoft365DSC__.github__workflows__AzureCloud - Full-Circle - SPO.yml,0,1,0,1,0,1,3,0,2
microsoft_Microsoft365DSC__.github__workflows__AzureCloud - Full-Circle - TEAMS.yml,0,1,0,1,0,1,3,0,2
microsoft_Microsoft365DSC__.github__workflows__CodeCoverage.yml,1,2,0,2,0,2,3,0,3
microsoft_Microsoft365DSC__.github__workflows__Describe Resources Schemas.yml,0,1,0,1,0,1,3,0,2
microsoft_Microsoft365DSC__.github__workflows__Generate Wiki.yml,0,2,0,2,0,2,3,0,2
microsoft_Microsoft365DSC__.github__workflows__Global - Integration - AAD.yml,0,1,0,1,0,1,3,0,2
microsoft_Microsoft365DSC__.github__workflows__Global - Integration - EXO.yml,0,1,0,1,0,1,3,0,2
microsoft_Microsoft365DSC__.github__workflows__Global - Integration - INTUNE.yml,0,1,0,1,0,1,3,0,2
microsoft_Microsoft365DSC__.github__workflows__PublishGitHubPages.yml,0,6,0,6,0,6,2,0,3
microsoft_Microsoft365DSC__.github__workflows__PublishToGallery.yml,0,1,0,1,0,1,3,0,2
microsoft_Microsoft365DSC__.github__workflows__SchemaDefinition.yml,0,1,0,1,0,1,3,0,2
microsoft_Microsoft365DSC__.github__workflows__Unit Tests.yml,0,2,0,2,0,2,3,0,4
microsoft_Microsoft365DSC__.github__workflows__Validation Checks.yml,0,1,0,1,0,1,3,0,2
microsoft_Microsoft365DSC__.github__workflows__website-deploy-preview.yml,1,5,0,5,0,5,3,0,5
microsoft_Microsoft365DSC__.github__workflows__website-deploy-prod.yml,1,5,0,5,0,5,3,0,5
microsoft_ML-For-Beginners__.github__workflows__generator-generic-ossf-slsa3-publish.yml,0,2,0,2,0,1,3,0,3
microsoft_ML-For-Beginners__.github__workflows__lock.yml,0,1,0,1,0,1,3,0,2
microsoft_ML-For-Beginners__.github__workflows__stale.yml,0,1,0,1,0,1,3,0,0
microsoft_monaco-editor__.github__workflows__ci.yml,1,0,0,0,0,4,3,0,1
microsoft_monaco-editor__.github__workflows__website.yml,0,0,0,0,0,6,2,0,1
microsoft_msquic__.github__workflows__build-darwin-framework.yml,1,0,0,0,0,0,1,0,0
microsoft_msquic__.github__workflows__build-reuse-darwin-framework.yml,2,0,0,0,3,0,1,3,9
microsoft_msquic__.github__workflows__build-reuse-unix.yml,1,0,0,0,4,0,1,4,35
microsoft_msquic__.github__workflows__build-reuse-win.yml,0,0,0,0,4,0,1,5,25
microsoft_msquic__.github__workflows__build-reuse-winkernel.yml,0,0,0,0,5,0,1,4,10
microsoft_msquic__.github__workflows__build.yml,10,0,0,0,0,0,1,0,1
microsoft_msquic__.github__workflows__cargo.yml,0,0,0,0,0,0,1,0,3
microsoft_msquic__.github__workflows__check-clog.yml,0,0,0,0,0,0,1,0,1
microsoft_msquic__.github__workflows__check-dotnet.yml,0,0,0,0,0,0,1,0,1
microsoft_msquic__.github__workflows__cifuzz.yml,0,0,0,3,0,0,1,0,0
microsoft_msquic__.github__workflows__code-coverage.yml,22,0,0,0,3,0,1,0,6
microsoft_msquic__.github__workflows__codeql-analysis.yml,0,0,0,3,0,0,0,0,1
microsoft_msquic__.github__workflows__docker-publish-xcomp.yml,0,0,0,0,0,0,1,0,1
microsoft_msquic__.github__workflows__docker-publish.yml,0,0,0,0,0,0,1,0,1
microsoft_msquic__.github__workflows__dotnet-test.yml,5,0,0,0,0,0,1,0,2
microsoft_msquic__.github__workflows__netperf-kernel-bvt.yml,0,0,0,0,0,0,1,1,2
microsoft_msquic__.github__workflows__netperf.yml,0,0,0,0,0,0,1,0,1
microsoft_msquic__.github__workflows__package-alpine-linux.yml,1,0,0,0,0,0,1,0,3
microsoft_msquic__.github__workflows__package-linux.yml,2,0,0,0,0,0,1,0,2
microsoft_msquic__.github__workflows__package-reuse-linux.yml,2,0,0,0,0,0,1,2,4
microsoft_msquic__.github__workflows__plugins.yml,1,0,0,0,0,0,1,0,3
microsoft_msquic__.github__workflows__publish-docfx.yml,0,0,0,0,0,0,1,0,1
microsoft_msquic__.github__workflows__scorecards-analysis.yml,0,0,0,0,0,0,1,0,0
microsoft_msquic__.github__workflows__stress.yml,13,0,0,0,0,0,1,2,5
microsoft_msquic__.github__workflows__test-down-level.yml,0,0,0,0,0,0,1,0,2
microsoft_msquic__.github__workflows__test.yml,25,0,0,0,0,0,1,4,10
microsoft_msquic__.github__workflows__validate-linux-packages-reuse.yml,1,0,0,0,1,0,1,3,22
microsoft_msquic__.github__workflows__validate-linux-packages.yml,1,0,0,0,0,0,1,0,0
microsoft_msquic__.github__workflows__wan-perf.yml,2,0,0,0,0,0,1,0,4
microsoft_Olive__.github__workflows__codeql.yml,0,5,0,5,0,5,2,0,2
microsoft_Olive__.github__workflows__docs.yml,1,2,0,2,0,2,3,0,2
microsoft_Olive__.github__workflows__lint.yml,0,6,0,6,0,6,3,0,4
microsoft_onnxruntime__.github__workflows__android.yml,3,0,0,7,3,7,3,0,10
microsoft_onnxruntime__.github__workflows__cffconvert.yml,1,0,0,2,0,2,3,0,3
microsoft_onnxruntime__.github__workflows__codeql.yml,1,0,0,6,1,6,2,0,1
microsoft_onnxruntime__.github__workflows__gradle-wrapper-validation.yml,1,0,0,2,1,2,3,0,3
microsoft_onnxruntime__.github__workflows__ios.yml,0,0,0,2,0,2,3,0,3
microsoft_onnxruntime__.github__workflows__labeler.yml,1,0,0,1,0,1,2,0,0
microsoft_onnxruntime__.github__workflows__lint.yml,2,0,0,9,1,9,3,0,10
microsoft_onnxruntime__.github__workflows__linux-wasm-ci-build-and-test-workflow.yml,2,0,0,6,0,6,3,4,10
microsoft_onnxruntime__.github__workflows__linux_ci.yml,1,0,0,0,0,0,2,0,3
microsoft_onnxruntime__.github__workflows__linux_cuda_ci.yml,2,0,0,4,1,4,3,0,6
microsoft_onnxruntime__.github__workflows__linux_minimal_build.yml,10,0,0,45,10,45,3,0,37
microsoft_onnxruntime__.github__workflows__linux_openvino_ci.yml,1,0,0,0,0,0,2,0,0
microsoft_onnxruntime__.github__workflows__linux_tensorrt_ci.yml,2,0,0,4,1,4,3,0,6
microsoft_onnxruntime__.github__workflows__linux_webgpu.yml,1,0,0,4,0,4,2,0,0
microsoft_onnxruntime__.github__workflows__mac.yml,1,0,0,4,0,4,3,0,11
microsoft_onnxruntime__.github__workflows__macos-ci-build-and-test-workflow.yml,1,0,0,3,0,3,3,0,2
microsoft_onnxruntime__.github__workflows__pr_checks.yml,2,0,0,4,1,4,2,0,3
microsoft_onnxruntime__.github__workflows__publish-c-apidocs.yml,1,0,0,2,0,2,3,0,1
microsoft_onnxruntime__.github__workflows__publish-csharp-apidocs.yml,1,0,0,2,0,2,3,0,1
microsoft_onnxruntime__.github__workflows__publish-gh-pages.yml,1,0,0,0,0,0,2,0,1
microsoft_onnxruntime__.github__workflows__publish-java-apidocs.yml,1,0,0,4,0,4,3,0,2
microsoft_onnxruntime__.github__workflows__publish-js-apidocs.yml,1,0,0,3,0,3,3,0,1
microsoft_onnxruntime__.github__workflows__publish-objectivec-apidocs.yml,0,0,0,3,0,3,3,0,2
microsoft_onnxruntime__.github__workflows__publish-python-apidocs.yml,1,0,0,2,0,2,3,0,1
microsoft_onnxruntime__.github__workflows__react_native.yml,2,0,0,18,2,18,3,0,12
microsoft_onnxruntime__.github__workflows__reusable_linux_build.yml,0,0,0,8,0,8,3,1,6
microsoft_onnxruntime__.github__workflows__title-only-labeler.yml,1,0,0,1,0,1,2,0,0
microsoft_onnxruntime__.github__workflows__web.yml,2,0,0,1,0,1,3,0,8
microsoft_onnxruntime__.github__workflows__windows-web-ci-workflow.yml,2,0,0,6,0,6,3,3,5
microsoft_onnxruntime__.github__workflows__windows_build_x64_asan.yml,1,0,0,2,1,2,3,0,2
microsoft_onnxruntime__.github__workflows__windows_cuda.yml,2,0,0,13,2,13,3,0,6
microsoft_onnxruntime__.github__workflows__windows_dml.yml,1,0,0,6,1,6,3,0,3
microsoft_onnxruntime__.github__workflows__windows_openvino.yml,1,0,0,2,1,2,3,0,2
microsoft_onnxruntime__.github__workflows__windows_qnn_x64.yml,1,0,0,2,1,2,3,0,2
microsoft_onnxruntime__.github__workflows__windows_tensorrt.yml,2,0,0,13,2,13,3,0,6
microsoft_onnxruntime__.github__workflows__windows_webgpu.yml,3,0,0,15,3,15,3,0,9
microsoft_onnxruntime__.github__workflows__windows_x64_debug_build_x64_debug.yml,1,0,0,9,1,9,3,0,3
microsoft_onnxruntime__.github__workflows__windows_x64_release_build_x64_release.yml,1,0,0,9,1,9,3,0,3
microsoft_onnxruntime__.github__workflows__windows_x64_release_ep_generic_interface_build_x64_release_ep_generic_interface.yml,1,0,0,8,1,8,3,0,3
microsoft_onnxruntime__.github__workflows__windows_x64_release_vitisai_build_x64_release.yml,1,0,0,6,1,6,3,0,3
microsoft_onnxruntime__.github__workflows__windows_x64_release_xnnpack.yml,1,0,0,8,1,8,3,0,3
microsoft_onnxruntime__.github__workflows__windows_x86.yml,2,0,0,8,1,8,3,0,3
microsoft_perfview__.github__workflows__copilot-setup-steps.yml,0,0,0,1,0,1,3,0,1
microsoft_perfview__.github__workflows__stale.yml,0,0,0,1,0,1,3,0,0
microsoft_playwright-cli__.github__workflows__ci.yml,0,0,0,2,0,2,3,0,2
microsoft_playwright-cli__.github__workflows__publish.yml,0,0,0,2,0,2,3,0,1
microsoft_playwright-dotnet__.github__workflows__code-style.yml,0,0,0,2,0,2,3,0,2
microsoft_playwright-dotnet__.github__workflows__nuget-package-tests.yml,0,0,0,2,0,2,3,0,2
microsoft_playwright-dotnet__.github__workflows__publish_docker.yml,0,0,0,4,0,4,3,0,3
microsoft_playwright-dotnet__.github__workflows__test_docker.yml,0,0,0,2,0,2,3,0,2
microsoft_playwright-dotnet__.github__workflows__tests.yml,0,0,0,2,0,2,3,0,2
microsoft_playwright-dotnet__.github__workflows__tests_harness.yml,0,0,0,3,0,3,3,0,2
microsoft_playwright-dotnet__.github__workflows__validate-nuget-packages.yml,0,0,0,2,0,2,3,0,2
microsoft_playwright-mcp__.github__workflows__ci.yml,0,0,0,8,0,8,3,0,10
microsoft_playwright-mcp__.github__workflows__publish.yml,1,0,0,12,0,12,3,0,16
microsoft_playwright-python__.github__workflows__ci.yml,0,0,0,10,0,10,3,0,12
microsoft_playwright-python__.github__workflows__publish.yml,0,0,0,2,0,3,3,0,3
microsoft_playwright-python__.github__workflows__publish_docker.yml,0,0,0,4,0,4,3,0,3
microsoft_playwright-python__.github__workflows__test_docker.yml,0,0,0,2,0,2,3,0,2
microsoft_playwright__.github__workflows__copilot-setup-steps.yml,0,0,0,2,0,2,3,0,1
microsoft_playwright__.github__workflows__create_test_report.yml,0,0,0,4,0,4,3,0,6
microsoft_playwright__.github__workflows__infra.yml,0,0,0,7,0,7,3,0,5
microsoft_playwright__.github__workflows__pr_check_client_side_changes.yml,0,0,0,3,0,3,3,0,2
microsoft_playwright__.github__workflows__publish_release.yml,0,0,0,6,0,6,3,0,5
microsoft_playwright__.github__workflows__publish_release_docker.yml,0,0,0,4,0,4,3,0,3
microsoft_playwright__.github__workflows__roll_browser_into_playwright.yml,0,0,0,4,0,4,3,0,2
microsoft_playwright__.github__workflows__roll_nodejs.yml,0,0,0,4,0,4,3,0,2
microsoft_playwright__.github__workflows__roll_stable_test_runner.yml,0,0,0,4,0,4,3,0,4
microsoft_playwright__.github__workflows__tests_bidi.yml,0,0,0,6,0,6,3,0,3
microsoft_playwright__.github__workflows__tests_components.yml,0,0,0,2,0,2,3,0,2
microsoft_playwright__.github__workflows__tests_mcp.yml,0,0,0,1,0,1,3,0,1
microsoft_playwright__.github__workflows__tests_others.yml,0,0,0,5,0,5,3,0,6
microsoft_playwright__.github__workflows__tests_primary.yml,0,0,0,6,0,6,3,0,7
microsoft_playwright__.github__workflows__tests_secondary.yml,1,0,0,14,0,14,2,0,14
microsoft_playwright__.github__workflows__tests_video.yml,0,0,0,1,0,1,3,0,1
microsoft_playwright__.github__workflows__trigger_tests.yml,0,0,0,1,0,1,3,0,1
microsoft_poml__.github__workflows__docs.yml,0,0,0,3,0,3,3,0,5
microsoft_poml__.github__workflows__models.yml,1,0,0,0,0,0,1,0,0
microsoft_poml__.github__workflows__publish-npm.yml,1,0,0,3,0,3,3,0,8
microsoft_poml__.github__workflows__publish-pypi.yml,1,0,0,4,0,4,3,0,10
microsoft_poml__.github__workflows__publish-vscode.yml,1,0,0,4,0,4,3,0,14
microsoft_poml__.github__workflows__publish.yml,0,0,0,6,0,6,3,0,2
microsoft_poml__.github__workflows__shared-check-version.yml,0,0,0,1,0,1,3,0,10
microsoft_poml__.github__workflows__shared-test-integration.yml,0,0,0,3,0,3,3,2,3
microsoft_poml__.github__workflows__test-after-publish.yml,0,0,0,4,0,4,3,0,5
microsoft_poml__.github__workflows__test-integration.yml,1,0,0,0,0,0,2,0,5
microsoft_poml__.github__workflows__test.yml,0,0,0,14,0,14,3,0,11
microsoft_PowerToys__.github__workflows__automatic-issue-deduplication.yml,1,1,0,1,0,1,2,0,1
microsoft_PowerToys__.github__workflows__dependency-review.yml,0,2,0,2,0,2,2,0,1
microsoft_PowerToys__.github__workflows__manual-batch-issue-deduplication.yml,1,2,0,2,0,2,2,0,2
microsoft_PowerToys__.github__workflows__msstore-submissions.yml,0,4,0,4,0,4,2,0,5
microsoft_PowerToys__.github__workflows__package-submissions.yml,0,0,0,0,0,0,2,0,3
microsoft_PowerToys__.github__workflows__spelling2.yml,0,0,0,0,0,2,2,0,1
microsoft_presidio__.github__workflows__ci.yml,2,0,0,0,2,0,2,0,2
microsoft_presidio__.github__workflows__codeql-analysis.yml,0,0,0,0,0,1,1,0,1
microsoft_presidio__.github__workflows__defender-for-devops.yml,0,0,0,0,0,0,1,0,1
microsoft_presidio__.github__workflows__label-external.yml,1,0,0,1,1,0,1,0,1
microsoft_presidio__.github__workflows__release-docs.yml,1,0,0,0,0,0,2,0,0
microsoft_presidio__.github__workflows__release.yml,2,0,0,0,0,0,2,0,5
microsoft_ProcDump-for-Linux__.github__workflows__scorecard.yml,0,1,0,4,0,1,2,0,0
microsoft_ProcMon-for-Linux__.github__workflows__scorecard.yml,0,1,0,4,0,1,2,0,0
microsoft_promptbench__.github__workflows__stale.yml,1,0,0,1,0,1,3,0,0
microsoft_promptflow__.github__workflows__build_doc_ci.yml,2,0,0,2,0,2,3,0,5
microsoft_promptflow__.github__workflows__build_msi_installer.yml,4,0,0,3,1,3,2,2,19
microsoft_promptflow__.github__workflows__check_enforcer.yml,0,0,0,1,0,1,3,0,1
microsoft_promptflow__.github__workflows__create_promptflow_release_branch.yml,1,0,0,1,0,1,3,1,2
microsoft_promptflow__.github__workflows__create_promptflow_release_tag.yml,1,0,0,3,0,3,3,0,2
microsoft_promptflow__.github__workflows__flake8.yml,2,0,0,2,0,2,3,0,2
microsoft_promptflow__.github__workflows__flowdag_schema_check.yml,0,0,0,1,0,1,3,0,2
microsoft_promptflow__.github__workflows__labeler.yml,1,0,0,2,0,2,3,0,1
microsoft_promptflow__.github__workflows__promptflow-core-test.yml,2,0,0,13,1,13,2,0,8
microsoft_promptflow__.github__workflows__promptflow-evals-e2e-test-azure.yml,1,0,0,8,1,8,2,0,9
microsoft_promptflow__.github__workflows__promptflow-evals-e2e-test-local.yml,1,0,0,8,1,8,2,0,9
microsoft_promptflow__.github__workflows__promptflow-evals-installation-test.yml,0,0,0,5,1,5,3,0,12
microsoft_promptflow__.github__workflows__promptflow-evals-performance-test.yml,1,0,0,4,0,4,2,0,6
microsoft_promptflow__.github__workflows__promptflow-evals-unit-test.yml,0,0,0,7,1,7,3,0,6
microsoft_promptflow__.github__workflows__promptflow-executor-e2e-test.yml,4,0,0,8,0,8,2,0,7
microsoft_promptflow__.github__workflows__promptflow-executor-unit-test.yml,4,0,0,8,0,8,2,0,7
microsoft_promptflow__.github__workflows__promptflow-global-config-test.yml,2,0,0,6,0,6,2,0,5
microsoft_promptflow__.github__workflows__promptflow-import-linter.yml,0,0,0,3,0,3,3,0,3
microsoft_promptflow__.github__workflows__promptflow-parallel-e2e-test.yml,2,0,0,5,0,5,2,0,4
microsoft_promptflow__.github__workflows__promptflow-parallel-unit-test.yml,2,0,0,5,0,5,2,0,4
microsoft_promptflow__.github__workflows__promptflow-release-testing-matrix.yml,13,0,0,38,0,38,2,1,20
microsoft_promptflow__.github__workflows__promptflow-sdk-cli-test.yml,2,0,0,6,0,6,2,1,7
microsoft_promptflow__.github__workflows__promptflow-tracing-e2e-test.yml,0,0,0,11,2,11,2,0,7
microsoft_promptflow__.github__workflows__promptflow-tracing-unit-test.yml,0,0,0,11,2,11,3,0,9
microsoft_promptflow__.github__workflows__publish_doc.yml,2,0,0,3,0,3,2,0,1
microsoft_promptflow__.github__workflows__pylint.yml,2,0,0,3,0,3,3,0,3
microsoft_promptflow__.github__workflows__samples_configuration.yml,2,0,0,5,0,5,2,0,3
microsoft_promptflow__.github__workflows__samples_connections.yml,2,0,0,5,0,5,2,0,3
microsoft_promptflow__.github__workflows__samples_connections_connection.yml,2,0,0,5,0,5,2,0,3
microsoft_promptflow__.github__workflows__samples_flex_flows_basic.yml,2,0,0,5,0,5,2,0,3
microsoft_promptflow__.github__workflows__samples_flex_flows_chat_async_stream.yml,2,0,0,5,0,5,2,0,3
microsoft_promptflow__.github__workflows__samples_flex_flows_chat_basic.yml,2,0,0,5,0,5,2,0,3
microsoft_promptflow__.github__workflows__samples_flex_flows_chat_minimal.yml,2,0,0,5,0,5,2,0,3
microsoft_promptflow__.github__workflows__samples_flex_flows_chat_stream.yml,2,0,0,5,0,5,2,0,3
microsoft_promptflow__.github__workflows__samples_flex_flows_chat_with_functions.yml,2,0,0,5,0,5,2,0,3
microsoft_promptflow__.github__workflows__samples_flex_flows_eval_checklist.yml,2,0,0,5,0,5,2,0,3
microsoft_promptflow__.github__workflows__samples_flex_flows_eval_code_quality.yml,2,0,0,5,0,5,2,0,3
microsoft_promptflow__.github__workflows__samples_flex_flows_eval_criteria_with_langchain.yml,2,0,0,5,0,5,2,0,3
microsoft_promptflow__.github__workflows__samples_flexflows_basic_flexflowquickstart.yml,2,0,0,5,0,5,2,0,3
microsoft_promptflow__.github__workflows__samples_flexflows_basic_flexflowquickstartazure.yml,2,0,0,5,0,5,2,0,3
microsoft_promptflow__.github__workflows__samples_flexflows_chatasyncstream_chatstreamwithasyncflexflow.yml,2,0,0,5,0,5,2,0,3
microsoft_promptflow__.github__workflows__samples_flexflows_chatbasic_chatwithclassbasedflow.yml,2,0,0,5,0,5,2,0,3
microsoft_promptflow__.github__workflows__samples_flexflows_chatbasic_chatwithclassbasedflowazure.yml,2,0,0,5,0,5,2,0,3
microsoft_promptflow__.github__workflows__samples_flexflows_chatstream_chatstreamwithflexflow.yml,2,0,0,5,0,5,2,0,3
microsoft_promptflow__.github__workflows__samples_flexflows_evalcriteriawithlangchain_langchaineval.yml,2,0,0,5,0,5,2,0,3
microsoft_promptflow__.github__workflows__samples_flows_chat_chat_basic.yml,2,0,0,5,0,5,2,0,3
microsoft_promptflow__.github__workflows__samples_flows_chat_chat_math_variant.yml,2,0,0,5,0,5,2,0,3
microsoft_promptflow__.github__workflows__samples_flows_chat_chat_with_image.yml,2,0,0,5,0,5,2,0,3
microsoft_promptflow__.github__workflows__samples_flows_chat_chat_with_pdf.yml,2,0,0,5,0,5,2,0,3
microsoft_promptflow__.github__workflows__samples_flows_chat_chat_with_wikipedia.yml,2,0,0,5,0,5,2,0,3
microsoft_promptflow__.github__workflows__samples_flows_chat_chatwithpdf_chatwithpdf.yml,2,0,0,5,0,5,2,0,3
microsoft_promptflow__.github__workflows__samples_flows_chat_chatwithpdf_chatwithpdfazure.yml,2,0,0,5,0,5,2,0,3
microsoft_promptflow__.github__workflows__samples_flows_chat_use_functions_with_chat_models.yml,2,0,0,5,0,5,2,0,3
microsoft_promptflow__.github__workflows__samples_flows_evaluation_eval_basic.yml,2,0,0,5,0,5,2,0,3
microsoft_promptflow__.github__workflows__samples_flows_evaluation_eval_chat_math.yml,2,0,0,5,0,5,2,0,3
microsoft_promptflow__.github__workflows__samples_flows_evaluation_eval_classification_accuracy.yml,2,0,0,5,0,5,2,0,3
microsoft_promptflow__.github__workflows__samples_flows_evaluation_eval_entity_match_rate.yml,2,0,0,5,0,5,2,0,3
microsoft_promptflow__.github__workflows__samples_flows_evaluation_eval_groundedness.yml,2,0,0,5,0,5,2,0,3
microsoft_promptflow__.github__workflows__samples_flows_evaluation_eval_multi_turn_metrics.yml,2,0,0,5,0,5,2,0,3
microsoft_promptflow__.github__workflows__samples_flows_evaluation_eval_perceived_intelligence.yml,2,0,0,5,0,5,2,0,3
microsoft_promptflow__.github__workflows__samples_flows_evaluation_eval_qna_non_rag.yml,2,0,0,5,0,5,2,0,3
microsoft_promptflow__.github__workflows__samples_flows_evaluation_eval_qna_rag_metrics.yml,2,0,0,5,0,5,2,0,3
microsoft_promptflow__.github__workflows__samples_flows_evaluation_eval_single_turn_metrics.yml,2,0,0,5,0,5,2,0,3
microsoft_promptflow__.github__workflows__samples_flows_evaluation_eval_summarization.yml,2,0,0,5,0,5,2,0,3
microsoft_promptflow__.github__workflows__samples_flows_standard_autonomous_agent.yml,2,0,0,5,0,5,2,0,3
microsoft_promptflow__.github__workflows__samples_flows_standard_basic.yml,2,0,0,5,0,5,2,0,3
microsoft_promptflow__.github__workflows__samples_flows_standard_basic_with_builtin_llm.yml,2,0,0,5,0,5,2,0,3
microsoft_promptflow__.github__workflows__samples_flows_standard_basic_with_connection.yml,2,0,0,5,0,5,2,0,3
microsoft_promptflow__.github__workflows__samples_flows_standard_conditional_flow_for_if_else.yml,2,0,0,5,0,5,2,0,3
microsoft_promptflow__.github__workflows__samples_flows_standard_conditional_flow_for_switch.yml,2,0,0,5,0,5,2,0,3
microsoft_promptflow__.github__workflows__samples_flows_standard_customer_intent_extraction.yml,2,0,0,5,0,5,2,0,3
microsoft_promptflow__.github__workflows__samples_flows_standard_describe_image.yml,2,0,0,5,0,5,2,0,3
microsoft_promptflow__.github__workflows__samples_flows_standard_flow_with_additional_includes.yml,2,0,0,5,0,5,2,0,3
microsoft_promptflow__.github__workflows__samples_flows_standard_flow_with_symlinks.yml,2,0,0,5,0,5,2,0,3
microsoft_promptflow__.github__workflows__samples_flows_standard_gen_docstring.yml,2,0,0,5,0,5,2,0,3
microsoft_promptflow__.github__workflows__samples_flows_standard_maths_to_code.yml,2,0,0,5,0,5,2,0,3
microsoft_promptflow__.github__workflows__samples_flows_standard_named_entity_recognition.yml,2,0,0,5,0,5,2,0,3
microsoft_promptflow__.github__workflows__samples_flows_standard_question_simulation.yml,2,0,0,5,0,5,2,0,3
microsoft_promptflow__.github__workflows__samples_flows_standard_web_classification.yml,2,0,0,5,0,5,2,0,3
microsoft_promptflow__.github__workflows__samples_getstarted_flowasfunction.yml,2,0,0,5,0,5,2,0,3
microsoft_promptflow__.github__workflows__samples_getstarted_quickstart.yml,2,0,0,5,0,5,2,0,3
microsoft_promptflow__.github__workflows__samples_getstarted_quickstartazure.yml,2,0,0,5,0,5,2,0,3
microsoft_promptflow__.github__workflows__samples_prompty_basic.yml,2,0,0,5,0,5,2,0,3
microsoft_promptflow__.github__workflows__samples_prompty_basic_promptyquickstart.yml,2,0,0,5,0,5,2,0,3
microsoft_promptflow__.github__workflows__samples_prompty_chat_basic.yml,2,0,0,5,0,5,2,0,3
microsoft_promptflow__.github__workflows__samples_prompty_chatbasic_chatwithprompty.yml,2,0,0,5,0,5,2,0,3
microsoft_promptflow__.github__workflows__samples_prompty_eval_apology.yml,2,0,0,5,0,5,2,0,3
microsoft_promptflow__.github__workflows__samples_prompty_eval_basic.yml,2,0,0,5,0,5,2,0,3
microsoft_promptflow__.github__workflows__samples_prompty_format_output.yml,2,0,0,5,0,5,2,0,3
microsoft_promptflow__.github__workflows__samples_prompty_formatoutput_promptyoutputformat.yml,2,0,0,5,0,5,2,0,3
microsoft_promptflow__.github__workflows__samples_runflowwithpipeline_pipeline.yml,2,0,0,5,0,5,2,0,3
microsoft_promptflow__.github__workflows__samples_runmanagement_cloudrunmanagement.yml,2,0,0,5,0,5,2,0,3
microsoft_promptflow__.github__workflows__samples_runmanagement_runmanagement.yml,2,0,0,5,0,5,2,0,3
microsoft_promptflow__.github__workflows__samples_tools_use_cases_cascading_inputs_tool_showcase.yml,2,0,0,5,0,5,2,0,3
microsoft_promptflow__.github__workflows__samples_tools_use_cases_custom_llm_tool_showcase.yml,2,0,0,5,0,5,2,0,3
microsoft_promptflow__.github__workflows__samples_tools_use_cases_custom_strong_type_connection_package_tool_showcase.yml,2,0,0,5,0,5,2,0,3
microsoft_promptflow__.github__workflows__samples_tools_use_cases_custom_strong_type_connection_script_tool_showcase.yml,2,0,0,5,0,5,2,0,3
microsoft_promptflow__.github__workflows__samples_tools_use_cases_dynamic_list_input_tool_showcase.yml,2,0,0,5,0,5,2,0,3
microsoft_promptflow__.github__workflows__samples_tracing_autogengroupchat_traceautogengroupchat.yml,2,0,0,5,0,5,2,0,3
microsoft_promptflow__.github__workflows__samples_tracing_customotlpcollector_otlptracecollector.yml,2,0,0,5,0,5,2,0,3
microsoft_promptflow__.github__workflows__samples_tracing_langchain_tracelangchain.yml,2,0,0,5,0,5,2,0,3
microsoft_promptflow__.github__workflows__samples_tracing_llm_tracellm.yml,2,0,0,5,0,5,2,0,3
microsoft_promptflow__.github__workflows__samples_tutorials_e2e_development_chat_with_pdf.yml,3,0,0,7,0,7,2,0,5
microsoft_promptflow__.github__workflows__samples_tutorials_flow_deploy_azure_app_service.yml,2,0,0,5,0,5,2,0,3
microsoft_promptflow__.github__workflows__samples_tutorials_flow_deploy_create_service_with_flow.yml,2,0,0,5,0,5,2,0,3
microsoft_promptflow__.github__workflows__samples_tutorials_flow_deploy_distribute_flow_as_executable_app.yml,2,0,0,5,0,5,2,0,3
microsoft_promptflow__.github__workflows__samples_tutorials_flow_deploy_docker.yml,2,0,0,5,0,5,2,0,3
microsoft_promptflow__.github__workflows__samples_tutorials_flow_deploy_kubernetes.yml,2,0,0,5,0,5,2,0,3
microsoft_promptflow__.github__workflows__samples_tutorials_flow_fine_tuning_evaluation_promptflow_quality_improvement.yml,2,0,0,5,0,5,2,0,3
microsoft_promptflow__.github__workflows__samples_tutorials_tracing.yml,2,0,0,5,0,5,2,0,3
microsoft_promptflow__.github__workflows__sdk-cli-azure-test-production.yml,2,0,0,5,0,5,2,2,8
microsoft_promptflow__.github__workflows__sdk-cli-azure-test-pull-request.yml,1,0,0,5,0,5,3,0,5
microsoft_promptflow__.github__workflows__sdk-cli-perf-monitor-test.yml,0,0,0,3,0,3,3,0,3
microsoft_promptflow__.github__workflows__spell_check.yml,2,0,0,2,0,2,3,0,2
microsoft_promptflow__.github__workflows__stale.yml,1,0,0,1,0,1,3,0,0
microsoft_promptflow__.github__workflows__tools_continuous_delivery.yml,1,0,0,0,0,0,2,0,5
microsoft_promptflow__.github__workflows__tools_release_tag.yml,1,0,0,3,0,3,3,1,2
microsoft_promptflow__.github__workflows__tools_tests.yml,2,0,0,2,0,2,2,0,3
microsoft_promptflow__.github__workflows__update-ci-runtime.yml,2,0,0,3,0,3,2,0,2
microsoft_promptflow__.github__workflows__wheel_distributing.yml,1,0,0,2,0,2,3,8,21
microsoft_PTVS__.github__workflows__auto-label.yml,0,0,0,1,0,1,2,0,1
microsoft_PTVS__.github__workflows__issues.yml,0,5,0,5,0,5,2,0,4
microsoft_PTVS__.github__workflows__stale.yml,1,1,0,1,0,1,3,0,0
microsoft_pxt__.github__workflows__check-if-merged-pr.yml,0,0,0,1,0,1,3,0,3
microsoft_pxt__.github__workflows__codeql-analysis.yml,0,0,0,4,0,5,2,0,1
microsoft_pxt__.github__workflows__documentation.lock.yml,4,0,0,0,4,8,2,0,0
microsoft_pxt__.github__workflows__is-vtag.yml,0,0,0,0,0,0,2,0,2
microsoft_pxt__.github__workflows__pxt-buildpush.yml,2,0,0,4,0,4,3,0,4
microsoft_pxt__.github__workflows__pxt-buildvtag.yml,1,0,0,2,0,2,3,0,4
microsoft_pxt__.github__workflows__tag-bump-commit.yml,2,0,0,1,0,1,3,0,0
microsoft_pylance-release__.github__workflows__auto-label.yml,0,0,0,1,0,1,2,0,1
microsoft_pylance-release__.github__workflows__dryRun.yml,1,0,0,1,0,1,3,0,1
microsoft_pylance-release__.github__workflows__issue-assignment.lock.yml,5,0,0,0,0,0,1,0,0
microsoft_pylance-release__.github__workflows__stale.yml,0,0,0,1,0,1,2,0,1
microsoft_pyright__.github__workflows__build.yml,0,0,0,5,1,5,3,0,5
microsoft_pyright__.github__workflows__mypy_primer_comment.yml,0,0,0,3,0,2,2,0,1
microsoft_pyright__.github__workflows__mypy_primer_pr.yml,0,0,0,4,0,4,3,0,1
microsoft_pyright__.github__workflows__mypy_primer_push.yml,0,0,0,3,0,3,3,0,1
microsoft_pyright__.github__workflows__validation.yml,0,0,0,9,0,9,3,0,10
microsoft_qlib__.github__workflows__lint_title.yml,0,0,0,2,0,2,3,0,2
microsoft_qlib__.github__workflows__release.yml,4,0,0,6,0,6,2,0,4
microsoft_qlib__.github__workflows__stale.yml,1,0,0,1,0,1,3,0,1
microsoft_qlib__.github__workflows__test_qlib_from_pip.yml,1,0,0,2,0,2,3,0,2
microsoft_qlib__.github__workflows__test_qlib_from_source.yml,1,0,0,4,0,4,3,0,4
microsoft_qlib__.github__workflows__test_qlib_from_source_slow.yml,1,0,0,3,0,3,3,0,3
microsoft_RD-Agent__.github__workflows__ci.yml,0,4,0,4,0,4,3,0,4
microsoft_RD-Agent__.github__workflows__pr.yml,0,2,0,2,0,2,3,0,2
microsoft_RD-Agent__.github__workflows__readthedocs-preview.yml,0,1,0,1,0,1,2,0,2
microsoft_RD-Agent__.github__workflows__release.yml,0,3,0,3,0,3,2,0,3
microsoft_react-native-macos__.github__workflows__autorebase.yml,0,0,0,2,0,2,2,0,2
microsoft_react-native-macos__.github__workflows__bump-podfile-lock.yml,0,0,0,1,0,1,3,0,2
microsoft_react-native-macos__.github__workflows__cache-reaper.yml,0,0,0,1,0,1,3,0,2
microsoft_react-native-macos__.github__workflows__check-for-reproducer.yml,1,0,0,2,0,2,3,0,2
microsoft_react-native-macos__.github__workflows__check-nightly.yml,1,0,0,1,0,1,3,0,4
microsoft_react-native-macos__.github__workflows__close-pr.yml,1,0,0,1,0,1,2,0,0
microsoft_react-native-macos__.github__workflows__codeql-analysis.yml,4,0,0,4,0,5,2,0,1
microsoft_react-native-macos__.github__workflows__create-draft-release.yml,1,0,0,2,0,2,3,0,2
microsoft_react-native-macos__.github__workflows__create-release.yml,0,0,0,1,0,1,3,1,4
microsoft_react-native-macos__.github__workflows__danger-pr.yml,0,0,0,1,0,1,3,0,2
microsoft_react-native-macos__.github__workflows__generate-changelog.yml,1,0,0,2,0,2,3,0,2
microsoft_react-native-macos__.github__workflows__microsoft-build-rntester.yml,1,0,0,1,0,1,3,0,1
microsoft_react-native-macos__.github__workflows__microsoft-build-website.yml,0,0,0,3,0,3,3,0,1
microsoft_react-native-macos__.github__workflows__microsoft-pr.yml,2,0,0,4,0,5,3,0,7
microsoft_react-native-macos__.github__workflows__microsoft-publish.yml,1,0,0,3,1,3,2,0,2
microsoft_react-native-macos__.github__workflows__microsoft-react-native-test-app-integration.yml,1,0,0,1,0,1,3,0,2
microsoft_react-native-macos__.github__workflows__microsoft-test-react-native-macos-init.yml,1,0,0,1,0,1,3,0,2
microsoft_react-native-macos__.github__workflows__monitor-new-issues.yml,0,0,0,2,0,2,3,0,3
microsoft_react-native-macos__.github__workflows__needs-attention.yml,0,0,0,2,0,2,2,0,3
microsoft_react-native-macos__.github__workflows__nightly.yml,6,0,0,8,0,8,3,0,24
microsoft_react-native-macos__.github__workflows__on-issue-labeled.yml,3,0,0,5,0,5,3,0,4
microsoft_react-native-macos__.github__workflows__prebuild-ios-core.yml,0,0,0,15,4,15,3,0,3
microsoft_react-native-macos__.github__workflows__prebuild-ios-dependencies.yml,0,0,0,17,3,17,3,0,4
microsoft_react-native-macos__.github__workflows__publish-bumped-packages.yml,0,0,0,1,0,1,3,0,2
microsoft_react-native-macos__.github__workflows__publish-release.yml,12,0,0,11,0,11,3,0,32
microsoft_react-native-macos__.github__workflows__retry-workflow.yml,0,0,0,0,0,0,2,1,3
microsoft_react-native-macos__.github__workflows__stale-bot.yml,0,0,0,4,0,4,3,0,0
microsoft_react-native-macos__.github__workflows__test-all.yml,8,0,0,33,14,33,3,1,55
microsoft_react-native-macos__.github__workflows__test-libraries-on-nightlies.yml,1,0,0,5,1,5,3,0,3
microsoft_react-native-windows__.github__workflows__cherry-pick-commit.yml,0,0,0,0,3,0,2,3,6
microsoft_react-native-windows__.github__workflows__cherry-pick.yml,0,0,0,1,0,1,3,0,7
microsoft_react-native-windows__.github__workflows__cleanup-stale-branches.yml,0,0,0,1,0,1,3,1,2
microsoft_react-native-windows__.github__workflows__compliance-yarn-lock.yml,1,0,0,1,0,1,3,0,8
microsoft_react-native-windows__.github__workflows__dependabot-azp-trigger.yml,0,0,0,0,1,0,2,0,2
microsoft_react-native-windows__.github__workflows__move-issues-milestones.yml,0,0,0,0,0,0,2,0,1
microsoft_react-native-windows__.github__workflows__update-issue-remaining-days.yml,0,0,0,1,0,1,3,0,2
microsoft_restler-fuzzer__.github__workflows__ci_build_test_pr.yml,8,0,0,13,1,13,3,0,10
microsoft_retina__.github__workflows__codeql.yml,0,0,0,5,0,0,0,0,1
microsoft_retina__.github__workflows__commit-message.yml,0,0,0,0,0,0,1,0,0
microsoft_retina__.github__workflows__daily-scale-test.yml,1,0,0,0,0,0,1,0,1
microsoft_retina__.github__workflows__docs.yml,0,0,0,0,0,0,2,0,3
microsoft_retina__.github__workflows__e2e-test-event-writer.yml,0,0,0,0,0,0,2,0,1
microsoft_retina__.github__workflows__e2e.yml,0,0,0,3,0,0,1,1,7
microsoft_retina__.github__workflows__golangci-lint.yml,0,0,0,0,0,0,1,0,1
microsoft_retina__.github__workflows__goreleaser.yml,0,0,0,0,0,0,2,0,6
microsoft_retina__.github__workflows__images.yml,1,0,0,0,0,0,1,0,24
microsoft_retina__.github__workflows__kapinger.yml,0,0,0,6,0,5,3,0,7
microsoft_retina__.github__workflows__markdownlint.yml,0,0,0,0,0,0,1,0,1
microsoft_retina__.github__workflows__perf-manual.yml,1,0,0,0,0,0,1,0,0
microsoft_retina__.github__workflows__perf-schedule.yml,1,0,0,0,0,0,1,0,1
microsoft_retina__.github__workflows__perf-template.yml,1,0,0,0,0,0,1,1,5
microsoft_retina__.github__workflows__release-charts.yml,0,0,0,0,0,0,2,0,1
microsoft_retina__.github__workflows__release-images.yml,0,0,0,0,0,0,2,0,14
microsoft_retina__.github__workflows__release-validation.yml,0,0,0,0,0,0,1,0,3
microsoft_retina__.github__workflows__scale-test.yml,0,0,0,0,1,0,1,0,1
microsoft_retina__.github__workflows__stale.yml,1,0,0,0,0,0,2,0,1
microsoft_retina__.github__workflows__test-multicloud.yml,0,0,0,0,0,0,1,0,1
microsoft_retina__.github__workflows__test.yml,0,0,0,0,0,0,2,0,1
microsoft_retina__.github__workflows__trivy.yml,0,0,0,0,0,0,1,0,3
microsoft_retina__.github__workflows__update-hubble.yml,0,0,0,0,0,0,2,0,1
microsoft_RulesEngine__.github__workflows__codeql-analysis.yml,0,5,0,5,0,6,2,0,2
microsoft_RulesEngine__.github__workflows__dotnetcore-build.yml,0,3,0,3,0,3,3,0,3
microsoft_rushstack__.github__workflows__ci.yml,0,0,0,3,0,3,3,0,3
microsoft_rushstack__.github__workflows__file-doc-tickets.yml,0,0,0,2,0,1,3,0,2
microsoft_SandDance__.github__workflows__codeql.yml,0,3,0,3,0,3,2,0,1
microsoft_Security-101__.github__workflows__co-op-translator.yml,2,4,0,0,0,4,3,0,3
microsoft_Security-101__.github__workflows__deploy.yml,2,5,0,0,0,5,3,0,1
microsoft_Security-101__.github__workflows__jekyll-gh-pages.yml,0,5,0,0,0,5,2,0,3
microsoft_semantic-kernel__.github__workflows__close-inactive-issues.yml,1,0,0,1,0,1,3,0,0
microsoft_semantic-kernel__.github__workflows__codeql-analysis.yml,0,0,0,4,0,4,2,0,0
microsoft_semantic-kernel__.github__workflows__dotnet-build-and-test.yml,3,0,0,9,0,9,2,0,4
microsoft_semantic-kernel__.github__workflows__dotnet-ci.yml,0,0,0,6,0,6,2,0,0
microsoft_semantic-kernel__.github__workflows__dotnet-format.yml,1,0,0,2,0,2,3,0,5
microsoft_semantic-kernel__.github__workflows__dotnet-integration-tests.yml,0,0,0,3,0,3,2,0,0
microsoft_semantic-kernel__.github__workflows__label-discussions.yml,0,0,0,3,0,3,3,0,3
microsoft_semantic-kernel__.github__workflows__label-issues.yml,1,0,0,1,0,1,3,0,0
microsoft_semantic-kernel__.github__workflows__label-pr.yml,1,0,0,1,0,1,3,0,1
microsoft_semantic-kernel__.github__workflows__label-title-prefix.yml,1,0,0,1,0,1,3,0,1
microsoft_semantic-kernel__.github__workflows__markdown-link-check.yml,0,0,0,2,0,2,2,0,1
microsoft_semantic-kernel__.github__workflows__merge-gatekeeper.yml,0,0,0,1,0,1,3,0,1
microsoft_semantic-kernel__.github__workflows__python-build.yml,1,0,0,5,0,5,3,0,10
microsoft_semantic-kernel__.github__workflows__python-integration-tests.yml,3,0,0,30,2,30,2,0,41
microsoft_semantic-kernel__.github__workflows__python-lint.yml,0,0,0,3,0,3,3,0,4
microsoft_semantic-kernel__.github__workflows__python-manual-release.yml,0,0,0,2,0,2,2,0,6
microsoft_semantic-kernel__.github__workflows__python-test-coverage-report.yml,0,0,0,3,0,3,2,0,4
microsoft_semantic-kernel__.github__workflows__python-test-coverage.yml,0,0,0,3,0,3,3,0,3
microsoft_semantic-kernel__.github__workflows__python-unit-tests.yml,1,0,0,3,0,3,3,0,3
microsoft_semantic-kernel__.github__workflows__typos.yml,0,0,0,2,0,2,3,0,2
microsoft_STL__.github__workflows__update-status-chart.yml,0,2,0,2,0,2,3,0,1
microsoft_sudo__.github__workflows__pr-build.yml,0,0,0,1,0,1,3,0,2
microsoft_SynapseML__.github__workflows__acknowledge-new-issues.yml,0,1,0,0,0,1,2,0,1
microsoft_SynapseML__.github__workflows__acknowledge-new-prs.yml,0,1,0,0,0,1,2,0,2
microsoft_SynapseML__.github__workflows__add-triage-label.yml,0,0,0,0,0,0,2,0,0
microsoft_SynapseML__.github__workflows__ado-integration.yml,0,0,0,0,0,1,3,0,2
microsoft_SynapseML__.github__workflows__ado-pr-to-workitem.yml,0,0,0,0,1,1,3,0,3
microsoft_SynapseML__.github__workflows__check-dead-links.yml,0,2,0,0,0,2,3,0,3
microsoft_SynapseML__.github__workflows__check-semantic-prs.yml,0,1,0,0,0,1,2,0,2
microsoft_SynapseML__.github__workflows__codeql.yml,0,4,0,0,0,4,2,0,1
microsoft_SynapseML__.github__workflows__dependency-review.yml,0,2,0,0,0,2,2,0,1
microsoft_SynapseML__.github__workflows__pr-validation.yml,0,4,0,0,0,4,3,0,5
microsoft_SynapseML__.github__workflows__remove-awaiting-response-label.yml,0,1,0,0,1,1,3,0,2
microsoft_SynapseML__.github__workflows__remove-old-issues.yml,0,1,0,0,0,1,3,0,2
microsoft_SynapseML__.github__workflows__reopen-issue-on-comment.yml,0,0,0,0,0,0,2,0,0
microsoft_SynapseML__.github__workflows__scorecards.yml,0,1,0,0,0,1,2,0,0
microsoft_SynapseML__.github__workflows__website-deploy.yml,0,0,0,0,0,0,2,0,3
microsoft_SysmonForLinux__.github__workflows__scorecard.yml,0,1,0,0,0,1,2,0,0
microsoft_terminal__.github__workflows__addToProject.yml,0,0,0,1,0,1,2,0,0
microsoft_terminal__.github__workflows__spelling2.yml,0,0,0,4,0,7,3,0,5
microsoft_terminal__.github__workflows__winget.yml,0,0,0,0,0,0,2,0,2
microsoft_TinyTroupe__.github__workflows__bandit.yml,1,1,0,0,0,1,3,0,1
microsoft_TinyTroupe__.github__workflows__codeql.yml,0,3,0,0,0,3,2,0,1
microsoft_TRELLIS__.github__workflows__codeql.yml,0,3,0,0,0,4,2,0,1
microsoft_tsdoc__.github__workflows__ci.yml,2,0,0,2,0,2,3,0,2
microsoft_tsyringe__.github__workflows__build.yml,0,0,0,2,0,2,3,0,2
microsoft_tsyringe__.github__workflows__publish.yml,0,0,0,4,0,4,3,0,4
microsoft_TypeChat__.github__workflows__ci.js.yml,0,2,0,0,0,2,2,0,1
microsoft_TypeChat__.github__workflows__ci.python.yml,0,4,0,0,0,4,3,0,3
microsoft_TypeChat__.github__workflows__github-pages.yml,0,4,0,0,0,4,2,0,1
microsoft_typescript-go__.github__workflows__ci.yml,2,0,0,0,1,0,2,0,10
microsoft_typescript-go__.github__workflows__codeql.yml,0,0,0,4,0,0,0,0,1
microsoft_typescript-go__.github__workflows__copilot-setup-steps.yml,0,0,0,0,0,1,3,0,1
microsoft_typescript-go__.github__workflows__create-cache.yml,0,0,0,0,0,0,1,0,1
microsoft_TypeScript-Website__.github__workflows__CI.yml,0,0,0,0,0,0,2,0,6
microsoft_TypeScript-Website__.github__workflows__close-preview.yml,0,1,0,0,1,1,3,0,3
microsoft_TypeScript-Website__.github__workflows__codeql.yml,0,0,0,0,0,0,0,0,1
microsoft_TypeScript-Website__.github__workflows__deploy-preview.yml,0,1,0,0,0,1,2,0,3
microsoft_TypeScript-Website__.github__workflows__deploy-prod-static.yml,0,0,0,0,0,0,1,0,3
microsoft_TypeScript-Website__.github__workflows__keepalive.yml,0,0,0,0,0,0,2,0,1
microsoft_TypeScript-Website__.github__workflows__publish-packages.yml,0,0,0,0,0,0,2,0,1
microsoft_TypeScript__.github__workflows__accept-baselines-fix-lints.yml,0,0,0,0,0,0,1,0,1
microsoft_TypeScript__.github__workflows__ci.yml,2,0,0,0,1,0,2,0,14
microsoft_TypeScript__.github__workflows__close-issues.yml,0,0,0,0,0,0,1,0,0
microsoft_TypeScript__.github__workflows__codeql.yml,0,0,0,0,0,0,0,0,1
microsoft_TypeScript__.github__workflows__copilot-setup-steps.yml,0,0,0,0,0,0,2,0,1
microsoft_TypeScript__.github__workflows__create-cherry-pick-pr.yml,0,0,0,0,0,1,2,0,2
microsoft_TypeScript__.github__workflows__insiders.yml,0,0,0,0,0,0,2,0,2
microsoft_TypeScript__.github__workflows__lkg.yml,0,0,0,0,0,0,2,0,1
microsoft_TypeScript__.github__workflows__new-release-branch.yml,0,0,0,3,0,1,2,0,2
microsoft_TypeScript__.github__workflows__nightly.yml,0,0,0,0,0,0,2,0,2
microsoft_TypeScript__.github__workflows__pr-modified-files.yml,0,0,0,0,0,0,1,0,1
microsoft_TypeScript__.github__workflows__release-branch-artifact.yml,0,0,0,0,0,0,2,0,1
microsoft_TypeScript__.github__workflows__scorecard.yml,0,0,0,0,0,0,1,0,0
microsoft_TypeScript__.github__workflows__set-version.yml,0,0,0,3,0,1,2,0,2
microsoft_TypeScript__.github__workflows__sync-branch.yml,0,0,0,3,0,1,2,0,2
microsoft_TypeScript__.github__workflows__sync-wiki.yml,0,0,0,0,0,0,1,0,1
microsoft_TypeScript__.github__workflows__twoslash-repros.yml,0,0,0,4,0,1,2,0,3
microsoft_TypeScript__.github__workflows__update-package-lock.yml,0,0,0,0,0,0,2,0,1
microsoft_typespec__.github__workflows__ci.yml,0,0,0,2,0,2,3,0,2
microsoft_typespec__.github__workflows__codeql.yml,1,0,0,4,0,4,2,0,1
microsoft_typespec__.github__workflows__commenter.yml,0,0,0,2,1,2,2,0,2
microsoft_typespec__.github__workflows__consistency.yml,0,0,0,6,0,6,3,0,14
microsoft_typespec__.github__workflows__external-integration.yml,0,0,0,4,0,4,3,0,6
microsoft_typespec__.github__workflows__merge-release-in-main.yml,1,0,0,2,0,2,3,0,4
microsoft_typespec__.github__workflows__sync-labels.yml,0,0,0,1,0,1,2,0,1
microsoft_typespec__.github__workflows__verify-labels.yml,0,0,0,1,0,1,3,0,2
microsoft_typespec__.github__workflows__website-gh-pages.yml,1,0,0,3,0,3,2,0,3
microsoft_UFO__.github__workflows__document_deploy.yml,2,2,0,2,0,2,3,0,1
microsoft_vcpkg__.github__workflows__check_issues.yml,0,0,0,1,0,1,3,0,0
microsoft_vcpkg__.github__workflows__check_tools_sha.yml,0,0,0,1,0,1,2,0,1
microsoft_vcpkg__.github__workflows__codeql.yml,0,0,0,3,0,3,2,0,1
microsoft_vcpkg__.github__workflows__stale.yml,3,0,0,3,0,3,2,0,0
microsoft_vcpkg__.github__workflows__untrustedPR.yml,0,0,0,2,0,2,2,0,1
microsoft_verona__.github__workflows__cmake.yml,2,0,0,2,0,2,3,0,6
microsoft_VFSForGit__.github__workflows__build.yml,0,15,0,15,0,15,2,0,5
microsoft_VFSForGit__.github__workflows__release-winget.yml,0,0,0,0,0,0,2,0,2
microsoft_vscode-copilot-chat__.github__workflows__copilot-setup-steps.yml,1,0,0,5,1,5,3,0,2
microsoft_vscode-copilot-chat__.github__workflows__ensure-node-modules-cache.yml,2,0,0,7,0,7,2,0,2
microsoft_vscode-copilot-chat__.github__workflows__npm-package.yml,0,0,0,2,0,2,2,0,1
microsoft_vscode-copilot-chat__.github__workflows__pr.yml,4,0,0,16,4,16,2,0,4
microsoft_vscode-cpptools__.github__workflows__bug-debugger.yml,1,0,0,1,0,1,3,0,1
microsoft_vscode-cpptools__.github__workflows__by-design-closer-debugger .yml,1,0,0,1,0,1,3,0,1
microsoft_vscode-cpptools__.github__workflows__by-design-closer.yml,1,0,0,1,0,1,3,0,1
microsoft_vscode-cpptools__.github__workflows__ci_linux.yml,1,0,0,0,0,0,2,0,1
microsoft_vscode-cpptools__.github__workflows__ci_mac.yml,1,0,0,0,0,0,2,0,1
microsoft_vscode-cpptools__.github__workflows__ci_windows.yml,1,0,0,0,0,0,2,0,1
microsoft_vscode-cpptools__.github__workflows__codeql.yml,0,0,0,3,0,3,2,0,1
microsoft_vscode-cpptools__.github__workflows__duplicate-closer.yml,1,0,0,1,0,1,3,0,1
microsoft_vscode-cpptools__.github__workflows__enhancement-closer-no-milestone.yml,1,0,0,1,0,1,3,0,1
microsoft_vscode-cpptools__.github__workflows__enhancement-closer-triage.yml,1,0,0,1,0,1,3,0,1
microsoft_vscode-cpptools__.github__workflows__enhancement-reopener.yml,1,0,0,1,0,1,3,0,1
microsoft_vscode-cpptools__.github__workflows__external-closer-debugger.yml,1,0,0,1,0,1,3,0,1
microsoft_vscode-cpptools__.github__workflows__feature-request-closer-no-milestone.yml,1,0,0,1,0,1,3,0,1
microsoft_vscode-cpptools__.github__workflows__feature-request-closer-triage.yml,1,0,0,1,0,1,3,0,1
microsoft_vscode-cpptools__.github__workflows__feature-request-debugger.yml,1,0,0,1,0,1,3,0,1
microsoft_vscode-cpptools__.github__workflows__feature-request-reopener.yml,1,0,0,1,0,1,3,0,1
microsoft_vscode-cpptools__.github__workflows__investigate-closer-debugger.yml,1,0,0,1,0,1,3,0,1
microsoft_vscode-cpptools__.github__workflows__investigate-costing-closer-debugger.yml,1,0,0,1,0,1,3,0,1
microsoft_vscode-cpptools__.github__workflows__job-compile-and-test.yml,0,0,0,4,0,4,3,1,2
microsoft_vscode-cpptools__.github__workflows__locker.yml,1,0,0,1,0,1,3,0,1
microsoft_vscode-cpptools__.github__workflows__more-info-needed-closer-debugger.yml,1,0,0,1,0,1,3,0,1
microsoft_vscode-cpptools__.github__workflows__more-info-needed-closer.yml,1,0,0,1,0,1,3,0,1
microsoft_vscode-cpptools__.github__workflows__question-closer-debugger.yml,1,0,0,1,0,1,3,0,1
microsoft_vscode-cpptools__.github__workflows__question-closer.yml,1,0,0,1,0,1,3,0,1
microsoft_vscode-extension-samples__.github__workflows__ci.yml,0,0,0,2,0,2,3,0,2
microsoft_vscode-extension-samples__.github__workflows__triage.yml,0,0,0,1,0,1,2,0,4
microsoft_vscode-pull-request-github__.github__workflows__copilot-setup-steps.yml,0,0,0,2,0,2,3,0,1
microsoft_vscode-python__.github__workflows__build.yml,4,0,0,22,0,13,2,0,2
microsoft_vscode-python__.github__workflows__codeql-analysis.yml,0,0,0,4,0,5,2,0,0
microsoft_vscode-python__.github__workflows__community-feedback-auto-comment.yml,0,0,0,0,0,0,2,0,0
microsoft_vscode-python__.github__workflows__gen-issue-velocity.yml,0,0,0,2,0,2,2,0,0
microsoft_vscode-python__.github__workflows__info-needed-closer.yml,0,0,0,1,0,1,2,0,0
microsoft_vscode-python__.github__workflows__issue-labels.yml,0,0,0,1,0,1,2,0,0
microsoft_vscode-python__.github__workflows__lock-issues.yml,0,0,0,0,0,0,1,0,0
microsoft_vscode-python__.github__workflows__pr-check.yml,2,0,0,36,0,21,2,0,2
microsoft_vscode-python__.github__workflows__pr-file-check.yml,0,0,0,0,0,0,1,0,0
microsoft_vscode-python__.github__workflows__pr-issue-check.yml,0,0,0,1,0,1,2,0,0
microsoft_vscode-python__.github__workflows__pr-labels.yml,0,0,0,0,0,0,2,0,0
microsoft_vscode-python__.github__workflows__python27-issue-response.yml,0,0,0,0,0,0,2,0,0
microsoft_vscode-python__.github__workflows__remove-needs-labels.yml,0,0,0,0,0,0,2,0,0
microsoft_vscode-python__.github__workflows__test-plan-item-validator.yml,0,0,0,1,0,1,2,0,0
microsoft_vscode-python__.github__workflows__triage-info-needed.yml,0,0,0,2,0,2,3,0,0
microsoft_vscode__.github__workflows__copilot-setup-steps.yml,1,0,0,4,1,4,3,0,1
microsoft_vscode__.github__workflows__monaco-editor.yml,0,0,0,4,0,4,2,0,2
microsoft_vscode__.github__workflows__no-engineering-system-changes.yml,0,0,0,0,0,0,1,0,2
microsoft_vscode__.github__workflows__no-package-lock-changes.yml,0,0,0,0,0,0,1,0,2
microsoft_vscode__.github__workflows__pr-darwin-test.yml,0,0,0,7,0,7,3,0,1
microsoft_vscode__.github__workflows__pr-linux-cli-test.yml,1,0,0,1,1,1,3,0,1
microsoft_vscode__.github__workflows__pr-linux-test.yml,1,0,0,7,0,7,3,0,1
microsoft_vscode__.github__workflows__pr-node-modules.yml,3,0,0,13,0,13,2,0,4
microsoft_vscode__.github__workflows__pr-win32-test.yml,1,0,0,7,0,7,3,0,1
microsoft_vscode__.github__workflows__pr.yml,5,0,0,3,1,3,2,0,1
microsoft_vscode__.github__workflows__screenshot-test.yml,0,0,0,4,0,4,3,0,1
microsoft_vscode__.github__workflows__telemetry.yml,0,0,0,0,0,3,2,0,0
microsoft_Web-Dev-For-Beginners__.github__workflows__azure-static-web-apps-ashy-river-0debb7803.yml,1,3,0,3,0,3,3,0,6
microsoft_Web-Dev-For-Beginners__.github__workflows__daily-repo-status.lock.yml,3,5,0,33,0,5,2,0,0
microsoft_Web-Dev-For-Beginners__.github__workflows__links.yml,0,3,0,3,0,3,3,0,3
microsoft_Web-Dev-For-Beginners__.github__workflows__lock.yml,0,1,0,1,0,1,3,0,2
microsoft_Web-Dev-For-Beginners__.github__workflows__stale.yml,1,1,0,1,0,1,3,0,0
microsoft_wil__.github__workflows__ci.yml,1,0,0,2,0,2,2,0,2
microsoft_wil__.github__workflows__format.yml,0,0,0,7,1,7,2,0,8
microsoft_Windows-driver-samples__.github__workflows__check-sample-issue-template.yml,0,2,0,2,0,2,3,0,2
microsoft_Windows-driver-samples__.github__workflows__ci-pr.yml,0,6,0,6,1,6,3,0,7
microsoft_Windows-driver-samples__.github__workflows__ci.yml,0,5,0,5,1,5,3,0,5
microsoft_Windows-driver-samples__.github__workflows__Code-Scanning.yml,0,4,0,4,0,4,2,0,3
microsoft_Windows-driver-samples__.github__workflows__StaleIssues.yml,0,1,0,1,0,1,3,0,0
microsoft_Windows-driver-samples__.github__workflows__tag-codeowner-on-issue.yml,1,2,0,2,1,2,4,1,3
microsoft_windows-rs__.github__workflows__clippy.yml,0,0,0,1,0,1,2,0,1
microsoft_windows-rs__.github__workflows__cross.yml,0,0,0,2,0,2,2,0,1
microsoft_windows-rs__.github__workflows__doc.yml,0,0,0,3,0,3,2,0,3
microsoft_windows-rs__.github__workflows__fmt.yml,0,0,0,1,0,1,2,0,1
microsoft_windows-rs__.github__workflows__gen.yml,0,0,0,1,0,1,2,0,1
microsoft_windows-rs__.github__workflows__lib.yml,0,0,0,2,0,2,2,0,5
microsoft_windows-rs__.github__workflows__linux.yml,0,0,0,1,0,1,2,0,1
microsoft_windows-rs__.github__workflows__miri.yml,0,0,0,1,0,1,2,0,1
microsoft_windows-rs__.github__workflows__msrv.yml,0,0,0,1,0,1,2,0,1
microsoft_windows-rs__.github__workflows__no-default-features.yml,0,0,0,1,0,1,2,0,1
microsoft_windows-rs__.github__workflows__no_std.yml,0,0,0,1,0,1,2,0,1
microsoft_windows-rs__.github__workflows__publish.yml,0,0,0,1,0,1,2,0,1
microsoft_windows-rs__.github__workflows__slim_errors.yml,0,0,0,1,0,1,2,0,1
microsoft_windows-rs__.github__workflows__test.yml,1,0,0,1,0,1,2,0,1
microsoft_windows-rs__.github__workflows__web.yml,0,0,0,4,0,4,2,0,3
microsoft_WindowsAppSDK__.github__workflows__build.yml,1,3,0,3,0,3,3,0,4
microsoft_winget-cli__.github__workflows__automatic-issue-deduplication.yml,1,0,0,1,0,1,2,0,1
microsoft_winget-cli__.github__workflows__spelling.yml,1,0,0,0,0,0,2,0,1
microsoft_winget-cli__.github__workflows__spelling2.yml,1,0,0,0,0,0,2,0,1
microsoft_winget-cli__.github__workflows__spelling3.yml,0,0,0,2,0,2,3,0,3
microsoft_winget-pkgs__.github__workflows__scriptAnalyzer.yml,0,0,0,1,0,1,2,0,0
microsoft_winget-pkgs__.github__workflows__spellCheck.yml,1,0,0,3,0,3,3,0,4
microsoft_WPF-Samples__.github__workflows__codeql.yml,0,4,0,4,0,4,2,0,1
microsoft_WSL__.github__workflows__distributions.yml,0,1,0,1,0,1,3,0,2
microsoft_WSL__.github__workflows__documentation.yml,0,3,0,3,0,3,3,0,1
microsoft_WSL__.github__workflows__issue_edited.yml,0,1,0,1,0,1,3,0,1
microsoft_WSL__.github__workflows__modern-distributions.yml,0,1,0,1,0,1,3,0,3
microsoft_WSL__.github__workflows__new_issue.yml,0,1,0,1,0,1,3,0,1
microsoft_WSL__.github__workflows__new_issue_comment.yml,0,1,0,1,0,1,3,0,1
microsoft_WSL__.github__workflows__winget.yml,0,0,0,0,0,0,2,0,3
NVIDIA_cccl__.github__workflows__backport-prs.yml,0,2,0,2,0,2,3,0,3
NVIDIA_cccl__.github__workflows__blackduck-sca.yml,0,2,0,2,0,2,2,0,2
NVIDIA_cccl__.github__workflows__build-and-test-python-wheels.yml,4,2,0,2,0,2,3,0,0
NVIDIA_cccl__.github__workflows__build-matx.yml,1,3,0,3,0,3,3,0,4
NVIDIA_cccl__.github__workflows__build-pytorch.yml,2,3,0,3,0,3,3,0,4
NVIDIA_cccl__.github__workflows__build-rapids.yml,0,3,0,3,0,3,3,0,5
NVIDIA_cccl__.github__workflows__ci-workflow-nightly.yml,7,2,0,2,0,2,3,0,3
NVIDIA_cccl__.github__workflows__ci-workflow-pull-request.yml,8,5,0,6,0,6,4,1,14
NVIDIA_cccl__.github__workflows__ci-workflow-weekly.yml,4,2,0,2,0,2,3,0,0
NVIDIA_cccl__.github__workflows__docs-deploy.yml,1,2,0,2,0,2,3,0,1
NVIDIA_cccl__.github__workflows__git-bisect.yml,2,2,0,2,0,2,3,2,32
NVIDIA_cccl__.github__workflows__project_automation_set_in_progress.yml,0,1,0,1,0,1,3,0,10
NVIDIA_cccl__.github__workflows__project_automation_set_in_review.yml,0,1,0,1,1,1,3,0,4
NVIDIA_cccl__.github__workflows__project_automation_set_roadmap.yml,0,1,0,1,1,1,3,0,6
NVIDIA_cccl__.github__workflows__project_automation_sync_pr_issues.yml,0,1,0,1,1,1,3,0,7
NVIDIA_cccl__.github__workflows__release-create-new.yml,3,3,0,3,0,3,3,1,4
NVIDIA_cccl__.github__workflows__release-finalize.yml,0,4,0,4,1,4,3,1,5
NVIDIA_cccl__.github__workflows__release-update-rc.yml,0,4,0,4,0,4,3,0,8
NVIDIA_cccl__.github__workflows__release-wheels.yml,2,0,0,0,0,0,2,0,0
NVIDIA_cccl__.github__workflows__triage_rotation.yml,0,0,0,0,0,0,2,0,5
NVIDIA_cccl__.github__workflows__update-branch-version.yml,0,1,0,1,0,1,3,0,1
NVIDIA_cccl__.github__workflows__verify-devcontainers.yml,1,4,0,4,0,4,2,0,2
NVIDIA_cccl__.github__workflows__workflow-dispatch-standalone-group-linux.yml,0,1,0,1,0,1,3,0,0
NVIDIA_cccl__.github__workflows__workflow-dispatch-standalone-group-windows.yml,0,1,0,1,0,1,3,0,0
NVIDIA_cccl__.github__workflows__workflow-dispatch-two-stage-group-linux.yml,1,0,0,0,0,0,2,0,0
NVIDIA_cccl__.github__workflows__workflow-dispatch-two-stage-group-windows.yml,1,0,0,0,0,0,2,0,0
NVIDIA_cccl__.github__workflows__workflow-dispatch-two-stage-linux.yml,0,2,0,2,0,2,3,0,0
NVIDIA_cccl__.github__workflows__workflow-dispatch-two-stage-windows.yml,0,2,0,2,0,2,3,0,0
NVIDIA_cuda-python__.github__workflows__backport.yml,0,0,0,0,0,0,2,1,9
NVIDIA_cuda-python__.github__workflows__bandit.yml,0,1,0,4,0,1,3,0,1
NVIDIA_cuda-python__.github__workflows__build-docs.yml,0,0,0,0,7,0,2,4,11
NVIDIA_cuda-python__.github__workflows__build-wheel.yml,0,2,0,16,0,3,2,7,11
NVIDIA_cuda-python__.github__workflows__ci.yml,4,0,0,0,0,0,2,0,18
NVIDIA_cuda-python__.github__workflows__cleanup-pr-previews.yml,0,1,0,1,0,1,3,2,3
NVIDIA_cuda-python__.github__workflows__codeql.yml,0,0,0,3,0,0,1,0,1
NVIDIA_cuda-python__.github__workflows__coverage.yml,1,0,0,5,0,1,3,0,2
NVIDIA_cuda-python__.github__workflows__release-cuda-pathfinder.yml,1,0,0,0,0,0,3,0,11
NVIDIA_cuda-python__.github__workflows__release-upload.yml,0,0,0,0,0,0,2,3,9
NVIDIA_cuda-python__.github__workflows__release.yml,2,0,0,0,0,0,2,4,23
NVIDIA_cuda-python__.github__workflows__test-wheel-linux.yml,0,0,0,10,0,1,3,3,8
NVIDIA_cuda-python__.github__workflows__test-wheel-windows.yml,0,0,0,10,0,1,3,3,10
NVIDIA_cuda-python__.github__workflows__triagelabel.yml,0,0,0,0,0,0,2,0,0
NVIDIA_cutlass__.github__workflows__auto-label-issues.yml,0,1,0,1,0,1,3,0,0
NVIDIA_cutlass__.github__workflows__blossom-ci.yml,4,1,0,2,1,2,3,0,7
NVIDIA_cutlass__.github__workflows__labeler.yml,0,0,0,1,1,1,3,0,2
NVIDIA_cutlass__.github__workflows__new-issues-to-triage-projects.yml,0,3,0,3,0,0,3,0,1
NVIDIA_cutlass__.github__workflows__stale.yml,2,2,0,2,0,2,3,0,3
NVIDIA_DALI__.github__workflows__codeql.yml,0,3,0,3,0,3,2,0,1
NVIDIA_DALI__.github__workflows__lint.yml,0,4,0,4,0,4,3,0,5
NVIDIA_garak__.github__workflows__cla.yml,0,1,0,1,0,1,3,0,2
NVIDIA_garak__.github__workflows__labels.yml,0,1,0,1,0,1,2,0,1
NVIDIA_garak__.github__workflows__lint.yml,2,2,0,2,0,2,2,0,1
NVIDIA_garak__.github__workflows__maintain_cache.yml,2,2,0,2,0,2,3,0,1
NVIDIA_garak__.github__workflows__nightly.yml,4,0,0,0,0,0,1,0,0
NVIDIA_garak__.github__workflows__remote_package_install.yml,1,1,0,1,0,1,2,0,0
NVIDIA_garak__.github__workflows__stale.yml,0,1,0,1,0,1,2,0,0
NVIDIA_garak__.github__workflows__test_linux.yml,3,3,0,3,1,3,2,0,1
NVIDIA_garak__.github__workflows__test_macos.yml,2,4,0,4,0,4,2,0,1
NVIDIA_garak__.github__workflows__test_windows.yml,2,3,0,3,0,3,2,0,1
NVIDIA_gpu-operator__.github__workflows__cherrypick.yml,0,5,0,5,0,5,4,1,6
NVIDIA_gpu-operator__.github__workflows__ci.yml,10,30,0,38,0,37,3,0,51
NVIDIA_gpu-operator__.github__workflows__renovate.yml,0,2,0,2,0,2,3,0,3
NVIDIA_gpu-operator__.github__workflows__stale.yml,0,1,0,1,0,1,3,0,0
NVIDIA_Isaac-GR00T__.github__workflows__main.yml,0,2,0,2,0,2,3,0,2
NVIDIA_k8s-device-plugin__.github__workflows__basic-checks.yml,4,0,0,0,0,0,2,0,5
NVIDIA_k8s-device-plugin__.github__workflows__cherrypick.yml,0,5,0,5,0,5,4,1,6
NVIDIA_k8s-device-plugin__.github__workflows__ci.yml,3,0,0,0,0,0,2,0,7
NVIDIA_k8s-device-plugin__.github__workflows__code_scanning.yml,0,4,0,4,0,4,2,0,1
NVIDIA_k8s-device-plugin__.github__workflows__deploy-to-pages.yml,1,5,0,5,0,5,2,0,3
NVIDIA_k8s-device-plugin__.github__workflows__e2e.yml,1,6,0,6,0,6,3,0,3
NVIDIA_k8s-device-plugin__.github__workflows__golang.yml,1,7,0,8,0,8,3,0,5
NVIDIA_k8s-device-plugin__.github__workflows__helm.yml,0,2,0,2,0,2,3,0,1
NVIDIA_k8s-device-plugin__.github__workflows__image.yml,0,4,0,5,0,5,3,1,7
NVIDIA_k8s-device-plugin__.github__workflows__publish-helm.yml,1,3,0,3,0,3,3,0,10
NVIDIA_k8s-device-plugin__.github__workflows__release.yml,0,2,0,2,0,2,3,0,5
NVIDIA_k8s-device-plugin__.github__workflows__stale.yml,0,1,0,1,0,1,3,0,0
NVIDIA_k8s-device-plugin__.github__workflows__variables.yml,0,1,0,1,0,1,3,0,1
NVIDIA_Megatron-LM__.github__workflows___build_test_publish_wheel.yml,0,3,0,3,3,3,3,0,2
NVIDIA_Megatron-LM__.github__workflows___release_library.yml,3,5,0,5,0,5,3,3,13
NVIDIA_Megatron-LM__.github__workflows___update_dependencies.yml,1,6,0,6,2,6,3,0,9
NVIDIA_Megatron-LM__.github__workflows__auto-assign-milestone.yml,0,0,0,1,0,1,2,0,6
NVIDIA_Megatron-LM__.github__workflows__auto-reminder-bot.yml,0,2,0,2,0,2,3,0,2
NVIDIA_Megatron-LM__.github__workflows__auto-swap-labels.yml,0,2,0,2,0,2,2,0,1
NVIDIA_Megatron-LM__.github__workflows__auto-update-copy-pr-bot.yml,1,1,0,1,0,1,3,0,2
NVIDIA_Megatron-LM__.github__workflows__build-docs.yml,0,2,0,2,0,0,2,0,4
NVIDIA_Megatron-LM__.github__workflows__build-test-publish-wheel.yml,1,2,0,2,0,1,2,0,2
NVIDIA_Megatron-LM__.github__workflows__cherry-pick-release-commit.yml,0,1,0,1,0,0,2,0,1
NVIDIA_Megatron-LM__.github__workflows__cicd-approve-test-queue.yml,0,2,0,2,0,2,3,0,4
NVIDIA_Megatron-LM__.github__workflows__cicd-main.yml,4,22,0,28,0,27,2,0,40
NVIDIA_Megatron-LM__.github__workflows__close-inactive-issue-pr.yml,0,1,0,1,0,0,2,0,1
NVIDIA_Megatron-LM__.github__workflows__community-bot.yml,0,1,0,1,1,0,2,0,1
NVIDIA_Megatron-LM__.github__workflows__copyright-check.yml,0,3,0,3,0,1,3,0,5
NVIDIA_Megatron-LM__.github__workflows__dependabot.yml,1,0,0,0,0,0,2,0,2
NVIDIA_Megatron-LM__.github__workflows__install-test.yml,2,5,0,6,0,5,3,0,9
NVIDIA_Megatron-LM__.github__workflows__multi-approval-bot.yml,1,3,0,4,0,3,3,0,7
NVIDIA_Megatron-LM__.github__workflows__oncall-assign.yml,1,2,0,2,0,2,2,0,2
NVIDIA_Megatron-LM__.github__workflows__oncall-rotation.yml,1,2,0,2,0,2,3,0,1
NVIDIA_Megatron-LM__.github__workflows__release-docs.yml,1,2,0,2,0,1,3,0,4
NVIDIA_Megatron-LM__.github__workflows__release-freeze.yml,0,1,0,1,0,0,2,0,1
NVIDIA_Megatron-LM__.github__workflows__release-nightly-docs.yml,1,0,0,0,0,0,2,0,2
NVIDIA_Megatron-LM__.github__workflows__release.yml,1,0,0,0,0,0,2,0,0
NVIDIA_Megatron-LM__.github__workflows__sync-team-usergroups.yml,1,2,0,2,0,2,3,0,2
NVIDIA_Megatron-LM__.github__workflows__trigger-mbridge-tests.yml,0,1,0,1,0,1,3,0,2
NVIDIA_Model-Optimizer__.github__workflows___example_tests_runner.yml,0,1,0,2,0,2,3,2,8
NVIDIA_Model-Optimizer__.github__workflows___wait_for_checks.yml,0,1,0,1,0,1,3,0,1
NVIDIA_Model-Optimizer__.github__workflows__close_inactive_issues_pr.yml,0,1,0,1,0,1,3,0,0
NVIDIA_Model-Optimizer__.github__workflows__code_quality.yml,0,2,0,2,0,2,3,0,3
NVIDIA_Model-Optimizer__.github__workflows__example_tests.yml,2,2,0,3,0,3,3,0,19
NVIDIA_Model-Optimizer__.github__workflows__gpu_tests.yml,6,3,0,5,0,5,3,0,0
NVIDIA_Model-Optimizer__.github__workflows__pages.yml,0,3,0,3,0,3,2,0,3
NVIDIA_Model-Optimizer__.github__workflows__release.yml,0,1,0,1,0,1,3,0,2
NVIDIA_Model-Optimizer__.github__workflows__unit_tests.yml,1,8,0,8,0,8,3,0,16
NVIDIA_NeMo-Retriever__.github__workflows__build-docs.yml,1,5,0,5,0,5,2,0,4
NVIDIA_NeMo-Retriever__.github__workflows__conda-publish.yml,1,1,0,1,2,1,3,2,6
NVIDIA_NeMo-Retriever__.github__workflows__docker-build-arm.yml,1,4,0,4,0,4,3,0,4
NVIDIA_NeMo-Retriever__.github__workflows__docker-build.yml,1,3,0,3,1,3,3,0,3
NVIDIA_NeMo-Retriever__.github__workflows__docker-nightly-publish.yml,1,3,0,3,0,3,3,0,4
NVIDIA_NeMo-Retriever__.github__workflows__docker-release-publish.yml,2,3,0,3,0,3,3,0,4
NVIDIA_NeMo-Retriever__.github__workflows__huggingface-nightly.yml,0,6,0,6,0,6,2,2,12
NVIDIA_NeMo-Retriever__.github__workflows__pre-commit.yml,1,3,0,3,0,3,3,0,3
NVIDIA_NeMo-Retriever__.github__workflows__pypi-nightly-publish.yml,1,1,0,1,1,1,3,1,8
NVIDIA_NeMo-Retriever__.github__workflows__test-library-mode.yml,1,4,0,4,4,4,4,0,6
NVIDIA_nvidia-container-toolkit__.github__workflows__cherrypick.yml,0,5,0,5,0,5,4,1,6
NVIDIA_nvidia-container-toolkit__.github__workflows__ci.yml,4,0,0,0,0,0,2,0,9
NVIDIA_nvidia-container-toolkit__.github__workflows__code_scanning.yml,0,3,0,3,0,3,2,0,1
NVIDIA_nvidia-container-toolkit__.github__workflows__e2e.yml,1,5,0,6,0,6,3,0,4
NVIDIA_nvidia-container-toolkit__.github__workflows__golang.yml,0,8,0,9,0,9,3,0,9
NVIDIA_nvidia-container-toolkit__.github__workflows__image.yml,1,9,0,10,0,10,3,0,8
NVIDIA_nvidia-container-toolkit__.github__workflows__release.yml,0,1,0,1,0,1,3,0,4
NVIDIA_nvidia-container-toolkit__.github__workflows__stale.yml,0,1,0,1,0,1,3,0,0
NVIDIA_physicsnemo__.github__workflows__blossom-ci.yml,5,1,0,3,1,3,3,0,7
NVIDIA_physicsnemo__.github__workflows__github-nightly-container.yml,3,14,0,14,0,14,3,0,10
NVIDIA_physicsnemo__.github__workflows__github-nightly-uv.yml,3,17,0,17,0,17,3,0,10
NVIDIA_physicsnemo__.github__workflows__github-pr.yml,3,14,0,14,0,14,3,0,10
NVIDIA_physicsnemo__.github__workflows__install-ci.yml,0,6,0,6,0,6,3,0,7
NVIDIA_physicsnemo__.github__workflows__merge-queue-blossom-passthrough.yml,0,1,0,1,0,1,3,0,0
NVIDIA_physicsnemo__.github__workflows__pre-commit.yml,0,3,0,3,0,3,3,0,3
NVIDIA_physicsnemo__.github__workflows__stale.yml,0,1,0,1,0,1,3,0,0
NVIDIA_stdexec__.github__workflows__ci.cpu.yml,0,5,1,5,0,5,3,0,7
NVIDIA_stdexec__.github__workflows__ci.gpu.yml,0,3,0,3,0,3,3,0,3
NVIDIA_stdexec__.github__workflows__gh-pages.yml,0,4,0,4,0,4,2,0,1
NVIDIA_stdexec__.github__workflows__style.yml,0,1,0,1,0,1,3,0,1
NVIDIA_TensorRT-LLM__.github__workflows__auto-assign.yml,0,2,0,2,0,2,3,0,4
NVIDIA_TensorRT-LLM__.github__workflows__auto-close-inactive-issues.yml,0,1,0,1,0,1,3,0,0
NVIDIA_TensorRT-LLM__.github__workflows__blossom-ci.yml,3,1,0,2,1,2,3,0,7
NVIDIA_TensorRT-LLM__.github__workflows__bot-command.yml,0,1,0,1,0,1,2,0,0
NVIDIA_TensorRT-LLM__.github__workflows__l0-test.yml,1,3,0,3,3,2,3,1,10
NVIDIA_TensorRT-LLM__.github__workflows__label_community_pr.yml,0,2,0,2,0,2,3,0,2
NVIDIA_TensorRT-LLM__.github__workflows__label_issue.yml,0,1,0,1,0,1,2,0,1
NVIDIA_TensorRT-LLM__.github__workflows__pr-check.yml,0,3,0,3,0,3,3,0,5
NVIDIA_TensorRT-LLM__.github__workflows__precommit-check.yml,0,2,0,2,0,2,3,0,2
NVIDIA_TensorRT-LLM__.github__workflows__waiting_for_feedback.yml,0,1,0,1,0,1,2,0,0
NVIDIA_TensorRT__.github__workflows__blossom-ci.yml,4,1,0,2,1,2,3,0,7
NVIDIA_TensorRT__.github__workflows__docker-image.yml,1,1,0,1,0,1,3,0,2
NVIDIA_TensorRT__.github__workflows__feedback-update.yml,1,2,0,2,1,2,3,0,3
NVIDIA_TensorRT__.github__workflows__label_issue.yml,0,1,0,1,0,1,2,0,1
NVIDIA_TensorRT__.github__workflows__stale.yml,0,1,0,1,0,1,3,0,0
NVIDIA_TransformerEngine__.github__workflows__attach-wheels-to-release.yml,2,5,0,6,0,5,3,2,18
NVIDIA_TransformerEngine__.github__workflows__blossom-ci.yml,4,1,0,2,1,2,3,0,7
NVIDIA_TransformerEngine__.github__workflows__build.yml,4,4,0,8,0,4,3,0,9
NVIDIA_TransformerEngine__.github__workflows__deploy_nightly_docs.yml,2,3,0,3,1,3,3,0,3
NVIDIA_TransformerEngine__.github__workflows__docs.yml,1,2,0,2,0,2,3,0,2
NVIDIA_TransformerEngine__.github__workflows__license.yml,1,1,0,1,0,1,3,0,2
NVIDIA_TransformerEngine__.github__workflows__lint.yml,4,4,0,4,0,4,3,0,9
NVIDIA_TransformerEngine__.github__workflows__trigger-ci.yml,3,1,0,2,1,2,3,0,6
NVIDIA_TransformerEngine__.github__workflows__upload-ci-logs.yml,1,0,0,0,0,0,2,1,5
NVIDIA_warp__.github__workflows__build-warp-builder-images.yml,0,0,0,0,0,0,2,0,8
NVIDIA_warp__.github__workflows__ci.yml,1,19,0,28,6,20,2,0,17
NVIDIA_warp__.github__workflows__codeql.yml,0,3,0,3,0,3,2,0,1
NVIDIA_warp__.github__workflows__draft-release.yml,0,1,0,1,0,1,3,0,3
NVIDIA_warp__.github__workflows__pr.yml,1,3,0,3,0,3,2,0,1
NVIDIA_warp__.github__workflows__sphinx.yml,0,2,0,3,0,2,3,0,2
Tencent_AI-Infra-Guard__.github__workflows__create-release.yml,1,2,0,2,0,2,3,0,9
Tencent_AI-Infra-Guard__.github__workflows__docker-publish.yml,1,7,0,7,2,7,3,2,17
Tencent_cherry-markdown__.github__workflows__build.yml,0,2,0,2,0,2,3,0,2
Tencent_cherry-markdown__.github__workflows__github-pages.yml,0,3,0,3,0,3,3,0,3
Tencent_cherry-markdown__.github__workflows__pr-compressed-size.yml,0,2,0,2,0,2,3,0,3
Tencent_cherry-markdown__.github__workflows__pr-spell-check.yml,0,0,0,1,0,0,2,0,1
Tencent_cherry-markdown__.github__workflows__pr_merge_cherry-markdown_npm-dev.yml,0,4,0,4,0,4,2,0,1
Tencent_cherry-markdown__.github__workflows__pr_merge_client_dev_preview.yml,0,13,0,13,5,13,3,1,7
Tencent_cherry-markdown__.github__workflows__pr_merge_vscode_plugin_dev_preview.yml,0,3,0,3,0,3,2,0,2
Tencent_cherry-markdown__.github__workflows__pr_preview-build.yml,0,4,0,4,0,4,3,0,2
Tencent_cherry-markdown__.github__workflows__pr_preview-pkg.yml,0,2,0,2,0,2,3,0,2
Tencent_cherry-markdown__.github__workflows__pr_preview-publish.yml,0,5,0,5,0,5,3,0,10
Tencent_cherry-markdown__.github__workflows__release-cherry-markdown-build.yml,0,3,0,3,0,3,2,0,1
Tencent_cherry-markdown__.github__workflows__release-client-build.yml,0,7,0,7,0,7,3,0,6
Tencent_cherry-markdown__.github__workflows__release-vscode-plugin-build.yml,0,2,0,2,0,2,3,0,1
Tencent_cherry-markdown__.github__workflows__release.yml,3,3,0,3,0,3,3,0,6
Tencent_cherry-markdown__.github__workflows__sync_to_cnb.yml,1,1,0,0,0,1,3,0,6
Tencent_cherry-markdown__.github__workflows__test.yml,0,2,0,2,0,2,3,0,2
Tencent_Hippy__.github__workflows__3rd_prebuilt_sqlite.yml,0,1,0,1,3,1,3,3,6
Tencent_Hippy__.github__workflows__3rd_prebuilt_v8.yml,3,8,0,8,10,8,3,10,27
Tencent_Hippy__.github__workflows__android_build_tests.yml,2,1,0,1,0,1,3,0,3
Tencent_Hippy__.github__workflows__android_build_tests_bypass.yml,0,0,0,0,0,0,2,0,1
Tencent_Hippy__.github__workflows__docker_build_image.yml,5,5,0,5,0,5,3,0,9
Tencent_Hippy__.github__workflows__docs_markdown_lint.yml,2,2,0,2,0,2,3,0,2
Tencent_Hippy__.github__workflows__docs_markdown_lint_bypass.yml,0,0,0,0,0,0,2,0,1
Tencent_Hippy__.github__workflows__frontend_build_tests.yml,3,3,0,3,0,3,3,0,3
Tencent_Hippy__.github__workflows__frontend_build_tests_bypass.yml,0,0,0,0,0,0,2,0,1
Tencent_Hippy__.github__workflows__gh_action_approve_checks.yml,1,4,0,4,1,4,3,0,8
Tencent_Hippy__.github__workflows__gh_action_merge.yml,3,13,0,13,1,17,3,0,16
Tencent_Hippy__.github__workflows__gh_issue_crash_report.yml,3,6,0,6,0,6,3,0,15
Tencent_Hippy__.github__workflows__gh_licence_checks.yml,1,2,0,2,0,2,3,0,3
Tencent_Hippy__.github__workflows__gh_licence_checks_bypass.yml,0,0,0,0,0,0,2,0,1
Tencent_Hippy__.github__workflows__gh_mark_and_close_stalled.yml,0,2,0,2,0,2,3,0,1
Tencent_Hippy__.github__workflows__gh_pr_auto_merger.yml,5,5,0,5,0,5,3,0,16
Tencent_Hippy__.github__workflows__gh_pr_auto_updater.yml,0,1,0,1,1,1,3,0,3
Tencent_Hippy__.github__workflows__gh_pr_checks_approval.yml,2,3,0,3,1,3,3,0,12
Tencent_Hippy__.github__workflows__gh_pr_guide.yml,0,4,0,4,1,4,3,0,6
Tencent_Hippy__.github__workflows__gh_pr_labeler.yml,2,2,0,2,0,2,2,0,2
Tencent_Hippy__.github__workflows__gh_pr_merge_guard.yml,0,0,0,0,1,0,2,0,2
Tencent_Hippy__.github__workflows__gh_pr_review.yml,2,1,0,1,0,1,3,0,1
Tencent_Hippy__.github__workflows__gh_pr_review_notification.yml,1,5,0,5,1,5,3,0,12
Tencent_Hippy__.github__workflows__gh_runners_monitor.yml,1,4,0,4,0,4,3,0,3
Tencent_Hippy__.github__workflows__gh_webhook_retrier.yml,1,1,0,1,0,1,3,0,1
Tencent_Hippy__.github__workflows__git_commit_lint.yml,2,2,0,2,0,6,3,0,2
Tencent_Hippy__.github__workflows__hip_archive_artifact.yml,0,0,0,0,3,0,3,3,16
Tencent_Hippy__.github__workflows__hip_info_artifacts.yml,0,0,0,0,1,0,3,1,3
Tencent_Hippy__.github__workflows__ios_build_tests.yml,1,1,0,1,0,1,3,0,2
Tencent_Hippy__.github__workflows__ios_build_tests_bypass.yml,0,0,0,0,0,0,2,0,1
Tencent_Hippy__.github__workflows__project_artifact_compare.yml,3,2,0,2,0,2,3,1,13
Tencent_Hippy__.github__workflows__project_artifact_release.yml,5,6,0,6,6,6,3,6,20
Tencent_Hippy__.github__workflows__project_artifact_snapshot.yml,1,2,0,2,4,2,3,4,13
Tencent_Hippy__.github__workflows__project_dependency_review.yml,2,2,0,2,0,2,2,0,1
Tencent_Hippy__.github__workflows__reuse_approve_checks_run.yml,0,2,0,2,0,2,3,0,2
Tencent_Hippy__.github__workflows__reuse_classify_commits.yml,0,1,0,1,0,1,3,0,1
Tencent_Hippy__.github__workflows__reuse_get_workflow_output.yml,0,1,0,1,0,1,3,0,2
Tencent_Hippy__.github__workflows__security_codeql_analyses.yml,5,6,0,6,0,6,2,0,3
Tencent_Hippy__.github__workflows__voltron_build_tests.yml,7,12,0,12,0,12,3,0,18
Tencent_Hippy__.github__workflows__voltron_build_tests_bypass.yml,0,0,0,0,0,0,2,0,6
Tencent_libpag__.github__workflows__autotest.yml,0,7,0,7,0,7,3,0,4
Tencent_libpag__.github__workflows__build.yml,0,42,0,45,0,44,3,0,22
Tencent_ncnn__.github__workflows__android.yml,0,2,0,2,0,2,2,0,2
Tencent_ncnn__.github__workflows__code-format-msg.yml,0,2,0,2,0,2,2,0,2
Tencent_ncnn__.github__workflows__code-format.yml,0,4,0,4,0,4,3,0,2
Tencent_ncnn__.github__workflows__codeql-analysis.yml,0,4,0,4,0,5,1,0,1
Tencent_ncnn__.github__workflows__compare-binary-size-pr-comment.yml,0,1,0,1,0,1,2,0,1
Tencent_ncnn__.github__workflows__compare-binary-size.yml,0,3,0,3,0,3,2,0,2
Tencent_ncnn__.github__workflows__elf-riscv32.yml,1,1,0,3,1,3,2,0,1
Tencent_ncnn__.github__workflows__elf-riscv64.yml,1,1,0,3,1,3,2,0,1
Tencent_ncnn__.github__workflows__esp32.yml,0,3,0,3,0,3,2,0,2
Tencent_ncnn__.github__workflows__harmonyos.yml,1,1,0,1,1,1,2,0,1
Tencent_ncnn__.github__workflows__ios.yml,1,2,0,2,1,2,2,0,1
Tencent_ncnn__.github__workflows__labeler.yml,0,1,0,1,0,1,2,0,1
Tencent_ncnn__.github__workflows__linux-aarch64.yml,0,3,0,3,2,3,2,0,3
Tencent_ncnn__.github__workflows__linux-arm.yml,0,3,0,3,0,3,2,0,3
Tencent_ncnn__.github__workflows__linux-loongarch64.yml,1,1,0,1,1,1,2,0,1
Tencent_ncnn__.github__workflows__linux-mips.yml,0,2,0,2,0,2,2,0,2
Tencent_ncnn__.github__workflows__linux-mips64.yml,0,2,0,2,0,2,2,0,2
Tencent_ncnn__.github__workflows__linux-ppc64.yml,0,4,0,4,0,4,2,0,4
Tencent_ncnn__.github__workflows__linux-riscv32.yml,1,1,0,1,1,1,2,0,1
Tencent_ncnn__.github__workflows__linux-riscv64.yml,4,7,0,15,4,15,2,0,6
Tencent_ncnn__.github__workflows__linux-x64-cpu-clang.yml,0,2,0,2,0,2,2,0,2
Tencent_ncnn__.github__workflows__linux-x64-cpu-gcc-musl.yml,0,2,0,2,0,2,2,0,2
Tencent_ncnn__.github__workflows__linux-x64-cpu-gcc.yml,1,4,0,4,1,4,2,0,4
Tencent_ncnn__.github__workflows__linux-x64-gpu-clang.yml,1,3,0,3,1,3,2,0,2
Tencent_ncnn__.github__workflows__linux-x64-gpu-gcc.yml,2,5,0,5,2,5,2,0,4
Tencent_ncnn__.github__workflows__linux-x64-sde.yml,0,2,0,2,0,2,2,0,2
Tencent_ncnn__.github__workflows__linux-x86-cpu-clang.yml,0,1,0,1,0,1,2,0,1
Tencent_ncnn__.github__workflows__linux-x86-cpu-gcc.yml,0,1,0,1,0,1,2,0,1
Tencent_ncnn__.github__workflows__mac-catalyst.yml,1,2,0,2,1,2,2,0,1
Tencent_ncnn__.github__workflows__macos.yml,1,4,0,4,1,4,2,0,2
Tencent_ncnn__.github__workflows__pnnx.yml,3,20,0,20,3,20,2,0,10
Tencent_ncnn__.github__workflows__python.yml,1,4,0,4,0,4,2,0,2
Tencent_ncnn__.github__workflows__release-python.yml,2,19,0,19,0,18,3,0,19
Tencent_ncnn__.github__workflows__release.yml,21,77,0,77,0,77,2,0,79
Tencent_ncnn__.github__workflows__sync-wiki.yml,0,1,0,1,0,1,2,0,1
Tencent_ncnn__.github__workflows__test-coverage.yml,9,20,0,20,9,20,2,0,19
Tencent_ncnn__.github__workflows__tvos.yml,1,2,0,2,1,2,2,0,1
Tencent_ncnn__.github__workflows__visionos.yml,1,2,0,2,1,2,2,0,1
Tencent_ncnn__.github__workflows__watchos.yml,1,2,0,2,1,2,2,0,1
Tencent_ncnn__.github__workflows__web-assembly.yml,0,1,0,1,0,1,2,0,1
Tencent_ncnn__.github__workflows__windows-arm.yml,1,4,0,4,1,4,2,0,4
Tencent_ncnn__.github__workflows__windows-clang.yml,0,1,0,1,0,1,2,0,1
Tencent_ncnn__.github__workflows__windows-mingw.yml,0,1,0,1,0,1,2,0,1
Tencent_ncnn__.github__workflows__windows-xp.yml,0,3,0,3,0,3,2,0,3
Tencent_ncnn__.github__workflows__windows.yml,0,5,0,5,0,5,2,0,3
Tencent_puerts__.github__workflows__build_nuget.yml,0,12,0,12,4,12,3,0,11
Tencent_puerts__.github__workflows__clang-format-check.yml,1,2,0,2,0,2,3,0,3
Tencent_puerts__.github__workflows__cnb_sync.yml,1,1,0,1,0,1,3,0,2
Tencent_puerts__.github__workflows__unity_build_plugins.yml,7,9,0,9,0,9,3,0,15
Tencent_puerts__.github__workflows__unity_build_plugins_custom.yml,5,5,0,5,0,5,3,0,11
Tencent_puerts__.github__workflows__unity_openupm_publish.yml,1,1,0,1,1,1,3,1,3
Tencent_puerts__.github__workflows__unity_publish.yml,8,19,0,19,1,19,3,0,17
Tencent_puerts__.github__workflows__unity_unittest.yml,8,19,0,30,1,30,3,0,15
Tencent_puerts__.github__workflows__unreal_ci.yml,3,5,0,5,0,5,3,0,10
Tencent_puerts__.github__workflows__unreal_publish.yml,1,7,0,7,0,7,3,0,2
Tencent_Shadow__.github__workflows__check-build-test.yml,0,16,0,16,0,16,3,0,22
Tencent_Shadow__.github__workflows__release.yml,1,1,0,1,0,1,3,0,2
Tencent_spring-cloud-tencent__.github__workflows__junit.yml,0,4,0,4,0,4,3,0,8
Tencent_spring-cloud-tencent__.github__workflows__license-checker.yml,0,2,0,2,0,2,3,0,3
Tencent_spring-cloud-tencent__.github__workflows__release.yml,0,2,0,2,0,2,3,0,2
Tencent_spring-cloud-tencent__.github__workflows__snapshot.yml,0,3,0,3,0,3,3,0,13
Tencent_tdesign-vue-next__.github__workflows__auto-changelog-callback.yml,0,2,0,2,0,2,3,0,4
Tencent_tdesign-vue-next__.github__workflows__auto-changelog.yml,0,3,0,3,1,3,3,0,6
Tencent_tdesign-vue-next__.github__workflows__auto-publish.yml,0,9,0,9,0,9,3,0,15
Tencent_tdesign-vue-next__.github__workflows__auto-release.yml,0,5,0,5,0,5,2,0,3
Tencent_tdesign-vue-next__.github__workflows__issue-assignees.temp.yml,0,1,0,1,0,1,3,0,2
Tencent_tdesign-vue-next__.github__workflows__issue-help-wanted.temp.yml,0,1,0,1,0,1,3,0,1
Tencent_tdesign-vue-next__.github__workflows__issue-label.yml,1,3,0,3,0,3,3,0,5
Tencent_tdesign-vue-next__.github__workflows__issue-mark-duplicate.temp.yml,1,1,0,1,1,1,3,0,2
Tencent_tdesign-vue-next__.github__workflows__issue-reply.temp.yml,1,1,0,1,0,1,3,0,2
Tencent_tdesign-vue-next__.github__workflows__issue-synchronize.temp.yml,0,0,0,1,0,1,3,0,2
Tencent_tdesign-vue-next__.github__workflows__pkg-pr-new.yml,0,4,0,4,0,4,3,0,3
Tencent_tdesign-vue-next__.github__workflows__pr-comment-ci.yml,0,11,0,11,3,11,3,0,11
Tencent_tdesign-vue-next__.github__workflows__pr-spelling.template.yml,0,1,0,2,0,2,3,0,3
Tencent_tdesign-vue-next__.github__workflows__preview-build.yml,0,9,0,9,0,9,3,0,7
Tencent_tdesign-vue-next__.github__workflows__preview-publish.yml,0,5,0,5,0,5,3,0,17
Tencent_tdesign-vue-next__.github__workflows__project-issue-trigger.yml,0,0,0,1,0,1,3,0,2
Tencent_tdesign-vue-next__.github__workflows__project-label-trigger.yml,0,0,0,1,0,1,3,0,2
Tencent_tdesign-vue-next__.github__workflows__project-pr-trigger.yml,0,0,0,1,1,1,3,0,3
Tencent_tdesign-vue-next__.github__workflows__pull-request.yml,0,14,0,15,0,14,3,0,16
Tencent_tdesign__.github__workflows__auto-release-collection.yml,0,3,0,3,0,3,3,0,3
Tencent_tdesign__.github__workflows__file-copy-repos.yml,0,0,0,11,0,0,2,0,12
Tencent_tdesign__.github__workflows__file-copy.yml,0,1,0,1,0,1,3,0,1
Tencent_tdesign__.github__workflows__issue-assignees.temp.yml,0,1,0,1,0,1,3,0,2
Tencent_tdesign__.github__workflows__issue-help-wanted.temp.yml,0,1,0,1,0,1,3,0,1
Tencent_tdesign__.github__workflows__issue-mark-duplicate.temp.yml,0,1,0,1,1,1,3,0,2
Tencent_tdesign__.github__workflows__issue-reply.temp.yml,0,1,0,1,0,1,3,0,2
Tencent_tdesign__.github__workflows__issue-synchronize.temp.yml,0,0,0,1,0,1,3,0,2
Tencent_tdesign__.github__workflows__issues-dailyclose-schedule.yml,0,1,0,2,0,2,3,0,3
Tencent_tdesign__.github__workflows__issues-dailynew-schedule.yml,0,1,0,2,0,2,3,0,3
Tencent_tdesign__.github__workflows__issues-statistics-schedule.yml,0,1,0,2,0,2,3,0,3
Tencent_tdesign__.github__workflows__pkg-pr-new.yml,0,8,0,8,0,8,3,0,7
Tencent_tdesign__.github__workflows__pr-spelling.template.yml,0,1,0,2,0,2,3,0,3
Tencent_tdesign__.github__workflows__preview-publish.yml,0,22,0,22,0,22,3,0,67
Tencent_tdesign__.github__workflows__preview.yml,0,6,0,6,0,6,3,0,7
Tencent_tdesign__.github__workflows__publish-site-components.yml,0,4,0,4,0,4,2,0,4
Tencent_tdesign__.github__workflows__publish-theme-generator.yml,0,3,0,3,0,3,2,0,2
Tencent_tdesign__.github__workflows__publish.yml,0,6,0,6,0,6,3,0,7
Tencent_tdesign__.github__workflows__pull-request.yml,1,4,0,4,0,4,3,0,7
Tencent_tdesign__.github__workflows__service-update-schedule.yml,1,2,0,2,0,2,3,0,2
Tencent_tdesign__.github__workflows__test-build.yml,1,14,0,14,0,14,3,0,6
Tencent_Tendis__.github__workflows__Tendis-CI.yml,12,12,0,12,0,12,3,0,24
Tencent_tmagic-editor__.github__workflows__pages.yml,0,4,0,4,0,4,3,0,4
Tencent_TNN__.github__workflows__android-arm-cpu.yml,4,2,0,2,0,2,3,0,5
Tencent_TNN__.github__workflows__ios-cpu.yml,4,2,0,2,0,2,3,0,5
Tencent_TNN__.github__workflows__linux-x86-cpu-gcc.yml,6,2,0,2,0,2,3,0,5
Tencent_TNN__.github__workflows__macos-x64-cpu.yml,5,2,0,2,0,2,3,0,5
Tencent_TNN__.github__workflows__release-drafter.yml,0,1,0,1,0,1,3,0,2
Tencent_TNN__.github__workflows__release.yml,43,49,0,50,0,50,3,0,37
Tencent_WeKnora__.github__workflows__docker-image.yml,8,27,0,28,1,28,3,0,34
Tencent_wujie__.github__workflows__main.yml,1,2,0,2,0,2,3,0,2
Tencent_xLua__.github__workflows__build.yml,8,30,0,30,0,30,3,0,21
Tencent_xLua__.github__workflows__publish.yml,8,37,0,37,4,37,3,1,25
